﻿<?xml version="1.0" encoding="utf-8"?>
<XTextDocument xmlns:xsi="http://www.w3.org/2001/XMLSchema-instance" xmlns:xsd="http://www.w3.org/2001/XMLSchema" EditorVersionString="1.2014.4.30">
   <Attributes>
      <Attribute>
         <Name>作者</Name>
         <Value>李医生</Value>
      </Attribute>
      <Attribute>
         <Name>科室</Name>
         <Value>精神科</Value>
      </Attribute>
   </Attributes>
   <XElements>
      <Element xsi:type="XTextBody">
         <Attributes />
         <XElements>
            <Element xsi:type="XString" StyleIndex="0">
               <Text>×××主任冒着漫天大雪，步入病房，紧紧握住病人的双手，亲切的问道：好点了没？……</Text>
            </Element>
            <Element xsi:type="XParagraphFlag" StyleIndex="1" />
         </XElements>
      </Element>
   </XElements>
   <FileName>E:\Source\DCSoft\08代码\DCSoft\DCSoft.Writer\DCSoft.Writer.Demo\Bin\DemoFile\病程记录内容\病程记录2013年02月17日 12时03分32秒.xml</FileName>
   <RepeatedImages />
   <GlobalJavaScriptReferences />
   <Info>
      <LicenseText>兰州新昊源电子科技有限公司:兰州新昊源电子科技有限公司</LicenseText>
      <CreationTime>2013-01-11T16:19:02.7134633+08:00</CreationTime>
      <LastModifiedTime>2015-10-05T10:41:06.0425881+08:00</LastModifiedTime>
      <LastPrintTime>2013-01-11T16:19:02.7134633+08:00</LastPrintTime>
      <Operator>DCSoft.Writer Version:1.1.1111.29168</Operator>
      <NumOfPage>1</NumOfPage>
   </Info>
   <BodyText>×××主任冒着漫天大雪，步入病房，紧紧握住病人的双手，亲切的问道：好点了没？……</BodyText>
   <Comments />
   <LocalConfig />
   <PageSettings>
      <HeaderDistance>39</HeaderDistance>
      <FooterDistance>39</FooterDistance>
      <LeftMargin>59</LeftMargin>
      <TopMargin>167</TopMargin>
      <RightMargin>59</RightMargin>
      <BottomMargin>79</BottomMargin>
   </PageSettings>
   <Parameters>
      <Parameter Name="当前时间" />
   </Parameters>
   <ContentStyles>
      <Default xsi:type="DocumentContentStyle">
         <Color>ControlText</Color>
         <FontName>宋体</FontName>
         <FontSize>12</FontSize>
      </Default>
      <Styles>
         <Style Index="0">
            <Color>ControlText</Color>
            <FontName>宋体</FontName>
            <FontSize>12</FontSize>
            <LineSpacingStyle>SpaceMultiple</LineSpacingStyle>
            <LineSpacing>1.8</LineSpacing>
         </Style>
         <Style Index="1">
            <Color>ControlText</Color>
            <FontName>宋体</FontName>
            <FontSize>9</FontSize>
         </Style>
      </Styles>
   </ContentStyles>
   <UserHistories />
</XTextDocument>