﻿<?xml version="1.0" encoding="utf-8"?>
<XTextDocument xmlns:xsi="http://www.w3.org/2001/XMLSchema-instance" xmlns:xsd="http://www.w3.org/2001/XMLSchema" EditorVersionString="1.2014.4.30">
   <Attributes />
   <XElements>
      <Element xsi:type="XTextHeader">
         <Attributes />
         <Expressions />
         <ScriptItems />
         <XElements>
            <Element xsi:type="XString" StyleIndex="0">
               <Text>DCWriter演示程序</Text>
            </Element>
            <Element xsi:type="XParagraphFlag" StyleIndex="6" />
            <Element xsi:type="XString" StyleIndex="1">
               <Text>日 常 病 程 记 录</Text>
            </Element>
            <Element xsi:type="XParagraphFlag" StyleIndex="6" />
            <Element xsi:type="XString" StyleIndex="2">
               <Text>姓名:</Text>
            </Element>
            <Element xsi:type="XString" StyleIndex="3">
               <Text>李六    </Text>
            </Element>
            <Element xsi:type="XString" StyleIndex="2">
               <Text>科室:</Text>
            </Element>
            <Element xsi:type="XTextLabelElement">
               <Attributes />
               <ID>lblArea</ID>
               <ScriptItems />
               <ContactAction>Normal</ContactAction>
               <AttributeNameForContactAction>科室</AttributeNameForContactAction>
               <LinkTextForContactAction>&gt;</LinkTextForContactAction>
               <Width>535</Width>
               <Height>53</Height>
               <Alignment>TopLeft</Alignment>
               <Multiline>false</Multiline>
               <Text>[科室]</Text>
               <AutoSize>false</AutoSize>
               <PageTexts />
            </Element>
            <Element xsi:type="XString" StyleIndex="3" WhiteSpaceLength="2">
               <Text>  </Text>
            </Element>
            <Element xsi:type="XString" StyleIndex="2">
               <Text>床号:</Text>
            </Element>
            <Element xsi:type="XString" StyleIndex="3" WhiteSpaceLength="1">
               <Text> </Text>
            </Element>
            <Element xsi:type="XTextLabelElement">
               <Attributes />
               <ID>label2</ID>
               <ScriptItems />
               <AttributeNameForContactAction>床号</AttributeNameForContactAction>
               <LinkTextForContactAction>&gt;</LinkTextForContactAction>
               <Width>454</Width>
               <Height>53</Height>
               <Alignment>TopLeft</Alignment>
               <Multiline>false</Multiline>
               <Text>[床号]</Text>
               <AutoSize>false</AutoSize>
               <PageTexts />
            </Element>
            <Element xsi:type="XString" StyleIndex="3" WhiteSpaceLength="4">
               <Text>    </Text>
            </Element>
            <Element xsi:type="XString" StyleIndex="2">
               <Text>住院号:</Text>
            </Element>
            <Element xsi:type="XString" StyleIndex="3">
               <Text>100010</Text>
            </Element>
            <Element xsi:type="XParagraphFlag" StyleIndex="7" />
         </XElements>
      </Element>
      <Element xsi:type="XTextFooter">
         <Attributes />
         <Expressions />
         <ScriptItems />
         <XElements>
            <Element xsi:type="XParagraphFlag" StyleIndex="5" />
            <Element xsi:type="XParagraphFlag" StyleIndex="4" />
         </XElements>
      </Element>
      <Element xsi:type="XTextBody">
         <Attributes />
         <ContentReadonly>True</ContentReadonly>
         <Expressions />
         <ScriptItems />
         <XElements>
            <Element xsi:type="XParagraphFlag" />
         </XElements>
      </Element>
   </XElements>
   <FileName>E:\Source\DCSoft\08代码\DCSoft\DCSoft.Writer\DCSoft.Writer.Demo\WebDemo\DemoFile\病程记录内容\模板-病程记录.xml</FileName>
   <FileFormat>XML</FileFormat>
   <RepeatedImages />
   <GlobalJavaScriptReferences />
   <Info>
      <LicenseText>南京都昌信息科技有限公司2015年度试用版授权:南京都昌信息科技有限公司2015年度试用版授权</LicenseText>
      <CreationTime>2013-01-11T16:19:02.7134633+08:00</CreationTime>
      <LastModifiedTime>2015-10-15T15:00:29.0984057+08:00</LastModifiedTime>
      <LastPrintTime>2013-01-11T16:19:02.7134633+08:00</LastPrintTime>
      <Operator>DCSoft.Writer Version:1.1.1111.29168</Operator>
      <NumOfPage>1</NumOfPage>
   </Info>
   <BodyText />
   <Comments />
   <LocalConfig />
   <PageSettings>
      <HeaderDistance>39</HeaderDistance>
      <FooterDistance>39</FooterDistance>
      <LeftMargin>59</LeftMargin>
      <TopMargin>167</TopMargin>
      <RightMargin>59</RightMargin>
      <BottomMargin>79</BottomMargin>
   </PageSettings>
   <Parameters>
      <Parameter Name="当前时间" />
   </Parameters>
   <ContentStyles>
      <Default xsi:type="DocumentContentStyle">
         <Color>ControlText</Color>
         <FontName>宋体</FontName>
         <FontSize>12</FontSize>
      </Default>
      <Styles>
         <Style Index="0">
            <Color>Navy</Color>
            <FontName>宋体</FontName>
            <FontSize>22</FontSize>
            <Bold>true</Bold>
         </Style>
         <Style Index="1">
            <Color>ControlText</Color>
            <FontName>宋体</FontName>
            <FontSize>20</FontSize>
            <Bold>true</Bold>
         </Style>
         <Style Index="2">
            <Color>ControlText</Color>
            <FontName>宋体</FontName>
            <FontSize>11</FontSize>
         </Style>
         <Style Index="3">
            <Color>Navy</Color>
            <FontName>宋体</FontName>
            <FontSize>11</FontSize>
         </Style>
         <Style Index="4">
            <Color>ControlText</Color>
            <FontName>宋体</FontName>
            <FontSize>12</FontSize>
            <BorderWidth>30</BorderWidth>
         </Style>
         <Style Index="5">
            <Color>ControlText</Color>
            <FontName>宋体</FontName>
            <FontSize>12</FontSize>
            <BorderWidth>1</BorderWidth>
            <BorderBottom>true</BorderBottom>
         </Style>
         <Style Index="6">
            <Color>ControlText</Color>
            <FontName>宋体</FontName>
            <FontSize>12</FontSize>
            <Align>Center</Align>
         </Style>
         <Style Index="7">
            <Color>ControlText</Color>
            <FontName>宋体</FontName>
            <FontSize>12</FontSize>
            <Align>Center</Align>
            <BorderWidth>30</BorderWidth>
         </Style>
      </Styles>
   </ContentStyles>
   <UserHistories />
</XTextDocument>