﻿<?xml version="1.0" encoding="utf-8"?>
<XTextDocument xmlns:xsi="http://www.w3.org/2001/XMLSchema-instance" xmlns:xsd="http://www.w3.org/2001/XMLSchema" EditorVersionString="1.1.1111.29376">
  <Attributes />
  <XElements>
    <Element xsi:type="XTextBody">
      <Attributes />
      <XElements>
        <Element xsi:type="XString">
          <Text>患者</Text>
        </Element>
        <Element xsi:type="XInputField">
          <ID>kb0000002347</ID>
          <Attributes />
          <XElements>
            <Element xsi:type="XString">
              <Text>年</Text>
            </Element>
          </XElements>
          <TextValue>年</TextValue>
          <Name>时间单位</Name>
          <ValueBinding />
          <InnerValue>年</InnerValue>
          <BackgroundText>时间单位</BackgroundText>
          <FieldSettings>
            <EditStyle>DropdownList</EditStyle>
            <ListSource>
              <SourceName>0000002347</SourceName>
              <Items />
            </ListSource>
          </FieldSettings>
        </Element>
        <Element xsi:type="XString">
          <Text>前开始</Text>
        </Element>
        <Element xsi:type="XInputField">
          <ID>kb0000002483</ID>
          <Attributes />
          <XElements>
            <Element xsi:type="XString">
              <Text>无明显诱因</Text>
            </Element>
          </XElements>
          <TextValue>无明显诱因</TextValue>
          <Name>晕厥症状出现原因</Name>
          <ValueBinding />
          <InnerValue>无明显诱因</InnerValue>
          <BackgroundText>晕厥症状出现原因</BackgroundText>
          <FieldSettings>
            <EditStyle>DropdownList</EditStyle>
            <ListSource>
              <SourceName>0000002483</SourceName>
              <Items />
            </ListSource>
          </FieldSettings>
        </Element>
        <Element xsi:type="XString">
          <Text>反复出现</Text>
        </Element>
        <Element xsi:type="XInputField">
          <ID>kb0000002484</ID>
          <Attributes />
          <XElements>
            <Element xsi:type="XString">
              <Text>头昏</Text>
            </Element>
          </XElements>
          <TextValue>头昏</TextValue>
          <Name>晕厥症状描述</Name>
          <ValueBinding />
          <InnerValue>头昏</InnerValue>
          <BackgroundText>晕厥症状描述</BackgroundText>
          <FieldSettings>
            <EditStyle>DropdownList</EditStyle>
            <MultiSelect>true</MultiSelect>
            <ListSource>
              <SourceName>0000002484</SourceName>
              <Items />
            </ListSource>
          </FieldSettings>
        </Element>
        <Element xsi:type="XString">
          <Text>，伴</Text>
        </Element>
        <Element xsi:type="XInputField">
          <ID>kb0000002485</ID>
          <Attributes />
          <XElements>
            <Element xsi:type="XString">
              <Text>胸闷</Text>
            </Element>
          </XElements>
          <TextValue>胸闷</TextValue>
          <Name>晕厥伴随症状</Name>
          <ValueBinding />
          <InnerValue>胸闷</InnerValue>
          <BackgroundText>晕厥伴随症状</BackgroundText>
          <FieldSettings>
            <EditStyle>DropdownList</EditStyle>
            <MultiSelect>true</MultiSelect>
            <ListSource>
              <SourceName>0000002485</SourceName>
              <Items />
            </ListSource>
          </FieldSettings>
        </Element>
        <Element xsi:type="XString">
          <Text>。</Text>
        </Element>
        <Element xsi:type="XInputField">
          <ID>kb0000002347</ID>
          <Attributes />
          <XElements>
            <Element xsi:type="XString">
              <Text>天</Text>
            </Element>
          </XElements>
          <TextValue>天</TextValue>
          <Name>时间单位</Name>
          <ValueBinding />
          <InnerValue>天</InnerValue>
          <BackgroundText>时间单位</BackgroundText>
          <FieldSettings>
            <EditStyle>DropdownList</EditStyle>
            <ListSource>
              <SourceName>0000002347</SourceName>
              <Items />
            </ListSource>
          </FieldSettings>
        </Element>
        <Element xsi:type="XString">
          <Text>前在</Text>
        </Element>
        <Element xsi:type="XInputField" StyleIndex="2">
          <ID>kb0000002487</ID>
          <Attributes />
          <XElements>
            <Element xsi:type="XString">
              <Text>行走时</Text>
            </Element>
          </XElements>
          <TextValue>行走时</TextValue>
          <Name>晕厥发作原因</Name>
          <ValueBinding />
          <InnerValue>行走时</InnerValue>
          <BackgroundText>晕厥发作原因</BackgroundText>
          <FieldSettings>
            <EditStyle>DropdownList</EditStyle>
            <ListSource>
              <SourceName>0000002487</SourceName>
              <Items />
            </ListSource>
          </FieldSettings>
        </Element>
        <Element xsi:type="XString">
          <Text>突然</Text>
        </Element>
        <Element xsi:type="XInputField">
          <ID>kb0000002488</ID>
          <Attributes />
          <XElements>
            <Element xsi:type="XString">
              <Text>出现意识丧失</Text>
            </Element>
          </XElements>
          <TextValue>出现意识丧失</TextValue>
          <Name>晕厥发作描述</Name>
          <ValueBinding />
          <InnerValue>出现意识丧失</InnerValue>
          <BackgroundText>晕厥发作描述</BackgroundText>
          <FieldSettings>
            <EditStyle>DropdownList</EditStyle>
            <MultiSelect>true</MultiSelect>
            <ListSource>
              <SourceName>0000002488</SourceName>
              <Items />
            </ListSource>
          </FieldSettings>
        </Element>
        <Element xsi:type="XString">
          <Text>，</Text>
        </Element>
        <Element xsi:type="XInputField">
          <ID>kb0000002521</ID>
          <Attributes />
          <XElements>
            <Element xsi:type="XString">
              <Text>伴</Text>
            </Element>
          </XElements>
          <TextValue>伴</TextValue>
          <Name>有无</Name>
          <ValueBinding />
          <InnerValue>伴</InnerValue>
          <BackgroundText>有无</BackgroundText>
          <FieldSettings>
            <EditStyle>DropdownList</EditStyle>
            <ListSource>
              <SourceName>0000002521</SourceName>
              <Items />
            </ListSource>
          </FieldSettings>
        </Element>
        <Element xsi:type="XInputField">
          <ID>kb0000002489</ID>
          <Attributes />
          <XElements>
            <Element xsi:type="XString">
              <Text>抽搐</Text>
            </Element>
          </XElements>
          <TextValue>抽搐</TextValue>
          <Name>近期晕厥发作伴随症状</Name>
          <ValueBinding />
          <InnerValue>抽搐</InnerValue>
          <BackgroundText>近期晕厥发作伴随症状</BackgroundText>
          <FieldSettings>
            <EditStyle>DropdownList</EditStyle>
            <MultiSelect>true</MultiSelect>
            <ListSource>
              <SourceName>0000002489</SourceName>
              <Items />
            </ListSource>
          </FieldSettings>
        </Element>
        <Element xsi:type="XString">
          <Text>，约</Text>
        </Element>
        <Element xsi:type="XInputField">
          <ID>kb0000002347</ID>
          <Attributes />
          <XElements>
            <Element xsi:type="XString">
              <Text>分钟</Text>
            </Element>
          </XElements>
          <TextValue>分钟</TextValue>
          <Name>时间单位</Name>
          <ValueBinding />
          <InnerValue>分钟</InnerValue>
          <BackgroundText>时间单位</BackgroundText>
          <FieldSettings>
            <EditStyle>DropdownList</EditStyle>
            <ListSource>
              <SourceName>0000002347</SourceName>
              <Items />
            </ListSource>
          </FieldSettings>
        </Element>
        <Element xsi:type="XString">
          <Text>后醒转。有类似发作约</Text>
        </Element>
        <Element xsi:type="XString" StyleIndex="1">
          <Text>   次</Text>
        </Element>
        <Element xsi:type="XString">
          <Text>。既往</Text>
        </Element>
        <Element xsi:type="XInputField">
          <ID>kb0000002522</ID>
          <Attributes />
          <XElements>
            <Element xsi:type="XString">
              <Text>有</Text>
            </Element>
          </XElements>
          <TextValue>有</TextValue>
          <Name>有无</Name>
          <ValueBinding />
          <InnerValue>有</InnerValue>
          <BackgroundText>有无</BackgroundText>
          <FieldSettings>
            <EditStyle>DropdownList</EditStyle>
            <ListSource>
              <SourceName>0000002522</SourceName>
              <Items />
            </ListSource>
          </FieldSettings>
        </Element>
        <Element xsi:type="XInputField">
          <ID>kb0000002455</ID>
          <Attributes />
          <XElements>
            <Element xsi:type="XString">
              <Text>高血压病</Text>
            </Element>
          </XElements>
          <TextValue>高血压病</TextValue>
          <Name>既往病史</Name>
          <ValueBinding />
          <InnerValue>高血压病</InnerValue>
          <BackgroundText>既往病史</BackgroundText>
          <FieldSettings>
            <EditStyle>DropdownList</EditStyle>
            <MultiSelect>true</MultiSelect>
            <ListSource>
              <SourceName>0000002455</SourceName>
              <Items />
            </ListSource>
          </FieldSettings>
        </Element>
        <Element xsi:type="XString" StyleIndex="1">
          <Text>病史</Text>
        </Element>
        <Element xsi:type="XString">
          <Text>。</Text>
        </Element>
        <Element xsi:type="XParagraphFlag" />
      </XElements>
      <Sections />
    </Element>
    <Element xsi:type="XTextHeader">
      <Attributes />
      <XElements>
        <Element xsi:type="XParagraphFlag" StyleIndex="0">
          <AutoCreate>true</AutoCreate>
        </Element>
      </XElements>
    </Element>
    <Element xsi:type="XTextFooter">
      <Attributes />
      <XElements>
        <Element xsi:type="XParagraphFlag">
          <AutoCreate>true</AutoCreate>
        </Element>
      </XElements>
    </Element>
  </XElements>
  <ScriptText />
  <Info>
    <CreationTime>2013-04-02T17:19:55.3902193+08:00</CreationTime>
    <LastModifiedTime>2013-04-02T17:19:55.3902193+08:00</LastModifiedTime>
    <LastPrintTime>1980-01-01T00:00:00</LastPrintTime>
    <Operator>DCSoft.Writer Version:1.1.1111.29376</Operator>
  </Info>
  <BodyText>
  </BodyText>
  <UserHistories>
    <History>
      <ID />
      <Name />
      <SavedTime>2005-03-29T17:27:24</SavedTime>
    </History>
    <History>
      <ID />
      <Name />
      <SavedTime>2005-03-30T10:44:16</SavedTime>
    </History>
    <History>
      <ID />
      <Name />
      <SavedTime>2005-04-02T10:40:03</SavedTime>
    </History>
  </UserHistories>
  <ContentStyles>
    <Default xsi:type="DocumentContentStyle">
      <FontName>宋体</FontName>
    </Default>
    <Styles>
      <Style Index="0">
        <Align>Center</Align>
      </Style>
      <Style Index="1">
        <CreatorIndex>2</CreatorIndex>
      </Style>
      <Style Index="2">
        <CreatorIndex>1</CreatorIndex>
      </Style>
    </Styles>
  </ContentStyles>
  <MeasureMode>OldCompatibility</MeasureMode>
  <PageSettings>
    <LeftMargin>50</LeftMargin>
    <TopMargin>50</TopMargin>
    <RightMargin>50</RightMargin>
    <BottomMargin>50</BottomMargin>
    <ViewLeftMargin>150</ViewLeftMargin>
    <ViewTopMargin>150</ViewTopMargin>
    <ViewRightMargin>150</ViewRightMargin>
    <ViewBottomMargin>150</ViewBottomMargin>
    <ViewPaperWidth>2481</ViewPaperWidth>
    <ViewPaperHeight>3507</ViewPaperHeight>
  </PageSettings>
</XTextDocument>