﻿<?xml version="1.0" encoding="utf-8"?>
<XTextDocument xmlns:xsi="http://www.w3.org/2001/XMLSchema-instance" xmlns:xsd="http://www.w3.org/2001/XMLSchema" EditorVersionString="1.1.1111.29376">
  <Attributes />
  <XElements>
    <Element xsi:type="XTextBody">
      <Attributes />
      <XElements>
        <Element xsi:type="XString">
          <Text>  患者于</Text>
        </Element>
        <Element xsi:type="XInputField">
          <ID>kb0000002377</ID>
          <Attributes />
          <XElements />
          <TextValue />
          <UnitText />
          <Name>肾移植时间</Name>
          <InnerValue />
          <BackgroundText>肾移植时间</BackgroundText>
        </Element>
        <Element xsi:type="XString">
          <Text>进行</Text>
        </Element>
        <Element xsi:type="XInputField">
          <ID>kb0000002149</ID>
          <Attributes />
          <XElements>
            <Element xsi:type="XString">
              <Text>肾移植部位</Text>
            </Element>
          </XElements>
          <TextValue>肾移植部位</TextValue>
          <Name>肾移植部位</Name>
          <ValueBinding />
          <InnerValue>肾移植部位</InnerValue>
          <BackgroundText>肾移植部位</BackgroundText>
          <FieldSettings>
            <EditStyle>DropdownList</EditStyle>
            <ListSource>
              <SourceName>0000002149</SourceName>
              <Items />
            </ListSource>
          </FieldSettings>
        </Element>
        <Element xsi:type="XString">
          <Text>移植，原发病为</Text>
        </Element>
        <Element xsi:type="XInputField">
          <ID>kb0000002150</ID>
          <Attributes />
          <XElements />
          <TextValue />
          <UnitText />
          <Name>肾移植原发病</Name>
          <InnerValue />
          <BackgroundText>肾移植原发病</BackgroundText>
        </Element>
        <Element xsi:type="XString">
          <Text>。</Text>
        </Element>
        <Element xsi:type="XParagraphFlag" />
        <Element xsi:type="XString">
          <Text>  于</Text>
        </Element>
        <Element xsi:type="XInputField">
          <ID>kb0000002210</ID>
          <Attributes />
          <XElements />
          <TextValue />
          <UnitText />
          <Name>使用免疫抑制剂时间</Name>
          <InnerValue />
          <BackgroundText>使用免疫抑制剂时间</BackgroundText>
        </Element>
        <Element xsi:type="XString">
          <Text>开始使用免疫抑制剂，包括CSA</Text>
        </Element>
        <Element xsi:type="XInputField">
          <ID>kb0000002151</ID>
          <Attributes />
          <XElements />
          <TextValue />
          <UnitText>mg</UnitText>
          <Name>CSA剂量</Name>
          <InnerValue />
          <BackgroundText>CSA剂量</BackgroundText>
        </Element>
        <Element xsi:type="XString">
          <Text>，Pred</Text>
        </Element>
        <Element xsi:type="XInputField">
          <ID>kb0000002153</ID>
          <Attributes />
          <XElements />
          <TextValue />
          <UnitText>mg</UnitText>
          <Name>Pred剂量</Name>
          <InnerValue />
          <BackgroundText>Pred剂量</BackgroundText>
        </Element>
        <Element xsi:type="XString">
          <Text>，MMF</Text>
        </Element>
        <Element xsi:type="XInputField">
          <ID>kb0000002152</ID>
          <Attributes />
          <XElements />
          <TextValue />
          <UnitText>mg</UnitText>
          <Name>MMF剂量</Name>
          <InnerValue />
          <BackgroundText>MMF剂量</BackgroundText>
        </Element>
        <Element xsi:type="XString">
          <Text>，FK506</Text>
        </Element>
        <Element xsi:type="XInputField">
          <ID>kb0000002155</ID>
          <Attributes />
          <XElements />
          <TextValue />
          <UnitText>mg</UnitText>
          <Name>FK506剂量</Name>
          <InnerValue />
          <BackgroundText>FK506剂量</BackgroundText>
        </Element>
        <Element xsi:type="XString">
          <Text>，TW</Text>
        </Element>
        <Element xsi:type="XInputField">
          <ID>kb0000002154</ID>
          <Attributes />
          <XElements />
          <TextValue />
          <UnitText>mg</UnitText>
          <Name>TW剂量</Name>
          <InnerValue />
          <BackgroundText>TW剂量</BackgroundText>
        </Element>
        <Element xsi:type="XString">
          <Text>。</Text>
        </Element>
        <Element xsi:type="XParagraphFlag" />
        <Element xsi:type="XInputField">
          <ID>kb0000002159</ID>
          <Attributes />
          <XElements>
            <Element xsi:type="XString">
              <Text>高血压</Text>
            </Element>
          </XElements>
          <TextValue>高血压</TextValue>
          <Name>高血压</Name>
          <ValueBinding />
          <InnerValue>高血压</InnerValue>
          <BackgroundText>高血压</BackgroundText>
          <FieldSettings>
            <EditStyle>DropdownList</EditStyle>
            <ListSource>
              <SourceName>0000002159</SourceName>
              <Items />
            </ListSource>
          </FieldSettings>
        </Element>
        <Element xsi:type="XString">
          <Text>，24小时尿量</Text>
        </Element>
        <Element xsi:type="XInputField">
          <ID>kb0000002166</ID>
          <Attributes />
          <XElements />
          <TextValue />
          <UnitText>ml/天</UnitText>
          <Name>24小时尿量</Name>
          <InnerValue />
          <BackgroundText>24小时尿量</BackgroundText>
        </Element>
        <Element xsi:type="XString">
          <Text>，夜尿</Text>
        </Element>
        <Element xsi:type="XInputField">
          <ID>kb0000002207</ID>
          <Attributes />
          <XElements />
          <TextValue />
          <UnitText>次/晚</UnitText>
          <Name>夜尿</Name>
          <InnerValue />
          <BackgroundText>夜尿</BackgroundText>
        </Element>
        <Element xsi:type="XString">
          <Text>，</Text>
        </Element>
        <Element xsi:type="XInputField">
          <ID>kb0000002363</ID>
          <Attributes />
          <XElements />
          <TextValue />
          <UnitText>umol/L</UnitText>
          <Name>SCr</Name>
          <InnerValue />
          <BackgroundText>SCr</BackgroundText>
        </Element>
        <Element xsi:type="XString">
          <Text>。</Text>
        </Element>
        <Element xsi:type="XParagraphFlag" />
        <Element xsi:type="XInputField">
          <ID>kb0000002219</ID>
          <Attributes />
          <XElements>
            <Element xsi:type="XString">
              <Text>开始肾脏替代治疗</Text>
            </Element>
          </XElements>
          <TextValue>开始肾脏替代治疗</TextValue>
          <Name>开始肾脏替代治疗</Name>
          <ValueBinding />
          <InnerValue>开始肾脏替代治疗</InnerValue>
          <BackgroundText>开始肾脏替代治疗</BackgroundText>
          <FieldSettings>
            <EditStyle>DropdownList</EditStyle>
            <ListSource>
              <SourceName>0000002219</SourceName>
              <Items />
            </ListSource>
          </FieldSettings>
        </Element>
        <Element xsi:type="XString">
          <Text>。</Text>
        </Element>
        <Element xsi:type="XParagraphFlag" />
        <Element xsi:type="XInputField">
          <ID>kb0000002164</ID>
          <Attributes />
          <XElements>
            <Element xsi:type="XString">
              <Text>既往移植肾活检</Text>
            </Element>
          </XElements>
          <TextValue>既往移植肾活检</TextValue>
          <Name>既往移植肾活检</Name>
          <ValueBinding />
          <InnerValue>既往移植肾活检</InnerValue>
          <BackgroundText>既往移植肾活检</BackgroundText>
          <FieldSettings>
            <EditStyle>DropdownList</EditStyle>
            <ListSource>
              <SourceName>0000002164</SourceName>
              <Items />
            </ListSource>
          </FieldSettings>
        </Element>
        <Element xsi:type="XString">
          <Text>。</Text>
        </Element>
        <Element xsi:type="XParagraphFlag" />
      </XElements>
      <Sections />
    </Element>
    <Element xsi:type="XTextHeader">
      <Attributes />
      <XElements>
        <Element xsi:type="XParagraphFlag" StyleIndex="0">
          <AutoCreate>true</AutoCreate>
        </Element>
      </XElements>
    </Element>
    <Element xsi:type="XTextFooter">
      <Attributes />
      <XElements>
        <Element xsi:type="XParagraphFlag">
          <AutoCreate>true</AutoCreate>
        </Element>
      </XElements>
    </Element>
  </XElements>
  <Info>
    <CreationTime>2013-04-02T17:19:55.2942138+08:00</CreationTime>
    <LastModifiedTime>2013-04-02T17:19:55.2942138+08:00</LastModifiedTime>
    <LastPrintTime>1980-01-01T00:00:00</LastPrintTime>
    <Operator>DCSoft.Writer Version:1.1.1111.29376</Operator>
  </Info>
  <BodyText>
  </BodyText>
  <UserHistories>
    <History>
      <ID />
      <Name />
      <SavedTime>2005-03-24T11:09:41</SavedTime>
    </History>
  </UserHistories>
  <ContentStyles>
    <Default xsi:type="DocumentContentStyle">
      <FontName>宋体</FontName>
    </Default>
    <Styles>
      <Style Index="0">
        <Align>Center</Align>
      </Style>
    </Styles>
  </ContentStyles>
  <MeasureMode>OldCompatibility</MeasureMode>
  <PageSettings>
    <LeftMargin>50</LeftMargin>
    <TopMargin>50</TopMargin>
    <RightMargin>50</RightMargin>
    <BottomMargin>50</BottomMargin>
    <ViewLeftMargin>150</ViewLeftMargin>
    <ViewTopMargin>150</ViewTopMargin>
    <ViewRightMargin>150</ViewRightMargin>
    <ViewBottomMargin>150</ViewBottomMargin>
    <ViewPaperWidth>2481</ViewPaperWidth>
    <ViewPaperHeight>3507</ViewPaperHeight>
  </PageSettings>
</XTextDocument>