﻿<?xml version="1.0" encoding="utf-8"?>
<XTextDocument xmlns:xsi="http://www.w3.org/2001/XMLSchema-instance" xmlns:xsd="http://www.w3.org/2001/XMLSchema" EditorVersionString="1.1.1111.29376">
  <Attributes />
  <XElements>
    <Element xsi:type="XTextBody">
      <Attributes />
      <XElements>
        <Element xsi:type="XString">
          <Text>患儿</Text>
        </Element>
        <Element xsi:type="XInputField">
          <ID>kb0000003023</ID>
          <Attributes />
          <XElements>
            <Element xsi:type="XString">
              <Text>今日上午</Text>
            </Element>
          </XElements>
          <TextValue>今日上午</TextValue>
          <Name>疾病出现的时间</Name>
          <ValueBinding />
          <InnerValue>今日上午</InnerValue>
          <BackgroundText>疾病出现的时间</BackgroundText>
          <FieldSettings>
            <EditStyle>DropdownList</EditStyle>
            <ListSource>
              <SourceName>0000003023</SourceName>
              <Items />
            </ListSource>
          </FieldSettings>
        </Element>
        <Element xsi:type="XString">
          <Text>出现</Text>
        </Element>
        <Element xsi:type="XInputField">
          <ID>kb0000003024</ID>
          <Attributes />
          <XElements>
            <Element xsi:type="XString">
              <Text>发热</Text>
            </Element>
          </XElements>
          <TextValue>发热</TextValue>
          <Name>高热惊厥前症状</Name>
          <ValueBinding />
          <InnerValue>发热</InnerValue>
          <BackgroundText>高热惊厥前症状</BackgroundText>
          <FieldSettings>
            <EditStyle>DropdownList</EditStyle>
            <MultiSelect>true</MultiSelect>
            <ListSource>
              <SourceName>0000003024</SourceName>
              <Items />
            </ListSource>
          </FieldSettings>
        </Element>
        <Element xsi:type="XString">
          <Text>，体温最高达</Text>
        </Element>
        <Element xsi:type="XInputField">
          <ID>kb0000003025</ID>
          <Attributes />
          <XElements>
            <Element xsi:type="XString">
              <Text>39℃</Text>
            </Element>
          </XElements>
          <TextValue>39℃</TextValue>
          <Name>高热体温最高达</Name>
          <ValueBinding />
          <InnerValue>39℃</InnerValue>
          <BackgroundText>高热体温最高达</BackgroundText>
          <FieldSettings>
            <EditStyle>DropdownList</EditStyle>
            <ListSource>
              <SourceName>0000003025</SourceName>
              <Items />
            </ListSource>
          </FieldSettings>
        </Element>
        <Element xsi:type="XString">
          <Text>，</Text>
        </Element>
        <Element xsi:type="XInputField">
          <ID>kb0000003026</ID>
          <Attributes />
          <XElements>
            <Element xsi:type="XString">
              <Text>外院</Text>
            </Element>
          </XElements>
          <TextValue>外院</TextValue>
          <Name>高热治疗医院</Name>
          <ValueBinding />
          <InnerValue>外院</InnerValue>
          <BackgroundText>高热治疗医院</BackgroundText>
          <FieldSettings>
            <EditStyle>DropdownList</EditStyle>
            <ListSource>
              <SourceName>0000003026</SourceName>
              <Items />
            </ListSource>
          </FieldSettings>
        </Element>
        <Element xsi:type="XString">
          <Text>予</Text>
        </Element>
        <Element xsi:type="XInputField">
          <ID>kb0000003027</ID>
          <Attributes />
          <XElements>
            <Element xsi:type="XString">
              <Text>阿莫仙、先锋Ⅴ</Text>
            </Element>
          </XElements>
          <TextValue>阿莫仙、先锋Ⅴ</TextValue>
          <Name>高热治疗药物</Name>
          <ValueBinding />
          <InnerValue>阿莫仙、先锋Ⅴ</InnerValue>
          <BackgroundText>高热治疗药物</BackgroundText>
          <FieldSettings>
            <EditStyle>DropdownList</EditStyle>
            <MultiSelect>true</MultiSelect>
            <ListSource>
              <SourceName>0000003027</SourceName>
              <Items />
            </ListSource>
          </FieldSettings>
        </Element>
        <Element xsi:type="XString">
          <Text>治疗，效果</Text>
        </Element>
        <Element xsi:type="XInputField">
          <ID>kb0000003028</ID>
          <Attributes />
          <XElements>
            <Element xsi:type="XString">
              <Text>不佳</Text>
            </Element>
          </XElements>
          <TextValue>不佳</TextValue>
          <Name>高热治疗效果</Name>
          <ValueBinding />
          <InnerValue>不佳</InnerValue>
          <BackgroundText>高热治疗效果</BackgroundText>
          <FieldSettings>
            <EditStyle>DropdownList</EditStyle>
            <ListSource>
              <SourceName>0000003028</SourceName>
              <Items />
            </ListSource>
          </FieldSettings>
        </Element>
        <Element xsi:type="XString">
          <Text>，仍有</Text>
        </Element>
        <Element xsi:type="XInputField">
          <ID>kb0000003024</ID>
          <Attributes />
          <XElements>
            <Element xsi:type="XString">
              <Text>发热</Text>
            </Element>
          </XElements>
          <TextValue>发热</TextValue>
          <Name>高热惊厥前症状</Name>
          <ValueBinding />
          <InnerValue>发热</InnerValue>
          <BackgroundText>高热惊厥前症状</BackgroundText>
          <FieldSettings>
            <EditStyle>DropdownList</EditStyle>
            <MultiSelect>true</MultiSelect>
            <ListSource>
              <SourceName>0000003024</SourceName>
              <Items />
            </ListSource>
          </FieldSettings>
        </Element>
        <Element xsi:type="XString">
          <Text>。 分钟前突然</Text>
        </Element>
        <Element xsi:type="XInputField">
          <ID>kb0000003029</ID>
          <Attributes />
          <XElements>
            <Element xsi:type="XString">
              <Text>双眼上翻、牙关紧闭</Text>
            </Element>
          </XElements>
          <TextValue>双眼上翻、牙关紧闭</TextValue>
          <Name>高热惊厥症状</Name>
          <ValueBinding />
          <InnerValue>双眼上翻、牙关紧闭</InnerValue>
          <BackgroundText>高热惊厥症状</BackgroundText>
          <FieldSettings>
            <EditStyle>DropdownList</EditStyle>
            <MultiSelect>true</MultiSelect>
            <ListSource>
              <SourceName>0000003029</SourceName>
              <Items />
            </ListSource>
          </FieldSettings>
        </Element>
        <Element xsi:type="XString">
          <Text>，持续约    分钟，经掐人中穴等处理后，抽搐停止。病程中</Text>
        </Element>
        <Element xsi:type="XInputField">
          <ID>kb0000003032</ID>
          <Attributes />
          <XElements>
            <Element xsi:type="XString">
              <Text>无</Text>
            </Element>
          </XElements>
          <TextValue>无</TextValue>
          <Name>高热惊厥伴随症状</Name>
          <ValueBinding />
          <InnerValue>无</InnerValue>
          <BackgroundText>高热惊厥伴随症状</BackgroundText>
          <FieldSettings>
            <EditStyle>DropdownList</EditStyle>
            <ListSource>
              <SourceName>0000003032</SourceName>
              <Items />
            </ListSource>
          </FieldSettings>
        </Element>
        <Element xsi:type="XInputField">
          <ID>kb0000003030</ID>
          <Attributes />
          <XElements>
            <Element xsi:type="XString">
              <Text>头痛、恶心、呕吐</Text>
            </Element>
          </XElements>
          <TextValue>头痛、恶心、呕吐</TextValue>
          <Name>高热惊厥伴随症状描述</Name>
          <ValueBinding />
          <InnerValue>头痛、恶心、呕吐</InnerValue>
          <BackgroundText>高热惊厥伴随症状描述</BackgroundText>
          <FieldSettings>
            <EditStyle>DropdownList</EditStyle>
            <MultiSelect>true</MultiSelect>
            <ListSource>
              <SourceName>0000003030</SourceName>
              <Items />
            </ListSource>
          </FieldSettings>
        </Element>
        <Element xsi:type="XString">
          <Text>。</Text>
        </Element>
        <Element xsi:type="XParagraphFlag" />
        <Element xsi:type="XString">
          <Text>既往</Text>
        </Element>
        <Element xsi:type="XInputField">
          <ID>kb0000003031</ID>
          <Attributes />
          <XElements>
            <Element xsi:type="XString">
              <Text>无</Text>
            </Element>
          </XElements>
          <TextValue>无</TextValue>
          <Name>既往高热惊厥史</Name>
          <ValueBinding />
          <InnerValue>无</InnerValue>
          <BackgroundText>既往高热惊厥史</BackgroundText>
          <FieldSettings>
            <EditStyle>DropdownList</EditStyle>
            <ListSource>
              <SourceName>0000003031</SourceName>
              <Items />
            </ListSource>
          </FieldSettings>
        </Element>
        <Element xsi:type="XString">
          <Text>高热惊厥史。</Text>
        </Element>
        <Element xsi:type="XParagraphFlag" />
      </XElements>
      <Sections />
    </Element>
    <Element xsi:type="XTextHeader">
      <Attributes />
      <XElements>
        <Element xsi:type="XParagraphFlag" StyleIndex="0">
          <AutoCreate>true</AutoCreate>
        </Element>
      </XElements>
    </Element>
    <Element xsi:type="XTextFooter">
      <Attributes />
      <XElements>
        <Element xsi:type="XParagraphFlag">
          <AutoCreate>true</AutoCreate>
        </Element>
      </XElements>
    </Element>
  </XElements>
  <ScriptText />
  <Info>
    <CreationTime>2013-04-02T17:19:56.8503028+08:00</CreationTime>
    <LastModifiedTime>2013-04-02T17:19:56.8503028+08:00</LastModifiedTime>
    <LastPrintTime>1980-01-01T00:00:00</LastPrintTime>
    <Operator>DCSoft.Writer Version:1.1.1111.29376</Operator>
  </Info>
  <BodyText>
  </BodyText>
  <UserHistories>
    <History>
      <ID />
      <Name />
      <SavedTime>2005-04-29T10:56:56</SavedTime>
    </History>
    <History>
      <ID />
      <Name />
      <SavedTime>2005-04-29T10:58:01</SavedTime>
    </History>
    <History>
      <ID />
      <Name />
      <SavedTime>2005-04-29T10:58:36</SavedTime>
    </History>
  </UserHistories>
  <ContentStyles>
    <Default xsi:type="DocumentContentStyle">
      <FontName>宋体</FontName>
    </Default>
    <Styles>
      <Style Index="0">
        <Align>Center</Align>
      </Style>
    </Styles>
  </ContentStyles>
  <MeasureMode>OldCompatibility</MeasureMode>
  <PageSettings>
    <LeftMargin>50</LeftMargin>
    <TopMargin>50</TopMargin>
    <RightMargin>50</RightMargin>
    <BottomMargin>50</BottomMargin>
    <ViewLeftMargin>150</ViewLeftMargin>
    <ViewTopMargin>150</ViewTopMargin>
    <ViewRightMargin>150</ViewRightMargin>
    <ViewBottomMargin>150</ViewBottomMargin>
    <ViewPaperWidth>2481</ViewPaperWidth>
    <ViewPaperHeight>3507</ViewPaperHeight>
  </PageSettings>
</XTextDocument>