﻿<?xml version="1.0" encoding="utf-8"?>
<XTextDocument xmlns:xsi="http://www.w3.org/2001/XMLSchema-instance" xmlns:xsd="http://www.w3.org/2001/XMLSchema" EditorVersionString="1.1.1111.29376">
  <Attributes />
  <XElements>
    <Element xsi:type="XTextBody">
      <Attributes />
      <XElements>
        <Element xsi:type="XString" StyleIndex="1">
          <Text>粪常规：</Text>
        </Element>
        <Element xsi:type="XInputField">
          <ID>kb0000002562</ID>
          <Attributes />
          <XElements>
            <Element xsi:type="XString">
              <Text>黄色软</Text>
            </Element>
          </XElements>
          <TextValue>黄色软</TextValue>
          <Name>大便性状</Name>
          <ValueBinding />
          <InnerValue>黄色软</InnerValue>
          <BackgroundText>大便性状</BackgroundText>
          <FieldSettings>
            <EditStyle>DropdownList</EditStyle>
            <ListSource>
              <SourceName>0000002562</SourceName>
              <Items />
            </ListSource>
          </FieldSettings>
        </Element>
        <Element xsi:type="XString">
          <Text>便，白细胞</Text>
        </Element>
        <Element xsi:type="XInputField">
          <ID>kb0000002563</ID>
          <Attributes />
          <XElements>
            <Element xsi:type="XString">
              <Text>±</Text>
            </Element>
          </XElements>
          <TextValue>±</TextValue>
          <Name>大便白细胞</Name>
          <ValueBinding />
          <InnerValue>±</InnerValue>
          <BackgroundText>大便白细胞</BackgroundText>
          <FieldSettings>
            <EditStyle>DropdownList</EditStyle>
            <ListSource>
              <SourceName>0000002563</SourceName>
              <Items />
            </ListSource>
          </FieldSettings>
        </Element>
        <Element xsi:type="XString">
          <Text>，红细胞</Text>
        </Element>
        <Element xsi:type="XInputField">
          <ID>kb0000002564</ID>
          <Attributes />
          <XElements>
            <Element xsi:type="XString">
              <Text>+</Text>
            </Element>
          </XElements>
          <TextValue>+</TextValue>
          <Name>大便红细胞</Name>
          <ValueBinding />
          <InnerValue>+</InnerValue>
          <BackgroundText>大便红细胞</BackgroundText>
          <FieldSettings>
            <EditStyle>DropdownList</EditStyle>
            <ListSource>
              <SourceName>0000002564</SourceName>
              <Items />
            </ListSource>
          </FieldSettings>
        </Element>
        <Element xsi:type="XString">
          <Text>，大便隐血</Text>
        </Element>
        <Element xsi:type="XInputField">
          <ID>kb0000002565</ID>
          <Attributes />
          <XElements>
            <Element xsi:type="XString">
              <Text>-</Text>
            </Element>
          </XElements>
          <TextValue>-</TextValue>
          <Name>大便隐血</Name>
          <ValueBinding />
          <InnerValue>-</InnerValue>
          <BackgroundText>大便隐血</BackgroundText>
          <FieldSettings>
            <EditStyle>DropdownList</EditStyle>
            <ListSource>
              <SourceName>0000002565</SourceName>
              <Items />
            </ListSource>
          </FieldSettings>
        </Element>
        <Element xsi:type="XString">
          <Text>。</Text>
        </Element>
        <Element xsi:type="XParagraphFlag" />
      </XElements>
      <Sections />
    </Element>
    <Element xsi:type="XTextHeader">
      <Attributes />
      <XElements>
        <Element xsi:type="XParagraphFlag" StyleIndex="0">
          <AutoCreate>true</AutoCreate>
        </Element>
      </XElements>
    </Element>
    <Element xsi:type="XTextFooter">
      <Attributes />
      <XElements>
        <Element xsi:type="XParagraphFlag">
          <AutoCreate>true</AutoCreate>
        </Element>
      </XElements>
    </Element>
  </XElements>
  <ScriptText />
  <Info>
    <CreationTime>2013-04-02T17:19:55.6502342+08:00</CreationTime>
    <LastModifiedTime>2013-04-02T17:19:55.6502342+08:00</LastModifiedTime>
    <LastPrintTime>1980-01-01T00:00:00</LastPrintTime>
    <Operator>DCSoft.Writer Version:1.1.1111.29376</Operator>
  </Info>
  <BodyText>
  </BodyText>
  <UserHistories>
    <History>
      <ID />
      <Name />
      <SavedTime>2005-04-06T14:58:14</SavedTime>
    </History>
    <History>
      <ID />
      <Name />
      <SavedTime>2005-04-06T15:02:07</SavedTime>
    </History>
    <History>
      <ID />
      <Name />
      <SavedTime>2005-04-13T10:37:25</SavedTime>
    </History>
  </UserHistories>
  <ContentStyles>
    <Default xsi:type="DocumentContentStyle">
      <FontName>宋体</FontName>
    </Default>
    <Styles>
      <Style Index="0">
        <Align>Center</Align>
      </Style>
      <Style Index="1">
        <CreatorIndex>1</CreatorIndex>
      </Style>
    </Styles>
  </ContentStyles>
  <MeasureMode>OldCompatibility</MeasureMode>
  <PageSettings>
    <LeftMargin>50</LeftMargin>
    <TopMargin>50</TopMargin>
    <RightMargin>50</RightMargin>
    <BottomMargin>50</BottomMargin>
    <ViewLeftMargin>150</ViewLeftMargin>
    <ViewTopMargin>150</ViewTopMargin>
    <ViewRightMargin>150</ViewRightMargin>
    <ViewBottomMargin>150</ViewBottomMargin>
    <ViewPaperWidth>2481</ViewPaperWidth>
    <ViewPaperHeight>3507</ViewPaperHeight>
  </PageSettings>
</XTextDocument>