﻿<?xml version="1.0" encoding="utf-8"?>
<XTextDocument xmlns:xsi="http://www.w3.org/2001/XMLSchema-instance" xmlns:xsd="http://www.w3.org/2001/XMLSchema" EditorVersionString="1.1.1111.29376">
  <Attributes />
  <XElements>
    <Element xsi:type="XTextBody">
      <Attributes />
      <XElements>
        <Element xsi:type="XString">
          <Text>软腭</Text>
        </Element>
        <Element xsi:type="XInputField">
          <ID>kb0000002748</ID>
          <Attributes />
          <XElements>
            <Element xsi:type="XString">
              <Text>运动对称</Text>
            </Element>
          </XElements>
          <TextValue>运动对称</TextValue>
          <Name>软腭症状</Name>
          <ValueBinding />
          <InnerValue>运动对称</InnerValue>
          <BackgroundText>软腭症状</BackgroundText>
          <FieldSettings>
            <EditStyle>DropdownList</EditStyle>
            <MultiSelect>true</MultiSelect>
            <ListSource>
              <SourceName>0000002748</SourceName>
              <Items />
            </ListSource>
          </FieldSettings>
        </Element>
        <Element xsi:type="XString">
          <Text>；悬雍垂居中；咽腭弓及舌腭弓粘膜</Text>
        </Element>
        <Element xsi:type="XInputField">
          <ID>kb0000002749</ID>
          <Attributes />
          <XElements>
            <Element xsi:type="XString">
              <Text>正常</Text>
            </Element>
          </XElements>
          <TextValue>正常</TextValue>
          <Name>咽腭弓及舌腭弓粘膜</Name>
          <ValueBinding />
          <InnerValue>正常</InnerValue>
          <BackgroundText>咽腭弓及舌腭弓粘膜</BackgroundText>
          <FieldSettings>
            <EditStyle>DropdownList</EditStyle>
            <MultiSelect>true</MultiSelect>
            <ListSource>
              <SourceName>0000002749</SourceName>
              <Items />
            </ListSource>
          </FieldSettings>
        </Element>
        <Element xsi:type="XString">
          <Text>；</Text>
        </Element>
        <Element xsi:type="XInputField">
          <ID>kb0000002750</ID>
          <Attributes />
          <XElements>
            <Element xsi:type="XString">
              <Text>左侧</Text>
            </Element>
          </XElements>
          <TextValue>左侧</TextValue>
          <Name>扁桃体症状描述部位</Name>
          <ValueBinding />
          <InnerValue>左侧</InnerValue>
          <BackgroundText>扁桃体症状描述部位</BackgroundText>
          <FieldSettings>
            <EditStyle>DropdownList</EditStyle>
            <ListSource>
              <SourceName>0000002750</SourceName>
              <Items />
            </ListSource>
          </FieldSettings>
        </Element>
        <Element xsi:type="XString">
          <Text>扁桃体</Text>
        </Element>
        <Element xsi:type="XInputField">
          <ID>kb0000002751</ID>
          <Attributes />
          <XElements>
            <Element xsi:type="XString">
              <Text>Ⅰ度</Text>
            </Element>
          </XElements>
          <TextValue>Ⅰ度</TextValue>
          <Name>扁桃体肿大</Name>
          <ValueBinding />
          <InnerValue>Ⅰ度</InnerValue>
          <BackgroundText>扁桃体肿大</BackgroundText>
          <FieldSettings>
            <EditStyle>DropdownList</EditStyle>
            <ListSource>
              <SourceName>0000002751</SourceName>
              <Items />
            </ListSource>
          </FieldSettings>
        </Element>
        <Element xsi:type="XString">
          <Text>大，</Text>
        </Element>
        <Element xsi:type="XInputField">
          <ID>kb0000002752</ID>
          <Attributes />
          <XElements>
            <Element xsi:type="XString">
              <Text>不充血</Text>
            </Element>
          </XElements>
          <TextValue>不充血</TextValue>
          <Name>扁桃体症状</Name>
          <ValueBinding />
          <InnerValue>不充血</InnerValue>
          <BackgroundText>扁桃体症状</BackgroundText>
          <FieldSettings>
            <EditStyle>DropdownList</EditStyle>
            <MultiSelect>true</MultiSelect>
            <ListSource>
              <SourceName>0000002752</SourceName>
              <Items />
            </ListSource>
          </FieldSettings>
        </Element>
        <Element xsi:type="XString">
          <Text>；咽后壁粘膜</Text>
        </Element>
        <Element xsi:type="XInputField">
          <ID>kb0000002753</ID>
          <Attributes />
          <XElements>
            <Element xsi:type="XString">
              <Text>光滑</Text>
            </Element>
          </XElements>
          <TextValue>光滑</TextValue>
          <Name>咽后壁粘膜</Name>
          <ValueBinding />
          <InnerValue>光滑</InnerValue>
          <BackgroundText>咽后壁粘膜</BackgroundText>
          <FieldSettings>
            <EditStyle>DropdownList</EditStyle>
            <MultiSelect>true</MultiSelect>
            <ListSource>
              <SourceName>0000002753</SourceName>
              <Items />
            </ListSource>
          </FieldSettings>
        </Element>
        <Element xsi:type="XString">
          <Text>；鼻咽部粘膜</Text>
        </Element>
        <Element xsi:type="XInputField">
          <ID>kb0000002754</ID>
          <Attributes />
          <XElements>
            <Element xsi:type="XString">
              <Text>光滑</Text>
            </Element>
          </XElements>
          <TextValue>光滑</TextValue>
          <Name>鼻咽部粘膜</Name>
          <ValueBinding />
          <InnerValue>光滑</InnerValue>
          <BackgroundText>鼻咽部粘膜</BackgroundText>
          <FieldSettings>
            <EditStyle>DropdownList</EditStyle>
            <MultiSelect>true</MultiSelect>
            <ListSource>
              <SourceName>0000002754</SourceName>
              <Items />
            </ListSource>
          </FieldSettings>
        </Element>
        <Element xsi:type="XString">
          <Text>，双侧咽隐窝</Text>
        </Element>
        <Element xsi:type="XInputField">
          <ID>kb0000002755</ID>
          <Attributes />
          <XElements>
            <Element xsi:type="XString">
              <Text>对称</Text>
            </Element>
          </XElements>
          <TextValue>对称</TextValue>
          <Name>双侧咽隐窝</Name>
          <ValueBinding />
          <InnerValue>对称</InnerValue>
          <BackgroundText>双侧咽隐窝</BackgroundText>
          <FieldSettings>
            <EditStyle>DropdownList</EditStyle>
            <ListSource>
              <SourceName>0000002755</SourceName>
              <Items />
            </ListSource>
          </FieldSettings>
        </Element>
        <Element xsi:type="XString">
          <Text>。</Text>
        </Element>
        <Element xsi:type="XParagraphFlag" />
      </XElements>
      <Sections />
    </Element>
    <Element xsi:type="XTextHeader">
      <Attributes />
      <XElements>
        <Element xsi:type="XParagraphFlag" StyleIndex="0">
          <AutoCreate>true</AutoCreate>
        </Element>
      </XElements>
    </Element>
    <Element xsi:type="XTextFooter">
      <Attributes />
      <XElements>
        <Element xsi:type="XParagraphFlag">
          <AutoCreate>true</AutoCreate>
        </Element>
      </XElements>
    </Element>
  </XElements>
  <ScriptText />
  <Info>
    <CreationTime>2013-04-02T17:19:56.1742642+08:00</CreationTime>
    <LastModifiedTime>2013-04-02T17:19:56.1742642+08:00</LastModifiedTime>
    <LastPrintTime>1980-01-01T00:00:00</LastPrintTime>
    <Operator>DCSoft.Writer Version:1.1.1111.29376</Operator>
  </Info>
  <BodyText>
  </BodyText>
  <UserHistories>
    <History>
      <ID />
      <Name />
      <SavedTime>2005-04-22T13:14:21</SavedTime>
    </History>
  </UserHistories>
  <ContentStyles>
    <Default xsi:type="DocumentContentStyle">
      <FontName>宋体</FontName>
    </Default>
    <Styles>
      <Style Index="0">
        <Align>Center</Align>
      </Style>
    </Styles>
  </ContentStyles>
  <MeasureMode>OldCompatibility</MeasureMode>
  <PageSettings>
    <LeftMargin>50</LeftMargin>
    <TopMargin>50</TopMargin>
    <RightMargin>50</RightMargin>
    <BottomMargin>50</BottomMargin>
    <ViewLeftMargin>150</ViewLeftMargin>
    <ViewTopMargin>150</ViewTopMargin>
    <ViewRightMargin>150</ViewRightMargin>
    <ViewBottomMargin>150</ViewBottomMargin>
    <ViewPaperWidth>2481</ViewPaperWidth>
    <ViewPaperHeight>3507</ViewPaperHeight>
  </PageSettings>
</XTextDocument>