﻿<?xml version="1.0" encoding="utf-8"?>
<XTextDocument xmlns:xsi="http://www.w3.org/2001/XMLSchema-instance" xmlns:xsd="http://www.w3.org/2001/XMLSchema" EditorVersionString="1.1.1111.29376">
  <Attributes />
  <XElements>
    <Element xsi:type="XTextBody">
      <Attributes />
      <XElements>
        <Element xsi:type="XString">
          <Text>自   年   月始月经紊乱，</Text>
        </Element>
        <Element xsi:type="XInputField">
          <ID>kb0000002939</ID>
          <Attributes />
          <XElements>
            <Element xsi:type="XString">
              <Text>过频、过多</Text>
            </Element>
          </XElements>
          <TextValue>过频、过多</TextValue>
          <Name>月经紊乱描述</Name>
          <ValueBinding />
          <InnerValue>过频、过多</InnerValue>
          <BackgroundText>月经紊乱描述</BackgroundText>
          <FieldSettings>
            <EditStyle>DropdownList</EditStyle>
            <MultiSelect>true</MultiSelect>
            <ListSource>
              <SourceName>0000002939</SourceName>
              <Items />
            </ListSource>
          </FieldSettings>
        </Element>
        <Element xsi:type="XString">
          <Text>。自   年   月始</Text>
        </Element>
        <Element xsi:type="XInputField">
          <ID>kb0000002946</ID>
          <Attributes />
          <XElements>
            <Element xsi:type="XString">
              <Text>潮热、出汗、烦躁</Text>
            </Element>
          </XElements>
          <TextValue>潮热、出汗、烦躁</TextValue>
          <Name>更年期综合征症状</Name>
          <ValueBinding />
          <InnerValue>潮热、出汗、烦躁</InnerValue>
          <BackgroundText>更年期综合征症状</BackgroundText>
          <FieldSettings>
            <EditStyle>DropdownList</EditStyle>
            <MultiSelect>true</MultiSelect>
            <ListSource>
              <SourceName>0000002946</SourceName>
              <Items />
            </ListSource>
          </FieldSettings>
        </Element>
        <Element xsi:type="XString">
          <Text>，症状</Text>
        </Element>
        <Element xsi:type="XInputField">
          <ID>kb0000002947</ID>
          <Attributes />
          <XElements>
            <Element xsi:type="XString">
              <Text>轻</Text>
            </Element>
          </XElements>
          <TextValue>轻</TextValue>
          <Name>更年期综合征症状程度</Name>
          <ValueBinding />
          <InnerValue>轻</InnerValue>
          <BackgroundText>更年期综合征症状程度</BackgroundText>
          <FieldSettings>
            <EditStyle>DropdownList</EditStyle>
            <ListSource>
              <SourceName>0000002947</SourceName>
              <Items />
            </ListSource>
          </FieldSettings>
        </Element>
        <Element xsi:type="XString">
          <Text>。</Text>
        </Element>
        <Element xsi:type="XInputField">
          <ID>kb0000002948</ID>
          <Attributes />
          <XElements>
            <Element xsi:type="XString">
              <Text>曾有</Text>
            </Element>
          </XElements>
          <TextValue>曾有</TextValue>
          <Name>更年期综合征内分泌检查</Name>
          <ValueBinding />
          <InnerValue>曾有</InnerValue>
          <BackgroundText>更年期综合征内分泌检查</BackgroundText>
          <FieldSettings>
            <EditStyle>DropdownList</EditStyle>
            <ListSource>
              <SourceName>0000002948</SourceName>
              <Items />
            </ListSource>
          </FieldSettings>
        </Element>
        <Element xsi:type="XString">
          <Text>内分泌检查，诊刮子宫</Text>
        </Element>
        <Element xsi:type="XInputField">
          <ID>kb0000002949</ID>
          <Attributes />
          <XElements>
            <Element xsi:type="XString">
              <Text>无</Text>
            </Element>
          </XElements>
          <TextValue>无</TextValue>
          <Name>更年期综合征诊刮子宫</Name>
          <ValueBinding />
          <InnerValue>无</InnerValue>
          <BackgroundText>更年期综合征诊刮子宫</BackgroundText>
          <FieldSettings>
            <EditStyle>DropdownList</EditStyle>
            <ListSource>
              <SourceName>0000002949</SourceName>
              <Items />
            </ListSource>
          </FieldSettings>
        </Element>
        <Element xsi:type="XString">
          <Text>，宫颈刮片</Text>
        </Element>
        <Element xsi:type="XInputField">
          <ID>kb0000002950</ID>
          <Attributes />
          <XElements>
            <Element xsi:type="XString">
              <Text>无</Text>
            </Element>
          </XElements>
          <TextValue>无</TextValue>
          <Name>更年期综合征宫颈刮片</Name>
          <ValueBinding />
          <InnerValue>无</InnerValue>
          <BackgroundText>更年期综合征宫颈刮片</BackgroundText>
          <FieldSettings>
            <EditStyle>DropdownList</EditStyle>
            <ListSource>
              <SourceName>0000002950</SourceName>
              <Items />
            </ListSource>
          </FieldSettings>
        </Element>
        <Element xsi:type="XString">
          <Text>，B超检查</Text>
        </Element>
        <Element xsi:type="XInputField">
          <ID>kb0000002951</ID>
          <Attributes />
          <XElements>
            <Element xsi:type="XString">
              <Text>无</Text>
            </Element>
          </XElements>
          <TextValue>无</TextValue>
          <Name>更年期综合征B超检查</Name>
          <ValueBinding />
          <InnerValue>无</InnerValue>
          <BackgroundText>更年期综合征B超检查</BackgroundText>
          <FieldSettings>
            <EditStyle>DropdownList</EditStyle>
            <ListSource>
              <SourceName>0000002951</SourceName>
              <Items />
            </ListSource>
          </FieldSettings>
        </Element>
        <Element xsi:type="XString">
          <Text>，其它科室会诊</Text>
        </Element>
        <Element xsi:type="XInputField">
          <ID>kb0000002952</ID>
          <Attributes />
          <XElements>
            <Element xsi:type="XString">
              <Text>无</Text>
            </Element>
          </XElements>
          <TextValue>无</TextValue>
          <Name>更年期综合征其它科室会诊</Name>
          <ValueBinding />
          <InnerValue>无</InnerValue>
          <BackgroundText>更年期综合征其它科室会诊</BackgroundText>
          <FieldSettings>
            <EditStyle>DropdownList</EditStyle>
            <ListSource>
              <SourceName>0000002952</SourceName>
              <Items />
            </ListSource>
          </FieldSettings>
        </Element>
        <Element xsi:type="XString">
          <Text>。</Text>
        </Element>
        <Element xsi:type="XInputField">
          <ID>kb0000002953</ID>
          <Attributes />
          <XElements>
            <Element xsi:type="XString">
              <Text>未治疗</Text>
            </Element>
          </XElements>
          <TextValue>未治疗</TextValue>
          <Name>更年期综合征曾治疗</Name>
          <ValueBinding />
          <InnerValue>未治疗</InnerValue>
          <BackgroundText>更年期综合征曾治疗</BackgroundText>
          <FieldSettings>
            <EditStyle>DropdownList</EditStyle>
            <ListSource>
              <SourceName>0000002953</SourceName>
              <Items />
            </ListSource>
          </FieldSettings>
        </Element>
        <Element xsi:type="XString" StyleIndex="1">
          <Text>。</Text>
        </Element>
        <Element xsi:type="XParagraphFlag" />
      </XElements>
      <Sections />
    </Element>
    <Element xsi:type="XTextHeader">
      <Attributes />
      <XElements>
        <Element xsi:type="XParagraphFlag" StyleIndex="0">
          <AutoCreate>true</AutoCreate>
        </Element>
      </XElements>
    </Element>
    <Element xsi:type="XTextFooter">
      <Attributes />
      <XElements>
        <Element xsi:type="XParagraphFlag">
          <AutoCreate>true</AutoCreate>
        </Element>
      </XElements>
    </Element>
  </XElements>
  <ScriptText />
  <Info>
    <CreationTime>2013-04-02T17:19:56.6302903+08:00</CreationTime>
    <LastModifiedTime>2013-04-02T17:19:56.6302903+08:00</LastModifiedTime>
    <LastPrintTime>1980-01-01T00:00:00</LastPrintTime>
    <Operator>DCSoft.Writer Version:1.1.1111.29376</Operator>
  </Info>
  <BodyText>
  </BodyText>
  <UserHistories>
    <History>
      <ID />
      <Name />
      <SavedTime>2005-04-28T13:19:12</SavedTime>
    </History>
    <History>
      <ID />
      <Name />
      <SavedTime>2005-04-28T13:21:01</SavedTime>
    </History>
    <History>
      <ID />
      <Name />
      <SavedTime>2005-04-28T13:27:34</SavedTime>
    </History>
  </UserHistories>
  <ContentStyles>
    <Default xsi:type="DocumentContentStyle">
      <FontName>宋体</FontName>
    </Default>
    <Styles>
      <Style Index="0">
        <Align>Center</Align>
      </Style>
      <Style Index="1">
        <CreatorIndex>1</CreatorIndex>
      </Style>
    </Styles>
  </ContentStyles>
  <MeasureMode>OldCompatibility</MeasureMode>
  <PageSettings>
    <LeftMargin>50</LeftMargin>
    <TopMargin>50</TopMargin>
    <RightMargin>50</RightMargin>
    <BottomMargin>50</BottomMargin>
    <ViewLeftMargin>150</ViewLeftMargin>
    <ViewTopMargin>150</ViewTopMargin>
    <ViewRightMargin>150</ViewRightMargin>
    <ViewBottomMargin>150</ViewBottomMargin>
    <ViewPaperWidth>2481</ViewPaperWidth>
    <ViewPaperHeight>3507</ViewPaperHeight>
  </PageSettings>
</XTextDocument>