﻿<?xml version="1.0" encoding="utf-8"?>
<XTextDocument xmlns:xsi="http://www.w3.org/2001/XMLSchema-instance" xmlns:xsd="http://www.w3.org/2001/XMLSchema" EditorVersionString="1.1.1111.29376">
  <Attributes />
  <XElements>
    <Element xsi:type="XTextBody">
      <Attributes />
      <XElements>
        <Element xsi:type="XString">
          <Text>前次住院日期：_____年___月___日   诊断： ____________________</Text>
        </Element>
        <Element xsi:type="XParagraphFlag" />
        <Element xsi:type="XString">
          <Text>    临床综合征： (下拉)[急性肾炎综合征,孤立性肉眼血尿,反复发作肉眼血尿,尿检异常,肾病综合征,急进性肾炎综合征,急性肾衰,慢性肾衰,]   病理类型：(下拉)[微小病变,系膜增生性病变,FSGS样病变,膜增生样病变,结节样病变,节段坏死性肾炎,新月体肾炎,狼疮性肾炎I型,狼疮性肾炎II型,狼疮性肾炎III型,狼疮性肾炎IV型,狼疮性肾炎V型,急性间质性肾炎,慢性间质性肾炎,急性肾小管坏死,中草药肾病,膜性病变,]</Text>
        </Element>
        <Element xsi:type="XParagraphFlag" />
        <Element xsi:type="XString">
          <Text>    肾活检日期</Text>
        </Element>
        <Element xsi:type="XInputField">
          <ID>kb0000000000</ID>
          <Attributes />
          <XElements />
          <TextValue />
          <UnitText />
          <Name>肾活检日期</Name>
          <InnerValue />
          <BackgroundText>肾活检日期</BackgroundText>
        </Element>
        <Element xsi:type="XString">
          <Text>。</Text>
        </Element>
        <Element xsi:type="XParagraphFlag" />
        <Element xsi:type="XString">
          <Text>    前次治疗：</Text>
        </Element>
        <Element xsi:type="XParagraphFlag" />
        <Element xsi:type="XString">
          <Text>     强的松</Text>
        </Element>
        <Element xsi:type="XInputField">
          <ID>kb0000002019</ID>
          <Attributes />
          <XElements />
          <TextValue />
          <UnitText>mg/日</UnitText>
          <Name>强的松剂量</Name>
          <InnerValue />
          <BackgroundText>强的松剂量</BackgroundText>
        </Element>
        <Element xsi:type="XString">
          <Text>，诱导期</Text>
        </Element>
        <Element xsi:type="XInputField">
          <ID>kb0000000000</ID>
          <Attributes />
          <XElements />
          <TextValue />
          <UnitText>周</UnitText>
          <Name>强的松诱导期</Name>
          <InnerValue />
          <BackgroundText>强的松诱导期</BackgroundText>
        </Element>
        <Element xsi:type="XString">
          <Text>；甲强龙：  _______g</Text>
        </Element>
        <Element xsi:type="XParagraphFlag" />
        <Element xsi:type="XString">
          <Text>     □环鳞酰胺：_______g  _____月   总量：________g</Text>
        </Element>
        <Element xsi:type="XParagraphFlag" />
        <Element xsi:type="XString">
          <Text>     □骁悉：    ______g/d ____月</Text>
        </Element>
        <Element xsi:type="XParagraphFlag" />
        <Element xsi:type="XString">
          <Text>     □FK506：   ______mg/d _____mg/Kg.d    浓度：______mg/ml   _____月</Text>
        </Element>
        <Element xsi:type="XParagraphFlag" />
        <Element xsi:type="XString">
          <Text>     □环孢素：  ______mg/d _____mg/Kg.d    浓度：______mg/ml   _____月</Text>
        </Element>
        <Element xsi:type="XParagraphFlag" />
        <Element xsi:type="XString">
          <Text>    疗效</Text>
        </Element>
        <Element xsi:type="XInputField">
          <ID>kb0000002385</ID>
          <Attributes />
          <XElements>
            <Element xsi:type="XString">
              <Text>治疗疗效</Text>
            </Element>
          </XElements>
          <TextValue>治疗疗效</TextValue>
          <Name>治疗疗效</Name>
          <ValueBinding />
          <InnerValue>治疗疗效</InnerValue>
          <BackgroundText>治疗疗效</BackgroundText>
          <FieldSettings>
            <EditStyle>DropdownList</EditStyle>
            <ListSource>
              <SourceName>0000002385</SourceName>
              <Items />
            </ListSource>
          </FieldSettings>
        </Element>
        <Element xsi:type="XString">
          <Text>，本次因</Text>
        </Element>
        <Element xsi:type="XInputField">
          <ID>kb0000002386</ID>
          <Attributes />
          <XElements>
            <Element xsi:type="XString">
              <Text>本次住院原因</Text>
            </Element>
          </XElements>
          <TextValue>本次住院原因</TextValue>
          <Name>本次住院原因</Name>
          <ValueBinding />
          <InnerValue>本次住院原因</InnerValue>
          <BackgroundText>本次住院原因</BackgroundText>
          <FieldSettings>
            <EditStyle>DropdownList</EditStyle>
            <ListSource>
              <SourceName>0000002386</SourceName>
              <Items />
            </ListSource>
          </FieldSettings>
        </Element>
        <Element xsi:type="XString">
          <Text>住院，并发症：</Text>
        </Element>
        <Element xsi:type="XInputField">
          <ID>kb0000002387</ID>
          <Attributes />
          <XElements>
            <Element xsi:type="XString">
              <Text>并发症</Text>
            </Element>
          </XElements>
          <TextValue>并发症</TextValue>
          <Name>并发症</Name>
          <ValueBinding />
          <InnerValue>并发症</InnerValue>
          <BackgroundText>并发症</BackgroundText>
          <FieldSettings>
            <EditStyle>DropdownList</EditStyle>
            <MultiSelect>true</MultiSelect>
            <ListSource>
              <SourceName>0000002387</SourceName>
              <Items />
            </ListSource>
          </FieldSettings>
        </Element>
        <Element xsi:type="XString">
          <Text>。</Text>
        </Element>
        <Element xsi:type="XParagraphFlag" />
      </XElements>
      <Sections />
    </Element>
    <Element xsi:type="XTextHeader">
      <Attributes />
      <XElements>
        <Element xsi:type="XParagraphFlag" StyleIndex="0">
          <AutoCreate>true</AutoCreate>
        </Element>
      </XElements>
    </Element>
    <Element xsi:type="XTextFooter">
      <Attributes />
      <XElements>
        <Element xsi:type="XParagraphFlag">
          <AutoCreate>true</AutoCreate>
        </Element>
      </XElements>
    </Element>
  </XElements>
  <Info>
    <CreationTime>2013-04-02T17:19:55.3042144+08:00</CreationTime>
    <LastModifiedTime>2013-04-02T17:19:55.3042144+08:00</LastModifiedTime>
    <LastPrintTime>1980-01-01T00:00:00</LastPrintTime>
    <Operator>DCSoft.Writer Version:1.1.1111.29376</Operator>
  </Info>
  <BodyText>
  </BodyText>
  <UserHistories>
    <History>
      <ID />
      <Name />
      <SavedTime>2005-03-24T13:04:47</SavedTime>
    </History>
  </UserHistories>
  <ContentStyles>
    <Default xsi:type="DocumentContentStyle">
      <FontName>宋体</FontName>
    </Default>
    <Styles>
      <Style Index="0">
        <Align>Center</Align>
      </Style>
    </Styles>
  </ContentStyles>
  <MeasureMode>OldCompatibility</MeasureMode>
  <PageSettings>
    <LeftMargin>50</LeftMargin>
    <TopMargin>50</TopMargin>
    <RightMargin>50</RightMargin>
    <BottomMargin>50</BottomMargin>
    <ViewLeftMargin>150</ViewLeftMargin>
    <ViewTopMargin>150</ViewTopMargin>
    <ViewRightMargin>150</ViewRightMargin>
    <ViewBottomMargin>150</ViewBottomMargin>
    <ViewPaperWidth>2481</ViewPaperWidth>
    <ViewPaperHeight>3507</ViewPaperHeight>
  </PageSettings>
</XTextDocument>