﻿<?xml version="1.0" encoding="utf-8"?>
<XTextDocument xmlns:xsi="http://www.w3.org/2001/XMLSchema-instance" xmlns:xsd="http://www.w3.org/2001/XMLSchema" EditorVersionString="1.1.1111.29376">
  <Attributes />
  <XElements>
    <Element xsi:type="XTextBody">
      <Attributes />
      <XElements>
        <Element xsi:type="XString">
          <Text>患者外阴</Text>
        </Element>
        <Element xsi:type="XInputField">
          <ID>kb0000002983</ID>
          <Attributes />
          <XElements>
            <Element xsi:type="XString">
              <Text>瘙痒</Text>
            </Element>
          </XElements>
          <TextValue>瘙痒</TextValue>
          <Name>外阴症状</Name>
          <ValueBinding />
          <InnerValue>瘙痒</InnerValue>
          <BackgroundText>外阴症状</BackgroundText>
          <FieldSettings>
            <EditStyle>DropdownList</EditStyle>
            <ListSource>
              <SourceName>0000002983</SourceName>
              <Items />
            </ListSource>
          </FieldSettings>
        </Element>
        <Element xsi:type="XInputField">
          <ID>kb0000002867</ID>
          <Attributes />
          <XElements>
            <Element xsi:type="XString">
              <Text>日</Text>
            </Element>
          </XElements>
          <TextValue>日</TextValue>
          <Name>时间单位</Name>
          <ValueBinding />
          <InnerValue>日</InnerValue>
          <BackgroundText>时间单位</BackgroundText>
          <FieldSettings>
            <EditStyle>DropdownList</EditStyle>
            <ListSource>
              <SourceName>0000002867</SourceName>
              <Items />
            </ListSource>
          </FieldSettings>
        </Element>
        <Element xsi:type="XString">
          <Text>，</Text>
        </Element>
        <Element xsi:type="XInputField">
          <ID>kb0000002984</ID>
          <Attributes />
          <XElements>
            <Element xsi:type="XString">
              <Text>伴有</Text>
            </Element>
          </XElements>
          <TextValue>伴有</TextValue>
          <Name>外阴瘙痒伴随症状</Name>
          <ValueBinding />
          <InnerValue>伴有</InnerValue>
          <BackgroundText>外阴瘙痒伴随症状</BackgroundText>
          <FieldSettings>
            <EditStyle>DropdownList</EditStyle>
            <ListSource>
              <SourceName>0000002984</SourceName>
              <Items />
            </ListSource>
          </FieldSettings>
        </Element>
        <Element xsi:type="XInputField">
          <ID>kb0000002985</ID>
          <Attributes />
          <XElements>
            <Element xsi:type="XString">
              <Text>白带多、尿痛</Text>
            </Element>
          </XElements>
          <TextValue>白带多、尿痛</TextValue>
          <Name>外阴瘙痒伴随症状描述</Name>
          <ValueBinding />
          <InnerValue>白带多、尿痛</InnerValue>
          <BackgroundText>外阴瘙痒伴随症状描述</BackgroundText>
          <FieldSettings>
            <EditStyle>DropdownList</EditStyle>
            <MultiSelect>true</MultiSelect>
            <ListSource>
              <SourceName>0000002985</SourceName>
              <Items />
            </ListSource>
          </FieldSettings>
        </Element>
        <Element xsi:type="XString">
          <Text>，</Text>
        </Element>
        <Element xsi:type="XInputField">
          <ID>kb0000002986</ID>
          <Attributes />
          <XElements>
            <Element xsi:type="XString">
              <Text>无异味</Text>
            </Element>
          </XElements>
          <TextValue>无异味</TextValue>
          <Name>外阴瘙痒异味</Name>
          <ValueBinding />
          <InnerValue>无异味</InnerValue>
          <BackgroundText>外阴瘙痒异味</BackgroundText>
          <FieldSettings>
            <EditStyle>DropdownList</EditStyle>
            <ListSource>
              <SourceName>0000002986</SourceName>
              <Items />
            </ListSource>
          </FieldSettings>
        </Element>
        <Element xsi:type="XString">
          <Text>，用</Text>
        </Element>
        <Element xsi:type="XInputField">
          <ID>kb0000002988</ID>
          <Attributes />
          <XElements>
            <Element xsi:type="XString">
              <Text>药物洗液</Text>
            </Element>
          </XElements>
          <TextValue>药物洗液</TextValue>
          <Name>外阴瘙痒治疗药物</Name>
          <ValueBinding />
          <InnerValue>药物洗液</InnerValue>
          <BackgroundText>外阴瘙痒治疗药物</BackgroundText>
          <FieldSettings>
            <EditStyle>DropdownList</EditStyle>
            <MultiSelect>true</MultiSelect>
            <ListSource>
              <SourceName>0000002988</SourceName>
              <Items />
            </ListSource>
          </FieldSettings>
        </Element>
        <Element xsi:type="XString">
          <Text>，</Text>
        </Element>
        <Element xsi:type="XInputField">
          <ID>kb0000002989</ID>
          <Attributes />
          <XElements>
            <Element xsi:type="XString">
              <Text>无效</Text>
            </Element>
          </XElements>
          <TextValue>无效</TextValue>
          <Name>外阴瘙痒治疗效果</Name>
          <ValueBinding />
          <InnerValue>无效</InnerValue>
          <BackgroundText>外阴瘙痒治疗效果</BackgroundText>
          <FieldSettings>
            <EditStyle>DropdownList</EditStyle>
            <ListSource>
              <SourceName>0000002989</SourceName>
              <Items />
            </ListSource>
          </FieldSettings>
        </Element>
        <Element xsi:type="XString">
          <Text>。既往</Text>
        </Element>
        <Element xsi:type="XInputField">
          <ID>kb0000002990</ID>
          <Attributes />
          <XElements>
            <Element xsi:type="XString">
              <Text>无</Text>
            </Element>
          </XElements>
          <TextValue>无</TextValue>
          <Name>外阴瘙痒既往病史</Name>
          <ValueBinding />
          <InnerValue>无</InnerValue>
          <BackgroundText>外阴瘙痒既往病史</BackgroundText>
          <FieldSettings>
            <EditStyle>DropdownList</EditStyle>
            <ListSource>
              <SourceName>0000002990</SourceName>
              <Items />
            </ListSource>
          </FieldSettings>
        </Element>
        <Element xsi:type="XInputField">
          <ID>kb0000002991</ID>
          <Attributes />
          <XElements>
            <Element xsi:type="XString">
              <Text>外阴皮肤过敏</Text>
            </Element>
          </XElements>
          <TextValue>外阴皮肤过敏</TextValue>
          <Name>外阴瘙痒既往病史描述</Name>
          <ValueBinding />
          <InnerValue>外阴皮肤过敏</InnerValue>
          <BackgroundText>外阴瘙痒既往病史描述</BackgroundText>
          <FieldSettings>
            <EditStyle>DropdownList</EditStyle>
            <MultiSelect>true</MultiSelect>
            <ListSource>
              <SourceName>0000002991</SourceName>
              <Items />
            </ListSource>
          </FieldSettings>
        </Element>
        <Element xsi:type="XString">
          <Text>病史。</Text>
        </Element>
        <Element xsi:type="XParagraphFlag" />
      </XElements>
      <Sections />
    </Element>
    <Element xsi:type="XTextHeader">
      <Attributes />
      <XElements>
        <Element xsi:type="XParagraphFlag" StyleIndex="0">
          <AutoCreate>true</AutoCreate>
        </Element>
      </XElements>
    </Element>
    <Element xsi:type="XTextFooter">
      <Attributes />
      <XElements>
        <Element xsi:type="XParagraphFlag">
          <AutoCreate>true</AutoCreate>
        </Element>
      </XElements>
    </Element>
  </XElements>
  <ScriptText />
  <Info>
    <CreationTime>2013-04-02T17:19:56.7182953+08:00</CreationTime>
    <LastModifiedTime>2013-04-02T17:19:56.7182953+08:00</LastModifiedTime>
    <LastPrintTime>1980-01-01T00:00:00</LastPrintTime>
    <Operator>DCSoft.Writer Version:1.1.1111.29376</Operator>
  </Info>
  <BodyText>
  </BodyText>
  <UserHistories>
    <History>
      <ID />
      <Name />
      <SavedTime>2005-04-28T14:28:27</SavedTime>
    </History>
  </UserHistories>
  <ContentStyles>
    <Default xsi:type="DocumentContentStyle">
      <FontName>宋体</FontName>
    </Default>
    <Styles>
      <Style Index="0">
        <Align>Center</Align>
      </Style>
    </Styles>
  </ContentStyles>
  <MeasureMode>OldCompatibility</MeasureMode>
  <PageSettings>
    <LeftMargin>50</LeftMargin>
    <TopMargin>50</TopMargin>
    <RightMargin>50</RightMargin>
    <BottomMargin>50</BottomMargin>
    <ViewLeftMargin>150</ViewLeftMargin>
    <ViewTopMargin>150</ViewTopMargin>
    <ViewRightMargin>150</ViewRightMargin>
    <ViewBottomMargin>150</ViewBottomMargin>
    <ViewPaperWidth>2481</ViewPaperWidth>
    <ViewPaperHeight>3507</ViewPaperHeight>
  </PageSettings>
</XTextDocument>