﻿<?xml version="1.0" encoding="utf-8"?>
<XTextDocument xmlns:xsi="http://www.w3.org/2001/XMLSchema-instance" xmlns:xsd="http://www.w3.org/2001/XMLSchema" EditorVersionString="1.1.1111.29376">
  <Attributes />
  <XElements>
    <Element xsi:type="XTextBody">
      <Attributes />
      <XElements>
        <Element xsi:type="XParagraphFlag" />
        <Element xsi:type="XString">
          <Text>主诉：</Text>
        </Element>
        <Element xsi:type="XInputField">
          <ID>MainTell</ID>
          <Attributes />
          <XElements>
            <Element xsi:type="XParagraphFlag" />
          </XElements>
          <TextValue>
          </TextValue>
          <Name>主诉：</Name>
          <InnerValue>
          </InnerValue>
          <EnableHighlight>Disabled</EnableHighlight>
        </Element>
        <Element xsi:type="XParagraphFlag" />
        <Element xsi:type="XString">
          <Text>病史：</Text>
        </Element>
        <Element xsi:type="XInputField">
          <ID>SickHistory</ID>
          <Attributes />
          <XElements>
            <Element xsi:type="XParagraphFlag" />
            <Element xsi:type="XString">
              <Text>现病史：</Text>
            </Element>
            <Element xsi:type="XInputField">
              <ID>FaultHis_blood</ID>
              <Attributes />
              <XElements>
                <Element xsi:type="XParagraphFlag" />
                <Element xsi:type="XParagraphFlag" />
              </XElements>
              <TextValue>
              </TextValue>
              <Name>现病史：</Name>
              <InnerValue>
              </InnerValue>
              <EnableHighlight>Disabled</EnableHighlight>
            </Element>
            <Element xsi:type="XParagraphFlag" />
            <Element xsi:type="XString">
              <Text>过去史：</Text>
            </Element>
            <Element xsi:type="XInputField">
              <ID>elapseMHis</ID>
              <Attributes />
              <XElements>
                <Element xsi:type="XParagraphFlag" />
                <Element xsi:type="XParagraphFlag" />
              </XElements>
              <TextValue>
              </TextValue>
              <Name>过去史：</Name>
              <InnerValue>
              </InnerValue>
              <EnableHighlight>Disabled</EnableHighlight>
            </Element>
            <Element xsi:type="XParagraphFlag" />
            <Element xsi:type="XString">
              <Text>个人史：</Text>
            </Element>
            <Element xsi:type="XInputField">
              <ID>individualMHis</ID>
              <Attributes />
              <XElements>
                <Element xsi:type="XParagraphFlag" />
                <Element xsi:type="XParagraphFlag" />
              </XElements>
              <TextValue>
              </TextValue>
              <Name>个人史：</Name>
              <InnerValue>
              </InnerValue>
              <EnableHighlight>Disabled</EnableHighlight>
            </Element>
            <Element xsi:type="XParagraphFlag" />
            <Element xsi:type="XString">
              <Text>家族史：</Text>
            </Element>
            <Element xsi:type="XInputField">
              <ID>FamilyHistory</ID>
              <Attributes />
              <XElements>
                <Element xsi:type="XParagraphFlag" />
                <Element xsi:type="XParagraphFlag" />
              </XElements>
              <TextValue>
              </TextValue>
              <Name>家族史：</Name>
              <InnerValue>
              </InnerValue>
              <EnableHighlight>Disabled</EnableHighlight>
            </Element>
            <Element xsi:type="XParagraphFlag" />
          </XElements>
          <TextValue>
现病史：


过去史：


个人史：


家族史：


</TextValue>
          <Name>病史：</Name>
          <InnerValue>
现病史：


过去史：


个人史：


家族史：


</InnerValue>
          <EnableHighlight>Disabled</EnableHighlight>
        </Element>
        <Element xsi:type="XParagraphFlag" />
        <Element xsi:type="XString">
          <Text>体格检查：</Text>
        </Element>
        <Element xsi:type="XInputField">
          <ID>BodyCheck</ID>
          <Attributes />
          <XElements>
            <Element xsi:type="XParagraphFlag" />
            <Element xsi:type="XParagraphFlag" />
          </XElements>
          <TextValue>
          </TextValue>
          <Name>体格检查：</Name>
          <InnerValue>
          </InnerValue>
          <EnableHighlight>Disabled</EnableHighlight>
        </Element>
        <Element xsi:type="XParagraphFlag" />
        <Element xsi:type="XString">
          <Text>辅助检查：</Text>
        </Element>
        <Element xsi:type="XInputField">
          <ID>AssistanteCheck</ID>
          <Attributes />
          <XElements>
            <Element xsi:type="XParagraphFlag" />
            <Element xsi:type="XParagraphFlag" />
          </XElements>
          <TextValue>
          </TextValue>
          <Name>辅助检查：</Name>
          <InnerValue>
          </InnerValue>
          <EnableHighlight>Disabled</EnableHighlight>
        </Element>
        <Element xsi:type="XParagraphFlag" />
      </XElements>
      <Sections />
    </Element>
    <Element xsi:type="XTextHeader">
      <Attributes />
      <XElements>
        <Element xsi:type="XParagraphFlag" StyleIndex="0">
          <AutoCreate>true</AutoCreate>
        </Element>
      </XElements>
    </Element>
    <Element xsi:type="XTextFooter">
      <Attributes />
      <XElements>
        <Element xsi:type="XParagraphFlag">
          <AutoCreate>true</AutoCreate>
        </Element>
      </XElements>
    </Element>
  </XElements>
  <Info>
    <CreationTime>2013-04-02T17:19:54.2271528+08:00</CreationTime>
    <LastModifiedTime>2013-04-02T17:19:54.2271528+08:00</LastModifiedTime>
    <LastPrintTime>1980-01-01T00:00:00</LastPrintTime>
    <Operator>DCSoft.Writer Version:1.1.1111.29376</Operator>
  </Info>
  <BodyText>
  </BodyText>
  <UserHistories>
    <History>
      <ID />
      <Name />
      <SavedTime>2005-01-07T18:04:01</SavedTime>
    </History>
    <History>
      <ID />
      <Name />
      <SavedTime>2005-01-07T18:11:02</SavedTime>
    </History>
  </UserHistories>
  <ContentStyles>
    <Default xsi:type="DocumentContentStyle">
      <FontName>宋体</FontName>
    </Default>
    <Styles>
      <Style Index="0">
        <Align>Center</Align>
      </Style>
    </Styles>
  </ContentStyles>
  <MeasureMode>OldCompatibility</MeasureMode>
  <PageSettings>
    <LeftMargin>50</LeftMargin>
    <TopMargin>50</TopMargin>
    <RightMargin>50</RightMargin>
    <BottomMargin>50</BottomMargin>
    <ViewLeftMargin>150</ViewLeftMargin>
    <ViewTopMargin>150</ViewTopMargin>
    <ViewRightMargin>150</ViewRightMargin>
    <ViewBottomMargin>150</ViewBottomMargin>
    <ViewPaperWidth>2481</ViewPaperWidth>
    <ViewPaperHeight>3507</ViewPaperHeight>
  </PageSettings>
</XTextDocument>