﻿<?xml version="1.0" encoding="utf-8"?>
<XTextDocument xmlns:xsi="http://www.w3.org/2001/XMLSchema-instance" xmlns:xsd="http://www.w3.org/2001/XMLSchema" EditorVersionString="1.1.1111.29376">
  <Attributes />
  <XElements>
    <Element xsi:type="XTextBody">
      <Attributes />
      <XElements>
        <Element xsi:type="XInputField">
          <ID>MainTell</ID>
          <Attributes />
          <XElements>
            <Element xsi:type="XString" StyleIndex="1">
              <Text>主诉</Text>
            </Element>
            <Element xsi:type="XString">
              <Text>: 药品:</Text>
            </Element>
            <Element xsi:type="XInputField">
              <ID>kb0000000075</ID>
              <Attributes />
              <XElements>
                <Element xsi:type="XString">
                  <Text>消炎药</Text>
                </Element>
              </XElements>
              <TextValue>消炎药</TextValue>
              <Name>药品类别</Name>
              <ValueBinding />
              <InnerValue>消炎药</InnerValue>
              <BackgroundText>药品类别</BackgroundText>
              <FieldSettings>
                <EditStyle>DropdownList</EditStyle>
                <ListSource>
                  <SourceName>0000000075</SourceName>
                  <Items />
                </ListSource>
              </FieldSettings>
            </Element>
            <Element xsi:type="XString">
              <Text> 诊断:</Text>
            </Element>
            <Element xsi:type="XInputField">
              <ID>kb0000000002</ID>
              <Attributes />
              <XElements>
                <Element xsi:type="XString">
                  <Text>肾病综合征型</Text>
                </Element>
              </XElements>
              <TextValue>肾病综合征型</TextValue>
              <Name>诊断列表</Name>
              <ValueBinding />
              <InnerValue>肾病综合征型</InnerValue>
              <BackgroundText>诊断列表</BackgroundText>
              <FieldSettings>
                <EditStyle>DropdownList</EditStyle>
                <ListSource>
                  <SourceName>0000000002</SourceName>
                  <Items />
                </ListSource>
              </FieldSettings>
            </Element>
            <Element xsi:type="XParagraphFlag" />
          </XElements>
          <TextValue>主诉: 药品:消炎药 诊断:肾病综合征型
</TextValue>
          <InnerValue>主诉: 药品:消炎药 诊断:肾病综合征型
</InnerValue>
          <EnableHighlight>Disabled</EnableHighlight>
        </Element>
        <Element xsi:type="XInputField">
          <ID>History</ID>
          <Attributes />
          <XElements>
            <Element xsi:type="XString" StyleIndex="1">
              <Text>病史</Text>
            </Element>
            <Element xsi:type="XString">
              <Text>：患者自今年3月初开始发现面部浮肿伴午后双下肢浮肿，劳累时加重，并感腰膝酸软，体重增加，纳差、恶心，无厌油及右季肋部疼痛。尿少色深，无肉眼血尿及尿频、尿急、尿痛。在当地医院查血肌酐:</Text>
            </Element>
            <Element xsi:type="XInputField">
              <ID>kb0000000000</ID>
              <Attributes />
              <XElements>
                <Element xsi:type="XString">
                  <Text>220ummol/L</Text>
                </Element>
              </XElements>
              <TextValue>220ummol/L</TextValue>
              <Name>血肌酐</Name>
              <InnerValue>220ummol/L</InnerValue>
              <BackgroundText>血肌酐</BackgroundText>
            </Element>
            <Element xsi:type="XString">
              <Text>，诊断为“</Text>
            </Element>
            <Element xsi:type="XInputField">
              <ID>kb0000000002</ID>
              <Attributes />
              <XElements>
                <Element xsi:type="XString">
                  <Text>急性肾炎综合征</Text>
                </Element>
              </XElements>
              <TextValue>急性肾炎综合征</TextValue>
              <Name>诊断列表</Name>
              <ValueBinding />
              <InnerValue>急性肾炎综合征</InnerValue>
              <BackgroundText>诊断列表</BackgroundText>
              <FieldSettings>
                <EditStyle>DropdownList</EditStyle>
                <ListSource>
                  <SourceName>0000000002</SourceName>
                  <Items />
                </ListSource>
              </FieldSettings>
            </Element>
            <Element xsi:type="XString">
              <Text>”，给予中药保肾治疗，间断服用</Text>
            </Element>
            <Element xsi:type="XInputField">
              <ID>kb0000000004</ID>
              <Attributes />
              <XElements>
                <Element xsi:type="XString">
                  <Text>花旗参片,藿蓉补肾颗粒剂,滑石粉</Text>
                </Element>
              </XElements>
              <TextValue>花旗参片,藿蓉补肾颗粒剂,滑石粉</TextValue>
              <Name>药品列表</Name>
              <ValueBinding />
              <InnerValue>花旗参片,藿蓉补肾颗粒剂,滑石粉</InnerValue>
              <BackgroundText>药品列表</BackgroundText>
              <FieldSettings>
                <EditStyle>DropdownList</EditStyle>
                <MultiSelect>true</MultiSelect>
                <ListSource>
                  <SourceName>0000000004</SourceName>
                  <Items />
                </ListSource>
              </FieldSettings>
            </Element>
            <Element xsi:type="XString">
              <Text>氢氯噻嗪、螺内酯，效果不明显，浮肿逐渐加重。发病一月来无发热、咽痛或关节肿痛。平素体质一般，无特殊病史。</Text>
            </Element>
            <Element xsi:type="XParagraphFlag" />
          </XElements>
          <TextValue>病史：患者自今年3月初开始发现面部浮肿伴午后双下肢浮肿，劳累时加重，并感腰膝酸软，体重增加，纳差、恶心，无厌油及右季肋部疼痛。尿少色深，无肉眼血尿及尿频、尿急、尿痛。在当地医院查血肌酐:220ummol/L，诊断为“急性肾炎综合征”，给予中药保肾治疗，间断服用花旗参片,藿蓉补肾颗粒剂,滑石粉氢氯噻嗪、螺内酯，效果不明显，浮肿逐渐加重。发病一月来无发热、咽痛或关节肿痛。平素体质一般，无特殊病史。
</TextValue>
          <InnerValue>病史：患者自今年3月初开始发现面部浮肿伴午后双下肢浮肿，劳累时加重，并感腰膝酸软，体重增加，纳差、恶心，无厌油及右季肋部疼痛。尿少色深，无肉眼血尿及尿频、尿急、尿痛。在当地医院查血肌酐:220ummol/L，诊断为“急性肾炎综合征”，给予中药保肾治疗，间断服用花旗参片,藿蓉补肾颗粒剂,滑石粉氢氯噻嗪、螺内酯，效果不明显，浮肿逐渐加重。发病一月来无发热、咽痛或关节肿痛。平素体质一般，无特殊病史。
</InnerValue>
          <EnableHighlight>Disabled</EnableHighlight>
        </Element>
        <Element xsi:type="XParagraphFlag" />
      </XElements>
      <Sections />
    </Element>
    <Element xsi:type="XTextHeader">
      <Attributes />
      <XElements>
        <Element xsi:type="XParagraphFlag" StyleIndex="0">
          <AutoCreate>true</AutoCreate>
        </Element>
      </XElements>
    </Element>
    <Element xsi:type="XTextFooter">
      <Attributes />
      <XElements>
        <Element xsi:type="XParagraphFlag">
          <AutoCreate>true</AutoCreate>
        </Element>
      </XElements>
    </Element>
  </XElements>
  <Info>
    <CreationTime>2013-04-02T17:19:52.7000655+08:00</CreationTime>
    <LastModifiedTime>2013-04-02T17:19:52.7000655+08:00</LastModifiedTime>
    <LastPrintTime>1980-01-01T00:00:00</LastPrintTime>
    <Operator>DCSoft.Writer Version:1.1.1111.29376</Operator>
  </Info>
  <BodyText>
  </BodyText>
  <UserHistories />
  <ContentStyles>
    <Default xsi:type="DocumentContentStyle">
      <FontName>宋体</FontName>
    </Default>
    <Styles>
      <Style Index="0">
        <Align>Center</Align>
      </Style>
      <Style Index="1">
        <Bold>true</Bold>
      </Style>
    </Styles>
  </ContentStyles>
  <MeasureMode>OldCompatibility</MeasureMode>
  <PageSettings>
    <LeftMargin>50</LeftMargin>
    <TopMargin>50</TopMargin>
    <RightMargin>50</RightMargin>
    <BottomMargin>50</BottomMargin>
    <ViewLeftMargin>150</ViewLeftMargin>
    <ViewTopMargin>150</ViewTopMargin>
    <ViewRightMargin>150</ViewRightMargin>
    <ViewBottomMargin>150</ViewBottomMargin>
    <ViewPaperWidth>2481</ViewPaperWidth>
    <ViewPaperHeight>3507</ViewPaperHeight>
  </PageSettings>
</XTextDocument>