﻿<?xml version="1.0" encoding="utf-8"?>
<XTextDocument xmlns:xsi="http://www.w3.org/2001/XMLSchema-instance" xmlns:xsd="http://www.w3.org/2001/XMLSchema" EditorVersionString="1.1.1111.29376">
  <Attributes />
  <XElements>
    <Element xsi:type="XTextBody">
      <Attributes />
      <XElements>
        <Element xsi:type="XString">
          <Text>患者   </Text>
        </Element>
        <Element xsi:type="XInputField">
          <ID>kb0000000998</ID>
          <Attributes />
          <XElements>
            <Element xsi:type="XString">
              <Text>月</Text>
            </Element>
          </XElements>
          <TextValue>月</TextValue>
          <Name>时间单位</Name>
          <ValueBinding />
          <InnerValue>月</InnerValue>
          <BackgroundText>时间单位</BackgroundText>
          <FieldSettings>
            <EditStyle>DropdownList</EditStyle>
            <ListSource>
              <SourceName>0000000998</SourceName>
              <Items />
            </ListSource>
          </FieldSettings>
        </Element>
        <Element xsi:type="XString">
          <Text>前发现声音嘶哑，呈</Text>
        </Element>
        <Element xsi:type="XInputField">
          <ID>kb0000002680</ID>
          <Attributes />
          <XElements>
            <Element xsi:type="XString">
              <Text>间歇性</Text>
            </Element>
          </XElements>
          <TextValue>间歇性</TextValue>
          <Name>声嘶性质</Name>
          <ValueBinding />
          <InnerValue>间歇性</InnerValue>
          <BackgroundText>声嘶性质</BackgroundText>
          <FieldSettings>
            <EditStyle>DropdownList</EditStyle>
            <ListSource>
              <SourceName>0000002680</SourceName>
              <Items />
            </ListSource>
          </FieldSettings>
        </Element>
        <Element xsi:type="XString">
          <Text>发作，</Text>
        </Element>
        <Element xsi:type="XInputField">
          <ID>kb0000002664</ID>
          <Attributes />
          <XElements>
            <Element xsi:type="XString">
              <Text>无</Text>
            </Element>
          </XElements>
          <TextValue>无</TextValue>
          <Name>咳嗽</Name>
          <ValueBinding />
          <InnerValue>无</InnerValue>
          <BackgroundText>咳嗽</BackgroundText>
          <FieldSettings>
            <EditStyle>DropdownList</EditStyle>
            <ListSource>
              <SourceName>0000002664</SourceName>
              <Items />
            </ListSource>
          </FieldSettings>
        </Element>
        <Element xsi:type="XString">
          <Text>咳嗽、</Text>
        </Element>
        <Element xsi:type="XInputField">
          <ID>kb0000002683</ID>
          <Attributes />
          <XElements>
            <Element xsi:type="XString">
              <Text>无</Text>
            </Element>
          </XElements>
          <TextValue>无</TextValue>
          <Name>咽干</Name>
          <ValueBinding />
          <InnerValue>无</InnerValue>
          <BackgroundText>咽干</BackgroundText>
          <FieldSettings>
            <EditStyle>DropdownList</EditStyle>
            <ListSource>
              <SourceName>0000002683</SourceName>
              <Items />
            </ListSource>
          </FieldSettings>
        </Element>
        <Element xsi:type="XString">
          <Text>咽干、</Text>
        </Element>
        <Element xsi:type="XInputField">
          <ID>kb0000002684</ID>
          <Attributes />
          <XElements>
            <Element xsi:type="XString">
              <Text>无</Text>
            </Element>
          </XElements>
          <TextValue>无</TextValue>
          <Name>咽痛</Name>
          <ValueBinding />
          <InnerValue>无</InnerValue>
          <BackgroundText>咽痛</BackgroundText>
          <FieldSettings>
            <EditStyle>DropdownList</EditStyle>
            <ListSource>
              <SourceName>0000002684</SourceName>
              <Items />
            </ListSource>
          </FieldSettings>
        </Element>
        <Element xsi:type="XString">
          <Text>咽痛、</Text>
        </Element>
        <Element xsi:type="XInputField">
          <ID>kb0000002685</ID>
          <Attributes />
          <XElements>
            <Element xsi:type="XString">
              <Text>无</Text>
            </Element>
          </XElements>
          <TextValue>无</TextValue>
          <Name>呼吸困难</Name>
          <ValueBinding />
          <InnerValue>无</InnerValue>
          <BackgroundText>呼吸困难</BackgroundText>
          <FieldSettings>
            <EditStyle>DropdownList</EditStyle>
            <ListSource>
              <SourceName>0000002685</SourceName>
              <Items />
            </ListSource>
          </FieldSettings>
        </Element>
        <Element xsi:type="XString">
          <Text>呼吸困难、</Text>
        </Element>
        <Element xsi:type="XInputField">
          <ID>kb0000002686</ID>
          <Attributes />
          <XElements>
            <Element xsi:type="XString">
              <Text>无</Text>
            </Element>
          </XElements>
          <TextValue>无</TextValue>
          <Name>痰中带血</Name>
          <ValueBinding />
          <InnerValue>无</InnerValue>
          <BackgroundText>痰中带血</BackgroundText>
          <FieldSettings>
            <EditStyle>DropdownList</EditStyle>
            <ListSource>
              <SourceName>0000002686</SourceName>
              <Items />
            </ListSource>
          </FieldSettings>
        </Element>
        <Element xsi:type="XString">
          <Text>痰中带血、</Text>
        </Element>
        <Element xsi:type="XInputField">
          <ID>kb0000002687</ID>
          <Attributes />
          <XElements>
            <Element xsi:type="XString">
              <Text>无</Text>
            </Element>
          </XElements>
          <TextValue>无</TextValue>
          <Name>胸痛</Name>
          <ValueBinding />
          <InnerValue>无</InnerValue>
          <BackgroundText>胸痛</BackgroundText>
          <FieldSettings>
            <EditStyle>DropdownList</EditStyle>
            <ListSource>
              <SourceName>0000002687</SourceName>
              <Items />
            </ListSource>
          </FieldSettings>
        </Element>
        <Element xsi:type="XString">
          <Text>胸痛，平时</Text>
        </Element>
        <Element xsi:type="XInputField">
          <ID>kb0000002688</ID>
          <Attributes />
          <XElements>
            <Element xsi:type="XString">
              <Text>有</Text>
            </Element>
          </XElements>
          <TextValue>有</TextValue>
          <Name>大声讲话史</Name>
          <ValueBinding />
          <InnerValue>有</InnerValue>
          <BackgroundText>大声讲话史</BackgroundText>
          <FieldSettings>
            <EditStyle>DropdownList</EditStyle>
            <ListSource>
              <SourceName>0000002688</SourceName>
              <Items />
            </ListSource>
          </FieldSettings>
        </Element>
        <Element xsi:type="XString">
          <Text>大声讲话史。在外院曾诊断为</Text>
        </Element>
        <Element xsi:type="XInputField">
          <ID>kb0000002689</ID>
          <Attributes />
          <XElements>
            <Element xsi:type="XString">
              <Text>慢性喉炎</Text>
            </Element>
          </XElements>
          <TextValue>慢性喉炎</TextValue>
          <Name>外院诊断</Name>
          <ValueBinding />
          <InnerValue>慢性喉炎</InnerValue>
          <BackgroundText>外院诊断</BackgroundText>
          <FieldSettings>
            <EditStyle>DropdownList</EditStyle>
            <ListSource>
              <SourceName>0000002689</SourceName>
              <Items />
            </ListSource>
          </FieldSettings>
        </Element>
        <Element xsi:type="XString">
          <Text>，曾经给予</Text>
        </Element>
        <Element xsi:type="XInputField">
          <ID>kb0000002690</ID>
          <Attributes />
          <XElements>
            <Element xsi:type="XString">
              <Text>黄氏响声丸、润喉片、雾化吸入</Text>
            </Element>
          </XElements>
          <TextValue>黄氏响声丸、润喉片、雾化吸入</TextValue>
          <Name>声带小结外院治疗方式</Name>
          <ValueBinding />
          <InnerValue>黄氏响声丸、润喉片、雾化吸入</InnerValue>
          <BackgroundText>声带小结外院治疗方式</BackgroundText>
          <FieldSettings>
            <EditStyle>DropdownList</EditStyle>
            <MultiSelect>true</MultiSelect>
            <ListSource>
              <SourceName>0000002690</SourceName>
              <Items />
            </ListSource>
          </FieldSettings>
        </Element>
        <Element xsi:type="XString">
          <Text>等治疗，</Text>
        </Element>
        <Element xsi:type="XInputField">
          <ID>kb0000002691</ID>
          <Attributes />
          <XElements>
            <Element xsi:type="XString">
              <Text>症状缓解</Text>
            </Element>
          </XElements>
          <TextValue>症状缓解</TextValue>
          <Name>声带小结外院治疗后效果</Name>
          <ValueBinding />
          <InnerValue>症状缓解</InnerValue>
          <BackgroundText>声带小结外院治疗后效果</BackgroundText>
          <FieldSettings>
            <EditStyle>DropdownList</EditStyle>
            <ListSource>
              <SourceName>0000002691</SourceName>
              <Items />
            </ListSource>
          </FieldSettings>
        </Element>
        <Element xsi:type="XString">
          <Text>。近  </Text>
        </Element>
        <Element xsi:type="XInputField">
          <ID>kb0000000998</ID>
          <Attributes />
          <XElements>
            <Element xsi:type="XString">
              <Text>日</Text>
            </Element>
          </XElements>
          <TextValue>日</TextValue>
          <Name>时间单位</Name>
          <ValueBinding />
          <InnerValue>日</InnerValue>
          <BackgroundText>时间单位</BackgroundText>
          <FieldSettings>
            <EditStyle>DropdownList</EditStyle>
            <ListSource>
              <SourceName>0000000998</SourceName>
              <Items />
            </ListSource>
          </FieldSettings>
        </Element>
        <Element xsi:type="XString">
          <Text>来，症状明显加重。既往有</Text>
        </Element>
        <Element xsi:type="XInputField">
          <ID>kb0000002692</ID>
          <Attributes />
          <XElements>
            <Element xsi:type="XString">
              <Text>慢性喉炎</Text>
            </Element>
          </XElements>
          <TextValue>慢性喉炎</TextValue>
          <Name>声带小结既往病史</Name>
          <ValueBinding />
          <InnerValue>慢性喉炎</InnerValue>
          <BackgroundText>声带小结既往病史</BackgroundText>
          <FieldSettings>
            <EditStyle>DropdownList</EditStyle>
            <MultiSelect>true</MultiSelect>
            <ListSource>
              <SourceName>0000002692</SourceName>
              <Items />
            </ListSource>
          </FieldSettings>
        </Element>
        <Element xsi:type="XString">
          <Text>病史。</Text>
        </Element>
        <Element xsi:type="XParagraphFlag" />
      </XElements>
      <Sections />
    </Element>
    <Element xsi:type="XTextHeader">
      <Attributes />
      <XElements>
        <Element xsi:type="XParagraphFlag" StyleIndex="0">
          <AutoCreate>true</AutoCreate>
        </Element>
      </XElements>
    </Element>
    <Element xsi:type="XTextFooter">
      <Attributes />
      <XElements>
        <Element xsi:type="XParagraphFlag">
          <AutoCreate>true</AutoCreate>
        </Element>
      </XElements>
    </Element>
  </XElements>
  <ScriptText />
  <Info>
    <CreationTime>2013-04-02T17:19:56.0992599+08:00</CreationTime>
    <LastModifiedTime>2013-04-02T17:19:56.0992599+08:00</LastModifiedTime>
    <LastPrintTime>1980-01-01T00:00:00</LastPrintTime>
    <Operator>DCSoft.Writer Version:1.1.1111.29376</Operator>
  </Info>
  <BodyText>
  </BodyText>
  <UserHistories>
    <History>
      <ID />
      <Name />
      <SavedTime>2005-04-22T10:42:05</SavedTime>
    </History>
  </UserHistories>
  <ContentStyles>
    <Default xsi:type="DocumentContentStyle">
      <FontName>宋体</FontName>
    </Default>
    <Styles>
      <Style Index="0">
        <Align>Center</Align>
      </Style>
    </Styles>
  </ContentStyles>
  <MeasureMode>OldCompatibility</MeasureMode>
  <PageSettings>
    <LeftMargin>50</LeftMargin>
    <TopMargin>50</TopMargin>
    <RightMargin>50</RightMargin>
    <BottomMargin>50</BottomMargin>
    <ViewLeftMargin>150</ViewLeftMargin>
    <ViewTopMargin>150</ViewTopMargin>
    <ViewRightMargin>150</ViewRightMargin>
    <ViewBottomMargin>150</ViewBottomMargin>
    <ViewPaperWidth>2481</ViewPaperWidth>
    <ViewPaperHeight>3507</ViewPaperHeight>
  </PageSettings>
</XTextDocument>