﻿<?xml version="1.0" encoding="utf-8"?>
<XTextDocument xmlns:xsi="http://www.w3.org/2001/XMLSchema-instance" xmlns:xsd="http://www.w3.org/2001/XMLSchema" EditorVersionString="1.1.1111.29376">
  <Attributes />
  <XElements>
    <Element xsi:type="XTextBody">
      <Attributes />
      <XElements>
        <Element xsi:type="XInputField">
          <ID>kb0000002332</ID>
          <Attributes />
          <XElements>
            <Element xsi:type="XString">
              <Text>胸痛</Text>
            </Element>
          </XElements>
          <TextValue>胸痛</TextValue>
          <Name>胸部症状</Name>
          <ValueBinding />
          <InnerValue>胸痛</InnerValue>
          <BackgroundText>胸部症状</BackgroundText>
          <FieldSettings>
            <EditStyle>DropdownList</EditStyle>
            <MultiSelect>true</MultiSelect>
            <ListSource>
              <SourceName>0000002332</SourceName>
              <Items />
            </ListSource>
          </FieldSettings>
        </Element>
        <Element xsi:type="XString">
          <Text>发生于</Text>
        </Element>
        <Element xsi:type="XInputField">
          <ID>kb0000002334</ID>
          <Attributes />
          <XElements>
            <Element xsi:type="XString">
              <Text>劳力</Text>
            </Element>
          </XElements>
          <TextValue>劳力</TextValue>
          <Name>发生诱因</Name>
          <ValueBinding />
          <InnerValue>劳力</InnerValue>
          <BackgroundText>发生诱因</BackgroundText>
          <FieldSettings>
            <EditStyle>DropdownList</EditStyle>
            <MultiSelect>true</MultiSelect>
            <ListSource>
              <SourceName>0000002334</SourceName>
              <Items />
            </ListSource>
          </FieldSettings>
        </Element>
        <Element xsi:type="XString">
          <Text>时，位于</Text>
        </Element>
        <Element xsi:type="XInputField">
          <ID>kb0000002337</ID>
          <Attributes />
          <XElements>
            <Element xsi:type="XString">
              <Text>胸骨后</Text>
            </Element>
          </XElements>
          <TextValue>胸骨后</TextValue>
          <Name>胸痛部位</Name>
          <ValueBinding />
          <InnerValue>胸骨后</InnerValue>
          <BackgroundText>胸痛部位</BackgroundText>
          <FieldSettings>
            <EditStyle>DropdownList</EditStyle>
            <MultiSelect>true</MultiSelect>
            <ListSource>
              <SourceName>0000002337</SourceName>
              <Items />
            </ListSource>
          </FieldSettings>
        </Element>
        <Element xsi:type="XString">
          <Text>，</Text>
        </Element>
        <Element xsi:type="XString" StyleIndex="1">
          <Text>范围约</Text>
        </Element>
        <Element xsi:type="XInputField" StyleIndex="1">
          <ID>kb0000002506</ID>
          <Attributes />
          <XElements>
            <Element xsi:type="XString">
              <Text>手掌大小</Text>
            </Element>
          </XElements>
          <TextValue>手掌大小</TextValue>
          <Name>胸痛范围</Name>
          <ValueBinding />
          <InnerValue>手掌大小</InnerValue>
          <BackgroundText>胸痛范围</BackgroundText>
          <FieldSettings>
            <EditStyle>DropdownList</EditStyle>
            <ListSource>
              <SourceName>0000002506</SourceName>
              <Items />
            </ListSource>
          </FieldSettings>
        </Element>
        <Element xsi:type="XString" StyleIndex="1">
          <Text>，</Text>
        </Element>
        <Element xsi:type="XString">
          <Text>呈</Text>
        </Element>
        <Element xsi:type="XInputField">
          <ID>kb0000002338</ID>
          <Attributes />
          <XElements>
            <Element xsi:type="XString">
              <Text>压榨样</Text>
            </Element>
          </XElements>
          <TextValue>压榨样</TextValue>
          <Name>胸痛性质</Name>
          <ValueBinding />
          <InnerValue>压榨样</InnerValue>
          <BackgroundText>胸痛性质</BackgroundText>
          <FieldSettings>
            <EditStyle>DropdownList</EditStyle>
            <MultiSelect>true</MultiSelect>
            <ListSource>
              <SourceName>0000002338</SourceName>
              <Items />
            </ListSource>
          </FieldSettings>
        </Element>
        <Element xsi:type="XString">
          <Text>，向</Text>
        </Element>
        <Element xsi:type="XInputField">
          <ID>kb0000002339</ID>
          <Attributes />
          <XElements>
            <Element xsi:type="XString">
              <Text>左肩</Text>
            </Element>
          </XElements>
          <TextValue>左肩</TextValue>
          <Name>胸痛放射部位</Name>
          <ValueBinding />
          <InnerValue>左肩</InnerValue>
          <BackgroundText>胸痛放射部位</BackgroundText>
          <FieldSettings>
            <EditStyle>DropdownList</EditStyle>
            <MultiSelect>true</MultiSelect>
            <ListSource>
              <SourceName>0000002339</SourceName>
              <Items />
            </ListSource>
          </FieldSettings>
        </Element>
        <Element xsi:type="XString">
          <Text>放射，持续</Text>
        </Element>
        <Element xsi:type="XInputField">
          <ID>kb0000002347</ID>
          <Attributes />
          <XElements>
            <Element xsi:type="XString">
              <Text>分钟</Text>
            </Element>
          </XElements>
          <TextValue>分钟</TextValue>
          <Name>时间单位</Name>
          <ValueBinding />
          <InnerValue>分钟</InnerValue>
          <BackgroundText>时间单位</BackgroundText>
          <FieldSettings>
            <EditStyle>DropdownList</EditStyle>
            <ListSource>
              <SourceName>0000002347</SourceName>
              <Items />
            </ListSource>
          </FieldSettings>
        </Element>
        <Element xsi:type="XString">
          <Text>，休息或含服</Text>
        </Element>
        <Element xsi:type="XInputField">
          <ID>kb0000002342</ID>
          <Attributes />
          <XElements>
            <Element xsi:type="XString">
              <Text>硝酸甘油</Text>
            </Element>
          </XElements>
          <TextValue>硝酸甘油</TextValue>
          <Name>缓解药物</Name>
          <ValueBinding />
          <InnerValue>硝酸甘油</InnerValue>
          <BackgroundText>缓解药物</BackgroundText>
          <FieldSettings>
            <EditStyle>DropdownList</EditStyle>
            <MultiSelect>true</MultiSelect>
            <ListSource>
              <SourceName>0000002342</SourceName>
              <Items />
            </ListSource>
          </FieldSettings>
        </Element>
        <Element xsi:type="XString">
          <Text>后</Text>
        </Element>
        <Element xsi:type="XInputField">
          <ID>kb0000002347</ID>
          <Attributes />
          <XElements>
            <Element xsi:type="XString">
              <Text>分钟</Text>
            </Element>
          </XElements>
          <TextValue>分钟</TextValue>
          <Name>时间单位</Name>
          <ValueBinding />
          <InnerValue>分钟</InnerValue>
          <BackgroundText>时间单位</BackgroundText>
          <FieldSettings>
            <EditStyle>DropdownList</EditStyle>
            <ListSource>
              <SourceName>0000002347</SourceName>
              <Items />
            </ListSource>
          </FieldSettings>
        </Element>
        <Element xsi:type="XInputField">
          <ID>kb0000002344</ID>
          <Attributes />
          <XElements>
            <Element xsi:type="XString">
              <Text>能缓解</Text>
            </Element>
          </XElements>
          <TextValue>能缓解</TextValue>
          <Name>缓解</Name>
          <ValueBinding />
          <InnerValue>能缓解</InnerValue>
          <BackgroundText>缓解</BackgroundText>
          <FieldSettings>
            <EditStyle>DropdownList</EditStyle>
            <ListSource>
              <SourceName>0000002344</SourceName>
              <Items />
            </ListSource>
          </FieldSettings>
        </Element>
        <Element xsi:type="XString">
          <Text>，伴</Text>
        </Element>
        <Element xsi:type="XInputField">
          <ID>kb0000002345</ID>
          <Attributes />
          <XElements>
            <Element xsi:type="XString">
              <Text>出汗</Text>
            </Element>
          </XElements>
          <TextValue>出汗</TextValue>
          <Name>伴随症状</Name>
          <ValueBinding />
          <InnerValue>出汗</InnerValue>
          <BackgroundText>伴随症状</BackgroundText>
          <FieldSettings>
            <EditStyle>DropdownList</EditStyle>
            <MultiSelect>true</MultiSelect>
            <ListSource>
              <SourceName>0000002345</SourceName>
              <Items />
            </ListSource>
          </FieldSettings>
        </Element>
        <Element xsi:type="XString">
          <Text>。</Text>
        </Element>
        <Element xsi:type="XInputField">
          <ID>kb0000002347</ID>
          <Attributes />
          <XElements>
            <Element xsi:type="XString">
              <Text>天</Text>
            </Element>
          </XElements>
          <TextValue>天</TextValue>
          <Name>发作时间单位</Name>
          <ValueBinding />
          <InnerValue>天</InnerValue>
          <BackgroundText>发作时间单位</BackgroundText>
          <FieldSettings>
            <EditStyle>DropdownList</EditStyle>
            <ListSource>
              <SourceName>0000002347</SourceName>
              <Items />
            </ListSource>
          </FieldSettings>
        </Element>
        <Element xsi:type="XString">
          <Text>发作</Text>
        </Element>
        <Element xsi:type="XString" StyleIndex="2">
          <Text>   次</Text>
        </Element>
        <Element xsi:type="XString">
          <Text>。</Text>
        </Element>
        <Element xsi:type="XParagraphFlag" />
      </XElements>
      <Sections />
    </Element>
    <Element xsi:type="XTextHeader">
      <Attributes />
      <XElements>
        <Element xsi:type="XParagraphFlag" StyleIndex="0">
          <AutoCreate>true</AutoCreate>
        </Element>
      </XElements>
    </Element>
    <Element xsi:type="XTextFooter">
      <Attributes />
      <XElements>
        <Element xsi:type="XParagraphFlag">
          <AutoCreate>true</AutoCreate>
        </Element>
      </XElements>
    </Element>
  </XElements>
  <ScriptText />
  <Info>
    <CreationTime>2013-04-02T17:19:55.1992084+08:00</CreationTime>
    <LastModifiedTime>2013-04-02T17:19:55.1992084+08:00</LastModifiedTime>
    <LastPrintTime>1980-01-01T00:00:00</LastPrintTime>
    <Operator>DCSoft.Writer Version:1.1.1111.29376</Operator>
  </Info>
  <BodyText>
  </BodyText>
  <UserHistories>
    <History>
      <ID />
      <Name />
      <SavedTime>2005-03-14T17:25:02</SavedTime>
    </History>
    <History>
      <ID />
      <Name />
      <SavedTime>2005-03-30T09:51:33</SavedTime>
    </History>
    <History>
      <ID />
      <Name />
      <SavedTime>2005-04-02T11:28:29</SavedTime>
    </History>
  </UserHistories>
  <ContentStyles>
    <Default xsi:type="DocumentContentStyle">
      <FontName>宋体</FontName>
    </Default>
    <Styles>
      <Style Index="0">
        <Align>Center</Align>
      </Style>
      <Style Index="1">
        <CreatorIndex>1</CreatorIndex>
      </Style>
      <Style Index="2">
        <CreatorIndex>2</CreatorIndex>
      </Style>
    </Styles>
  </ContentStyles>
  <MeasureMode>OldCompatibility</MeasureMode>
  <PageSettings>
    <LeftMargin>50</LeftMargin>
    <TopMargin>50</TopMargin>
    <RightMargin>50</RightMargin>
    <BottomMargin>50</BottomMargin>
    <ViewLeftMargin>150</ViewLeftMargin>
    <ViewTopMargin>150</ViewTopMargin>
    <ViewRightMargin>150</ViewRightMargin>
    <ViewBottomMargin>150</ViewBottomMargin>
    <ViewPaperWidth>2481</ViewPaperWidth>
    <ViewPaperHeight>3507</ViewPaperHeight>
  </PageSettings>
</XTextDocument>