﻿<?xml version="1.0" encoding="utf-8"?>
<XTextDocument xmlns:xsi="http://www.w3.org/2001/XMLSchema-instance" xmlns:xsd="http://www.w3.org/2001/XMLSchema" EditorVersionString="1.1.1111.29376">
  <Attributes />
  <XElements>
    <Element xsi:type="XTextBody">
      <Attributes />
      <XElements>
        <Element xsi:type="XInputField" StyleIndex="1">
          <ID>kb0000001517</ID>
          <Attributes />
          <XElements />
          <TextValue />
          <Name>颜面及双下肢水肿开始部位</Name>
          <ValueBinding />
          <InnerValue />
          <BackgroundText>颜面及双下肢水肿开始部位</BackgroundText>
          <FieldSettings>
            <EditStyle>DropdownList</EditStyle>
            <ListSource>
              <SourceName>0000001517</SourceName>
              <Items />
            </ListSource>
          </FieldSettings>
        </Element>
        <Element xsi:type="XString" StyleIndex="2">
          <Text>水肿，</Text>
        </Element>
        <Element xsi:type="XInputField" StyleIndex="1">
          <ID>kb0000001517</ID>
          <Attributes />
          <XElements />
          <TextValue />
          <Name>颜面及双下肢水肿开始部位</Name>
          <ValueBinding />
          <InnerValue />
          <BackgroundText>颜面及双下肢水肿开始部位</BackgroundText>
          <FieldSettings>
            <EditStyle>DropdownList</EditStyle>
            <ListSource>
              <SourceName>0000001517</SourceName>
              <Items />
            </ListSource>
          </FieldSettings>
        </Element>
        <Element xsi:type="XString" StyleIndex="3">
          <Text>，</Text>
        </Element>
        <Element xsi:type="XInputField" StyleIndex="1">
          <ID>kb0000001519</ID>
          <Attributes />
          <XElements />
          <TextValue />
          <Name>颜面及双下肢水肿伴尿量变化</Name>
          <ValueBinding />
          <InnerValue />
          <BackgroundText>颜面及双下肢水肿伴尿量变化</BackgroundText>
          <FieldSettings>
            <EditStyle>DropdownList</EditStyle>
            <ListSource>
              <SourceName>0000001519</SourceName>
              <Items />
            </ListSource>
          </FieldSettings>
        </Element>
        <Element xsi:type="XString" StyleIndex="1">
          <Text>，</Text>
        </Element>
        <Element xsi:type="XString" StyleIndex="3">
          <Text>伴见</Text>
        </Element>
        <Element xsi:type="XInputField" StyleIndex="3">
          <ID>kb0000001522</ID>
          <Attributes />
          <XElements />
          <TextValue />
          <Name>颜面及双下肢水肿伴随症状</Name>
          <ValueBinding />
          <InnerValue />
          <BackgroundText>颜面及双下肢水肿伴随症状</BackgroundText>
          <FieldSettings>
            <EditStyle>DropdownList</EditStyle>
            <ListSource>
              <SourceName>0000001522</SourceName>
              <Items />
            </ListSource>
          </FieldSettings>
        </Element>
        <Element xsi:type="XString" StyleIndex="3">
          <Text>。</Text>
        </Element>
        <Element xsi:type="XParagraphFlag" />
      </XElements>
      <Sections />
    </Element>
    <Element xsi:type="XTextHeader">
      <Attributes />
      <XElements>
        <Element xsi:type="XParagraphFlag" StyleIndex="0">
          <AutoCreate>true</AutoCreate>
        </Element>
      </XElements>
    </Element>
    <Element xsi:type="XTextFooter">
      <Attributes />
      <XElements>
        <Element xsi:type="XParagraphFlag">
          <AutoCreate>true</AutoCreate>
        </Element>
      </XElements>
    </Element>
  </XElements>
  <Info>
    <CreationTime>2013-04-02T17:19:54.5841732+08:00</CreationTime>
    <LastModifiedTime>2013-04-02T17:19:54.5841732+08:00</LastModifiedTime>
    <LastPrintTime>1980-01-01T00:00:00</LastPrintTime>
    <Operator>DCSoft.Writer Version:1.1.1111.29376</Operator>
  </Info>
  <BodyText>
  </BodyText>
  <UserHistories>
    <History>
      <ID />
      <Name />
      <SavedTime>2005-01-15T09:55:34</SavedTime>
    </History>
    <History>
      <ID />
      <Name />
      <SavedTime>2005-01-15T09:56:20</SavedTime>
    </History>
    <History>
      <ID />
      <Name />
      <SavedTime>2005-01-15T09:59:08</SavedTime>
    </History>
    <History>
      <ID />
      <Name />
      <SavedTime>2005-01-15T10:00:55</SavedTime>
    </History>
  </UserHistories>
  <ContentStyles>
    <Default xsi:type="DocumentContentStyle">
      <FontName>宋体</FontName>
    </Default>
    <Styles>
      <Style Index="0">
        <Align>Center</Align>
      </Style>
      <Style Index="1">
        <CreatorIndex>3</CreatorIndex>
      </Style>
      <Style Index="2">
        <CreatorIndex>1</CreatorIndex>
      </Style>
      <Style Index="3">
        <CreatorIndex>2</CreatorIndex>
      </Style>
    </Styles>
  </ContentStyles>
  <MeasureMode>OldCompatibility</MeasureMode>
  <PageSettings>
    <LeftMargin>50</LeftMargin>
    <TopMargin>50</TopMargin>
    <RightMargin>50</RightMargin>
    <BottomMargin>50</BottomMargin>
    <ViewLeftMargin>150</ViewLeftMargin>
    <ViewTopMargin>150</ViewTopMargin>
    <ViewRightMargin>150</ViewRightMargin>
    <ViewBottomMargin>150</ViewBottomMargin>
    <ViewPaperWidth>2481</ViewPaperWidth>
    <ViewPaperHeight>3507</ViewPaperHeight>
  </PageSettings>
</XTextDocument>