﻿<?xml version="1.0" encoding="utf-8"?>
<XTextDocument xmlns:xsi="http://www.w3.org/2001/XMLSchema-instance" xmlns:xsd="http://www.w3.org/2001/XMLSchema" EditorVersionString="1.1.1111.29376">
  <Attributes />
  <XElements>
    <Element xsi:type="XTextBody">
      <Attributes />
      <XElements>
        <Element xsi:type="XString">
          <Text>患者  </Text>
        </Element>
        <Element xsi:type="XInputField">
          <ID>kb0000002867</ID>
          <Attributes />
          <XElements>
            <Element xsi:type="XString">
              <Text>月</Text>
            </Element>
          </XElements>
          <TextValue>月</TextValue>
          <Name>时间单位</Name>
          <ValueBinding />
          <InnerValue>月</InnerValue>
          <BackgroundText>时间单位</BackgroundText>
          <FieldSettings>
            <EditStyle>DropdownList</EditStyle>
            <ListSource>
              <SourceName>0000002867</SourceName>
              <Items />
            </ListSource>
          </FieldSettings>
        </Element>
        <Element xsi:type="XString">
          <Text>来开始阴道分泌物增多，色</Text>
        </Element>
        <Element xsi:type="XInputField">
          <ID>kb0000002871</ID>
          <Attributes />
          <XElements>
            <Element xsi:type="XString">
              <Text>黄</Text>
            </Element>
          </XElements>
          <TextValue>黄</TextValue>
          <Name>阴道分泌物颜色</Name>
          <ValueBinding />
          <InnerValue>黄</InnerValue>
          <BackgroundText>阴道分泌物颜色</BackgroundText>
          <FieldSettings>
            <EditStyle>DropdownList</EditStyle>
            <ListSource>
              <SourceName>0000002871</SourceName>
              <Items />
            </ListSource>
          </FieldSettings>
        </Element>
        <Element xsi:type="XString">
          <Text>，有时候夹有血丝，</Text>
        </Element>
        <Element xsi:type="XInputField">
          <ID>kb0000002873</ID>
          <Attributes />
          <XElements>
            <Element xsi:type="XString">
              <Text>有</Text>
            </Element>
          </XElements>
          <TextValue>有</TextValue>
          <Name>阴道分泌物异味</Name>
          <ValueBinding />
          <InnerValue>有</InnerValue>
          <BackgroundText>阴道分泌物异味</BackgroundText>
          <FieldSettings>
            <EditStyle>DropdownList</EditStyle>
            <ListSource>
              <SourceName>0000002873</SourceName>
              <Items />
            </ListSource>
          </FieldSettings>
        </Element>
        <Element xsi:type="XString">
          <Text>异味，</Text>
        </Element>
        <Element xsi:type="XInputField">
          <ID>kb0000002874</ID>
          <Attributes />
          <XElements>
            <Element xsi:type="XString">
              <Text>伴</Text>
            </Element>
          </XElements>
          <TextValue>伴</TextValue>
          <Name>阴道分泌物增多伴外阴瘙痒</Name>
          <ValueBinding />
          <InnerValue>伴</InnerValue>
          <BackgroundText>阴道分泌物增多伴外阴瘙痒</BackgroundText>
          <FieldSettings>
            <EditStyle>DropdownList</EditStyle>
            <ListSource>
              <SourceName>0000002874</SourceName>
              <Items />
            </ListSource>
          </FieldSettings>
        </Element>
        <Element xsi:type="XString">
          <Text>外阴瘙痒，</Text>
        </Element>
        <Element xsi:type="XInputField">
          <ID>kb0000002875</ID>
          <Attributes />
          <XElements>
            <Element xsi:type="XString">
              <Text>有</Text>
            </Element>
          </XElements>
          <TextValue>有</TextValue>
          <Name>同房后出血</Name>
          <ValueBinding />
          <InnerValue>有</InnerValue>
          <BackgroundText>同房后出血</BackgroundText>
          <FieldSettings>
            <EditStyle>DropdownList</EditStyle>
            <ListSource>
              <SourceName>0000002875</SourceName>
              <Items />
            </ListSource>
          </FieldSettings>
        </Element>
        <Element xsi:type="XString">
          <Text>同房后出血，与月经周期</Text>
        </Element>
        <Element xsi:type="XInputField">
          <ID>kb0000002876</ID>
          <Attributes />
          <XElements>
            <Element xsi:type="XString">
              <Text>无关</Text>
            </Element>
          </XElements>
          <TextValue>无关</TextValue>
          <Name>阴道分泌物增多与月经周期关系</Name>
          <ValueBinding />
          <InnerValue>无关</InnerValue>
          <BackgroundText>阴道分泌物增多与月经周期关系</BackgroundText>
          <FieldSettings>
            <EditStyle>DropdownList</EditStyle>
            <ListSource>
              <SourceName>0000002876</SourceName>
              <Items />
            </ListSource>
          </FieldSettings>
        </Element>
        <Element xsi:type="XString">
          <Text>，</Text>
        </Element>
        <Element xsi:type="XInputField">
          <ID>kb0000002877</ID>
          <Attributes />
          <XElements>
            <Element xsi:type="XString">
              <Text>伴</Text>
            </Element>
          </XElements>
          <TextValue>伴</TextValue>
          <Name>阴道分泌物增多伴酸痛</Name>
          <ValueBinding />
          <InnerValue>伴</InnerValue>
          <BackgroundText>阴道分泌物增多伴酸痛</BackgroundText>
          <FieldSettings>
            <EditStyle>DropdownList</EditStyle>
            <ListSource>
              <SourceName>0000002877</SourceName>
              <Items />
            </ListSource>
          </FieldSettings>
        </Element>
        <Element xsi:type="XInputField">
          <ID>kb0000002878</ID>
          <Attributes />
          <XElements>
            <Element xsi:type="XString">
              <Text>腰骶部</Text>
            </Element>
          </XElements>
          <TextValue>腰骶部</TextValue>
          <Name>阴道分泌物增多伴酸痛的部位</Name>
          <ValueBinding />
          <InnerValue>腰骶部</InnerValue>
          <BackgroundText>阴道分泌物增多伴酸痛的部位</BackgroundText>
          <FieldSettings>
            <EditStyle>DropdownList</EditStyle>
            <ListSource>
              <SourceName>0000002878</SourceName>
              <Items />
            </ListSource>
          </FieldSettings>
        </Element>
        <Element xsi:type="XString">
          <Text>酸痛，于  年  月  日在</Text>
        </Element>
        <Element xsi:type="XInputField">
          <ID>kb0000002879</ID>
          <Attributes />
          <XElements>
            <Element xsi:type="XString">
              <Text>我院</Text>
            </Element>
          </XElements>
          <TextValue>我院</TextValue>
          <Name>阴道分泌物增多后检查医院</Name>
          <ValueBinding />
          <InnerValue>我院</InnerValue>
          <BackgroundText>阴道分泌物增多后检查医院</BackgroundText>
          <FieldSettings>
            <EditStyle>DropdownList</EditStyle>
            <ListSource>
              <SourceName>0000002879</SourceName>
              <Items />
            </ListSource>
          </FieldSettings>
        </Element>
        <Element xsi:type="XString">
          <Text>检查发现宫颈赘生物，曾于  年  月  日在</Text>
        </Element>
        <Element xsi:type="XInputField">
          <ID>kb0000002879</ID>
          <Attributes />
          <XElements>
            <Element xsi:type="XString">
              <Text>我院</Text>
            </Element>
          </XElements>
          <TextValue>我院</TextValue>
          <Name>阴道分泌物增多后检查医院</Name>
          <ValueBinding />
          <InnerValue>我院</InnerValue>
          <BackgroundText>阴道分泌物增多后检查医院</BackgroundText>
          <FieldSettings>
            <EditStyle>DropdownList</EditStyle>
            <ListSource>
              <SourceName>0000002879</SourceName>
              <Items />
            </ListSource>
          </FieldSettings>
        </Element>
        <Element xsi:type="XString">
          <Text>做过</Text>
        </Element>
        <Element xsi:type="XInputField">
          <ID>kb0000002880</ID>
          <Attributes />
          <XElements>
            <Element xsi:type="XString">
              <Text>宫颈涂片</Text>
            </Element>
          </XElements>
          <TextValue>宫颈涂片</TextValue>
          <Name>阴道分泌物增多后检查项目</Name>
          <ValueBinding />
          <InnerValue>宫颈涂片</InnerValue>
          <BackgroundText>阴道分泌物增多后检查项目</BackgroundText>
          <FieldSettings>
            <EditStyle>DropdownList</EditStyle>
            <ListSource>
              <SourceName>0000002880</SourceName>
              <Items />
            </ListSource>
          </FieldSettings>
        </Element>
        <Element xsi:type="XString">
          <Text>，结果为。LMP － － ，生育史 － － － －。</Text>
        </Element>
        <Element xsi:type="XParagraphFlag" />
      </XElements>
      <Sections />
    </Element>
    <Element xsi:type="XTextHeader">
      <Attributes />
      <XElements>
        <Element xsi:type="XParagraphFlag" StyleIndex="0">
          <AutoCreate>true</AutoCreate>
        </Element>
      </XElements>
    </Element>
    <Element xsi:type="XTextFooter">
      <Attributes />
      <XElements>
        <Element xsi:type="XParagraphFlag">
          <AutoCreate>true</AutoCreate>
        </Element>
      </XElements>
    </Element>
  </XElements>
  <ScriptText />
  <Info>
    <CreationTime>2013-04-02T17:19:56.4672809+08:00</CreationTime>
    <LastModifiedTime>2013-04-02T17:19:56.4672809+08:00</LastModifiedTime>
    <LastPrintTime>1980-01-01T00:00:00</LastPrintTime>
    <Operator>DCSoft.Writer Version:1.1.1111.29376</Operator>
  </Info>
  <BodyText>
  </BodyText>
  <UserHistories>
    <History>
      <ID />
      <Name />
      <SavedTime>2005-04-27T15:59:54</SavedTime>
    </History>
  </UserHistories>
  <ContentStyles>
    <Default xsi:type="DocumentContentStyle">
      <FontName>宋体</FontName>
    </Default>
    <Styles>
      <Style Index="0">
        <Align>Center</Align>
      </Style>
    </Styles>
  </ContentStyles>
  <MeasureMode>OldCompatibility</MeasureMode>
  <PageSettings>
    <LeftMargin>50</LeftMargin>
    <TopMargin>50</TopMargin>
    <RightMargin>50</RightMargin>
    <BottomMargin>50</BottomMargin>
    <ViewLeftMargin>150</ViewLeftMargin>
    <ViewTopMargin>150</ViewTopMargin>
    <ViewRightMargin>150</ViewRightMargin>
    <ViewBottomMargin>150</ViewBottomMargin>
    <ViewPaperWidth>2481</ViewPaperWidth>
    <ViewPaperHeight>3507</ViewPaperHeight>
  </PageSettings>
</XTextDocument>