﻿<?xml version="1.0" encoding="utf-8"?>
<XTextDocument xmlns:xsi="http://www.w3.org/2001/XMLSchema-instance" xmlns:xsd="http://www.w3.org/2001/XMLSchema" EditorVersionString="1.1.1111.29376">
  <Attributes />
  <XElements>
    <Element xsi:type="XTextBody">
      <Attributes />
      <XElements>
        <Element xsi:type="XString" StyleIndex="1">
          <Text>有包块，</Text>
        </Element>
        <Element xsi:type="XString" StyleIndex="2">
          <Text>包块大小约          cm×cm，质地</Text>
        </Element>
        <Element xsi:type="XInputField" StyleIndex="3">
          <ID>kb0000001922</ID>
          <Attributes />
          <XElements>
            <Element xsi:type="XString">
              <Text>软</Text>
            </Element>
          </XElements>
          <TextValue>软</TextValue>
          <Name>包块质地</Name>
          <ValueBinding />
          <InnerValue>软</InnerValue>
          <BackgroundText>包块质地</BackgroundText>
          <FieldSettings>
            <EditStyle>DropdownList</EditStyle>
            <ListSource>
              <SourceName>0000001922</SourceName>
              <Items />
            </ListSource>
          </FieldSettings>
        </Element>
        <Element xsi:type="XString" StyleIndex="4">
          <Text>，</Text>
        </Element>
        <Element xsi:type="XInputField" StyleIndex="3">
          <ID>kb0000001923</ID>
          <Attributes />
          <XElements>
            <Element xsi:type="XString">
              <Text>无充血</Text>
            </Element>
          </XElements>
          <TextValue>无充血</TextValue>
          <Name>包块充血</Name>
          <ValueBinding />
          <InnerValue>无充血</InnerValue>
          <BackgroundText>包块充血</BackgroundText>
          <FieldSettings>
            <EditStyle>DropdownList</EditStyle>
            <ListSource>
              <SourceName>0000001923</SourceName>
              <Items />
            </ListSource>
          </FieldSettings>
        </Element>
        <Element xsi:type="XString" StyleIndex="4">
          <Text>，</Text>
        </Element>
        <Element xsi:type="XInputField" StyleIndex="3">
          <ID>kb0000001924</ID>
          <Attributes />
          <XElements>
            <Element xsi:type="XString">
              <Text>无波动感</Text>
            </Element>
          </XElements>
          <TextValue>无波动感</TextValue>
          <Name>包块波动感</Name>
          <ValueBinding />
          <InnerValue>无波动感</InnerValue>
          <BackgroundText>包块波动感</BackgroundText>
          <FieldSettings>
            <EditStyle>DropdownList</EditStyle>
            <ListSource>
              <SourceName>0000001924</SourceName>
              <Items />
            </ListSource>
          </FieldSettings>
        </Element>
        <Element xsi:type="XString" StyleIndex="4">
          <Text>，</Text>
        </Element>
        <Element xsi:type="XInputField" StyleIndex="3">
          <ID>kb0000001925</ID>
          <Attributes />
          <XElements>
            <Element xsi:type="XString">
              <Text>可移动</Text>
            </Element>
          </XElements>
          <TextValue>可移动</TextValue>
          <Name>包块移动</Name>
          <ValueBinding />
          <InnerValue>可移动</InnerValue>
          <BackgroundText>包块移动</BackgroundText>
          <FieldSettings>
            <EditStyle>DropdownList</EditStyle>
            <ListSource>
              <SourceName>0000001925</SourceName>
              <Items />
            </ListSource>
          </FieldSettings>
        </Element>
        <Element xsi:type="XString" StyleIndex="4">
          <Text>。</Text>
        </Element>
        <Element xsi:type="XParagraphFlag" />
      </XElements>
      <Sections />
    </Element>
    <Element xsi:type="XTextHeader">
      <Attributes />
      <XElements>
        <Element xsi:type="XParagraphFlag" StyleIndex="0">
          <AutoCreate>true</AutoCreate>
        </Element>
      </XElements>
    </Element>
    <Element xsi:type="XTextFooter">
      <Attributes />
      <XElements>
        <Element xsi:type="XParagraphFlag">
          <AutoCreate>true</AutoCreate>
        </Element>
      </XElements>
    </Element>
  </XElements>
  <Info>
    <CreationTime>2013-04-02T17:19:54.7001799+08:00</CreationTime>
    <LastModifiedTime>2013-04-02T17:19:54.7001799+08:00</LastModifiedTime>
    <LastPrintTime>1980-01-01T00:00:00</LastPrintTime>
    <Operator>DCSoft.Writer Version:1.1.1111.29376</Operator>
  </Info>
  <BodyText>
  </BodyText>
  <UserHistories>
    <History>
      <ID />
      <Name />
      <SavedTime>2005-01-31T15:55:53</SavedTime>
    </History>
    <History>
      <ID />
      <Name />
      <SavedTime>2005-01-31T15:58:55</SavedTime>
    </History>
    <History>
      <ID />
      <Name />
      <SavedTime>2005-01-31T16:00:26</SavedTime>
    </History>
  </UserHistories>
  <ContentStyles>
    <Default xsi:type="DocumentContentStyle">
      <FontName>宋体</FontName>
    </Default>
    <Styles>
      <Style Index="0">
        <Align>Center</Align>
      </Style>
      <Style Index="1">
        <FontSize>10</FontSize>
        <CreatorIndex>2</CreatorIndex>
      </Style>
      <Style Index="2">
        <FontSize>10</FontSize>
      </Style>
      <Style Index="3">
        <CreatorIndex>1</CreatorIndex>
      </Style>
      <Style Index="4">
        <FontSize>10</FontSize>
        <CreatorIndex>1</CreatorIndex>
      </Style>
    </Styles>
  </ContentStyles>
  <MeasureMode>OldCompatibility</MeasureMode>
  <PageSettings>
    <LeftMargin>50</LeftMargin>
    <TopMargin>50</TopMargin>
    <RightMargin>50</RightMargin>
    <BottomMargin>50</BottomMargin>
    <ViewLeftMargin>150</ViewLeftMargin>
    <ViewTopMargin>150</ViewTopMargin>
    <ViewRightMargin>150</ViewRightMargin>
    <ViewBottomMargin>150</ViewBottomMargin>
    <ViewPaperWidth>2481</ViewPaperWidth>
    <ViewPaperHeight>3507</ViewPaperHeight>
  </PageSettings>
</XTextDocument>