﻿<?xml version="1.0" encoding="utf-8"?>
<XTextDocument xmlns:xsi="http://www.w3.org/2001/XMLSchema-instance" xmlns:xsd="http://www.w3.org/2001/XMLSchema" EditorVersionString="1.1.1111.29376">
  <Attributes />
  <XElements>
    <Element xsi:type="XTextBody">
      <Attributes />
      <XElements>
        <Element xsi:type="XString">
          <Text>患者既往 水肿</Text>
        </Element>
        <Element xsi:type="XInputField">
          <ID>kb0000000027</ID>
          <Attributes />
          <XElements>
            <Element xsi:type="XString">
              <Text>无</Text>
            </Element>
          </XElements>
          <TextValue>无</TextValue>
          <Name>水肿</Name>
          <ValueBinding />
          <InnerValue>无</InnerValue>
          <BackgroundText>水肿</BackgroundText>
          <FieldSettings>
            <EditStyle>DropdownList</EditStyle>
            <ListSource>
              <SourceName>0000000027</SourceName>
              <Items />
            </ListSource>
          </FieldSettings>
        </Element>
        <Element xsi:type="XInputField" StyleIndex="2">
          <ID>kb0000000004</ID>
          <Attributes />
          <XElements>
            <Element xsi:type="XString">
              <Text>花旗参片、藿蓉补肾颗粒剂、滑石粉</Text>
            </Element>
          </XElements>
          <TextValue>花旗参片、藿蓉补肾颗粒剂、滑石粉</TextValue>
          <Name>药品列表</Name>
          <ValueBinding />
          <InnerValue>花旗参片、藿蓉补肾颗粒剂、滑石粉</InnerValue>
          <BackgroundText>药品列表</BackgroundText>
          <FieldSettings>
            <EditStyle>DropdownList</EditStyle>
            <MultiSelect>true</MultiSelect>
            <ListSource>
              <SourceName>0000000004</SourceName>
              <Items />
            </ListSource>
          </FieldSettings>
        </Element>
        <Element xsi:type="XParagraphFlag" />
        <Element xsi:type="XString" StyleIndex="1">
          <Text>sssss                     dfsfdas               </Text>
        </Element>
        <Element xsi:type="XParagraphFlag" />
      </XElements>
      <Sections />
    </Element>
    <Element xsi:type="XTextHeader">
      <Attributes />
      <XElements>
        <Element xsi:type="XParagraphFlag" StyleIndex="0">
          <AutoCreate>true</AutoCreate>
        </Element>
      </XElements>
    </Element>
    <Element xsi:type="XTextFooter">
      <Attributes />
      <XElements>
        <Element xsi:type="XParagraphFlag">
          <AutoCreate>true</AutoCreate>
        </Element>
      </XElements>
    </Element>
  </XElements>
  <ScriptText />
  <Info>
    <CreationTime>2013-04-02T17:19:53.7621262+08:00</CreationTime>
    <LastModifiedTime>2013-04-02T17:19:53.7621262+08:00</LastModifiedTime>
    <LastPrintTime>1980-01-01T00:00:00</LastPrintTime>
    <Operator>DCSoft.Writer Version:1.1.1111.29376</Operator>
  </Info>
  <BodyText>
  </BodyText>
  <UserHistories>
    <History>
      <ID />
      <Name />
      <SavedTime>2005-04-30T15:20:07</SavedTime>
    </History>
    <History>
      <ID />
      <Name />
      <SavedTime>2005-04-30T15:21:50</SavedTime>
    </History>
    <History>
      <ID />
      <Name />
      <SavedTime>2005-05-11T09:13:44</SavedTime>
    </History>
    <History>
      <ID />
      <Name />
      <SavedTime>2005-05-11T09:14:02</SavedTime>
    </History>
    <History>
      <ID />
      <Name />
      <SavedTime>2005-05-13T11:11:42</SavedTime>
    </History>
  </UserHistories>
  <ContentStyles>
    <Default xsi:type="DocumentContentStyle">
      <FontName>宋体</FontName>
    </Default>
    <Styles>
      <Style Index="0">
        <Align>Center</Align>
      </Style>
      <Style Index="1">
        <CreatorIndex>2</CreatorIndex>
      </Style>
      <Style Index="2">
        <CreatorIndex>1</CreatorIndex>
      </Style>
    </Styles>
  </ContentStyles>
  <MeasureMode>OldCompatibility</MeasureMode>
  <PageSettings>
    <LeftMargin>50</LeftMargin>
    <TopMargin>50</TopMargin>
    <RightMargin>50</RightMargin>
    <BottomMargin>50</BottomMargin>
    <ViewLeftMargin>150</ViewLeftMargin>
    <ViewTopMargin>150</ViewTopMargin>
    <ViewRightMargin>150</ViewRightMargin>
    <ViewBottomMargin>150</ViewBottomMargin>
    <ViewPaperWidth>2481</ViewPaperWidth>
    <ViewPaperHeight>3507</ViewPaperHeight>
  </PageSettings>
</XTextDocument>