﻿<?xml version="1.0" encoding="utf-8"?>
<XTextDocument xmlns:xsi="http://www.w3.org/2001/XMLSchema-instance" xmlns:xsd="http://www.w3.org/2001/XMLSchema" EditorVersionString="1.1.1111.29376">
  <Attributes />
  <XElements>
    <Element xsi:type="XTextBody">
      <Attributes />
      <XElements>
        <Element xsi:type="XString">
          <Text>Bp：   /   mmHg，眼睑无浮肿，眼球无突出，辐辏反射</Text>
        </Element>
        <Element xsi:type="XInputField">
          <ID>kb0000002836</ID>
          <Attributes />
          <XElements>
            <Element xsi:type="XString">
              <Text>良好</Text>
            </Element>
          </XElements>
          <TextValue>良好</TextValue>
          <Name>辐辏反射</Name>
          <ValueBinding />
          <InnerValue>良好</InnerValue>
          <BackgroundText>辐辏反射</BackgroundText>
          <FieldSettings>
            <EditStyle>DropdownList</EditStyle>
            <ListSource>
              <SourceName>0000002836</SourceName>
              <Items />
            </ListSource>
          </FieldSettings>
        </Element>
        <Element xsi:type="XString">
          <Text>，甲状腺</Text>
        </Element>
        <Element xsi:type="XInputField">
          <ID>kb0000002837</ID>
          <Attributes />
          <XElements>
            <Element xsi:type="XString">
              <Text>Ⅱ°</Text>
            </Element>
          </XElements>
          <TextValue>Ⅱ°</TextValue>
          <Name>甲状腺肿大</Name>
          <ValueBinding />
          <InnerValue>Ⅱ°</InnerValue>
          <BackgroundText>甲状腺肿大</BackgroundText>
          <FieldSettings>
            <EditStyle>DropdownList</EditStyle>
            <ListSource>
              <SourceName>0000002837</SourceName>
              <Items />
            </ListSource>
          </FieldSettings>
        </Element>
        <Element xsi:type="XString">
          <Text>肿大，质</Text>
        </Element>
        <Element xsi:type="XInputField">
          <ID>kb0000002838</ID>
          <Attributes />
          <XElements>
            <Element xsi:type="XString">
              <Text>软</Text>
            </Element>
          </XElements>
          <TextValue>软</TextValue>
          <Name>甲状腺质地</Name>
          <ValueBinding />
          <InnerValue>软</InnerValue>
          <BackgroundText>甲状腺质地</BackgroundText>
          <FieldSettings>
            <EditStyle>DropdownList</EditStyle>
            <ListSource>
              <SourceName>0000002838</SourceName>
              <Items />
            </ListSource>
          </FieldSettings>
        </Element>
        <Element xsi:type="XString">
          <Text>，无压痛，可触及包块。心率   次/分，律</Text>
        </Element>
        <Element xsi:type="XInputField">
          <ID>kb0000002839</ID>
          <Attributes />
          <XElements>
            <Element xsi:type="XString">
              <Text>齐</Text>
            </Element>
          </XElements>
          <TextValue>齐</TextValue>
          <Name>心律</Name>
          <ValueBinding />
          <InnerValue>齐</InnerValue>
          <BackgroundText>心律</BackgroundText>
          <FieldSettings>
            <EditStyle>DropdownList</EditStyle>
            <ListSource>
              <SourceName>0000002839</SourceName>
              <Items />
            </ListSource>
          </FieldSettings>
        </Element>
        <Element xsi:type="XString">
          <Text>，双肺呼吸音清，腹平软，无压痛，双手平举</Text>
        </Element>
        <Element xsi:type="XInputField">
          <ID>kb0000002840</ID>
          <Attributes />
          <XElements>
            <Element xsi:type="XString">
              <Text>有</Text>
            </Element>
          </XElements>
          <TextValue>有</TextValue>
          <Name>双手并举细震颤</Name>
          <ValueBinding />
          <InnerValue>有</InnerValue>
          <BackgroundText>双手并举细震颤</BackgroundText>
          <FieldSettings>
            <EditStyle>DropdownList</EditStyle>
            <ListSource>
              <SourceName>0000002840</SourceName>
              <Items />
            </ListSource>
          </FieldSettings>
        </Element>
        <Element xsi:type="XString">
          <Text>细震颤，双下肢无浮肿。</Text>
        </Element>
        <Element xsi:type="XParagraphFlag" />
      </XElements>
      <Sections />
    </Element>
    <Element xsi:type="XTextHeader">
      <Attributes />
      <XElements>
        <Element xsi:type="XParagraphFlag" StyleIndex="0">
          <AutoCreate>true</AutoCreate>
        </Element>
      </XElements>
    </Element>
    <Element xsi:type="XTextFooter">
      <Attributes />
      <XElements>
        <Element xsi:type="XParagraphFlag">
          <AutoCreate>true</AutoCreate>
        </Element>
      </XElements>
    </Element>
  </XElements>
  <ScriptText />
  <Info>
    <CreationTime>2013-04-02T17:19:56.3092719+08:00</CreationTime>
    <LastModifiedTime>2013-04-02T17:19:56.3092719+08:00</LastModifiedTime>
    <LastPrintTime>1980-01-01T00:00:00</LastPrintTime>
    <Operator>DCSoft.Writer Version:1.1.1111.29376</Operator>
  </Info>
  <BodyText>
  </BodyText>
  <UserHistories>
    <History>
      <ID />
      <Name />
      <SavedTime>2005-04-22T17:28:11</SavedTime>
    </History>
  </UserHistories>
  <ContentStyles>
    <Default xsi:type="DocumentContentStyle">
      <FontName>宋体</FontName>
    </Default>
    <Styles>
      <Style Index="0">
        <Align>Center</Align>
      </Style>
    </Styles>
  </ContentStyles>
  <MeasureMode>OldCompatibility</MeasureMode>
  <PageSettings>
    <LeftMargin>50</LeftMargin>
    <TopMargin>50</TopMargin>
    <RightMargin>50</RightMargin>
    <BottomMargin>50</BottomMargin>
    <ViewLeftMargin>150</ViewLeftMargin>
    <ViewTopMargin>150</ViewTopMargin>
    <ViewRightMargin>150</ViewRightMargin>
    <ViewBottomMargin>150</ViewBottomMargin>
    <ViewPaperWidth>2481</ViewPaperWidth>
    <ViewPaperHeight>3507</ViewPaperHeight>
  </PageSettings>
</XTextDocument>