﻿<?xml version="1.0" encoding="utf-8"?>
<XTextDocument xmlns:xsi="http://www.w3.org/2001/XMLSchema-instance" xmlns:xsd="http://www.w3.org/2001/XMLSchema" EditorVersionString="1.1.1111.29376">
  <Attributes />
  <XElements>
    <Element xsi:type="XTextBody">
      <Attributes />
      <XElements>
        <Element xsi:type="XString">
          <Text>过去月经周期   ，经期   天，量</Text>
        </Element>
        <Element xsi:type="XInputField">
          <ID>kb0000002926</ID>
          <Attributes />
          <XElements>
            <Element xsi:type="XString">
              <Text>中</Text>
            </Element>
          </XElements>
          <TextValue>中</TextValue>
          <Name>月经量</Name>
          <ValueBinding />
          <InnerValue>中</InnerValue>
          <BackgroundText>月经量</BackgroundText>
          <FieldSettings>
            <EditStyle>DropdownList</EditStyle>
            <ListSource>
              <SourceName>0000002926</SourceName>
              <Items />
            </ListSource>
          </FieldSettings>
        </Element>
        <Element xsi:type="XString">
          <Text>，</Text>
        </Element>
        <Element xsi:type="XInputField">
          <ID>kb0000002938</ID>
          <Attributes />
          <XElements>
            <Element xsi:type="XString">
              <Text>无</Text>
            </Element>
          </XElements>
          <TextValue>无</TextValue>
          <Name>月经紊乱痛经</Name>
          <ValueBinding />
          <InnerValue>无</InnerValue>
          <BackgroundText>月经紊乱痛经</BackgroundText>
          <FieldSettings>
            <EditStyle>DropdownList</EditStyle>
            <ListSource>
              <SourceName>0000002938</SourceName>
              <Items />
            </ListSource>
          </FieldSettings>
        </Element>
        <Element xsi:type="XString">
          <Text>痛经，从   年   月始紊乱，</Text>
        </Element>
        <Element xsi:type="XInputField">
          <ID>kb0000002939</ID>
          <Attributes />
          <XElements>
            <Element xsi:type="XString">
              <Text>周期不规则</Text>
            </Element>
          </XElements>
          <TextValue>周期不规则</TextValue>
          <Name>月经紊乱描述</Name>
          <ValueBinding />
          <InnerValue>周期不规则</InnerValue>
          <BackgroundText>月经紊乱描述</BackgroundText>
          <FieldSettings>
            <EditStyle>DropdownList</EditStyle>
            <ListSource>
              <SourceName>0000002939</SourceName>
              <Items />
            </ListSource>
          </FieldSettings>
        </Element>
        <Element xsi:type="XString">
          <Text>，伴</Text>
        </Element>
        <Element xsi:type="XInputField">
          <ID>kb0000002940</ID>
          <Attributes />
          <XElements>
            <Element xsi:type="XString">
              <Text>腹痛</Text>
            </Element>
          </XElements>
          <TextValue>腹痛</TextValue>
          <Name>月经紊乱伴随症状</Name>
          <ValueBinding />
          <InnerValue>腹痛</InnerValue>
          <BackgroundText>月经紊乱伴随症状</BackgroundText>
          <FieldSettings>
            <EditStyle>DropdownList</EditStyle>
            <MultiSelect>true</MultiSelect>
            <ListSource>
              <SourceName>0000002940</SourceName>
              <Items />
            </ListSource>
          </FieldSettings>
        </Element>
        <Element xsi:type="XString">
          <Text>，</Text>
        </Element>
        <Element xsi:type="XInputField">
          <ID>kb0000002941</ID>
          <Attributes />
          <XElements>
            <Element xsi:type="XString">
              <Text>无</Text>
            </Element>
          </XElements>
          <TextValue>无</TextValue>
          <Name>月经紊乱内分泌检查</Name>
          <ValueBinding />
          <InnerValue>无</InnerValue>
          <BackgroundText>月经紊乱内分泌检查</BackgroundText>
          <FieldSettings>
            <EditStyle>DropdownList</EditStyle>
            <ListSource>
              <SourceName>0000002941</SourceName>
              <Items />
            </ListSource>
          </FieldSettings>
        </Element>
        <Element xsi:type="XString">
          <Text>内分泌检查，</Text>
        </Element>
        <Element xsi:type="XInputField">
          <ID>kb0000002942</ID>
          <Attributes />
          <XElements>
            <Element xsi:type="XString">
              <Text>未诊刮子宫</Text>
            </Element>
          </XElements>
          <TextValue>未诊刮子宫</TextValue>
          <Name>月经紊乱诊刮</Name>
          <ValueBinding />
          <InnerValue>未诊刮子宫</InnerValue>
          <BackgroundText>月经紊乱诊刮</BackgroundText>
          <FieldSettings>
            <EditStyle>DropdownList</EditStyle>
            <ListSource>
              <SourceName>0000002942</SourceName>
              <Items />
            </ListSource>
          </FieldSettings>
        </Element>
        <Element xsi:type="XString">
          <Text>。</Text>
        </Element>
        <Element xsi:type="XParagraphFlag" />
        <Element xsi:type="XString">
          <Text>曾用过</Text>
        </Element>
        <Element xsi:type="XInputField">
          <ID>kb0000002944</ID>
          <Attributes />
          <XElements>
            <Element xsi:type="XString">
              <Text>中药、避孕药</Text>
            </Element>
          </XElements>
          <TextValue>中药、避孕药</TextValue>
          <Name>月经紊乱治疗药物</Name>
          <ValueBinding />
          <InnerValue>中药、避孕药</InnerValue>
          <BackgroundText>月经紊乱治疗药物</BackgroundText>
          <FieldSettings>
            <EditStyle>DropdownList</EditStyle>
            <MultiSelect>true</MultiSelect>
            <ListSource>
              <SourceName>0000002944</SourceName>
              <Items />
            </ListSource>
          </FieldSettings>
        </Element>
        <Element xsi:type="XString">
          <Text>，</Text>
        </Element>
        <Element xsi:type="XInputField">
          <ID>kb0000002945</ID>
          <Attributes />
          <XElements>
            <Element xsi:type="XString">
              <Text>疗效尚可</Text>
            </Element>
          </XElements>
          <TextValue>疗效尚可</TextValue>
          <Name>月经紊乱治疗疗效</Name>
          <ValueBinding />
          <InnerValue>疗效尚可</InnerValue>
          <BackgroundText>月经紊乱治疗疗效</BackgroundText>
          <FieldSettings>
            <EditStyle>DropdownList</EditStyle>
            <ListSource>
              <SourceName>0000002945</SourceName>
              <Items />
            </ListSource>
          </FieldSettings>
        </Element>
        <Element xsi:type="XString">
          <Text>。</Text>
        </Element>
        <Element xsi:type="XParagraphFlag" />
      </XElements>
      <Sections />
    </Element>
    <Element xsi:type="XTextHeader">
      <Attributes />
      <XElements>
        <Element xsi:type="XParagraphFlag" StyleIndex="0">
          <AutoCreate>true</AutoCreate>
        </Element>
      </XElements>
    </Element>
    <Element xsi:type="XTextFooter">
      <Attributes />
      <XElements>
        <Element xsi:type="XParagraphFlag">
          <AutoCreate>true</AutoCreate>
        </Element>
      </XElements>
    </Element>
  </XElements>
  <ScriptText />
  <Info>
    <CreationTime>2013-04-02T17:19:56.6092891+08:00</CreationTime>
    <LastModifiedTime>2013-04-02T17:19:56.6092891+08:00</LastModifiedTime>
    <LastPrintTime>1980-01-01T00:00:00</LastPrintTime>
    <Operator>DCSoft.Writer Version:1.1.1111.29376</Operator>
  </Info>
  <BodyText>
  </BodyText>
  <UserHistories>
    <History>
      <ID />
      <Name />
      <SavedTime>2005-04-28T09:48:58</SavedTime>
    </History>
    <History>
      <ID />
      <Name />
      <SavedTime>2005-04-28T09:52:51</SavedTime>
    </History>
  </UserHistories>
  <ContentStyles>
    <Default xsi:type="DocumentContentStyle">
      <FontName>宋体</FontName>
    </Default>
    <Styles>
      <Style Index="0">
        <Align>Center</Align>
      </Style>
    </Styles>
  </ContentStyles>
  <MeasureMode>OldCompatibility</MeasureMode>
  <PageSettings>
    <LeftMargin>50</LeftMargin>
    <TopMargin>50</TopMargin>
    <RightMargin>50</RightMargin>
    <BottomMargin>50</BottomMargin>
    <ViewLeftMargin>150</ViewLeftMargin>
    <ViewTopMargin>150</ViewTopMargin>
    <ViewRightMargin>150</ViewRightMargin>
    <ViewBottomMargin>150</ViewBottomMargin>
    <ViewPaperWidth>2481</ViewPaperWidth>
    <ViewPaperHeight>3507</ViewPaperHeight>
  </PageSettings>
</XTextDocument>