﻿<?xml version="1.0" encoding="utf-8"?>
<XTextDocument xmlns:xsi="http://www.w3.org/2001/XMLSchema-instance" xmlns:xsd="http://www.w3.org/2001/XMLSchema" EditorVersionString="1.1.1111.29376">
  <Attributes />
  <XElements>
    <Element xsi:type="XTextBody">
      <Attributes />
      <XElements>
        <Element xsi:type="XString">
          <Text>1、</Text>
        </Element>
        <Element xsi:type="XInputField">
          <ID>kb0000002298</ID>
          <Attributes />
          <XElements>
            <Element xsi:type="XString">
              <Text>心律描述</Text>
            </Element>
          </XElements>
          <TextValue>心律描述</TextValue>
          <Name>心律描述</Name>
          <ValueBinding />
          <InnerValue>心律描述</InnerValue>
          <BackgroundText>心律描述</BackgroundText>
          <FieldSettings>
            <EditStyle>DropdownList</EditStyle>
            <ListSource>
              <SourceName>0000002298</SourceName>
              <Items />
            </ListSource>
          </FieldSettings>
        </Element>
        <Element xsi:type="XString">
          <Text>；</Text>
        </Element>
        <Element xsi:type="XParagraphFlag" />
        <Element xsi:type="XString">
          <Text>2、</Text>
        </Element>
        <Element xsi:type="XInputField">
          <ID>kb0000002299</ID>
          <Attributes />
          <XElements>
            <Element xsi:type="XString">
              <Text>早搏类型</Text>
            </Element>
          </XElements>
          <TextValue>早搏类型</TextValue>
          <Name>早搏类型</Name>
          <ValueBinding />
          <InnerValue>早搏类型</InnerValue>
          <BackgroundText>早搏类型</BackgroundText>
          <FieldSettings>
            <EditStyle>DropdownList</EditStyle>
            <MultiSelect>true</MultiSelect>
            <ListSource>
              <SourceName>0000002299</SourceName>
              <Items />
            </ListSource>
          </FieldSettings>
        </Element>
        <Element xsi:type="XString">
          <Text>；</Text>
        </Element>
        <Element xsi:type="XParagraphFlag" />
        <Element xsi:type="XString">
          <Text>3、</Text>
        </Element>
        <Element xsi:type="XInputField">
          <ID>kb0000002300</ID>
          <Attributes />
          <XElements>
            <Element xsi:type="XString">
              <Text>房室传导阻滞类型</Text>
            </Element>
          </XElements>
          <TextValue>房室传导阻滞类型</TextValue>
          <Name>房室传导阻滞类型</Name>
          <ValueBinding />
          <InnerValue>房室传导阻滞类型</InnerValue>
          <BackgroundText>房室传导阻滞类型</BackgroundText>
          <FieldSettings>
            <EditStyle>DropdownList</EditStyle>
            <MultiSelect>true</MultiSelect>
            <ListSource>
              <SourceName>0000002300</SourceName>
              <Items />
            </ListSource>
          </FieldSettings>
        </Element>
        <Element xsi:type="XString">
          <Text>；</Text>
        </Element>
        <Element xsi:type="XParagraphFlag" />
        <Element xsi:type="XString">
          <Text>4、</Text>
        </Element>
        <Element xsi:type="XInputField">
          <ID>kb0000002301</ID>
          <Attributes />
          <XElements>
            <Element xsi:type="XString">
              <Text>病理性Q波出现导联</Text>
            </Element>
          </XElements>
          <TextValue>病理性Q波出现导联</TextValue>
          <Name>病理性Q波出现导联</Name>
          <ValueBinding />
          <InnerValue>病理性Q波出现导联</InnerValue>
          <BackgroundText>病理性Q波出现导联</BackgroundText>
          <FieldSettings>
            <EditStyle>DropdownList</EditStyle>
            <MultiSelect>true</MultiSelect>
            <ListSource>
              <SourceName>0000002301</SourceName>
              <Items />
            </ListSource>
          </FieldSettings>
        </Element>
        <Element xsi:type="XString">
          <Text>病理性Q波，</Text>
        </Element>
        <Element xsi:type="XInputField">
          <ID>kb0000002302</ID>
          <Attributes />
          <XElements>
            <Element xsi:type="XString">
              <Text>ST段改变出现导联</Text>
            </Element>
          </XElements>
          <TextValue>ST段改变出现导联</TextValue>
          <Name>ST段改变出现导联</Name>
          <ValueBinding />
          <InnerValue>ST段改变出现导联</InnerValue>
          <BackgroundText>ST段改变出现导联</BackgroundText>
          <FieldSettings>
            <EditStyle>DropdownList</EditStyle>
            <MultiSelect>true</MultiSelect>
            <ListSource>
              <SourceName>0000002302</SourceName>
              <Items />
            </ListSource>
          </FieldSettings>
        </Element>
        <Element xsi:type="XString">
          <Text>ST段</Text>
        </Element>
        <Element xsi:type="XInputField">
          <ID>kb0000002303</ID>
          <Attributes />
          <XElements>
            <Element xsi:type="XString">
              <Text>ST段类型</Text>
            </Element>
          </XElements>
          <TextValue>ST段类型</TextValue>
          <Name>ST段类型</Name>
          <ValueBinding />
          <InnerValue>ST段类型</InnerValue>
          <BackgroundText>ST段类型</BackgroundText>
          <FieldSettings>
            <EditStyle>DropdownList</EditStyle>
            <ListSource>
              <SourceName>0000002303</SourceName>
              <Items />
            </ListSource>
          </FieldSettings>
        </Element>
        <Element xsi:type="XInputField">
          <ID>kb0000002304</ID>
          <Attributes />
          <XElements>
            <Element xsi:type="XString">
              <Text>ST段表现</Text>
            </Element>
          </XElements>
          <TextValue>ST段表现</TextValue>
          <Name>ST段表现</Name>
          <ValueBinding />
          <InnerValue>ST段表现</InnerValue>
          <BackgroundText>ST段表现</BackgroundText>
          <FieldSettings>
            <EditStyle>DropdownList</EditStyle>
            <ListSource>
              <SourceName>0000002304</SourceName>
              <Items />
            </ListSource>
          </FieldSettings>
        </Element>
        <Element xsi:type="XString">
          <Text>，</Text>
        </Element>
        <Element xsi:type="XInputField">
          <ID>kb0000002309</ID>
          <Attributes />
          <XElements>
            <Element xsi:type="XString">
              <Text>T波改变出现导联</Text>
            </Element>
          </XElements>
          <TextValue>T波改变出现导联</TextValue>
          <Name>T波改变出现导联</Name>
          <ValueBinding />
          <InnerValue>T波改变出现导联</InnerValue>
          <BackgroundText>T波改变出现导联</BackgroundText>
          <FieldSettings>
            <EditStyle>DropdownList</EditStyle>
            <MultiSelect>true</MultiSelect>
            <ListSource>
              <SourceName>0000002309</SourceName>
              <Items />
            </ListSource>
          </FieldSettings>
        </Element>
        <Element xsi:type="XString">
          <Text>T波</Text>
        </Element>
        <Element xsi:type="XInputField">
          <ID>kb0000002310</ID>
          <Attributes />
          <XElements>
            <Element xsi:type="XString">
              <Text>T波表现</Text>
            </Element>
          </XElements>
          <TextValue>T波表现</TextValue>
          <Name>T波表现</Name>
          <ValueBinding />
          <InnerValue>T波表现</InnerValue>
          <BackgroundText>T波表现</BackgroundText>
          <FieldSettings>
            <EditStyle>DropdownList</EditStyle>
            <ListSource>
              <SourceName>0000002310</SourceName>
              <Items />
            </ListSource>
          </FieldSettings>
        </Element>
        <Element xsi:type="XString">
          <Text>。</Text>
        </Element>
        <Element xsi:type="XParagraphFlag" />
      </XElements>
      <Sections />
    </Element>
    <Element xsi:type="XTextHeader">
      <Attributes />
      <XElements>
        <Element xsi:type="XParagraphFlag" StyleIndex="0">
          <AutoCreate>true</AutoCreate>
        </Element>
      </XElements>
    </Element>
    <Element xsi:type="XTextFooter">
      <Attributes />
      <XElements>
        <Element xsi:type="XParagraphFlag">
          <AutoCreate>true</AutoCreate>
        </Element>
      </XElements>
    </Element>
  </XElements>
  <Info>
    <CreationTime>2013-04-02T17:19:55.2242098+08:00</CreationTime>
    <LastModifiedTime>2013-04-02T17:19:55.2242098+08:00</LastModifiedTime>
    <LastPrintTime>1980-01-01T00:00:00</LastPrintTime>
    <Operator>DCSoft.Writer Version:1.1.1111.29376</Operator>
  </Info>
  <BodyText>
  </BodyText>
  <UserHistories>
    <History>
      <ID />
      <Name />
      <SavedTime>2005-03-15T08:39:21</SavedTime>
    </History>
  </UserHistories>
  <ContentStyles>
    <Default xsi:type="DocumentContentStyle">
      <FontName>宋体</FontName>
    </Default>
    <Styles>
      <Style Index="0">
        <Align>Center</Align>
      </Style>
    </Styles>
  </ContentStyles>
  <MeasureMode>OldCompatibility</MeasureMode>
  <PageSettings>
    <LeftMargin>50</LeftMargin>
    <TopMargin>50</TopMargin>
    <RightMargin>50</RightMargin>
    <BottomMargin>50</BottomMargin>
    <ViewLeftMargin>150</ViewLeftMargin>
    <ViewTopMargin>150</ViewTopMargin>
    <ViewRightMargin>150</ViewRightMargin>
    <ViewBottomMargin>150</ViewBottomMargin>
    <ViewPaperWidth>2481</ViewPaperWidth>
    <ViewPaperHeight>3507</ViewPaperHeight>
  </PageSettings>
</XTextDocument>