﻿<?xml version="1.0" encoding="utf-8"?>
<XTextDocument xmlns:xsi="http://www.w3.org/2001/XMLSchema-instance" xmlns:xsd="http://www.w3.org/2001/XMLSchema" EditorVersionString="1.1.1111.29376">
  <Attributes />
  <XElements>
    <Element xsi:type="XTextBody">
      <Attributes />
      <XElements>
        <Element xsi:type="XString">
          <Text>病史：</Text>
        </Element>
        <Element xsi:type="XParagraphFlag" />
        <Element xsi:type="XString">
          <Text>眼部检查：</Text>
        </Element>
        <Element xsi:type="XString" StyleIndex="1">
          <Text>右眼</Text>
        </Element>
        <Element xsi:type="XString">
          <Text>：         </Text>
        </Element>
        <Element xsi:type="XString" StyleIndex="1">
          <Text>左眼</Text>
        </Element>
        <Element xsi:type="XString">
          <Text>：</Text>
        </Element>
        <Element xsi:type="XParagraphFlag" />
        <Element xsi:type="XString">
          <Text>视力：</Text>
        </Element>
        <Element xsi:type="XString" StyleIndex="1">
          <Text>右眼</Text>
        </Element>
        <Element xsi:type="XString">
          <Text>：        </Text>
        </Element>
        <Element xsi:type="XString" StyleIndex="1">
          <Text>左眼</Text>
        </Element>
        <Element xsi:type="XString">
          <Text>：</Text>
        </Element>
        <Element xsi:type="XParagraphFlag" />
        <Element xsi:type="XString">
          <Text>眼底：</Text>
        </Element>
        <Element xsi:type="XString" StyleIndex="1">
          <Text>右眼                           左眼</Text>
        </Element>
        <Element xsi:type="XLineBreak" StyleIndex="1" />
        <Element xsi:type="XImage" StyleIndex="2">
          <Source>C:\Documents and Settings\jin\My Documents\picture\舌诊图片\1.jpg</Source>
          <Width>625</Width>
          <Height>618</Height>
          <Image>
            <ImageDataBase64String> iVBORw0K GgoAAAAN SUhEUgAA AMgAAADG CAMAAACg jD/cAAAA AXNSR0IA rs4c6QAA AARnQU1B AACxjwv8 YQUAAAAg Y0hSTQAA eiYAAICE AAD6AAAA gOgAAHUw AADqYAAA
 OpgAABdw nLpRPAAA AwBQTFRF AAAAAQEB AgICAwMD BAQEBQUF BgYGBwcH CAgICQkJ CgoKCwsL DAwMDQ0N Dg4ODw8P EBAQERER EhISExMT FBQUFRUV FhYWFxcX GBgYGRkZ
 GhoaGxsb HBwcHR0d Hh4eHx8f ICAgISEh IiIiIyMj JCQkJSUl JiYmJycn KCgoKSkp KioqKysr LCwsLS0t Li4uLy8v MDAwMTEx MjIyMzMz NDQ0NTU1 NjY2Nzc3 ODg4OTk5
 Ojo6Ozs7 PDw8PT09 Pj4+Pz8/ QEBAQUFB QkJCQ0ND RERERUVF RkZGR0dH SEhISUlJ SkpKS0tL TExMTU1N Tk5OT09P UFBQUVFR UlJSU1NT VFRUVVVV VlZWV1dX WFhYWVlZ
 WlpaW1tb XFxcXV1d Xl5eX19f YGBgYWFh YmJiY2Nj ZGRkZWVl ZmZmZ2dn aGhoaWlp ampqa2tr bGxsbW1t bm5ub29v cHBwcXFx cnJyc3Nz dHR0dXV1 dnZ2d3d3 eHh4eXl5
 enp6e3t7 fHx8fX19 fn5+f39/ gICAgYGB goKCg4OD hISEhYWF hoaGh4eH iIiIiYmJ ioqKi4uL jIyMjY2N jo6Oj4+P kJCQkZGR kpKSk5OT lJSUlZWV lpaWl5eX mJiYmZmZ
 mpqam5ub nJycnZ2d np6en5+f oKCgoaGh oqKio6Oj pKSkpaWl pqamp6en qKioqamp qqqqq6ur rKysra2t rq6ur6+v sLCwsbGx srKys7Oz tLS0tbW1 tra2t7e3 uLi4ubm5
 urq6u7u7 vLy8vb29 vr6+v7+/ wMDAwcHB wsLCw8PD xMTExcXF xsbGx8fH yMjIycnJ ysrKy8vL zMzMzc3N zs7Oz8/P 0NDQ0dHR 0tLS09PT 1NTU1dXV 1tbW19fX 2NjY2dnZ
 2tra29vb 3Nzc3d3d 3t7e39/f 4ODg4eHh 4uLi4+Pj 5OTk5eXl 5ubm5+fn 6Ojo6enp 6urq6+vr 7Ozs7e3t 7u7u7+/v 8PDw8fHx 8vLy8/Pz 9PT09fX1 9vb29/f3 +Pj4+fn5
 +vr6+/v7 /Pz8/f39 /v7+//// 4rBdfQAA OJ5JREFU eF7NfQeY VFW29anQ gaYJTc5I lKggkgRE QcmogAnT mEEFQRER EQyIioAo qBjBEYbg IAwqiChB DARFZcg5 h6YJ3V1d
 4cbzr3Wq A0PVpaq7 8Xv/ffPm 8aDq1t1n 573X3ldY xbwMU0rT sAzTlpZp Waam/l+p mUFpSsO2 pG7aIWlI G/9m4DO2 zn828dFL e4ni3k6a mmFZeEI8 J4iR0tBs EIA/aIYh
 DcOwbVvq lmbj8aVt 6vg/tqGb IOXSElNs QhQVhmbg saS0tKBt W6Zp6FrI DkqcvNRs 28QfwBN8 ysKfwBKJ b/x/RwhE CU+GC4KF s8fhS5Jk 4/+TVo6u gVPBoNSk rYVAik7i
 LMuwTTCq uMLwP98v NkfwuLpp 6UHwAcIF jQmBIVqO YePMdZIH kihn+DMI 1v0G5AoE X1oqQFLx CSELFBtw QawsXVLv pS6N7D3H t/6xdcO3 3/yy6sTB FQc1xTkL wqVB8EAz
 vnLp2FJs QiSEB+IV sm0jRAOG Zz36x8q3 n+rfr1X1 klVKtykh hMcrSie6 U6q26NJr 8HvzVp/F R0L//ym7 rVObD8wN gAQre88v UwZ3LiMS hBClanUY Omb4kglD nxt776Ab
 e91yQ6Py ZRJBlajZ 5eUft6WD GvDPgK24 NFeROWLD tkJ1Tci9 ETQWu546 u2vp6IZl hXClte/3 xIQ5/z2U TYVWF22B NLJOn9i2 5J0RvZqm uYSnVq/R Xx/KBO26 DimDNOow
 Z/iQMnoQ Uccr/O+R HygyIZQn mibLR/ex wptYK02I Zg0fe3tV OmhU5ha6 Az+iDK1p BnH25AL0 /tiKsV1r uYQo32rU 9+k23A/+ A5ca1OEr +ZwXJURR iG9cSGmR CQEzQnDj
 Gh7Y/HN0 jRJ1kzpN 33EiC4ZW Gn5Ty6GR NWDI8i4Q oQfhIwNU I9M88/Un /SuAfTWH fZ9Nimnh YNbo8/Gt ixgB/Cst dwRLikxI kGqNMMT+ c9atyUlC lPwSD4Lj tjSQgoPX
 1S8yaglf YA05gr8F b5SLlMeX vNwzze2+ fOhaC39v 5OCvdUX3 xbSGZEYj tMiEmHYw R8qT397s difUe35m aq10O6gb MkRLjGcG mUqaYW7D l4rF8BAS xgHMtP0B UC3tY1Pb
 lnO5r33/ GPRNAyEx NT8cOUQS W3RCcKRb 32grRM2b Zx615RjP r5AK8AQ8 p5QozSAT 8p9MOUH8 lyH1EHkn jUxp4Czk kVHV3J4a IzdIGUA8 owTnIhf/ MdpHikyI NP54rprw
 VpkMKsyA +YPYKBHw MhqEXAX0 sKWCQNFq KWFg0Gub Go6dPtGw QvgI/kyX f2xa2/LC 02+NtBAW xHKSKqiD C77gKjIh J0ZBV68a fwqBuQ/h SHrVFyT1 GNYH9gyM 4IPjUhzJ
 k3vGXzbD SHp/KgS4 Y+uwGFJu uOsy4erz FUgPa4gj V5Ta6TmZ hSYEzkKG EITjR0O0 jpoMQjq0 D5sLT7Op WTh8uAmc dU79ewwT p13kPEMe e6eBEPfv BI+kxcAZ xOI/BaJ5
 3pMroS00 R6C/FBKV T0gzJC2/ bUxuL1w3 zM+G+Q1J O2RaRvYu 8RicmxWK qaxOH0B8 c2xGTVFh 0A7cETyy LETLzGKi XkVQdhhU mRM0dd04 Y5mwOEib frguwdX0 HUoExAhi
 z6g9u0k7 TbeYgxTx YoAg94+v IKpM2oP8 Ug/AyCGW jkZIVLGL qSPMXfHM tvST6Yio /rotRdT8 0IdkzzLw bzQhEHM5 MPEMlCQO ++lAKNhA I3DsiaSE 2v+hrQCv 4V6ifVqF
 PYUXLVsP ygPjcEoG ZEfqb1fx pAw+RY2W IUsGTdpU pCP6NNcy GXT45XiY hCMwNL+h W1v6CHH7 Tlo3yCz4 csHl5C5j csSy/bqc 734TDEAg sesB4eq5 24I0QeFo gsB/xlCG
 3OaZwcyq yKJlwwvR ySCQmV5O lP7SMKAj KGJEEhLd nsQkBJbD knvLdcHh 63JeFZH4 IiJw6gf+ GtEI8z+N 4r3P8xEY Zkf8cDzc 4GdwBH7c Tqdf2XSP EM8ckVl0 sJeMIwyw
 Q2crlzlo yOyX3aLb cvwi0iJF B4ItHCTD 75C9xzMI li26uYyL GOXnwGUT Umv+s75o MI9mOO6U OCZHbDys Zo0Q8+XS jolJ0xlI KZ9FvaY2 mhpcFH4u ULc3pI9Z usZApcj+
 BK4KSX3w 9APC+yLq YbDELDVd LEMJH1NM QnAqqOmc vvKKUV5R aSUUPDfU CTEKRETF nIj5hH1H mxyoCp6C WorHKeoF QlBkCcrZ NRK7bYMX xi3B85jR ZExCWI+S QW0qctSH
 0mm2FD+o mQx4IAkU LZRG5Nue PTo8IoNY UFf0FBaZ s4H75shz D7sq/hvO ieFy7Igh JiFS8yNc 9bctmfim tIOo5YTz GtQa8N9Q d/yRkYSp /5y8HASp uBa2rMjW CwfDQB23
 lvJ9T/Ii mH0GosXn CEQUfq6/ SBKvSX84 v1D5AEhS FVLUf0KI fpH7dR1t W9ngmA6t QWW0iJcq vNKn63Cz n7rEOJ/t Vz4sxhWT Iybs7po+ 4vbXRdVt EpVQpet0 rDh+za9r
 iGXJA/z4 8Mvp2cEO aNV5eUis J7jg35nD 03PDiwR1 ubxrQsdt pCOm8YhJ iB2y11cX d/nM10T9 5dAAqR4c 8SHUkOG6 lJln/1y7 5qvv57d0 DV6x8rdt pyBxoaLH XCo9ZhJG
 k+iTR7uK hjtYII91 HjEJ0eWn lUQ/MFpO SBBP7UCe oYeC2RnH /7t22vjR Q0cOvq13 iyZukSjc IsElvB7h bTJo/hmG L0W8VEps wz9qsInS J0939rTK YKBXVNGi J4DjM+Q7
 HjH8HJ24 9XVX4e3c qV3btq1b NKyeLNyp JT0CD596 ee/7h770 yZdjPd5e o4fcUl24 Lht3RIk1 4vuim+Hc B5cHeng6 7gPnWe1A juxEjyNH GAEybJss XJOkidw6 iFBq6/C6
 5VEtFMLt Ti7frPsd T7w5+5t1 e33MWeFs 7i2ZAbE7 /ctLlUTt dewcsIgV 6yRj/Tus x73eRqtt FDYQbDuL rCMhyKP8 yEfhBt9F iAgLCz+n y2BW+p4t W/7c9NeW P/ewHsVy
 NU4+4Efo avwncaOW jXjVPjAq UYw6gvOD usZ60Fj/ zgL5eNHo jA27iMNx vJ8zRyCm fvmCcH8C xmSzXsUn ZoTKokG4 aohcHIYL zgMPD195 pNQQZZD9 MvhHa9Fo hQzhFGM9
 aOx/Rx1s UtLNZ3UI +/lVmQu+ 6EyI3/bh KJI+ADmq 2A6HAQHS UNfkIaE1 gLiEEqX6 I4jwwa+7 SmQYIcSv tmaee12U mAWmFpsj Nut9+vOJ 1wdDdPjB QusIG5iT hXiJAQrk
 E1qvSr2K H4izIDNw 7jC/bNvQ 1zO2f9s1 l60e1VmT C1LFZ/T8 xbxgjYM4 wYnup2HK KMoOl7P5 NUO/lBFP htgLBDFk hsknV4LE fo3GjifO i+wglZDh s9UHs4oa kAE0b60f
 Krlm84PF u+BbGTee vUU8Lv0X iYIdCTHt DfU9t4OT sLuskTOG oo+i12ZU R/ZQ/WBV VLcWwbth v5X2Kwuf CLXYuN3Y yP1Zsc2v iuiQ3wb7 iWdVESde jpj0HuyT Z13mue5E
 7GAt/77g gXm2fHvw A84MjEIH 6HBzMTYU gM1jvaWo F2SAZVYj o4t4ET1U pHlsDMcu PtAh4FSt wBOeBkfx jXh/H9kX cqBXxT8l pJGtaPxf uacRBAIs s3OKLGJ2 gDdgsePH
 UuILWA/E GPAmEc8V KVpmEJFO lpwi0lYZ KMvESwgz uaA8VqoN 7DDsC6QP yZ2x93Ix 6pzqwBf1 UumzH2w4 9bonsfZO UEIGRXI4 ghDUoEP4 7vwk12f4 CvtM8V20 VKjovOb+
 C2G/SupR abXkHzWT X5OBYOxU 1elXVEEA XFhyvdvl 8nYIsvGo CpGx/IjU cmTA2OAR Y6WfpjQ+ MlgFYUk6 4GvbIQjr wmYgO4NB +VuH8t8j MCiyGbY1 tPDluu6u 0sM3fNtA
 PEyDbsBY xiQEggWX 3japH3wc oAtxWx2W tGDf5Dfi ecYy9Pew XzBr566v sPsiMVKs g2KN//C0 kqkvHQab d9wg3mXr hWidWBxB 08wMPpdQ eT+8Bjx4 /KJFq2uj NPiamAbW
 qyYtZDkY sDNaNv4V MJQiXjC4 X1ZNvXcb oTiGnV6r 9n7YEfiu mITAbctf 3KkbGCgV Cr/D9iBP 3neZWIUa ETiU28C2 tlZulBP3 gVz4gDLj Xlfjny1E PXBeIWO+ mAyNYWDh
 xBG6f9Zx UYg53dn1 GmElRTzD fyU23IWY CHLM6h17 SzPEWwxr 6E3i1jl2 8IL4n6Nt 3a13w78q p46mwBPl fsCRRYbz +VaLaTg7 S/jxYaJj djBKvzEu whDjzXJ3 C7C4TpVE
 fhUwM+pW 3sdiCwEo cd0EH+I5 oFKT2Vk8 kCWDuR4d JQ/ZuNop NggcOUI6 WFQw5F9l K63nYaqP xv3DeTdG JVh/KOHW k7RiuJnq kJqLXJ0z bJSIo9h/ R8IQBAVl dlcUb9gj
 Zmaojlqf IIZIgI+c RYuRLb6s B+8U42Se /yiUloTv zRpXb083 dBYVPguc QNR5p/cZ VQ2L4gAc KIEbgiN8 NuV1mK0g A9Xc5rrM 6Cu+g7Y4 EhLug+MU vxO10/15 FBeeEFvP
 kWbGja7J SDBhyoET BNZGnqgm fmcxNX5C 4IaC5nbR JFOHFcd9 +OAUf10e rXoFzOlF CIGhYTn3 Ku/nbBoU FUnFOq0u DzYQr9CJ 0CZDon3y LXGzjoJX 7PpU3gOy QhfqXXoX
 PTtihNwH h9pocqF3 OIqzTlaL CFHQEZrh 6hlAuhd/ Pf+CG0Ik cH6hHXU8 r6B2oRwK DKImn3Ct hPo4NTej yBfs7WS4 JASNyPwL nhuwgkB7 hKLOfkT1 0HzplRJX sXJb9DoO
 3S4CyFVV xHCWVtFJ J8TUyKzc CgbAOZ+4 8MHA2V/c fcIlBzu7 wDHDvb1c M7FljjMh MDOoHb7o rXWWJaS4 Q5Oougov JFdX8AxC ikJsoMIz fiM6mzCj qOswLY55 fzRemydu
 K7CyLIsr EJRvgMsl ahyBw1XV iLyrwI+w RBLMqMOE 4iI5fnxu gDVuubJ5 iQcQfyp0 Ghpqxlew hqiwwJYF 49B5TZ/t eRohW94P osyG/kKO 9fWVno6/ DhUvoNWh mjMRhOCU
 QOR7oh8B 00VvOOU6 HkXJ/mvF U4wX0KMn ekJ2837L Mgwr7XlC 72QV4S+0 K1P3n2cc WAqAd/1n sngIffDO rq+gCZDa SI4oZOWp Bskb0GJB w6vQjjDf 2uR+00QK tLeluH6T
 6qPADobk ztQOWcTd oT6RV2hz JkT+KQYS MZz/pMRB yWmi8gQ/ YCObEnur yLHgMfNF C8bFr89w 91FxapHJ oO/N/Wmq 6MnHvZU+ Rp4NyaIZ niimMsSP A7KCu7wt lurnuT3E
 V7o9yV3u 3yrV9TWt ugvHfZ5N yicEQbI0 bhBfIL5x QE7Epx7h Tyk8PBPF KULM8MO9 wwJbWqBD xXPSh9/h v170gmvu UyL9/KI1 VHtdZ9Hm DxbNkPoO Q+LHKk40 HdHNdSl1
 0HKC7S+q Nyx4OAba 7JfaL5Vw P3ZQnmOl NWDNFoNZ BcGh5sVy juQcKNU7 wGZZ3gd0 a3a5hGsA wEBNA7Zi V+mGBxCO FqTQ+Rwh Lvxz19MI j6iexZCt XJaw1w8U gy3Xd3U1
 +xVhHiPI o3eJzxAQ g2FAmPE3 nE9sjnid nrDAvk7z ikGZTHhQ XQvYVj/x Cc6jwC+B kPAdLUP3 t0nZUuQE yPFotZzh ovIM2mA4 l1AfsRfN QZZV0KJT yggbSqxU gbFQwYB8
 WCxGtMYS BprVUmbd JWpMguEO ixJOYUXC tfD5BeF8 AUcsa567 O9qdl/iC ntiflE8e fMyEJGTK c+1q/wJX krPl9zVo S3CWQebg YM/z+AiR 8Zx7K9ZK Z9feYg1B PzPhCvGP
 Q1LLe3B8 4Fz9hL8I 64n0IyF5 e8KnxfTo UQ5BtTT2 dxdlxhMW pwUONy77 /ccDuySL 8rUnnWCB QkEb5Xkh ByxDSC5i ExnfhaDn BJdcKep9 E4JfyPsY E8Ch4mWU AfNdf0Fd
 yzyeVhaO /xIzhMAS GF/tp56i 7aoAy8Qz RFppIS5/ +J7SotHc EMBHDGgL CoGskoOQ iWIl/sRO mTH7SneF SUdZSSek OPx8cOrb ql6dm6eo v8knJGR/ IG4oevnJ kX7mRQT6
 Zs8tLzqM fPeZfmlo 2bf/Kcsw djwpPGN5 5qy25h8g 3B499p0l tocIzDbW 3OCq+PZp elGiEQrQ pYZs6V2J MOUC0QKF gWvFokJE p/FyjpqK h4MF2/1I Elqnot7j vZPKzmL3
 Rv7YSdyF tilbMfmE 4I/w+/sq XkFvlrNx SFrC0EMs YygEBH1I 7iX16eLh 86AiuRwB IZtTK6bH AZWIl4C8 z+EYLQAI EW9p5vbF q1esPym1 FaXFpCxi hPffIDos I5q0oLwD
 H4Gk5Ufx VkjufbuD SBm+l+KE WgioQVSe b91kzslq pY4UhFIk JFw/eUc8 QZBPYR80 5udZfmDL gVkqoy4W V39v6Lpp p0QkdeLp NmIibG+B sSR8Sgut qvT5X1Nc 7oav7iCk
 Dk/IOFb1 p/MdpAw9 IZbCrOVe gmgLFBXN UH/XVzCQ cZtf6qRq +8R55U7D obiGZq/c 2UFc9QeF Sr6VJBYC KqEAuSwX I3i1AvbY 1HbC234e f8DBcUJp xonJYdhV WNkJhoO6
 nSjn/oVR UJzPBZcW xDnHX1IN 2xqE54Q/ I+57VJT4 QEp/UH5a wvUe6v/h eRSmGDmW 3NzUm3DV V8CoO88u wL2uKd0N YNfcoxSc zCGEZUtK Dx970PES YsOWsrwb 7+fzlZSl
 geBZW75S Vgw/DHCk +UMtcddx jl7Sv+kB FPBfqSra rD3Hshzi M4cLuqc3 8WyhjQ6b Xz4MmuT2 UNdEIkfj fi7EEZwf if8LvDOb woiD2fgN 2Vt6uisu QAQYSr/b dd0ZwqGl
 xCDZzlto 2+ZIjMwg v8w72AgR hsKdvVks 5lREmBDo HmTTyqkj FiGSiVey 8O0zPuLD 4iY834rh ceGPkTRY 1tjkmi/v QZEoY2jC fWygIgk8 NKKSeOTz xFK/GZka wOt5ffVI
 3ZVZQbki 4f7zw3gQ otv7K1XY iRJlbICX eiAcQ8aY bJxBYSEa BKuhDkKk tYZkeOP9 rrJTTmFo rrF4mvGW /kq1BPGh 3JPWmV1k /CcvjI9C CKKpfSmN 2LHOVXYi hzVrrWiX
 hVgoPmWn Cs7qzjp/ fJ8/n20Q GDVXAocO yfHPqCuq v39G7qjk un/Xf1cO wQhZwvU3 NRGPUPGR 3edDCiNF CwMLpxuL 1Xn/IKBf SOXML72j YPriPGAS 0mOKGShK KomfQ/eE
 LXtAj6Cg WeNreJve dXuauKx3 Qw5fupIA A/W0ygH0 RM0FOcmu OsOR3jfy PiJUtVwa t3tW4ZwK Mu6C7+ca ckZsasAY CSbHdO7J UOAmlhVR +YZFhT1k PzxepQm3 GNnwTf+i
 AWBronzN q1NbP921 ZRJwVO6S W1A4YhvS 8XawmYa1 wnUfjQT4 ZgvlcbRN JcUawGSi RPHhwTXE y5AItmuR 66GWe3Bq oyVLFq3D RGQIMyNS ZssNzfdB 1OLvp8Pi EcIdDPnk
 wb7C2+K5 d+qI6kek cW7ttA5e gRDdDCG6 AtccLo5m 2LtEH83P jNO0BEef LGOVuOok Y4lIa6og hqgb3LcM uFk8MGT8 j0kPdm6Z 4m3V+qrm N7y/h5PR frmwfP1s CS2L2xwr
 TAHmBwy5 Kk10XXFK ai+VqjhH Dcr9XNrj LjXfxzTf mSUKjJp1 RU08FPGc hmBp1W8s 8dyHZFcB Ty64yDD8 U+gf3n8x pNCN0w+W n/zbscCo a3L0gz+O 6dnixh1g 0Vx3ve1E
 38QPykRY BylF8rQg 2fPkOWDj zElCeH/h ENn7JceU EuJ1tJTR uHfkCOqi MqtzImbU OO0Mhwid Ccn3xWBO SEWxWkrd GDrcJ94D w756oEKN NZ+MNK1V I/nUUv52 S6V/WxNE
 x2OMtGk5 4r4YT+hy qkhYBYn1 a+boUlOb lf23oWXW 7qE/7BWe l5ESOvcc A6wGyQ89 c0wkZ2Ad Yi2WJUaK MWQRk+QL L0Z74CO+ VPaNzDeE eCTd+nmt lJtfhtcJ Umnm1+8l
 mh2BzBWq BY3fJhJs XVKZpdJH QZAL62gn WouFcmri Njmg3swm 3vE4Kke0 KmwMPM80 lPw4VGuY 4Aga2IGb xSyAqVmj jaRDTXii SGV9n3RZ kngEaCwE e/LQdLYu LCvHsie7
 xBLoB4ty 8ef8OEiY j/+2TFlt KQuBbk6n WTLYscz8 zjcGg/UH 2fu7Ji69 SATEmn5A bi57mxFA nGBJBI3w sMb17g1q QipKzBEe cYQdCMob hOhylkcP Z3RsMkNT Bo47mtTr
 3Oc0yzaQ +rjDeuat WmiA+JjH zrDXMloM 2TF9QGp5 70hje/Ux aLGVv+KI cz8FhVgW X6+vkc3o XZoCMRy0 5B7xLTdK OMs3kF/S 91Ci6IqZ PaK95V+P hScu5M66 yVvO1PmH
 CiARe8Sd 0WC0V/4r qSdb1soy Ir8omepO SSxR5xlr eROy+FMB J+3sEVlH PFH5Cvou JMsCBi5o Harl/oM1 MueQA2d/ duvoUvNq tjgJ8QFL NvU3DAQ6 5tGmyd9B 5UuuZxUf
 6Wi8ug43 YhgDk1Yh WqE1ActD v7jLzO0r EnvfPajT 5euBGDt7 X/X9joer pn9kzjW1 ke6ywkJl BxfL1DtL ZJpzJwmE LPtnpTfk roroaIEn ZvodmTQW UM+l8Gr2 yO4hxM6F
 mLZgpm5c 2Sigxtdp cIIys0rd jTcKb6XL SlzV+Cz7 EBlpD16E wQRTyuHe jVRf3RKw C4a9I+Um oCthvRxb Ysz9724X Cuonbmqw i33BXUMz wVKjl1gS RMNCnqz8 H7YL8ux+
 bAGDxTIX pI5QdIQt Z8i43XXz MyXddzZJ q+uezVJ+ qHsrx1ya 3UGkLK+K 9YSJhUVL 11eKwRhj Bmsco1lT btlR/W0I rgzdWn6Z zJQ7bz8H hg4T0xmq UcDvRPk9 vzgemxCc
 pr+bawOh OMoqQlKy X6/gHtfp tjUz+1dr 0HEx2gLm pBrbnHWE UaI20rUS Uol4SwAs bshfXH3A F2qI0/dM e0jLWqjf Ys5FDvLO s42TbXf7 /A+5pyL1 4Tyytrv5 QcQ88afK
 YIKvXi1A ihVDWDrc cU2C8JS7 4tUPNy+s 9NKUSuvA 5+kJi5wJ 4bkbz4vP dCxZCUgG jZr1a0In uoH/aZP+ r9aawU9T 7wSmTqXD j4mP5LEO W+VgwGGB loSZsGVm +4VMsePO
 +cGFw+Wa wfCGBcvQ M1s32vRS QtrDX+zv UOHyW5+9 puMpqR+4 bIjjyXLi jqXVj5RH lDC/iBS+ dj0LEArL O05Gx/yr a+I32INA uKdmjBbj fm3pnymm EDwOMrLR Q7r1ZSsI
 1xRbqMI/ gdB3S9n2 PuoACdGt xZDSWRXe k59+/KaY 0OOenSPG g/+P9Hbk CPQUWjle zOOQnQyB I5CIpZ5Z xNIS5HQh JegpwmMD 5Fmz7DmQ iroxCzev tqmX3Lfk q6qyHB7s
 sT4eyFQI fFVCGtsx mvaxKo0y FfCVc0LW gM5BX+ce z731YotW Q3qveHHs wnumGsc6 3ZSbIkWY dQgxlfpd 8TEaWzgV cASUfC3G OxECNxNi ayiz4c0I nFkdz7HP pGeP4vTO
 h2s+mzVp zDOD73/w 3oH9qzbc unH9quXL DgGoAU2O 5U+Qxx5P 7spsCKop ffqqpgvt gwk91/US d994+dFR 9z4/5P5S v3/p6uZE CMcj4ITX ijcN7A1A FUU1jFZ4 nncihGkp
 QJpylWg8 6qEHu3br fesNjbpd 3TAxQbia ta3TsHnH Dtd37Xn7 7f0f7S1S KpetWLfC P9UEd8wo GP5wW+lG x8E+1kSl 7FnPbx+r 2KzfzVf0 X3p340fu e/pf45Jb Nq/Yx5EQ
 ppimtcn9 PPIhyCZy dhRPVicM deTIiVGL uLZlvGfM htn/WrF8 2Yb/LPrp p23TRaJr sHYsE3QS Co/r4C0b /9q648hh HxJNxGWx OILuk6+7 WK76lZDG 6e6PMCbb t3Gbya92
 +O7Zx9/u dftr/Uui EjHKiRCq Mwj41jWS pVul7JD5 NeJOJ0L8 /jHlr2z1 wE3C/TXx LZzA4IP3 cnuEmA6c H/TB0EOh kPbVhNwl QRySiT1F TfpHcF6S OaF+uELD kzLHnlF6
 2vzJ74qb F1edstZV d2hSCjBm YesRGfoQ dBCSH4mX USWDKCNE AY+2lXrU kSO2cfjb ya8tGQZg Ohr/qDwA terr5Zlb v8/d4mkA 14nHAlbC ePNujVge 4GMVGj4W R1jC+FI8
 Sngdbrrc NZ8QmJUp bWeU7Pdl qR6Z19ct NU2+6m2J Qn10QtQE oak/65ph s/iDfIQD AJn1xzha Lc6X4pO/ lljOIFNN c5y7LuE7 u90n1t2i 7wnE0iFg nQ174HiY ApxueAFK
 zNwdPsk+ kJhySu3b 0+9uisTW 0NY2rF6v 4xjf3gc/ HOBp4dcX imb7HXUk PD76WsKH FCzbRH8E 0Vaw7lNO hMA6QIqD xgax2lYo bc04fWPi D9K8f5CU z3nbH2Vt CP7F7rjB
 YJ8DoqdQ I7E4wiF+ Oc71Dvqb Mngs5Wl8 MWSOEf1f Tild7ZGX OrV7frNt /yNBPOxE COejgDJa LyawsmWi HMScIthu DMuY0eYy 8h7o5MCP EaUjv5Rn OrjnSp81 FOZCPudu
 fowzV5pc 1iyTAwux /UfuDbkw yfbVuIZP Yw1J+wsD BfLk5S1W nbijxNVX d+nTbgcA 8eXcomU2 LEG0+Xgi pBExvy9m qjjNRBUF v63XexBu mdGf40HK Q18yHTRl Vj/vv3EH
 fQKwqAH5 vrvVYQJl zl7zFsRd iz9EIddM awpAfaGQ r0pflHLk 73XLrYPH 37z37PZV de+RB2uU 7Fdd/AaV RGM4gsPk aNDw3+RZ ASMB8Rfh oK1Fm7AZ RdfS4QrJ WfP4nGcH
 Jk5HaJQt 3x6DQcps +V1qtdUI yRfXDsgc WLO4CxDE PlrGuZvE G9JYUHMe HvXnaqV/ h3skMNSS 8xtNuLf8 FPmUe4Ha nojPXnDR d0AXbxS/ 0EubVHbm aA+WOg50 CFzyRVhy
 vPOfgNh1 ERPVvKu5 YCjRwQH5 c+MyywA7 Go2A0WCb MM4L+Q2U XB6rLz47 OXgo7N7m KgibDFRG kEujOrxt WP2eQf8k 1xRuY4hi PFShV7e7 iZ9V3KYL 9BmBB3pV bOOA+kXW
 gcCkzmgR REI4lRlt QNe/fwEs JUjhWAvX +K4dfcTq FAbXy4oL qjEby4n+ PWaGQocb J81BNw9C kkPrIb/u fs3yABB9 L3GwNcqG AbqzkH2u XpltkCh4 AEFrHJST 3T+rcTbn
 lhXhiI+1 bOF9j7aL JbH5o5AG sFcmd7b3 VlJralQ/ Ms6L5TUY uKD1W5fU jsflqb7X LUKsolZv saG4qGmr Gh13a+PQ aEQtIEqv ktOVhtxb ukaGKv/Y 0BHG8XO8 0xEccumB
 03NwZio9 DcEl5vHZ vLcXPkvh ZATqv01U wOK2TNbX 49YRAgNY yAZSYXBa pyk9y66E wqkVL7o8 NPpq75Bz I0uPM2eL mbDPrL1d +FycEg4Z P3nbBFSp 1mRihYnL DeIplLSJ
 k3BMSKBK T4oK5eFB 4B9h8/96 Ds+CsTDj xIAGHzR0 j1Djh/Fb Le7XUtMy foQZqd6U Cs+fyGYc aOxa9WSK K/HdkAzc XP3zhe4x dBNR9q1w mDok17ju hi1FYwMF OjanzWXi
 DshJ7lRA NFpQh5Sv iCf33up9 ah9DqUDo p9tCNkRL m1u25jr7 aF8x6BzB ozFDk7yb c0wSN4Ji HqpfMqFh u+TER7p3 69rr4bal EsS1b2wm LDV7xm2l MfOMHDTK qBe7RSG5
 1D0FAQ7o gB9R22C3 ly+zX23j dbI6OL/x 4jHccek1 NZ/dzVvP awEZPfVx Z/ebAWIw HvVck6E2 MMV5ES0N zCkMzzee 6jV/ytw6 55W+NZrU aX3dvXP/ gj8zoOCW 2S1BLEVI
 CPMecVf8 JOZkXhJz VEQJh0ir Bano7foJ kBFn82tq Q7zDQDIq +HNrVe42 dNXSAYmj p3avmnwj luiBft1G QSWAPmyc dCBChobB eQXk66US lzAPMOyz viysr2RH iQYe4JXP
 EsQyfIKT /xfel8ss 5cnmnjVc BslGD90P zNZE8Rkw YM4hkrm2 5FjgYohE NjN+fb1j raqVhLte r3eBFeFf sh/84378 V9yE4KP8 asD+vXxZ OD1UDDgr QcQijl+h V9jJG+q9
 Mh25NltS F1wcapOn GpTZh1ST HXb0EOEN AsEl7jdZ I3Psb5i+ zUwuOR3P gqJ+5ODO 6wZm0FYS xwHwGOqM zDXjXlqB g2YOIDfV F/fhxvAE fsxSECFM qBo4oEaC PhJiBAfq
 I8fYWfsO bqnQC4gb Po9KdREu Bra6B6Fd 74wlV0sR 0CKkFLEM g/N8/GEl uwpFwkdB l6MQVosp NPRzdWXh fp0xBeSa xkKBUxV+ C5gyjJ1U qCSmsPAX GaJAMe3X CLfnvIiB
 jhVKJHjE rHINzuAE HEMM2Fzi JHGIHGcx kM/qb97D ah23fRL5 jb9lnz5m HpInITSa urE4LTkV nTDgM/ll FNG5YRa+ iLkA2GJO d5dMBGop O3JmGEIc sO8Tc9iN p74D5qQ6
 Jvogzza6 Ecd6mBrA 5pYg/C9c Kdzih614 iKwz8mzZ L+Kkc7zK jiMLyG9L epu4vWtQ KkTWw6EZ tUCPNgd3 5ZzAN65h 93hqIL6O LFNBpXLq p+xUeTD0 PQ/TaL7t +ZBLrON9
 DvBuYDs4 oriVO58T nEakg8OP LUsSH+1M qghcbGRD h8l8SC70 jDVvSUQK hydDvHse ZJD15q3J LbPzYU65 P2CuFo9D POKfltbN sT2LtBAM Jw8Li8DC 2ndZ8kK5 qXJbtMAi
 DwQZD8T/ W9HBPNm+ 4T+JRlBr 1vI5A+tr vp8wIL8T lM+RjKZX sJ0ZN0tM ObUySo+F 5ggkGTaO gwZneohX LHMJhpSB Aoq0doh/ LLm4xM1B 379Tah3n zlPU4Qoc NqRPu0lM
 iSREvoZC BpBt8cqW pr1e9oyz TjnehmoN EYH96y0e tLLkOvEV 7WuEDlCY NPsLcSPE 6QNXD6ym Ioq2gBDQ fryWZ0Me XCsf92vK vald8em4 w3Dd+nEm 3EahORKe stHk/n7e
 oZjA0N9t dJzpR2QI AlnyW5tT amSGZGZr 8anykucZ RQjbIndj H8ti6soX LV22KJ8d ZcGj49Eq OG8hem25 N4Kkw4yH 1jUSzY/D GMnWLUFE 1DAdWmBt bT2cEwHf uWv8DOK5
 VD8/6NTk g3CW+X+T Twg6OZ71 SLriFS2s jOZ+pbjN bd59uXjC lnsaiwdO cE/GvjoD sEQlmtWi vdeX15vE JWrG02II dpSp+DDv QIychmXX 5YJQz+dI yN7seq4Q 5pflIzQs
 Cy9aaKFo OX1QowWQ MiC/FJ/z FRNRbAwx nHJXcmO0 jv3yQJlm fGPGeV1n Xd+d3Iwv BblAtJCU 2E0qngqb NxU9/D0X p1h0IEba Z9ooaNna gAbsDkXB UjKBNYyc RrWPoVJr
 WQ+JNUQq cH4B2sIX g+jjvMMR leU9ZsGM lWUPdc9C 9qj2nccf xRaaXsjj gpRqK2jq A6GDSb3A 2WiBDXEx WNbVsfFh BWdbn/QA O8bYLaC2 tSOtOlE9 +efzPHjB QKVmbfT0
 YVFJbRMv tMjESxDi w9VpmMFF ug7XMFsA y8dOWcTX qX8Be0+F spuxZRBd ytYVgKaH LnEmnmIT WiI6o3GX r/wF43vw rjenHVEr p/C5uM1w vAQUKHtG A+8wHC21 Xg5I2QR6
 uMX0wvtA gvDQpyvV PMzYzrSf df/E1zio t7aw2Czv dk/n3FaE aDHXWCvm qHe7FHkG PCZVDOde SRrA5XQI pc213u7s O7HqfOFX Oakq/Wca XHaSiBfL /EKMIIyG q5dAYcA4
 UKPsrvND m4KJHkpq k45M0fCH v0uyINxZ tWqlI0JR LBgOmD4h fVEOgKhq hNXNKh8C Thhl6S0J TTmVrWwR JyUXiO4I twvqcOeJ FpLPdxOW EOL4t8kV S5mful/C LhuiAC3Z
 0f09qwz0 2hG0sCFl BTv0PqoS E5ndOfkI izRc5wB2 aiM977FT HilaBDVY GZUbnMMK vb+LHxzh M5/0bAIw XlnhHxMv P0dxj1YX xDPQBLw/ YiPFjlPs Yi3i+vBa EenbXeby
 M0xDIpWd G2F1OVr8 Gs5TYkp7 YT8A4UbV Ga+3atg2 nCsjDJ/q HemIUVYr ZnX7uUf2 UqIgZ+Pc qy2MYPN7 kKz7sICY u0Lz/V2B jqCFZ5oH U5/gUfEd B5f4Io6A 1YEpYhER
 Lwa7ul1K bI72vofw L6NepNn+ W6tvUDYt YE0Cngql N85em9Z6 dyc/ZBP2 LMJqMeTA WMrw5K1B NEkKj3mP RTccB0dn vnW1xikS zi2tNdg5 4AiR4ygc eDixKm0T 4cFvJH2n
 MfVTMOrH XGPURsyC 1LxgMlS1 y61A4/tp Dwsf1cYi hHU3Xf5V t8x3SD+Y 5/usKUmL ObMT/ZvE 9yMOGVbx N3Xsptxa bWl4/hep 8k8pydto k88bbjvP /OIHsrPl NKwoxO7+
 uDPFWAQU OELc9ERT wGEhVJDu kDxau91F 1nfRLIcC 2kSxiD4H AfCPCQtR N8Gry2Cq Xhf3oHqD bDia1VJv lgPkvkGF THQp4s4U 4yUEVSdM BngmcNkA d5ZZ2mdi BuyL0/fZ
 sMT/Tk0A Ag1BgCFH iE1MLVkF 3J9WdQuW QVOy8nW5 wI8wJDMB yFpXAhjr S+8RkZUf 7OvqlxPE KSKfAvSg X9L2i+wS Uu+68Mmf vIAYclFn 4DnPPi5a QVAcukO8 Rhz//yxm
 Pk9H1EoA 9PC6iQWF KLTFyxHD +qG++xmV r9NqGvYi MYABl5N5 ZI0LtnOx +ApHz/GM YUlH1Kvi QuaKkmnb wiuWzoNT RS7TMxYl 1T8RXiwJ wuLuQF1I UL4Sq73m ONRJJVAv
 4Qg77wq/ 3jj5N4Bv HB0WDBsr Qj96JqnJ Ad3onfwH yvLcOdgO M5gR34sg BMWKgeJW na4Hk6lF X6qa90sQ I7bY/I8J 8QLmCNBl IprLJ+cm 3UGIk7NR AT/MbOmr M4VjFBCV
 xlVgb5nu z09oeQZ+ 5YIrCkfk 7opinslu VAH8NV4B ivwcV1OF jP92FBUX hdD753oi AvIyO3nX oBzorOxw a3xb357y H3MITDcD zduxH2sF fS0wIR7H VkD4S/3N hMY+eiw2
 3otOQu43 iXlZVEvU Xw01RYLE 9BOqvloM YjnLuSBI PAjCwy2p SHE5anIk +VliJXz+ W8Vw2LMI 1YrgCBcY neki+mpB 9s0LUY1w oJg9kyFC 3JEOHrMG DnYwVupb YgvMF5ZQ
 OF1c3YbW 9/fJSwi3 CcrPxWzy Ra4QlU/g CJxXt+Xf UOpZcncV LNlCPqam fIp3GXJL b1F5GshR C9DYXcfz fyuUDl9s 7JFzNZb9 kftlalLQ nuj5Hf1z a18PFBZQ Yo3NEbVd
 2X4xoepW TtkUW7JM a0FV73W/ EdOE1oBC 5mPaLKN+ Q2INLobr orOB71mf 9ixf2mRa r3t/hyRm dQ+LZDzb ZfmWH9O+ zdv2sEIG F48fJvbm e4b51BJN FsGgdBD0 rL7AAbCY
 xbdeOYkk Elp0Dw8l DsM3App8 3Iv+jTFR tOEK3ihd 8AgdwX0R jQWz2oh+ +CmIF79U CJ3nUhOF tFNbGY/c Jmp9TRoY p6plx3w9 1WueKzJj rU+kN0Q9 7hvxOGFY trl48mlD
 rvdU2cKC c5TzjU4I nNHuumIc YCfMqFl1 jpszKojm nlyMpfhX dRA3bWdB UtUz+GpE znrvq5T0 q3p/7cUu tgZRW14h 7qdDodkG qOo6zwJU VLj+McL/ OBCC01iZ lIg+A4dq
 VWsuXhFD 6UxNulMb XvCWmo5h Q5tTnoSN s7YGyzko YWLs3UGq loOxZNEf UA3ilvx+ HVghvpcX qhYPIeF3 RKIuP8Fb bY96bxvH ZuMmhPAe tWtGO/OA KPUJNRqG CjsYcE/O
 agFgVrJB kPNZFz8a 9kJAyO7E bsq4ER4w m8G7QitH kfUoHGHa DwPjDw1M vDZTZiNO Kcw4BQSJ 8bcuf7jG 3XgRYhFC NvEk9M8o TOGdu53F HMhHLA4T l4YyytHS DTAUjJg3
 aH4k2vtC yvRFa6xF hijht4sQ O3SidYnO KCETxhV/ xshF3sRc TEusPuU4 g1UiZ9S6 dk7FIfe8 SwyCxMfM dzBuRIRC ZpvuateA X65LvfK0 yke4Qi2O oJG2l4Sw BvFzR1e/
 dNyGwI1Y J5j37xAj hlKPJVV5 g6vJgFZi H1PJNA2H f5pocUS9 aiXGxW0B KBoFO1/J KSLL3tDA syoUUH1s tsNjR7/E BVO0YKZC 8lwX0eEo 4/D4QxUa bLnjStHz d95JvUyE
 VpdZOpQ9 50hV11q2 KmOW+zkA jfaav2Fj P+6j7a6G wjchZaoB F0VColkt dVb4dYQS m2u6emQj 1cQT8f0y F5lXR6JD 7VDri+e2 Er3SMcF8 /vRz+M25 9oPYDav2 m8a6uI2K
 b/a75TJM PlrLm2N0 l5Ahxy86 EsLKBaLO daniAZxg DoSUR32R 2VlKEehA O/Ulj3cw drWBFajd 5Isch+z0 GaJrZu5q /hiUqBI9 TH+3RmgI zRMoEhO5 GblVNu82 joQQxMXq
 05eVxECN GGE0lqhz Tr9PrwnF 9lvZ/RJ6 z8wC/JQ1 q4LEie9T k7+XLb+b 76yJA41K 542acFad hsAIJafM pBfiXiGn 33fmiHqv DaRqdfPE h46zfBwG 7ziG3azw hfxyZ3dP
 W+wtUq9K BGY8/4cB pbIOt8CQ NhabxnaH 9DkKOynv FZ+NEa7P iVPLOW8N V8RjOBNC ieTuYfNo N9HsN7TJ qCXOfpEt epjJieU8 IzMxyATL Ek4/8kXL ltuaiYdC 6g2p8cBq
 qZe6T1tU OU2U+xRv mlKjwM6R kiMhXMaP xiM7WOl3 JNTaxDoh 0EaOrEXQ jJ2Q9wvx BgQsvNUC rw8u2GmX I7+rK/rD vYI++KiY tWX1dhM4 pT1JosYy OgBgqdAP d9QsR0KI
 mwxXbpDz D0yqOAMv FiDK1+lO FKY9HTzN FkCMUR3j NIzt355f nDXlN5XF YDR44Cvp 92OGPNxW gDhtc0/X bfvQ/ueM CMXbcZeQ s2gxnVOF VkaOHyV4 BiElUi2L 6BcC3u2t
 XC13ImRl qIqIiH0M NahOX2jO K4f1eKxM M2OKsgr6 wrsSDG3b n6a4R9Af MdpiiOMM unQkJO/G KpeQoS9r iB7r1CZ4 1e8rcJB8 YwttvrTm 10i89UiE x0VqSHD7 klTvMK6m
 ieU+4IzU m384LClz JgMnyF5o HG+HjUmI QlKgpr3r XpE4PmgE +OIarszJ eyIuM7ND OTL9Ubd4 MVpMC9/u kxsre+5j FSi2I6QC 4dkxMBg8 2M1bZRZj VnjWmIXC mIQQSkV1
 sYNYXNFl EwUXtY+C G/PwwPX1 jUR1vPYx EnvIbpn9 S13RHTGX iXOIxRL8 AD0WhGBV fXHjBtYd iDeL+b2Y hKiAkaBP KZdf7y4z X02H+grm DCH1UOH3 qpbocgCe LlKHuSNr
 YaWEHifo z+LgCH4P xQW/kYFX s41BTRXl TvAoNuYl JiGMS9gJ tyxsRJ2e Ih7ZZgXg L/JPSFqZ duZ9Ivll uvUoaCF8 fWGyu99J TsnwZfOx Lk4Dw+ot bipqz4Gd Cu+miwOq
 HpMQnigs Jl+WgBPd 0FrUmstg Iw+hZgK6 s7mraDqP QUCY4Asu c2JC0igI IFG2Md69 rsbaLb6Z 7FUhOu0g 9IcvXOTe kuKLlsqz 1SsQERRq ViZc3tjj 55nVoFxW VvTbzcWj
 nB+IoEN/ QpScxe1I GkrpsXSd b/kGwct7 Cu8r51iM xxc4pxPH 7FZMjqiB FZwUCzpq luyD8qLa VPX6gvAq no9FyYfR YQ2/OzrS zwxxVVvA 8hxXWrEp cFHRYodc 7keF9Zrv
 1VJy1pVU ZBY7H4pJ SISjCh2e Wk0MXMr5 R5xV6DnR 8k+uf+Hr ptTaYO6Y YyIC26bJ cwNE/fV8 0ViEI+Vb VJmNEs0B XaCT5L5L mflUVZf3 /djFiQuf q9CEYOIp uGtEOdEX
 FUxNHrhB NN/JRpd6 wRjhSsrI IeBUEzc7 70u4aheC 2CgHGi5x 8DV0XGMC owt0vCb3 zhwgkm9b U4TX2Raa kDCIfNvI yuKWLafW tEq69SzG DKAc6nXB zGrVGEbY NBxoLe7P
 glBmE9Jz wYWwMazA jAexsp57 f48/V9kt bthCYxJT uYvNEQxH 81W08ujz ZUW9EoyE siFG4XqP EiA2W1kf 0MyZTdLe 4owebWjk W73DT0JU H9/fh8gn Y1KFFHHt f7KYveU5
 wNiOMI+g QnOEYH48 NNBvB4ZV EO5H9+E5 ufKLK8lV yMW5DGRY mvzWLT7A iLaBqDmK HyCUSqkJ 6qtIZrX/ jqvrdrea k6nedZ1f m/g7CWEl k3kBagkZ Ezu508b8 ZKKPr8Sc
 w3dqBSwT ks87tvtG FXtpvhXU 9X8vtnZJ CNsfvtUP ud2lrpuM dIUrluIZ Iy+2aKm6 jtoxysxT +6yhR1z9 yXZlKSF1 sFngCqJE bXCF1nj3 Kl0L8d1R EynOqcGP 5yx9uEmi
 aPT4Ns6i qFCbXIkV ARSbEGVQ +NJNzsFD ZDL/9UA1 4e4+ezMy Jkgc1AeO U5663/VU JlJf2lTC 96IMDYMf YN65r5+6 Qrhc9T4+ o7Yica6K CXWBlsRL UKF1JOLG eLXE+NYe
 l+vKibsU sJPmFwU6 VBkQxhBK o9Y6cnMx Xx/O1/Lx HVkUn9Cf ix+s6koQ 9e9690gs nx+TnmIT wh64Za1+ oYvXldJl 5ITlxyB2 I+p/sBHL JLlkzvRz WCK859cE CB32jQm0
 TP9zwYj2 KXhDb/vB Mw+xrRjz SWN8oNiE YFMD9tDh 3LcuHNtI JIhKnYcM ql19OjWW r29nU0El 26wmcRYX jm/Hjhn3 QrW87ho3 TluneBbl vVSFJazY hLCTxHXq fMzTP789
 emRiQvX2 ZSp1uP3z ZSt/3nAo Iwdb9hCq HNp5OGP7 4onPjHqi x/VlseQz seJ1r353 DkaAb1bh MHZhH7zY yn7hDdjm 5GYBgACg 7pgLqSEa 9K5fuawb r6UWicmV G13etkXT
 1g3KeUvV KePxgGVu kVr/7pGr sEMdug6j hZYJuBWz qhKL0OJz hOvcVYeW GHDjvaqu JzPliWMn t3w89s67 +rZt3jrN m5hSMiG5 WtkyotZN fW+f8OEX h05TyKQf +sK2iVqc
 9H/PEU61 ssqLgj9K FE+JxDty pA+PBr/G Gp9f7tu4 /cDWP3Yc PLz3j0N8 PT0rwoHw CBt3+LPm B5sd68Bj /nuxOcL9 p3ggYmF1 eVKU/Izy hR6/YfqB 1lV7BLhZ khBltjYQ
 +nMKly12 FfVziJML 6GLnwH+3 1cq7P4tR WIv24YW/ hzxdXVx2 zCvm0Rbx A5eAI3lh LN/2F3uL UxGfM+bX LhkhHPnS UL6LjA3V 6wnzr5hP VMQPXDJC OPEYT5Gg iM8Z82uX
 jBCuHucb 5mL+4t/0 gUtGCJvJ /5c68v8A QyJiUDF1 3/IAAAAA SUVORK5C YII=</ImageDataBase64String>
          </Image>
        </Element>
        <Element xsi:type="XImage" StyleIndex="2">
          <Source>C:\Documents and Settings\jin\My Documents\picture\舌诊图片\2.jpg</Source>
          <Width>625</Width>
          <Height>600</Height>
          <Image>
            <ImageDataBase64String> iVBORw0K GgoAAAAN SUhEUgAA AMgAAADA CAMAAAB2 1dzBAAAA AXNSR0IA rs4c6QAA AARnQU1B AACxjwv8 YQUAAAAg Y0hSTQAA eiYAAICE AAD6AAAA gOgAAHUw AADqYAAA
 OpgAABdw nLpRPAAA AwBQTFRF AAAAAQEB AgICAwMD BAQEBQUF BgYGBwcH CAgICQkJ CgoKCwsL DAwMDQ0N Dg4ODw8P EBAQERER EhISExMT FBQUFRUV FhYWFxcX GBgYGRkZ
 GhoaGxsb HBwcHR0d Hh4eHx8f ICAgISEh IiIiIyMj JCQkJSUl JiYmJycn KCgoKSkp KioqKysr LCwsLS0t Li4uLy8v MDAwMTEx MjIyMzMz NDQ0NTU1 NjY2Nzc3 ODg4OTk5
 Ojo6Ozs7 PDw8PT09 Pj4+Pz8/ QEBAQUFB QkJCQ0ND RERERUVF RkZGR0dH SEhISUlJ SkpKS0tL TExMTU1N Tk5OT09P UFBQUVFR UlJSU1NT VFRUVVVV VlZWV1dX WFhYWVlZ
 WlpaW1tb XFxcXV1d Xl5eX19f YGBgYWFh YmJiY2Nj ZGRkZWVl ZmZmZ2dn aGhoaWlp ampqa2tr bGxsbW1t bm5ub29v cHBwcXFx cnJyc3Nz dHR0dXV1 dnZ2d3d3 eHh4eXl5
 enp6e3t7 fHx8fX19 fn5+f39/ gICAgYGB goKCg4OD hISEhYWF hoaGh4eH iIiIiYmJ ioqKi4uL jIyMjY2N jo6Oj4+P kJCQkZGR kpKSk5OT lJSUlZWV lpaWl5eX mJiYmZmZ
 mpqam5ub nJycnZ2d np6en5+f oKCgoaGh oqKio6Oj pKSkpaWl pqamp6en qKioqamp qqqqq6ur rKysra2t rq6ur6+v sLCwsbGx srKys7Oz tLS0tbW1 tra2t7e3 uLi4ubm5
 urq6u7u7 vLy8vb29 vr6+v7+/ wMDAwcHB wsLCw8PD xMTExcXF xsbGx8fH yMjIycnJ ysrKy8vL zMzMzc3N zs7Oz8/P 0NDQ0dHR 0tLS09PT 1NTU1dXV 1tbW19fX 2NjY2dnZ
 2tra29vb 3Nzc3d3d 3t7e39/f 4ODg4eHh 4uLi4+Pj 5OTk5eXl 5ubm5+fn 6Ojo6enp 6urq6+vr 7Ozs7e3t 7u7u7+/v 8PDw8fHx 8vLy8/Pz 9PT09fX1 9vb29/f3 +Pj4+fn5
 +vr6+/v7 /Pz8/f39 /v7+//// 4rBdfQAA N0pJREFU eF7NfQeY FFXW9qnq 7gnkHAYU UILkqCKC igQFMyqK sAgohlVk BQNihFXM aTFgAAyw BjCQDKwu YAAjEgUE kSA5TepU
 VV33f9/b k5yenuoB 9vm/+txv 3Zmaqjr3 nviecCV2 nC7HdpTr OCqqHFfZ ruvgH0cp W9mxmIpF VMzCr5Ub w08cN6pi bszGzy3n OL0+Jsf6 oMIvUTHb xteRkrCl gjFlgYyo
 pSxlWwr/ 5ijHcfEz /BONgUBS YtmuOtb3 F/79sRNS QAm/yXFs K4oNUDGF /YjZ+PoY CMM3hxR3 LBbFXmG3 VDRq8TZX ubj9+FzH jRB8Dpac NIRjVlA5 Voys5Qbz VDBshVRe
 LBLhDjjY Hpv3KSwA met4XcdO SMGXgIOw J5GgipC/ rDC+FLJi c9lx4b8p HWAsJxq0 XDuiLN4O Pvs/Q0jR hzhYYn57 DP+JKhWx D2367oNp ryydPeXt hTNnzfrx yx9X/bwP
 5JAeFcYd 2A8Q9n+M EFChnEjU hT5Se7d8 8uSUm7r3 bGL6RHwG /p9pmKYp YkjzkaPP u2/6vFXc GxXNhQL4 v7Mjrqul w4lgfVXe itduGXBS ZZE0kYDU 6HXhhddO ePCup2bP
 enH8A6+P PqMJaOKv qpx51/yV +bg/Fvr/ tyOFbw4r F3ooAlFw rDyKrvr5 kYtPwfIH pH6HS558 7Zfvf/qD gkIJ0Zel nB3rVy37 /KEuTeuJ X3ztbpny C7Qb5CiC X1FcInjW
 Ue/QUQs7 XwoNFHTA TErteO/G riBBap3/ 5Lxv90IS YlCyYLZw JFpwWSGX NgR/YuVv nf/4kCZ+ Sfd1e2T5 fv45tBx0 mRNzLJjP o7uKCKGs kkdSfYwD nepGKdVq 56tDMwJm
 IGvok6tz KM20DtFw 1HaskloJ toN2JU/r XticH1+e 1N6Hnenz 7m+WisRC sDfYweNA SJyClAmh ysmD0O6d d02WKZ26 jn13JxYW 6wq2D8MN 0ZwHr8Qt uPjxMOZw WeyYHQ5B
 tymV88l9 PVsbvio3 fgT6IyAT 1jLVhSx9 X/GO0Dei PU7xCkfB K2rJbQ0h wB0X7I/Q XsSw6jb2 A+pVYUNw 0SrGr4gD IuBtxWDb oeFsmJxs suC+ry6u J2ndXg46 8GtgMVN8
 fcJtxTLC 5cKapXph zf98snu6 KR0fWoYP g8hEIfMg Bt/u8lvJ YjEHDknx luCX/Ae2 EG8Bua4d hlVU22ee b5qtnzoM obIjqb4/ 6Y6ABgtu RUrP0Uts v3IilGmP GWSZCJxC
 MBJUD/wo cAndKvpT lIXCC2xr U6DJVPgX bBV8Yhu2 M4idWjn5 ZKPu7d+B XVP6gDJu KsFaTiSC x3s/KP5l /+4gvuqj FkMa4OzC QCswFVQS fCmQxC8G Efjc4pXB LdBkcF/0
 L3EfWJAe JATKUjnZ eX8Xwxzw 7/+9+nVt Mj49poir wjO6mHLV yxuwgjbX OLWN/Msa wX/Ec1zs Ws5/xnSq UqlxnYxW bX0yfAXs Cbz/KNUX vVDvhY3f kbodoQVw I+FYrgq+
 1jEgJ7/N fYB7TkJS fVtJtQhx p47ccWtz kUonZDWu Iu8Gp54m vmv+wI/D rks3mfek eKVOCIMK vSlL+om0 fWGvsiHc 4KwUX1R4 W5GlgrIF N37SOOAb OntzJBL5 801scGxp
 F1+zaRY2 CtogTI2R 6uNTJgT7 gcDvPzO+ vSHdrHXz ZjB2UNnw U+IvqoAh LQopIyFl Lxbz9t0Q F4gJeDca iVmh12un 9/6JfAyF YUNNp3il TIhLs7sW Lqzp7/Y9 hDoI5YPd
 rzghBR/m hB21fHDj xm9yhRDG hLEY2vtX v91uGnfl qCD8OEhQ inSkLiOQ zLBaX9n0 93x3F5aO uAIsXKiI Y1J9YeF9 ELhptaTN drgDWA8q anw1bSm8 4g2npvdY aatcxPsp
 h8Ip7wiN 3tudMmTY YUTaFmJB CiN4oqIE FLJi1LrP qPpoHuyi FcXuwhGD PYLjhrA+ V+0fLL4X 6Amn7g2n TAhe8IDf kHY2HEX8 O31f2oGK ynpcVcMO qdul6eoI lgQqhJ8L
 rooBMorC hYF8OLOa S99vAVgc PxmhuYIR i6jfzvVJ bam+EbwA /VgRjas3 AbTjEx0H Ek7TGLuv 9uW/axeg 9EW9gVuy HzTkAaVC hMH41147 770jsE8q 31EL66fL 02tqBN7H
 a44q1iYZ kF9sp8qx 9o1I/xvc GjecsKN0 XVw4M27s 814ybjff jnjBm8W8 CYHEwXo8 k5HebJZy zzeWYGEr 4lwWriT8 Kgp1MBSF dP3aQSYd jsSI2pVe ae2DA7uL OrGDF8uZ
 u1SeE4bk HIcdIaRj TZS0dnuw hH3SNmOB NPJTwUtr JbqR+Ptl p8g12fC8 7Fh+wnPi PEswA9je A+kNPyDu UgbBpV/v uSMuXrxu oE/GR93s WPR0+S9g QjorFaQj RqGOuk4Y
 Lubracaj eCzMRlnx D/ZDI33w uCz1WQdj +ncPvgee 9HqfJyGI Vg92FblX owf5PX2L 40rRc6tL vxh8BW8T gqIe9zf8 ECIM/xcw ccIHavAb DAfLiNdY t4lZM619 EMClx5UC
 IXsvFpmp IvBzHfda +Q77HK24 i6XRbTfk OquuCXTf iidAxUYA IZWxs5R2 aEmVl7v0 6b/506s3 v3wZYqVj JkRtb2PW eApLB7DG il1nzGO8 BIXv9eCE 32MBcpX7 UFXz0Ww4
 IuAfxsZl +GgwHnC9 8ra+e1Ej aX7rkp9+ vNa4JQVz knRHqPAi 9otXv9bB X/t7eEIU TdsdZcx1 IB/ear2I Dhe+uEII iR9E1fah Uv0T5kcA ZtMUQa9i c3UkSTch AgoZJK9/
 Y3QVadBx 7CqNKzlP gLFt/DW2 FOY/yZWU EMDNYfWz P2AYjb/R ARDsrqOG ybtk9Yrs CPFERL8x WPFZJ/i6 rYqGgvBs yP9R7Avi Kx35Rh0L ZDANsWFa h4AYV/9r G9jODYdB
 Qf4d5hBo ipDKD2FF K0oItWy+ mi1S+2v8 NZwSBCMR NTZwbwXT AS5eDfuM +NydnCbw apk8iYIC YpBkLUun e8C52JKd Hzxwqk+q X/LhVlpO uGD4GcyP fat5Ry5F BytaYUKA
 UanYkb/7 06utI3CG 7cdyWFNl ODiLRjpV GaGLAy9Z qXVXSJcl cG7xYBpC 8ghYn8k4 eIxQYZEv Xh8ogFyH zdqsQxFA IfCMsPeA 7tSd5ogQ lUNy+5WU tbAUuepS oKBGlyB3
 B68O2861 8g+FhYJ1 T5UQ/C3W 0s5/vJJx WU4I6QRa O4gJVhpO FEEUqDJl rXm1h4i0 eWj5QXAa kFaAldDx 3DOYdcuy JvpGgCEj wYrvCIHa heny8qzK affTxYbM gJqpGWMV
 /SM7Za3F jJvlbu+d lvEWURSY UiKODGaJ I9HOO86B uYOxYK1G zkfIE0ME AgK0Q+wg RIzBblLB jUkbq7NH FWYtxNPz q8oEV70r WT8DLKGt zVFPyHCs CTRxyjsC VWpZP7WU
 5l/CEYxG GcowgmJw GYEkg6e+ HNNYmnQc /HMOsnYu HEn4crai jYFGi0Pl UAuhQ93T 5qu85Ba+ HPX7U+XA pYDO1TXS LYJlCTGM u9O8AdsD xCZVzsIC A66oLqN3 I5pESIZt
 pY0H+0dh u9W+lRPB UpVuAmAK CrA7BFbw 71BscXce f0DDgh/m DTtxbjmi mUAIuJep s1DkcAfp dCDkupE9 9WQsU8nM lr8rI+Ak IaDzZC2g 1cBJYKDz 1fOVzLuw tAVcAe6n
 +DNnvfGZ liKZ7Sdv x9PiKGTy K6z21BsJ zelCaJim 9HQaoWix UlAtI6Xm OoAZ+ID3 /XIr3gxl 786Vy/BJ /EivLYER gGVAMleN MdIfjPtP vNx8ZqWx LYc+HmgY 0vCxlVi4
 AjC1vGdi az6od1Ye U8I0ngm3 JuwIeDoC 6xeaE5CP FeI55ADU fSIfO3lk iDnpF4Gt CYt6EUJl QUMcvMXI /AbPLLwf yg+elp39 UjOfr+Gk NcjzQJsX ILXlCV4U bDLDeJQu
 MXy+RLuY SAhUPhh7 4wkyIULf FF577Eg/ o+nvWMg8 Z54xGKvJ 9K0XIQSE wd6hgUbN hVBRRfdj uwHs/btt QC6ZAypc RFDwU7BJ vMp5KNRY 2J0gr0NX QF8k3plI iPYzdzeS
 9ofpAEG9 YLnWnylD nCCMx4cy kCF8Cvkg 5gXtoHpc en4Hz7k4 gLLgLxy8 zJD270PQ rBBIxMah uCNOQ/Kd ZhbMjfWV BTBFOmdZ 6koghAsW cS731doC JUuUA4iy ozZk1fwI
 HBH5Oq0Z sFLmor12 RGsm9Y2/ 6iZiRiW8 TOQQevs6 T4NsW8yR OEDjad4L 6Ej6XEJe QbVneL3t 9GbA8l6E 4LvD6omA TGXkA01I GxaM2uOk 2ucqP7Ze Mjdp2+hJ CLzWqHOg
 i7zp5ofo 4haueNj+ vIactgUg NZcjSmS0 RDoj+Y4Q VMWyWl3P Y04lEYxI ZC03Evu1 hr8HFR10 jA0jTNxs X285bU9U feSr+Rs+ IJoCb1H7 jTe76Xyo Ngqacxz1 3/py6V4W
 rDA+w/9B NMi9Xhes KdyasPpY xmGzE2W0 NCFwf4Jq uDT4pbRe /7mmDI3i MfX/1BbL 673EsdyN NQLvQGGR o+EEMtAN uesaygCg SxUOlQsX wrlcluDf E6DURMtu q8+MzPkw
 qn/dZjUj IE9H3/HV 3GzB0fDG mSwnal0l g0mGRTGA L0jrse0M GXBQhY62 BgU7+m1G +4NYbE8Z Ccb2N08b 6kAO/nqr rYaI75dv pPE21v2k sKCOszKj 1m/UDKxA gxKHqxFb
 0UJ670E+ 4ahzhU4I Oni0xlf/ eiVqLfdF o+X2RNaJ WHtaSfdF NauupEHy 3hG4hkPk MfgzEGkG hMh+WOq7 E4xee1gV kbr3XPqD HbWlSeY6 xADlE4J8 +J+VAzOA dyQ8wHJW
 GFJH5DMr gkX2NIjh 2ILKdbOx sa4GFKPq cMz9vpV0 CUJOoMSC nkKW5Iao q6bK0CL1 UXRXqR0B D/4tcIGT lxiJKTfs Po98tCzU 8acnb6n8 TjKZuTog OwQbwE2P 1JK2q/ET
 EFJxpLLg i+HERqzh ga+RDi+P teAP/pCZ uZiZ8oQF QaFD9J+I Rd93kKn0 zuOGX5S2 B2m4mFIL qmj+7I6G OXwH89IW XBJPnCpx Q7T2wdMs tVW6J3h7 f90RENJP TrOisJ2l
 KWERia2u M+U9gCIp JHIXpZlz iRVEUC3n quwZ3UX6 LwEZrGok qlVh1tIV IfD94I8H h8ln8f9V vKDFhMBA wXJ+aqR9 CoNeRrwB X9Fxgyca /Rjo6N9r lDZRGCHZ UffHOnIb
 8CRoK6xd ZM7phtHi A6ZxK/z9 CX8ACx87 0vTkbEJj jPYKriJC uOchS10S ONtB6Jao X+mr2Nb2 qmKM1+BS vP4h0Q0F 41ixfOsc 6ZsLr5E1 RO4LrXxm jXsOITiB rBwrJXSb
 Qupjc7LK Zu6vSA0X EYIQEBDc 8gyZzurj xMAF7jaC xM21Uck3 BjVAiJt0 NJqgvRCZ Y2OnSM0N KhvMaIVm niNmt9mH dZiOAPxY CQGLY5Oj F9Xbj7xw CeSxRC0K 6/pukgvy
 iWIlrhxN s61+rCZN TbkeEgfj QJFP4BVG saHNNeVJ dYTQwfR2 4us7Lxc/ DHPDcz1D ZC9CdbGL E3tIniVF xWh+MWtB R0Y2nyjL qRoZTJS6 sAlWKLpA um69saH5 IJK6WG5i
 t4kyguBj rHS1IOJ7 3u4l0uFt Fs1TV2iE 1+tDvX6P tWMy/gv/ mToKSGQt hrRqnLQN RxCBgXES PlBXWX+R 0S5fvS6+ 27AdwAvK SNQgg+O+ ZKR9pOw9 T9cWOe19 aC74XXrt
 SI7Xh3r9 Hj4B1JKj BhtfATEs S2uBVXIa +14BvcRd E1/oRGP5 9iKj8X4V HWHIGwTa CN2UfrGb o1Zkmveq XQ81lPTz 5uQhKmAY QenAW1PO /yelByAK C1KtrekX QgKLF7yE
 HbGtRYEq iBRgiKG2 Ep7EOid7 vpy8F3s7 0Kx3CDBV WSrIiQU7 yRkbH2sl cs4bjACZ cENCgF7N 0SRRExaK SV4URNjj /D8wXEpU vxCdq+UG GIlkGhI4 c+QjydoH BX5kmDxM
 /yme99BX vL+COuVR w2hYR8w2 M4m3HLOW SiBE/wCv ekvuoOuT QAgAxL0N Kq3Q5bdl XUDOQ7Y7 x2y8BXiV vdffMgdb UmJTIFmU 6Yi9p5Gg jLzZZNR1 6TTIcb4K sr52bHuj
 uodKPL/Y jjjqU7N5 gR9Q1sth CFz1W+WM 74F+hNQD 8gFYDMxf tCNMChKj 6uYzAm1n 7INRxx8c fbFl+fQT UDjT/BoI ccKOAIub KBcVI5ul H0TTgr/u JY+zGCFn rTEaWgFA
 S+F9kGma vB2X+qTK BBpdDV0c Ra4xtR2E Apxp9sXi JsqI2paV 8X5ynoZE UIfeKxfb RHS3Bc5C EkaXv8Yv mwZw14z6 hlz6M8vG WS+BDNFR xx1e9KBc cEAmoKky ZORrn2xK
 ztIs7YUC uk/6MwmH 0oE6B0pu SIy9LTPa obXitHwo DGwVCzfZ TvK/uYhl f5zxcrFA F8mI5dwj F4SQ7Ety OXbUhXv/ sL9Ldgyg vztGvgUr FT9IqVWX oV0kUPtX F4YXRh8x
 COOq408H cwy67+ln 34XFiqmY EOssmQbA PlkMy+Qw RGy5VNoI C225N5vP wi4Ua6Xs +/1mHcMv M5kG0g4J osISMnTc CIoHDwzX YldnHCkh 7Px0mCx3 bYbvK1YX Jbs0ieEj
 jdK+xvfl quvlFV2f zNAJRZWr 0XUx+ZsM QMTeQH1c poBKgFr8 ixthgyLT rUHrkAWY FgBq3NIx x5P0c+CL T/fPYCuU zmlK3MhD lG/xd8sH ppiUtfAH cK2iI8w7 gYe4sTv9
 r6h8Vri5 6CFRs9Ol zwr79cAp u1MlhOlV pq+YIoZf DDMWctQz g4ivRLHj OqsFdZ50 YVmTFmrU i9/C5VcF rIUQdJB5 eyxSni8E MrAHb0p3 rEXYfQ56 mJ4MikUt 9xYJPJyn
 tp8gs5Lr 71IrBPnC P0C4XJQJ MFQJwwN6 91wEkcyW 0i3EtpfD IFDsyrro 5FxGzoxX Cwmxw2cb U1hMmGxH NIILEr7O rLnWBmI/ xfeyE2Fr CxbkxrQT l0EnPygn HI6kyFks
 3yA3oZ4B 3mqEGh16 6KcLEF5i Z1CaAB8V xih5io+5 hfBgWccs IDbXjhMC fthUJbAM maSkW8IN ZH45v6u8 AwDA7S7I QzEgsGKj 5LI9wNX3 NReE+ylf 3I0QMqSI LuipAXCx
 7A1XE1tl 0yV+bgeR QEnqq6Hd xFI/GvcA 8EGykjLC PcAyfmS0 QQyXvISb ca0OkC40 JqEEwmmL gicL9iSs XvM33Q9h UfPl/OI6 YE968DRW 3NLrAwVg dBXe9eej J/33199R
 nYDf6Pro 9yYkfQ5+ G1H7q7TS +S68nYTo Fpih5ukx YP3JvVVC OI4Vzr/Z uAjsDE95 ARvwourT BvICrH5Q dUhbC+Xn SUHRDbYz 7lpsKpYe DkD2l3e0 PaOzT+r2 adp+wlY2
 92C7czJH JeUQQrAx dUG9/doT oozECXFb yYNM1Sfl DR0NEiSc J832Yw9H yUI79/fP X74OaET3 mX9kqymB YRWC3YCT PyKD85F2 APT1zyZd Hvh0x9bL K63I+e9H 13V4Lo9f
 t77XuORF NERoQtaL xhrCbRAS EMLCH9tp JV9B/ZRb q0iT6qit gepbAMXc JmOf6g7g 0RQjA6Uw zS+vJB8D kWAvD/F3 T9iH1t+d Z3TcDmdm Wtv+X4DL XOuVnrol bs97N4yL
 qq/SbyqP VdlE5L5j zHZRkw6z I4TKoY32 ZQXW6e7H 8lkDhfjR 3vKRFbbu SsNWtLjj HLP2B9+/ eUfvGuI3 nmJuTyvT VNB2ol7W vPqtf987 pPNncOPC sKwPt7Sd fNYmHLxv
 6ptVhzr5 yaFZvIJl o+bdeCPr KQQqgxWD K3x1d7ES zCOiA83u SBlv24uA 1A1bvN99 y3cXVsJS m07A7gzf w0A5zAaN pAVihQvF iBVL+Ufn Ji0uwidF de3sk2lb WVdHGXxY
 Ts+BBCY1 0GwmBS09 zoLyYs0K 1C8ieDv2 mpyn69c8 hdUJfZl2 8vbxaL94 Hup4bYPa 2+wQcNGN GQ0uzDRa f+2A6Ynd eco8dBPU ZsjdK7KZ LTZYe0st O2E79QUS UodOr3dp
 NuuCkjux pNjtlxWf YhATFuoj jpsoD8AR TwDrEx/j uLmN05qx FXoOJOV+ uQeBs3Jy XjSmqWXN JWsungF9 6l2rQvsH q6Xu7X1u rdeA6cHZ QUPJZezJ JBow6Jzd /+yapzu4
 yr6gfGHa 7Msrh2GQ YOYpI6jf VmN8c1jh 4Z23wE3n gYtOq+Gb ZYf2ZjXY g0VzQ+qa 6vtiajMq fT5HNAUl 7hmHaNzW Vh8M2B8b Lc8RbYaz 9coEJ5tF nO5ZF+ar 6KgXylEZ
 +FbCBLMC 85h3h6+l zWIMtUwL YyE4Op4f gM6q2RK4 ZlVmo+2O et6YiGVg yePpt6Og SAX7ZWZt YKm2d5KR DiFg9UHb kC2ZJM9D 30K4Zs3U hVDu1d3g QrjhMQBZ k+0I0+4I
 uleaz8KQ AAMW1jag 9KW3LGAw Up7SKkhI OPl9zRrW 10bL/IjV SzZCxmCI l/sWsfwo FutgjNI1 DZ4X4S7b eqaP7kN5 Sf6pc4zr 50MrRtyh bfdB0Vvq uYnJhZ2d BtiEb80V
 utPLFbZy Ik5tKgvh FzBKSBoA xE2nY831 S809m3w1 NtvbMnsw 7IWOGF2H EyogLmsy zdepbJJL OwQYDqG+ IuFha/EV 6BH5PLMv Jfarl1AF pUaeuJuV OzBu43/T RVXgmAQL
 z7wLDPlX MjWWQ54S tma79s60 WuswLqM8 GIouim5/ PtUQc47b wXzjm04y IZqjNjxw /T8CtXbo ytyomiRZ aJUoJzUH GJPIPlyp kFpwq4Yg Ua61onrf I5Z651nH 2Xdzs1Ws
 F2Ow/Mh0 Fi5bkTLs EruDoec2 d7iYnei2 I/E8/nuS tU3rzfIt MqHwhVK9 htwbu8Ks BBVc/Zqh fSr7OQGh Yf9JO5Sb 7+T2knkE zJNqG7h4 cJ6Z/rKt a6aGoyxj xnf/WHNQ
 nrvseedI 97p/WDmw ckh0qc+v QAEeK26S rDByU73a AfXApsGO ELHeYjbZ w4y4JzLo hAb67v6m 7iCwNb4/ gOEUQBx8 PtOPARWn 5oOn1ET/ CJTJJBU2 PUugIHSK 9F9LSInh
 YFBt693t wKZh2aMN eBiRkB0G 2mHvuhlG Ed19kOaE hWGnPLag +WmgFO8V nWZzN1du eICDZrxc JMfZW73y lmjrQM7D poHeMVzI WKeL0aCN yNlBlQNs Iy3rEOOJ ZBfjGvjZ
 UYQb4THr ud7o2iVO 4d55Rn+z Yf2f4mJB lRp2h//O kIsV2YmP gxMLqL/P ydR/dOO1 Ov9Xes8w oYBya0Q0 fLG00klh q3vasFok osqZV2Zl VK5q+Ort 3lDD/yrb Oe3tVdNW
 sJIzmSGD Y8rOST3V 4rTFkc2/ b17/08/f ffft8u8X 1MPm1nho 6t1j777n ltvve2Pa +LFN31r9 6X++f/W9 MvAxShYy DH1qHWIN vRJoB9TX z5Jr9WSf ciFOTchb ctIuNY1U
 GJknjpj7 Vb+s/w6V wGXqeclc DycHHHGr +YybnzSO oB8ETlj0 xvT3Xxph VmpmNG/X ptvFlwwc OfTaS07M NHx9rhva a0Dvs++Y +syL/7ji zKFDrm1x xk2dbi7D d2N1H6K9
 1ifpEvWI EHuy1Ru+ NntYEFVO xB1Xvu6L 5ulhtUkC UF3y01eP jHju9jYT HpdOH1bx 38eefEjx v+XBcqpu KB8RtaRR 0/on9eyc 3vcfU1bt 330gPo4A wVqmPEUP nIVq+MdV
 qHrcD0es RBq6cKMZ fbA35/Zm KHwGciCs LIy5M83W KGGEWS9P SDQhb8lp ETc0BqJu Xvzttb5e TU+sNPKu +nC9euSD oUKAuZ6R 98vxoomv xZzgQfZu OSN+YIcI W60wHcV+
 FD6cKZM5 cyEvAp2b 50T25xWk wRMYVRdC w0F7o8oW FpS4AnaF 87lCWgK0 KzkQoAwW 14S86muN UTkfGVJJ Tjy77i3G pVdnZjzz hBGotlaP A0FV7dvy ks51l33p xJVOUcB0
 X7EwH3EI E/voxZ6S 8d5a8/Wx 5t1gFOb1 XFT2PPx7 PJ1fhvMK D4fw1N2B PexBcCRe GvKD0SIX uFj53reW kdnSbK8D s5ch1U+/ 7dxOw4Y0 6juu65WG PKLyLPSt wIMfKC8j
 x5OcEI3H wPNFlc6d N4OzKZco TZvoXxIN NtusHpNL AJ8AnIG6 +vMO5OrL ZhLmMOG3 R/8h8Tod wcLAQn5r nhLSGRAP /evEfq9f dYPaVMcE Xj2x9fAr L63e6sIu tWvIGVD2
 WhGFY2f4 lxb1uSeS Ex8oRnQY IrXnvBxE p7rye0ql x2BfTkPK 7BWkaVgJ qfLDz9/I UvPkXpNr 5besuRtJ UahfYuYh tctsxdIm 76IfJ3q2 LM1/OtNI M/plnh2o 2mpvK2k8
 sE7mMjiK NsLCsNpQ 07cKHnZS MwIZJvaK QVzQcae+ Co6wkDl6 SB4DJ+V1 2YCVfjxz wAGEvoiw nv5eV/do /L3UpXkP ScoHTtXh j0XWgjmJ VMnaEXem yr3ootwq w9Wcmk2q
 mHWr1B95 /dxhTS+9 8tz0s6G7 Edmg10u9 7LtCL2iS K46ls4+H MrWwwR9B BmL/lEm0 Pe5lP8Ug 6qtrdNmH 7Q19OQp4 apINgfFg Qa66owXb HmKUEZQ2 W9l10n8G lFTOOBH9
 PBASXiF1 ZzeUjRdJ rTTfQ6Pf 7v/ptSeY ci49N3Yz RZxRxkLY 2nKg17ge 4sQz6OFh g3Br6A6Z hMJpSP8N a/gc55fm 3dDpHOv6 djkLS/WH kLBv2i7A BBZYC7kY y82uIUuh
 lsupsC4g BAI1ACOy znK+rubr mmkEGo44 ta4p5gn7 0dUGZRNR u2s2RVNv 8vgsvh/A kbkhdmRr q/mO+qdx pRuEqok6 t7/FUihb 7W3VMxx7 uMshnbAp U21Bnomj 7Kt3Kuof
 iGuxhcJ2 gpfIS4xR k1fvwO2G NDGROEfS zB6rR53V smW/lmic EKPWs/1k KgtEiLle hFw98zDl 8yjn1cAQ 5EfUmpbT 7pcrjrBt BUJz86NY C5ZM7j+r +81Za8qZ JsLxMODn
 A3UGsJgN MkIQAL7P U3IlkDvU PCT7AE75 iUDyoPAf CMg57Rt0 vrzS6+q7 XoF0o5Oz rXa9XWyE CqvJRkNM dUqhnIlT CmB3cmML fXId6l/y qYijq3bT iDgItaLN 5VamLJL6
 bAjE8N27 andgwQlC XVaMI76c 5B+sHdHk zh4CIqwj WFcdru1v Uee5JypJ xnWXVwbK 2OSQuhQQ fT7692cY /rl8rHc5 LKd6hGFK 3Fkij7JW mxnJ6Fso /QTHgJYV J1etO7+M
 Yv5CwqDG EYbaX1b6 EkEz/h2s xbx59HEU jBNWSboj tGBsR4M/ dUsgU/o5 akqHTJFW k1/ydctX S2sPhHFS M0Xu0xB7 OaFuwZfg Vezacv4l PW5oNmoF h4pA6wy/ HREXZ1m8
 2fanHzsa yAUm0xrM GONrP5RZ sMJg1MJk 6Ody0l4q 4qTahqES Ahks+80B X1WRUUei zhdffn3Q CTe+Dbml QfJ1JOdx 05gMpwmc 5Z0nYbsP vvx585x8 e9/FrW/C 2DNsxiOj
 mQYLPnny 8DUoDxsd WJw0k8ew EL7VHPkC n41phAKV hT0Jr6vk +4mmPjka XzC+ZOfZ 8ODfnlpf WrzDJsuI HWl1XzgY Xl2tyZ1n izkG3gVT Nd7pBZ1A VK9Jp3xO eNt4d+sh
 L24P5/e7 1t3/xZB2 jeYgFYfv GiT3letr OJHhaWsg 21Dcgi+H hKvDjdNm o2omecwO 84MVDKGj MN2fsU79 cYmYA2Yc hp80wUAq Tm2tDn+4 xjQQgaEz qRQKYP0i sRel3U4U
 zdOH/GXy ubU6NjIy WnavP2he Nq0dVFbw 6nOTEaJH iard1aru orOjsCNc QjBmB3km EXMpqTLY U+7MrWme M1ZOg3/m vooyh4ZX 3D8h0xj/ /uO3Zhl+ c8Bv2qjh FeXCMfGH
 chqo++rf 0Z+jo3bi 0Evf7tjs gw9/5Lg9 YrfxFFzp +t7CT6Lv Ytm7q3RG PwQ7cIsS Pf3SLmVl cWJFnM6z sjoQCOIj pvG3I1Mx rwTYhzo0 Z3B9IA/Y CdQJINTL /LOsos7k
 9oQuV7Ew IfxWasog +nspzcLT Rffu7mqX A3pma0o8 hwjqpkhX el8JPoGu cKS7igTO TSIvRNQl 5icwJuzj dnd//q9+ htFkyNhp v+6/Ul51 c7zSEsVk aT+FBZ6F WozDnF47
 H6aKEIg3 mq+HIwOb msrxSYhL ipKhs6QF RCRR/ZLv mCO1I9vP lcAbSu2s VWkzFgG+ sx4OslEq byBjqNVV u2h9kPr1 l5gJjldI bbwALiR9 V283nIWN QffW9B84 fQaUFKWn
 f60uy3T5 RKmL1eUq EoIoDZJm 78IPWCTn o39ax5n4 r5DVXd51 8mzs0XXy i041p3z9 pfUQPQSu u63F1hRo 0C+AGUfF etPau/TU YPhacaGA MrwYZYrB Mspk2cbO dBqw0JUq
 ekiNM2ez FJlam6TY 832Vpqog WgmXyz0W Q5LUrgID UbRwDNut Qw23FBWr ezwGTBFV S6UbUSDi YIWE2NEn /BdTDyb+ PVRyJBi7 RdJmsk9t b+O039nY B53CYA/0 zBYf1G5I
 5ZzUoaJV TSXNHcPf g3XWliYw GT3Qa7Z1 l/l3grPU YCSEsmUh 7Vx/fRko OkijdRkk 6Q8wlgx/ Ie0JUbOK V9cQoIlw usiEP92Q M9T8NvV2 hNIshBJY W+1Pm84x NXQ5vPZV
 4xd/N17A eETOItCs FSdkV1N5 q4wqFnh2 gBKulcYL sJlw9K4y x6PBScMU OgIlrvcg hpn+R6m7 5frUG91L gyMQOsAR p67S0JoX dEBFC9Zy 7jXW6wHh zI8UUh61 L5JryjLs
 iJ6RKjz5 a9RAQRUf yDI4q6aY h+AyRdWX XUQuO7DB aAQzi6cS PU/hW7wW vfzfIy+k OvcgRqfv K67Edp6V ejtpZv96 8TunBQJz cTtCBmea v8l+CkaR 4YTaxOjG 7PGZ0qiX
 X97XE9WB 5lREex0V QdCfsQ/S 7ymqUy4i JKKOtEH6 LRGtyHdz aslYzLtm O7TbX5AO oyNctJM0 HkhWzcVA NH/6Fa7N mNWz8OCo vv0vf4Sd D19orCra +eK2i5jT BzogYUg1
 fIYbfD2i gG+IVeyr VBcIJWPZ wqeCCIgO kfz3TxKp /CHnBcCD KViQ/x2D ocZrZ+XT i5ujShRn OlOk/uYE 3s5312TI G6QCasX+ SPpjQ1Aa VsQ68dEf SITmqb2P 1QpUvQv5
 asApBfbk f0cIxPQz eYlZ/fhV vCO2+1tW 4KVEIXVf MZpmM3GO 3K8a5buT Uw9KDK/Q ZpFeJQcs PmeIv8Xn bBz3VJ/H ylxoz7/a 3F48rqpE j5UC0HNO Qu1DNNhe JsKh43Q+
 a+cJvo9Z SFUC5mdH FmNgoH5h 90ANQKky Zr+DxrD/ 8RVV66Q5 u+ETdgSJ q39lVNuV 4P8vMGtu xmrDTQkB a2mxD4sP PKwo2cn5 AKCSzfe4 4Xy54g6f tHh13/9c /VrW9+bE
 EqWCJbQW Av1TfM8T 42epKgNC /ovTQ+7j zDU9ZvIK /z/gE0HS E0N7Vs46 CKGHqyV9 RbJehQtD UIftWsRE vf3yVHcQ ulM7SOpq c30JJVss I5gSbr8s zbbT18V3 szANNbXu
 fGl2BHAR ra11sBH6 QkuqrBIv p5iE1O5W 5rxQ9Jcb 0c6zAgAA SpBYtkTo LNXv9LyP A/DA5Wpb tfOA1yey FkdNhfbU 9T8Ji8nG ELZqg11C /eUhPfuK edeFUml7 MkKYJ0Dt
 xHC5dDe8 oBUDRbq+ wOIWzvRk d5fnB6Z6 A4MmsEVo sMxi+i1B RvTcFPdG 6ZltswAV EBmTppHl lattQoRO 8CWkbvBd mBQdh0tA lfCWeS4z ehgF00WM TtMJqTDz fPy0mD7V
 BEHu4SqN d6D2N7Ht ggkfW62t Ji8Qk9Bo Nke93i0X YPv00Ekn 1F7eTQqz w1piUyI7 q9ZaDj8H quzApA6G jFqHIWAo BPNM4Ke6 H/CL4Xgj +pkls9gX mtgIw9Jo zBb7e1qn
 wzm4M95z bkfby39Q tBKfY7ej jj/uFJZ1 sYUVQJU1 Qm6iw8yu xrxHM6TB m/Qg0aeR 8pd63Kjd UUf9Vru7 ju2K7i7R vgd8MBJZ LPIfnfcH b2P2+0Jf 2yNaQLCw sZn+8/nT
 shNCUNvs e7Ve8p3t gpMAY+bF 1Kd9DPMs nGlRRnXP 0RKGfQcd uXcbTyOf k1eMYBVr Lc7wwRSr q8zuQQ63 YV2E694s Q1iEygjZ dvrLM2hy SUIIYTIu /cEs34dU jjzuCbb+
 McPf5Ndw +YUIFaKJ EheNbaiR dUjD4InC rmEHLOvh LHOR1rvM kVodZQ7i cx0CR3bW kJ/LrRmP 1wU/JKfr sVZ4HJOU nzSQzqs5 kJhakInx Y704+FJd 45/E4fIl QJ+EmQ+R
 B6Sv1jsQ a3tvjdrb aBThaFlq tnmSZ/Em dm9/+8BH 2EuYQlYC BGNrWprV f+WMRxa4 eVYfeZLJ bIja0Qxr CtYvMS8y cXjFqkA6 pIQlwE5s kfTRiQSs Yx4GM93B 46fKvbAj
 kVnptTZi zxm7Ql85 sU2nSscI exRZpXXs Qk+DdpeM 0s5CiWM+ EghxIlN8 7XLITljB 69HwrcvT 8cf5fUSP //S4gio4 OtALNW/Y erg56C/j FKpeIQ6F KtO38Xpg qd9zQ7ZU
 Pnk/J1rr E8pKO40F /xsybZ0k 97M9FaNM GstnRIiJ 6rmrpdqv KfhMHN96 hg+IIRwF PU8be7m3 O5qhoPA4 8qiC3514 O4ZwXm9M 1jm5kvOT S+0IfhtU L5iZn4NU 1PBI1h6m
 wXT59lvS SycRPS6C +/MryeVR lmAwx8FZ tD9XbbVf g0fehc1e z4fy31S1 5e/Qg3p2 ZVl2pPBn jtU2rXcM g9xjdwqc XUK8XMyR /qdTMdAY 3W2rKYZc cASbn49I kWdXqBEy
 KchShWPf EWSFrgG2 gCfpk1iK KEnYEXh+ 7vKqld6D 0gme4fuB xUjaDdtb p3JZ+F2J BYzXBbMr z7FHwWdc CJFANA/V FbF/zai8 jW1Px94p ascelIEY pEEzzfPv ksmILuyw
 x0jdHY5a F2iTa8Ps 6EHF0/2d MHnCe0IA q6Khq3hc zPVHEPjQ EqME4B5f 78NMn3iy ZjLW4vAe GGNLfSt9 97JhpNSV sCPg7Eh4 Txfplevc n3GrLlFg TUJoAGp8 cQiNFwtz
 vjC9YGfn SJFTPmbe mRXr0eza 8iMn7Xg/ IMkbmBTg eKucszIA rCXa1UTW 0mHIEpHn nNbyDip2 9NFBzraq 5pd0kD21 DgcWaiDC /aClTy76 ip4vaxPG ye2MGI/a susueoAa
 D8tr+uAT zx2h/45Z wuONptdL nfWcrI61 iKiP5EzW vnsnYDj7 AomhCNKI OY8ZZo2J G+GwoCB2 Z4O6RzD4 8agJYf0I nOqlvn4g o4yNTdgR RF+c1Z/d GbnBkWx5 5Ei/kLrZ
 f6/KZ/G8 F28xjcUs JgNmZ8lp IjWn56gw Yt4bfNPL GhLl9bzC 3zOpHra3 N2qbx47R vAQWTbQj bABGHLUx 00z/Fyqq mZpy3EhH mY3/UX7e V78TtpMD KfFWhjDO jG4+6fIR
 KjGjq/1t clWOJ2sm Iwx4iOVu bZU+R48z TkzxJRDC kUAYjROO vZqByWth NpvA1dtY vfJvCLzg FHutIKIa faQgohNO fIyFH66T Js9hDQ43 NeccgzuP NQyqG2VY LlQ6pzJ7
 yogeps3S nVWZVY3F uhMWMr5A hqEQ7C+m NAlFtFEQ Ku3RcRK5 6265IV2u /MFSk+Xm lDpLyn4w 7cBE6YB2 ND1eMQXW 0gINMZmE Cv7Wf0B2 qS5uNBay /+EoYDdC ZMt6itwT
 Wmq2w+h7 faJIGbOJ ktqPOH7A sY/rm1db n1R9J8pI PBPlxD4b OLJ52gUY CwIRCXaQ Hxxo4gqM kC4SUlTC xg7MrC29 ThXj1byC uojU7Qkk Tp8mEQu/ Vw2uZ9Jh GGURomWW
 NZy7W8vp 6LQPq93+ 9of0ub7e bnzplSUq iJh0JeY6 VZEH8SGc alFOpV4Z fw+HHX3h q2sb0xlC J7kSCCl0 ImiO1dae ckEuCrFe kQmcfH40 5xXGByCB ncah9rEd J5IAOU5h
 Om3h92o7 COIXNzCv Lzlix1PY CwnBOQ0q R30p0sNS O6rV38Cx M+BVT61V +gUUSySS 8fHL+4i/ 32+EaHDU WsrPIUKO mretLaXZ Gs4QSX1H Cu6EwoSE WR83zbhO PSo34Zhi
 omEpv7/o fS4n4RIP gqjg/I+T 32OCq5xK 7cSFQDWC Wt1BOv8M 1k4+wy6Z jLAMCVFR UC0x0y6v hdIVloHq VHYFL1pH qE54OXnO YjNNjIn7 OQsm5RUh oqNW1JLm WxA2w0dK
 eUeKlxJe KwH2R9nO +glgh7/k QFMmh2ZF n7WFlrj8 FnJ+VWk5 Hz9IeUF4 AMvyk+WM LQzSy3GR ku5I4Zdi FNUpkrYY qCNNfPwI 0JSpKHEj nLSw3c7Y 8d15pjGO Q4s5n76c
 DlK6qLoO OeSsaSrX QHmW/1ZP QqBw7vYZ GZ/xJDMC 60dJB+QL BmEChuE4 r9T0DdgA gcPx4DrT XfalB0fj lTiyoI45 cK/nFnoS onIPnSKB zPQ34n6B p/eb9MPA prFfA0/B
 d13XJ63q xPiEpORu PYI4ju1x rUnVZQyG EHpxgSch ETXdaPx0 A0mbhkPW y6kL9noR U7+RcKf6 R5it+OSM 9LOXs6E9 uYHTvmpQ 5Y6VjLtY Heb1fE9C bNXZuEst HSTGs7od
 wOuByX7P EqOoO0Q+ 4QFWKIKW tJEHwVtJ +xVR9Q87 tvYsOXUz ck7eGS9v QqLTLzuA TX5dzO4/ JAyYTp0s 1q+oyMVp 41GBz9rJ pw05c2MZ DZ+FT9Qg 5cNVzYE7 4Yun4GR6
 EqLPoSSP LmoWqPsI o6yjUlow ZmGgr4/I SHahUx2t GyI1n0/O MshR2Hf6 5B8gW5fW FhCY9OWe hLBNEZoL KNuWnmIM WHm06hft FIgYn/Fd jCcx1ESM 9oBpXLU1 6Z5aG8+V
 Sgt1tyRj wviVfBU9 CSl8ESLY 8COmNH6N c1XYKccz jPiaVLcI oJgVW2m2 wcnbnK6A s3nUfzv7 6rzMg4Xi ZzjgkZwD BLvPRqf5 DYyqs9HU m+KVMiFh TtOb2gR+ 31ylsll6
 TKwkdTbD nHSs7PbM tnk648+x JrkqhO7Y UVCFxD9R Wo5skG7p xg2/XCXm BT+kMg29 gNCUCeE0 r5jaNFok 47YjgLo4 56usKbTJ FpBDXKPW KgECwfM8 wCToM0EF clPjzJV0
 hjkgQI8r QDkvmqBr StpTcEgA QKd4pUwI +Bo4na0W o+qv+5sY TM0p9myx TVUhE5Ow 1xpN98Yz R/Hu3FBs 33jx33QA G8LaW1Qc 8NSq7wcb MmidPtzd 034U0pky IfHmLFTU
 H7mzpsgg HP2Vx9Eq OMQntSXj YqOMtAqS LDwQCR4K ZEyP4/tQ 0hv/m02V tI9Yrz/G IALDcBM0 5/HM9hSv lAmhD8uK sjw3tvP2 qoFqA3/U ZKW8YnRG bGdfNfkq XhWKPyRU
 zxGbiweI f+AXzArF otnfj6rp y3r/EOhg 1iz1nGPK hDDXzGof 5iDV6jMN aXwdJjCl Lu0ckqfc /fXlU33y CEAq9FfB pGB7cPZm fzH63zPt s7cGNzPT K9+201bZ uIenQKW4
 HxU4DZyQ ARU5Z3EF 3bx556Nj e9AyDvVI zUJy5IFl 5dTyLeKf sAJHF33w h0CsnNfP EPZvmKZ5 ySb8khVl usAtRcat ACGllyb0 5uk4CK7n DBZtsvUu frovgGbc qAeYI6fE
 sTiFfwf6 4TYerutb xEkJ+iQW 5uUsjh6y AZK4n2Vk EEl7hyji UYycTpm1 ShOCr1gx pBpGbN25 jANYkTng +B98ELeN KRlCryWy lbrQLprd Vha4zMXx mGRkUfS8 n1xw0eGP
 RyAQbTkN eguAdxmJ HC8eO2pC IvDl3GVX VUHrWLcn dvHY6HwO dAdeQtSI pS8cx17c Rc0jysFI 5xmfAFZH 5x7n/mG6 DlKtKOFZ dGtrHDHW 7UnMZmGJ PM+Z9/rw 0r8/akJo
 2HOVWvNo I1P8dUa9 tZLnq9Db 4OhA7gg0 K6tpilwc JigiR1rI MjaO8pBh DHImvpK3 dOLp6HCq PeoHQmc8 GZFtXxUO 4I6eEDSl IVLCFICX B+BUkrQa bUZ9rguJ 0PsT5ygK
 SvH3sLfW dg9mBn6C mkILi/5a lfvVPaDC 8J15/2+6 hUOXrHJs UEU3JPXz 2Us/GdqY bVr08tSa W3qLD4Nr Thnx8Fc8 totzEKM4 NIqD+uJN 3yztwA/d A/6qfwLV 50R398iq
 t29o7Re/ 2f6W5QDt eUgpQjeQ At+xoo0o x6C1ePgq GRmryubD Ja8Mz0oP +MToeMnk BWt36YM6 9TEqhYTo 4asq2Dp9 nRuKHPp2 wYt/a1MD Y26q9Br8 CqaJILup J5rqkZfk
 zwpvyVGz FltyWVui x5OwNF6t 2/DmWQ0N TOCRQNb5 4yd//Et2 DsrLdVUj yXLD2Yc3 r8ySAfeP 6HQSp5GI 1On73Fqd c+R4Ap2z oICAB1MH 64sY5agJ Kc1qNF+u 2vH+nVc3
 rSyZ6HNH yq1TvQHn DRzYd/RD l1094vz+ Pdu3zWDf oo/Etrjq tqlfbKec eB2EmKK0 HDdCALlZ 4G9s1IFf Z08Zet75 tfWIJMKU +mKtOYy3 IT17X3rr jHUo2tFN vTxvMfWg
 phyijh8h TAAD7IBh oDei1OZv 577w8Pi7 77mj8zld T71p0LXj Ro2/Z+Gb UvuPglHs OGsTWfcC IipuN46b HUlYnHj5 FHtrdX8i C/8ITNJF xg8ZUkKG s1v1OIh2 B/ATcS4d
 kxyn67jt CA9aoNrR Rp2nwiBy BZJl5bNp TltAnHgT UTv30Clh pSgpRmXC caLj6O1I grCzn4+z ybjKumOM fq0eXgOT A8+DpcQ0 5Tg7lfNM 9JGUKbTp pUrocdsR nuwUV8gs
 rmVLIONv GHEOROB4 JNCjJ9vG J2BrG1nm seapfnmp +44bIRRb 8D0hHRbh 88xAnXLX to1n08Ot JSXa9LBr IC7nx01G /h80razT MjSCLQAA AABJRU5E rkJggg==</ImageDataBase64String>
          </Image>
        </Element>
        <Element xsi:type="XParagraphFlag" StyleIndex="2" />
        <Element xsi:type="XString" StyleIndex="2">
          <Text>激光：治疗范围：</Text>
        </Element>
        <Element xsi:type="XParagraphFlag" StyleIndex="2" />
        <Element xsi:type="XString" StyleIndex="2">
          <Text>         输出功率：</Text>
        </Element>
        <Element xsi:type="XParagraphFlag" StyleIndex="2" />
        <Element xsi:type="XString" StyleIndex="2">
          <Text>         作用时间：</Text>
        </Element>
        <Element xsi:type="XParagraphFlag" StyleIndex="2" />
        <Element xsi:type="XString" StyleIndex="2">
          <Text>         光斑大小：</Text>
        </Element>
        <Element xsi:type="XParagraphFlag" StyleIndex="2" />
        <Element xsi:type="XString" StyleIndex="2">
          <Text>         光斑效应：</Text>
        </Element>
        <Element xsi:type="XParagraphFlag" StyleIndex="2" />
        <Element xsi:type="XString" StyleIndex="2">
          <Text>         治疗点数：</Text>
        </Element>
        <Element xsi:type="XParagraphFlag" />
      </XElements>
      <Sections />
    </Element>
    <Element xsi:type="XTextHeader">
      <Attributes />
      <XElements>
        <Element xsi:type="XParagraphFlag" StyleIndex="0">
          <AutoCreate>true</AutoCreate>
        </Element>
      </XElements>
    </Element>
    <Element xsi:type="XTextFooter">
      <Attributes />
      <XElements>
        <Element xsi:type="XParagraphFlag">
          <AutoCreate>true</AutoCreate>
        </Element>
      </XElements>
    </Element>
  </XElements>
  <ScriptText />
  <Info>
    <CreationTime>2013-04-02T17:19:56.4002771+08:00</CreationTime>
    <LastModifiedTime>2013-04-02T17:19:56.4002771+08:00</LastModifiedTime>
    <LastPrintTime>1980-01-01T00:00:00</LastPrintTime>
    <Operator>DCSoft.Writer Version:1.1.1111.29376</Operator>
  </Info>
  <BodyText>
  </BodyText>
  <UserHistories>
    <History>
      <ID />
      <Name />
      <SavedTime>2005-04-25T11:12:37</SavedTime>
    </History>
    <History>
      <ID />
      <Name />
      <SavedTime>2005-04-25T11:13:36</SavedTime>
    </History>
    <History>
      <ID />
      <Name />
      <SavedTime>2005-04-25T11:15:59</SavedTime>
    </History>
  </UserHistories>
  <ContentStyles>
    <Default xsi:type="DocumentContentStyle">
      <FontName>宋体</FontName>
    </Default>
    <Styles>
      <Style Index="0">
        <Align>Center</Align>
      </Style>
      <Style Index="1">
        <CreatorIndex>1</CreatorIndex>
      </Style>
      <Style Index="2">
        <CreatorIndex>2</CreatorIndex>
      </Style>
    </Styles>
  </ContentStyles>
  <MeasureMode>OldCompatibility</MeasureMode>
  <PageSettings>
    <LeftMargin>50</LeftMargin>
    <TopMargin>50</TopMargin>
    <RightMargin>50</RightMargin>
    <BottomMargin>50</BottomMargin>
    <ViewLeftMargin>150</ViewLeftMargin>
    <ViewTopMargin>150</ViewTopMargin>
    <ViewRightMargin>150</ViewRightMargin>
    <ViewBottomMargin>150</ViewBottomMargin>
    <ViewPaperWidth>2481</ViewPaperWidth>
    <ViewPaperHeight>3507</ViewPaperHeight>
  </PageSettings>
</XTextDocument>