﻿<?xml version="1.0" encoding="utf-8"?>
<XTextDocument xmlns:xsi="http://www.w3.org/2001/XMLSchema-instance" xmlns:xsd="http://www.w3.org/2001/XMLSchema" EditorVersionString="1.1.1111.29376">
  <Attributes />
  <XElements>
    <Element xsi:type="XTextBody">
      <Attributes />
      <XElements>
        <Element xsi:type="XString">
          <Text>血压  /  mmHg，唇</Text>
        </Element>
        <Element xsi:type="XInputField">
          <ID>kb0000002274</ID>
          <Attributes />
          <XElements>
            <Element xsi:type="XString">
              <Text>轻度紫绀</Text>
            </Element>
          </XElements>
          <TextValue>轻度紫绀</TextValue>
          <Name>口唇</Name>
          <ValueBinding />
          <InnerValue>轻度紫绀</InnerValue>
          <BackgroundText>口唇</BackgroundText>
          <FieldSettings>
            <EditStyle>DropdownList</EditStyle>
            <ListSource>
              <SourceName>0000002274</SourceName>
              <Items />
            </ListSource>
          </FieldSettings>
        </Element>
        <Element xsi:type="XString">
          <Text>，颈静脉</Text>
        </Element>
        <Element xsi:type="XInputField">
          <ID>kb0000002275</ID>
          <Attributes />
          <XElements>
            <Element xsi:type="XString">
              <Text>充盈</Text>
            </Element>
          </XElements>
          <TextValue>充盈</TextValue>
          <Name>颈静脉</Name>
          <ValueBinding />
          <InnerValue>充盈</InnerValue>
          <BackgroundText>颈静脉</BackgroundText>
          <FieldSettings>
            <EditStyle>DropdownList</EditStyle>
            <ListSource>
              <SourceName>0000002275</SourceName>
              <Items />
            </ListSource>
          </FieldSettings>
        </Element>
        <Element xsi:type="XString">
          <Text>，两肺</Text>
        </Element>
        <Element xsi:type="XInputField">
          <ID>kb0000002276</ID>
          <Attributes />
          <XElements>
            <Element xsi:type="XString">
              <Text>呼吸音粗</Text>
            </Element>
          </XElements>
          <TextValue>呼吸音粗</TextValue>
          <Name>呼吸音</Name>
          <ValueBinding />
          <InnerValue>呼吸音粗</InnerValue>
          <BackgroundText>呼吸音</BackgroundText>
          <FieldSettings>
            <EditStyle>DropdownList</EditStyle>
            <ListSource>
              <SourceName>0000002276</SourceName>
              <Items />
            </ListSource>
          </FieldSettings>
        </Element>
        <Element xsi:type="XString">
          <Text>，</Text>
        </Element>
        <Element xsi:type="XInputField">
          <ID>kb0000002295</ID>
          <Attributes />
          <XElements>
            <Element xsi:type="XString">
              <Text>两肺未闻及明显干湿罗音</Text>
            </Element>
          </XElements>
          <TextValue>两肺未闻及明显干湿罗音</TextValue>
          <Name>异常呼吸音</Name>
          <ValueBinding />
          <InnerValue>两肺未闻及明显干湿罗音</InnerValue>
          <BackgroundText>异常呼吸音</BackgroundText>
          <FieldSettings>
            <EditStyle>DropdownList</EditStyle>
            <ListSource>
              <SourceName>0000002295</SourceName>
              <Items />
            </ListSource>
          </FieldSettings>
        </Element>
        <Element xsi:type="XString">
          <Text>。心率  次/分，</Text>
        </Element>
        <Element xsi:type="XInputField">
          <ID>kb0000002772</ID>
          <Attributes />
          <XElements>
            <Element xsi:type="XString">
              <Text>律齐</Text>
            </Element>
          </XElements>
          <TextValue>律齐</TextValue>
          <Name>心律分类</Name>
          <ValueBinding />
          <InnerValue>律齐</InnerValue>
          <BackgroundText>心律分类</BackgroundText>
          <FieldSettings>
            <EditStyle>DropdownList</EditStyle>
            <ListSource>
              <SourceName>0000002772</SourceName>
              <Items />
            </ListSource>
          </FieldSettings>
        </Element>
        <Element xsi:type="XString">
          <Text>，心尖部可闻及</Text>
        </Element>
        <Element xsi:type="XInputField">
          <ID>kb0000002929</ID>
          <Attributes />
          <XElements>
            <Element xsi:type="XString">
              <Text>2/6级</Text>
            </Element>
          </XElements>
          <TextValue>2/6级</TextValue>
          <Name>SM分级</Name>
          <ValueBinding />
          <InnerValue>2/6级</InnerValue>
          <BackgroundText>SM分级</BackgroundText>
          <FieldSettings>
            <EditStyle>DropdownList</EditStyle>
            <ListSource>
              <SourceName>0000002929</SourceName>
              <Items />
            </ListSource>
          </FieldSettings>
        </Element>
        <Element xsi:type="XString">
          <Text>SM，向左腋下传导，</Text>
        </Element>
        <Element xsi:type="XInputField">
          <ID>kb0000002294</ID>
          <Attributes />
          <XElements>
            <Element xsi:type="XString">
              <Text>双下肢轻度水肿</Text>
            </Element>
          </XElements>
          <TextValue>双下肢轻度水肿</TextValue>
          <Name>双下肢水肿</Name>
          <ValueBinding />
          <InnerValue>双下肢轻度水肿</InnerValue>
          <BackgroundText>双下肢水肿</BackgroundText>
          <FieldSettings>
            <EditStyle>DropdownList</EditStyle>
            <ListSource>
              <SourceName>0000002294</SourceName>
              <Items />
            </ListSource>
          </FieldSettings>
        </Element>
        <Element xsi:type="XString">
          <Text>。</Text>
        </Element>
        <Element xsi:type="XParagraphFlag" />
      </XElements>
      <Sections />
    </Element>
    <Element xsi:type="XTextHeader">
      <Attributes />
      <XElements>
        <Element xsi:type="XParagraphFlag" StyleIndex="0">
          <AutoCreate>true</AutoCreate>
        </Element>
      </XElements>
    </Element>
    <Element xsi:type="XTextFooter">
      <Attributes />
      <XElements>
        <Element xsi:type="XParagraphFlag">
          <AutoCreate>true</AutoCreate>
        </Element>
      </XElements>
    </Element>
  </XElements>
  <ScriptText />
  <Info>
    <CreationTime>2013-04-02T17:19:56.5652865+08:00</CreationTime>
    <LastModifiedTime>2013-04-02T17:19:56.5652865+08:00</LastModifiedTime>
    <LastPrintTime>1980-01-01T00:00:00</LastPrintTime>
    <Operator>DCSoft.Writer Version:1.1.1111.29376</Operator>
  </Info>
  <BodyText>
  </BodyText>
  <UserHistories>
    <History>
      <ID />
      <Name />
      <SavedTime>2005-04-28T09:00:06</SavedTime>
    </History>
  </UserHistories>
  <ContentStyles>
    <Default xsi:type="DocumentContentStyle">
      <FontName>宋体</FontName>
    </Default>
    <Styles>
      <Style Index="0">
        <Align>Center</Align>
      </Style>
    </Styles>
  </ContentStyles>
  <MeasureMode>OldCompatibility</MeasureMode>
  <PageSettings>
    <LeftMargin>50</LeftMargin>
    <TopMargin>50</TopMargin>
    <RightMargin>50</RightMargin>
    <BottomMargin>50</BottomMargin>
    <ViewLeftMargin>150</ViewLeftMargin>
    <ViewTopMargin>150</ViewTopMargin>
    <ViewRightMargin>150</ViewRightMargin>
    <ViewBottomMargin>150</ViewBottomMargin>
    <ViewPaperWidth>2481</ViewPaperWidth>
    <ViewPaperHeight>3507</ViewPaperHeight>
  </PageSettings>
</XTextDocument>