﻿<?xml version="1.0" encoding="utf-8"?>
<XTextDocument xmlns:xsi="http://www.w3.org/2001/XMLSchema-instance" xmlns:xsd="http://www.w3.org/2001/XMLSchema" EditorVersionString="1.1.1111.29376">
  <Attributes />
  <XElements>
    <Element xsi:type="XTextBody">
      <Attributes />
      <XElements>
        <Element xsi:type="XInputField">
          <ID>kb0000001953</ID>
          <Attributes />
          <XElements>
            <Element xsi:type="XString">
              <Text>车祸</Text>
            </Element>
          </XElements>
          <TextValue>车祸</TextValue>
          <Name>创伤原因</Name>
          <ValueBinding />
          <InnerValue>车祸</InnerValue>
          <BackgroundText>创伤原因</BackgroundText>
          <FieldSettings>
            <EditStyle>DropdownList</EditStyle>
            <ListSource>
              <SourceName>0000001953</SourceName>
              <Items />
            </ListSource>
          </FieldSettings>
        </Element>
        <Element xsi:type="XString" StyleIndex="1">
          <Text>致</Text>
        </Element>
        <Element xsi:type="XInputField">
          <ID>kb0000001880</ID>
          <Attributes />
          <XElements>
            <Element xsi:type="XString">
              <Text>左侧</Text>
            </Element>
          </XElements>
          <TextValue>左侧</TextValue>
          <Name>症状出现部位</Name>
          <ValueBinding />
          <InnerValue>左侧</InnerValue>
          <BackgroundText>症状出现部位</BackgroundText>
          <FieldSettings>
            <EditStyle>DropdownList</EditStyle>
            <ListSource>
              <SourceName>0000001880</SourceName>
              <Items />
            </ListSource>
          </FieldSettings>
        </Element>
        <Element xsi:type="XInputField">
          <ID>kb0000001954</ID>
          <Attributes />
          <XElements>
            <Element xsi:type="XString">
              <Text>足</Text>
            </Element>
          </XElements>
          <TextValue>足</TextValue>
          <Name>创伤部位</Name>
          <ValueBinding />
          <InnerValue>足</InnerValue>
          <BackgroundText>创伤部位</BackgroundText>
          <FieldSettings>
            <EditStyle>DropdownList</EditStyle>
            <MultiSelect>true</MultiSelect>
            <ListSource>
              <SourceName>0000001954</SourceName>
              <Items />
            </ListSource>
          </FieldSettings>
        </Element>
        <Element xsi:type="XInputField">
          <ID>kb0000001955</ID>
          <Attributes />
          <XElements>
            <Element xsi:type="XString">
              <Text>出血</Text>
            </Element>
          </XElements>
          <TextValue>出血</TextValue>
          <Name>创伤症状</Name>
          <ValueBinding />
          <InnerValue>出血</InnerValue>
          <BackgroundText>创伤症状</BackgroundText>
          <FieldSettings>
            <EditStyle>DropdownList</EditStyle>
            <MultiSelect>true</MultiSelect>
            <ListSource>
              <SourceName>0000001955</SourceName>
              <Items />
            </ListSource>
          </FieldSettings>
        </Element>
        <Element xsi:type="XInputField" StyleIndex="2">
          <ID>kb0000000000</ID>
          <Attributes />
          <XElements />
          <TextValue />
          <UnitText />
          <Name>创伤发生时间</Name>
          <InnerValue />
          <BackgroundText>创伤发生时间</BackgroundText>
        </Element>
        <Element xsi:type="XInputField">
          <ID>kb0000001673</ID>
          <Attributes />
          <XElements>
            <Element xsi:type="XString">
              <Text>小时</Text>
            </Element>
          </XElements>
          <TextValue>小时</TextValue>
          <Name>时间</Name>
          <ValueBinding />
          <InnerValue>小时</InnerValue>
          <BackgroundText>时间</BackgroundText>
          <FieldSettings>
            <EditStyle>DropdownList</EditStyle>
            <ListSource>
              <SourceName>0000001673</SourceName>
              <Items />
            </ListSource>
          </FieldSettings>
        </Element>
        <Element xsi:type="XString" StyleIndex="1">
          <Text>。受伤时</Text>
        </Element>
        <Element xsi:type="XInputField">
          <ID>kb0000001956</ID>
          <Attributes />
          <XElements>
            <Element xsi:type="XString">
              <Text>无昏迷</Text>
            </Element>
          </XElements>
          <TextValue>无昏迷</TextValue>
          <Name>创伤时昏迷</Name>
          <ValueBinding />
          <InnerValue>无昏迷</InnerValue>
          <BackgroundText>创伤时昏迷</BackgroundText>
          <FieldSettings>
            <EditStyle>DropdownList</EditStyle>
            <ListSource>
              <SourceName>0000001956</SourceName>
              <Items />
            </ListSource>
          </FieldSettings>
        </Element>
        <Element xsi:type="XString" StyleIndex="3">
          <Text>；</Text>
        </Element>
        <Element xsi:type="XInputField" StyleIndex="4">
          <ID>kb0000001957</ID>
          <Attributes />
          <XElements>
            <Element xsi:type="XString">
              <Text>无恶心呕吐</Text>
            </Element>
          </XElements>
          <TextValue>无恶心呕吐</TextValue>
          <Name>恶心呕吐</Name>
          <ValueBinding />
          <InnerValue>无恶心呕吐</InnerValue>
          <BackgroundText>恶心呕吐</BackgroundText>
          <FieldSettings>
            <EditStyle>DropdownList</EditStyle>
            <ListSource>
              <SourceName>0000001957</SourceName>
              <Items />
            </ListSource>
          </FieldSettings>
        </Element>
        <Element xsi:type="XString" StyleIndex="3">
          <Text>；</Text>
        </Element>
        <Element xsi:type="XInputField" StyleIndex="4">
          <ID>kb0000001958</ID>
          <Attributes />
          <XElements>
            <Element xsi:type="XString">
              <Text>无抽搐</Text>
            </Element>
          </XElements>
          <TextValue>无抽搐</TextValue>
          <Name>抽搐</Name>
          <ValueBinding />
          <InnerValue>无抽搐</InnerValue>
          <BackgroundText>抽搐</BackgroundText>
          <FieldSettings>
            <EditStyle>DropdownList</EditStyle>
            <ListSource>
              <SourceName>0000001958</SourceName>
              <Items />
            </ListSource>
          </FieldSettings>
        </Element>
        <Element xsi:type="XString" StyleIndex="3">
          <Text>；</Text>
        </Element>
        <Element xsi:type="XInputField" StyleIndex="4">
          <ID>kb0000001959</ID>
          <Attributes />
          <XElements>
            <Element xsi:type="XString">
              <Text>无大小便失禁</Text>
            </Element>
          </XElements>
          <TextValue>无大小便失禁</TextValue>
          <Name>大小便失禁</Name>
          <ValueBinding />
          <InnerValue>无大小便失禁</InnerValue>
          <BackgroundText>大小便失禁</BackgroundText>
          <FieldSettings>
            <EditStyle>DropdownList</EditStyle>
            <ListSource>
              <SourceName>0000001959</SourceName>
              <Items />
            </ListSource>
          </FieldSettings>
        </Element>
        <Element xsi:type="XString" StyleIndex="3">
          <Text>。</Text>
        </Element>
        <Element xsi:type="XParagraphFlag" StyleIndex="4" />
        <Element xsi:type="XString" StyleIndex="3">
          <Text>查体：患者</Text>
        </Element>
        <Element xsi:type="XInputField" StyleIndex="4">
          <ID>kb0000001960</ID>
          <Attributes />
          <XElements>
            <Element xsi:type="XString">
              <Text>神清</Text>
            </Element>
          </XElements>
          <TextValue>神清</TextValue>
          <Name>患者神志</Name>
          <ValueBinding />
          <InnerValue>神清</InnerValue>
          <BackgroundText>患者神志</BackgroundText>
          <FieldSettings>
            <EditStyle>DropdownList</EditStyle>
            <ListSource>
              <SourceName>0000001960</SourceName>
              <Items />
            </ListSource>
          </FieldSettings>
        </Element>
        <Element xsi:type="XString" StyleIndex="3">
          <Text>，</Text>
        </Element>
        <Element xsi:type="XInputField" StyleIndex="4">
          <ID>kb0000001954</ID>
          <Attributes />
          <XElements>
            <Element xsi:type="XString">
              <Text>足</Text>
            </Element>
          </XElements>
          <TextValue>足</TextValue>
          <Name>创伤部位</Name>
          <ValueBinding />
          <InnerValue>足</InnerValue>
          <BackgroundText>创伤部位</BackgroundText>
          <FieldSettings>
            <EditStyle>DropdownList</EditStyle>
            <MultiSelect>true</MultiSelect>
            <ListSource>
              <SourceName>0000001954</SourceName>
              <Items />
            </ListSource>
          </FieldSettings>
        </Element>
        <Element xsi:type="XInputField" StyleIndex="4">
          <ID>kb0000001961</ID>
          <Attributes />
          <XElements>
            <Element xsi:type="XString">
              <Text>肿胀</Text>
            </Element>
          </XElements>
          <TextValue>肿胀</TextValue>
          <Name>创伤体征</Name>
          <ValueBinding />
          <InnerValue>肿胀</InnerValue>
          <BackgroundText>创伤体征</BackgroundText>
          <FieldSettings>
            <EditStyle>DropdownList</EditStyle>
            <MultiSelect>true</MultiSelect>
            <ListSource>
              <SourceName>0000001961</SourceName>
              <Items />
            </ListSource>
          </FieldSettings>
        </Element>
        <Element xsi:type="XString" StyleIndex="3">
          <Text>，</Text>
        </Element>
        <Element xsi:type="XInputField" StyleIndex="4">
          <ID>kb0000001962</ID>
          <Attributes />
          <XElements>
            <Element xsi:type="XString">
              <Text>活动后出血</Text>
            </Element>
          </XElements>
          <TextValue>活动后出血</TextValue>
          <Name>活动后出血</Name>
          <ValueBinding />
          <InnerValue>活动后出血</InnerValue>
          <BackgroundText>活动后出血</BackgroundText>
          <FieldSettings>
            <EditStyle>DropdownList</EditStyle>
            <ListSource>
              <SourceName>0000001962</SourceName>
              <Items />
            </ListSource>
          </FieldSettings>
        </Element>
        <Element xsi:type="XString" StyleIndex="5">
          <Text>，伤口</Text>
        </Element>
        <Element xsi:type="XString" StyleIndex="6">
          <Text>大小</Text>
        </Element>
        <Element xsi:type="XInputField" StyleIndex="2">
          <ID>kb0000000000</ID>
          <Attributes />
          <XElements />
          <TextValue />
          <UnitText>cm</UnitText>
          <Name>伤口大小</Name>
          <InnerValue />
          <BackgroundText>伤口大小</BackgroundText>
        </Element>
        <Element xsi:type="XString" StyleIndex="5">
          <Text>，创面</Text>
        </Element>
        <Element xsi:type="XInputField" StyleIndex="7">
          <ID>kb0000001963</ID>
          <Attributes />
          <XElements>
            <Element xsi:type="XString">
              <Text>不规则</Text>
            </Element>
          </XElements>
          <TextValue>不规则</TextValue>
          <Name>伤口创面</Name>
          <ValueBinding />
          <InnerValue>不规则</InnerValue>
          <BackgroundText>伤口创面</BackgroundText>
          <FieldSettings>
            <EditStyle>DropdownList</EditStyle>
            <ListSource>
              <SourceName>0000001963</SourceName>
              <Items />
            </ListSource>
          </FieldSettings>
        </Element>
        <Element xsi:type="XString" StyleIndex="5">
          <Text>，深度达</Text>
        </Element>
        <Element xsi:type="XInputField" StyleIndex="7">
          <ID>kb0000001964</ID>
          <Attributes />
          <XElements>
            <Element xsi:type="XString">
              <Text>筋膜</Text>
            </Element>
          </XElements>
          <TextValue>筋膜</TextValue>
          <Name>伤口深度</Name>
          <ValueBinding />
          <InnerValue>筋膜</InnerValue>
          <BackgroundText>伤口深度</BackgroundText>
          <FieldSettings>
            <EditStyle>DropdownList</EditStyle>
            <ListSource>
              <SourceName>0000001964</SourceName>
              <Items />
            </ListSource>
          </FieldSettings>
        </Element>
        <Element xsi:type="XString" StyleIndex="5">
          <Text>，</Text>
        </Element>
        <Element xsi:type="XInputField" StyleIndex="7">
          <ID>kb0000001965</ID>
          <Attributes />
          <XElements>
            <Element xsi:type="XString">
              <Text>轻度</Text>
            </Element>
          </XElements>
          <TextValue>轻度</TextValue>
          <Name>伤口污染程度</Name>
          <ValueBinding />
          <InnerValue>轻度</InnerValue>
          <BackgroundText>伤口污染程度</BackgroundText>
          <FieldSettings>
            <EditStyle>DropdownList</EditStyle>
            <ListSource>
              <SourceName>0000001965</SourceName>
              <Items />
            </ListSource>
          </FieldSettings>
        </Element>
        <Element xsi:type="XString" StyleIndex="5">
          <Text>污染，</Text>
        </Element>
        <Element xsi:type="XInputField" StyleIndex="7">
          <ID>kb0000001966</ID>
          <Attributes />
          <XElements>
            <Element xsi:type="XString">
              <Text>无骨擦音</Text>
            </Element>
          </XElements>
          <TextValue>无骨擦音</TextValue>
          <Name>骨擦音</Name>
          <ValueBinding />
          <InnerValue>无骨擦音</InnerValue>
          <BackgroundText>骨擦音</BackgroundText>
          <FieldSettings>
            <EditStyle>DropdownList</EditStyle>
            <ListSource>
              <SourceName>0000001966</SourceName>
              <Items />
            </ListSource>
          </FieldSettings>
        </Element>
        <Element xsi:type="XString" StyleIndex="5">
          <Text>。</Text>
        </Element>
        <Element xsi:type="XParagraphFlag" />
      </XElements>
      <Sections />
    </Element>
    <Element xsi:type="XTextHeader">
      <Attributes />
      <XElements>
        <Element xsi:type="XParagraphFlag" StyleIndex="0">
          <AutoCreate>true</AutoCreate>
        </Element>
      </XElements>
    </Element>
    <Element xsi:type="XTextFooter">
      <Attributes />
      <XElements>
        <Element xsi:type="XParagraphFlag">
          <AutoCreate>true</AutoCreate>
        </Element>
      </XElements>
    </Element>
  </XElements>
  <Info>
    <CreationTime>2013-04-02T17:19:54.7411822+08:00</CreationTime>
    <LastModifiedTime>2013-04-02T17:19:54.7411822+08:00</LastModifiedTime>
    <LastPrintTime>1980-01-01T00:00:00</LastPrintTime>
    <Operator>DCSoft.Writer Version:1.1.1111.29376</Operator>
  </Info>
  <BodyText>
  </BodyText>
  <UserHistories>
    <History>
      <ID />
      <Name />
      <SavedTime>2005-02-01T09:24:05</SavedTime>
    </History>
    <History>
      <ID />
      <Name />
      <SavedTime>2005-02-01T09:25:39</SavedTime>
    </History>
    <History>
      <ID />
      <Name />
      <SavedTime>2005-02-01T09:27:32</SavedTime>
    </History>
    <History>
      <ID />
      <Name />
      <SavedTime>2005-02-01T09:31:23</SavedTime>
    </History>
    <History>
      <ID />
      <Name />
      <SavedTime>2005-02-01T09:46:02</SavedTime>
    </History>
    <History>
      <ID />
      <Name />
      <SavedTime>2005-03-24T13:56:17</SavedTime>
    </History>
  </UserHistories>
  <ContentStyles>
    <Default xsi:type="DocumentContentStyle">
      <FontName>宋体</FontName>
    </Default>
    <Styles>
      <Style Index="0">
        <Align>Center</Align>
      </Style>
      <Style Index="1">
        <FontSize>11</FontSize>
      </Style>
      <Style Index="2">
        <CreatorIndex>5</CreatorIndex>
      </Style>
      <Style Index="3">
        <FontSize>11</FontSize>
        <CreatorIndex>2</CreatorIndex>
      </Style>
      <Style Index="4">
        <CreatorIndex>2</CreatorIndex>
      </Style>
      <Style Index="5">
        <FontSize>11</FontSize>
        <CreatorIndex>3</CreatorIndex>
      </Style>
      <Style Index="6">
        <FontSize>11</FontSize>
        <CreatorIndex>5</CreatorIndex>
      </Style>
      <Style Index="7">
        <CreatorIndex>3</CreatorIndex>
      </Style>
    </Styles>
  </ContentStyles>
  <MeasureMode>OldCompatibility</MeasureMode>
  <PageSettings>
    <LeftMargin>50</LeftMargin>
    <TopMargin>50</TopMargin>
    <RightMargin>50</RightMargin>
    <BottomMargin>50</BottomMargin>
    <ViewLeftMargin>150</ViewLeftMargin>
    <ViewTopMargin>150</ViewTopMargin>
    <ViewRightMargin>150</ViewRightMargin>
    <ViewBottomMargin>150</ViewBottomMargin>
    <ViewPaperWidth>2481</ViewPaperWidth>
    <ViewPaperHeight>3507</ViewPaperHeight>
  </PageSettings>
</XTextDocument>