﻿<?xml version="1.0" encoding="utf-8"?>
<XTextDocument xmlns:xsi="http://www.w3.org/2001/XMLSchema-instance" xmlns:xsd="http://www.w3.org/2001/XMLSchema" EditorVersionString="1.1.1111.29376">
  <Attributes />
  <XElements>
    <Element xsi:type="XTextBody">
      <Attributes />
      <XElements>
        <Element xsi:type="XString">
          <Text>一般情况：意识</Text>
        </Element>
        <Element xsi:type="XInputField">
          <ID>kb0000001746</ID>
          <Attributes />
          <XElements>
            <Element xsi:type="XString">
              <Text>清醒</Text>
            </Element>
          </XElements>
          <TextValue>清醒</TextValue>
          <Name>意识</Name>
          <ValueBinding />
          <InnerValue>清醒</InnerValue>
          <BackgroundText>意识</BackgroundText>
          <FieldSettings>
            <EditStyle>DropdownList</EditStyle>
            <ListSource>
              <SourceName>0000001746</SourceName>
              <Items />
            </ListSource>
          </FieldSettings>
        </Element>
        <Element xsi:type="XString">
          <Text>，智力</Text>
        </Element>
        <Element xsi:type="XInputField">
          <ID>kb0000001747</ID>
          <Attributes />
          <XElements>
            <Element xsi:type="XString">
              <Text>正常</Text>
            </Element>
          </XElements>
          <TextValue>正常</TextValue>
          <Name>智力</Name>
          <ValueBinding />
          <InnerValue>正常</InnerValue>
          <BackgroundText>智力</BackgroundText>
          <FieldSettings>
            <EditStyle>DropdownList</EditStyle>
            <ListSource>
              <SourceName>0000001747</SourceName>
              <Items />
            </ListSource>
          </FieldSettings>
        </Element>
        <Element xsi:type="XString">
          <Text>，情感</Text>
        </Element>
        <Element xsi:type="XInputField">
          <ID>kb0000001748</ID>
          <Attributes />
          <XElements>
            <Element xsi:type="XString">
              <Text>正常</Text>
            </Element>
          </XElements>
          <TextValue>正常</TextValue>
          <Name>情感</Name>
          <ValueBinding />
          <InnerValue>正常</InnerValue>
          <BackgroundText>情感</BackgroundText>
          <FieldSettings>
            <EditStyle>DropdownList</EditStyle>
            <ListSource>
              <SourceName>0000001748</SourceName>
              <Items />
            </ListSource>
          </FieldSettings>
        </Element>
        <Element xsi:type="XString">
          <Text>，定向力</Text>
        </Element>
        <Element xsi:type="XInputField">
          <ID>kb0000001749</ID>
          <Attributes />
          <XElements>
            <Element xsi:type="XString">
              <Text>正常</Text>
            </Element>
          </XElements>
          <TextValue>正常</TextValue>
          <Name>定向力</Name>
          <ValueBinding />
          <InnerValue>正常</InnerValue>
          <BackgroundText>定向力</BackgroundText>
          <FieldSettings>
            <EditStyle>DropdownList</EditStyle>
            <ListSource>
              <SourceName>0000001749</SourceName>
              <Items />
            </ListSource>
          </FieldSettings>
        </Element>
        <Element xsi:type="XString">
          <Text>，记忆力</Text>
        </Element>
        <Element xsi:type="XInputField">
          <ID>kb0000001750</ID>
          <Attributes />
          <XElements>
            <Element xsi:type="XString">
              <Text>正常</Text>
            </Element>
          </XElements>
          <TextValue>正常</TextValue>
          <Name>记忆力</Name>
          <ValueBinding />
          <InnerValue>正常</InnerValue>
          <BackgroundText>记忆力</BackgroundText>
          <FieldSettings>
            <EditStyle>DropdownList</EditStyle>
            <ListSource>
              <SourceName>0000001750</SourceName>
              <Items />
            </ListSource>
          </FieldSettings>
        </Element>
        <Element xsi:type="XString">
          <Text>,计算力</Text>
        </Element>
        <Element xsi:type="XInputField">
          <ID>kb0000001751</ID>
          <Attributes />
          <XElements>
            <Element xsi:type="XString">
              <Text>正常</Text>
            </Element>
          </XElements>
          <TextValue>正常</TextValue>
          <Name>计算力</Name>
          <ValueBinding />
          <InnerValue>正常</InnerValue>
          <BackgroundText>计算力</BackgroundText>
          <FieldSettings>
            <EditStyle>DropdownList</EditStyle>
            <ListSource>
              <SourceName>0000001751</SourceName>
              <Items />
            </ListSource>
          </FieldSettings>
        </Element>
        <Element xsi:type="XString">
          <Text>，语言</Text>
        </Element>
        <Element xsi:type="XInputField">
          <ID>kb0000001752</ID>
          <Attributes />
          <XElements>
            <Element xsi:type="XString">
              <Text>正常</Text>
            </Element>
          </XElements>
          <TextValue>正常</TextValue>
          <Name>语言</Name>
          <ValueBinding />
          <InnerValue>正常</InnerValue>
          <BackgroundText>语言</BackgroundText>
          <FieldSettings>
            <EditStyle>DropdownList</EditStyle>
            <ListSource>
              <SourceName>0000001752</SourceName>
              <Items />
            </ListSource>
          </FieldSettings>
        </Element>
        <Element xsi:type="XString">
          <Text>。</Text>
        </Element>
        <Element xsi:type="XParagraphFlag" />
        <Element xsi:type="XString">
          <Text>颅神经：</Text>
        </Element>
        <Element xsi:type="XParagraphFlag" />
        <Element xsi:type="XString">
          <Text>Ⅰ嗅神经</Text>
        </Element>
        <Element xsi:type="XInputField">
          <ID>kb0000001754</ID>
          <Attributes />
          <XElements>
            <Element xsi:type="XString">
              <Text>正常</Text>
            </Element>
          </XElements>
          <TextValue>正常</TextValue>
          <Name>Ⅰ嗅神经</Name>
          <ValueBinding />
          <InnerValue>正常</InnerValue>
          <BackgroundText>Ⅰ嗅神经</BackgroundText>
          <FieldSettings>
            <EditStyle>DropdownList</EditStyle>
            <ListSource>
              <SourceName>0000001754</SourceName>
              <Items />
            </ListSource>
          </FieldSettings>
        </Element>
        <Element xsi:type="XString">
          <Text>；</Text>
        </Element>
        <Element xsi:type="XParagraphFlag" />
        <Element xsi:type="XString">
          <Text>Ⅱ视神经：</Text>
        </Element>
        <Element xsi:type="XInputField">
          <ID>kb0000001756</ID>
          <Attributes />
          <XElements>
            <Element xsi:type="XString">
              <Text>近视力正常</Text>
            </Element>
          </XElements>
          <TextValue>近视力正常</TextValue>
          <Name>视力</Name>
          <ValueBinding />
          <InnerValue>近视力正常</InnerValue>
          <BackgroundText>视力</BackgroundText>
          <FieldSettings>
            <EditStyle>DropdownList</EditStyle>
            <ListSource>
              <SourceName>0000001756</SourceName>
              <Items />
            </ListSource>
          </FieldSettings>
        </Element>
        <Element xsi:type="XString">
          <Text>，视野</Text>
        </Element>
        <Element xsi:type="XInputField">
          <ID>kb0000001757</ID>
          <Attributes />
          <XElements>
            <Element xsi:type="XString">
              <Text>无缺损</Text>
            </Element>
          </XElements>
          <TextValue>无缺损</TextValue>
          <Name>视野</Name>
          <ValueBinding />
          <InnerValue>无缺损</InnerValue>
          <BackgroundText>视野</BackgroundText>
          <FieldSettings>
            <EditStyle>DropdownList</EditStyle>
            <ListSource>
              <SourceName>0000001757</SourceName>
              <Items />
            </ListSource>
          </FieldSettings>
        </Element>
        <Element xsi:type="XString">
          <Text>，眼底</Text>
        </Element>
        <Element xsi:type="XInputField">
          <ID>kb0000001758</ID>
          <Attributes />
          <XElements>
            <Element xsi:type="XString">
              <Text>双眼视乳头边界清晰</Text>
            </Element>
          </XElements>
          <TextValue>双眼视乳头边界清晰</TextValue>
          <Name>眼底</Name>
          <ValueBinding />
          <InnerValue>双眼视乳头边界清晰</InnerValue>
          <BackgroundText>眼底</BackgroundText>
          <FieldSettings>
            <EditStyle>DropdownList</EditStyle>
            <ListSource>
              <SourceName>0000001758</SourceName>
              <Items />
            </ListSource>
          </FieldSettings>
        </Element>
        <Element xsi:type="XString">
          <Text>；</Text>
        </Element>
        <Element xsi:type="XParagraphFlag" />
        <Element xsi:type="XString">
          <Text>Ⅲ动眼神经、Ⅳ滑车神经、Ⅵ外展神经：睑裂</Text>
        </Element>
        <Element xsi:type="XInputField">
          <ID>kb0000001760</ID>
          <Attributes />
          <XElements>
            <Element xsi:type="XString">
              <Text>正常</Text>
            </Element>
          </XElements>
          <TextValue>正常</TextValue>
          <Name>睑裂</Name>
          <ValueBinding />
          <InnerValue>正常</InnerValue>
          <BackgroundText>睑裂</BackgroundText>
          <FieldSettings>
            <EditStyle>DropdownList</EditStyle>
            <ListSource>
              <SourceName>0000001760</SourceName>
              <Items />
            </ListSource>
          </FieldSettings>
        </Element>
        <Element xsi:type="XString">
          <Text>，</Text>
        </Element>
        <Element xsi:type="XInputField">
          <ID>kb0000001761</ID>
          <Attributes />
          <XElements>
            <Element xsi:type="XString">
              <Text>无眼睑下垂</Text>
            </Element>
          </XElements>
          <TextValue>无眼睑下垂</TextValue>
          <Name>眼睑下垂</Name>
          <ValueBinding />
          <InnerValue>无眼睑下垂</InnerValue>
          <BackgroundText>眼睑下垂</BackgroundText>
          <FieldSettings>
            <EditStyle>DropdownList</EditStyle>
            <ListSource>
              <SourceName>0000001761</SourceName>
              <Items />
            </ListSource>
          </FieldSettings>
        </Element>
        <Element xsi:type="XString">
          <Text>，</Text>
        </Element>
        <Element xsi:type="XInputField">
          <ID>kb0000001762</ID>
          <Attributes />
          <XElements>
            <Element xsi:type="XString">
              <Text>有</Text>
            </Element>
          </XElements>
          <TextValue>有</TextValue>
          <Name>眼球运动</Name>
          <ValueBinding />
          <InnerValue>有</InnerValue>
          <BackgroundText>眼球运动</BackgroundText>
          <FieldSettings>
            <EditStyle>DropdownList</EditStyle>
            <ListSource>
              <SourceName>0000001762</SourceName>
              <Items />
            </ListSource>
          </FieldSettings>
        </Element>
        <Element xsi:type="XString">
          <Text>眼球运动，</Text>
        </Element>
        <Element xsi:type="XInputField">
          <ID>kb0000001765</ID>
          <Attributes />
          <XElements>
            <Element xsi:type="XString">
              <Text>无</Text>
            </Element>
          </XElements>
          <TextValue>无</TextValue>
          <Name>同向偏斜</Name>
          <ValueBinding />
          <InnerValue>无</InnerValue>
          <BackgroundText>同向偏斜</BackgroundText>
          <FieldSettings>
            <EditStyle>DropdownList</EditStyle>
            <ListSource>
              <SourceName>0000001765</SourceName>
              <Items />
            </ListSource>
          </FieldSettings>
        </Element>
        <Element xsi:type="XString">
          <Text>同向偏斜，眼球震颤</Text>
        </Element>
        <Element xsi:type="XInputField">
          <ID>kb0000001766</ID>
          <Attributes />
          <XElements>
            <Element xsi:type="XString">
              <Text>无</Text>
            </Element>
          </XElements>
          <TextValue>无</TextValue>
          <Name>眼球震颤</Name>
          <ValueBinding />
          <InnerValue>无</InnerValue>
          <BackgroundText>眼球震颤</BackgroundText>
          <FieldSettings>
            <EditStyle>DropdownList</EditStyle>
            <ListSource>
              <SourceName>0000001766</SourceName>
              <Items />
            </ListSource>
          </FieldSettings>
        </Element>
        <Element xsi:type="XString">
          <Text>，复视</Text>
        </Element>
        <Element xsi:type="XInputField">
          <ID>kb0000001767</ID>
          <Attributes />
          <XElements>
            <Element xsi:type="XString">
              <Text>无</Text>
            </Element>
          </XElements>
          <TextValue>无</TextValue>
          <Name>复视</Name>
          <ValueBinding />
          <InnerValue>无</InnerValue>
          <BackgroundText>复视</BackgroundText>
          <FieldSettings>
            <EditStyle>DropdownList</EditStyle>
            <ListSource>
              <SourceName>0000001767</SourceName>
              <Items />
            </ListSource>
          </FieldSettings>
        </Element>
        <Element xsi:type="XString">
          <Text>，瞳孔</Text>
        </Element>
        <Element xsi:type="XInputField">
          <ID>kb0000001768</ID>
          <Attributes />
          <XElements>
            <Element xsi:type="XString">
              <Text>左=2.5mm、右=2.5mm</Text>
            </Element>
          </XElements>
          <TextValue>左=2.5mm、右=2.5mm</TextValue>
          <Name>瞳孔</Name>
          <ValueBinding />
          <InnerValue>左=2.5mm、右=2.5mm</InnerValue>
          <BackgroundText>瞳孔</BackgroundText>
          <FieldSettings>
            <EditStyle>DropdownList</EditStyle>
            <ListSource>
              <SourceName>0000001768</SourceName>
              <Items />
            </ListSource>
          </FieldSettings>
        </Element>
        <Element xsi:type="XString">
          <Text>，</Text>
        </Element>
        <Element xsi:type="XInputField">
          <ID>kb0000001769</ID>
          <Attributes />
          <XElements>
            <Element xsi:type="XString">
              <Text>双瞳对光反射灵敏</Text>
            </Element>
          </XElements>
          <TextValue>双瞳对光反射灵敏</TextValue>
          <Name>对光反射</Name>
          <ValueBinding />
          <InnerValue>双瞳对光反射灵敏</InnerValue>
          <BackgroundText>对光反射</BackgroundText>
          <FieldSettings>
            <EditStyle>DropdownList</EditStyle>
            <ListSource>
              <SourceName>0000001769</SourceName>
              <Items />
            </ListSource>
          </FieldSettings>
        </Element>
        <Element xsi:type="XString">
          <Text>，辐辏反射</Text>
        </Element>
        <Element xsi:type="XInputField">
          <ID>kb0000001770</ID>
          <Attributes />
          <XElements>
            <Element xsi:type="XString">
              <Text>正常</Text>
            </Element>
          </XElements>
          <TextValue>正常</TextValue>
          <Name>辐辏反射</Name>
          <ValueBinding />
          <InnerValue>正常</InnerValue>
          <BackgroundText>辐辏反射</BackgroundText>
          <FieldSettings>
            <EditStyle>DropdownList</EditStyle>
            <ListSource>
              <SourceName>0000001770</SourceName>
              <Items />
            </ListSource>
          </FieldSettings>
        </Element>
        <Element xsi:type="XString">
          <Text>；</Text>
        </Element>
        <Element xsi:type="XParagraphFlag" />
        <Element xsi:type="XString">
          <Text>Ⅴ三叉神经：感觉</Text>
        </Element>
        <Element xsi:type="XInputField">
          <ID>kb0000001772</ID>
          <Attributes />
          <XElements>
            <Element xsi:type="XString">
              <Text>正常</Text>
            </Element>
          </XElements>
          <TextValue>正常</TextValue>
          <Name>感觉</Name>
          <ValueBinding />
          <InnerValue>正常</InnerValue>
          <BackgroundText>感觉</BackgroundText>
          <FieldSettings>
            <EditStyle>DropdownList</EditStyle>
            <ListSource>
              <SourceName>0000001772</SourceName>
              <Items />
            </ListSource>
          </FieldSettings>
        </Element>
        <Element xsi:type="XString">
          <Text>，角膜反射</Text>
        </Element>
        <Element xsi:type="XInputField">
          <ID>kb0000001773</ID>
          <Attributes />
          <XElements>
            <Element xsi:type="XString">
              <Text>正常</Text>
            </Element>
          </XElements>
          <TextValue>正常</TextValue>
          <Name>角膜反射</Name>
          <ValueBinding />
          <InnerValue>正常</InnerValue>
          <BackgroundText>角膜反射</BackgroundText>
          <FieldSettings>
            <EditStyle>DropdownList</EditStyle>
            <ListSource>
              <SourceName>0000001773</SourceName>
              <Items />
            </ListSource>
          </FieldSettings>
        </Element>
        <Element xsi:type="XString">
          <Text>，</Text>
        </Element>
        <Element xsi:type="XInputField">
          <ID>kb0000001774</ID>
          <Attributes />
          <XElements>
            <Element xsi:type="XString">
              <Text>张口时下颌正常</Text>
            </Element>
          </XElements>
          <TextValue>张口时下颌正常</TextValue>
          <Name>下颌运动</Name>
          <ValueBinding />
          <InnerValue>张口时下颌正常</InnerValue>
          <BackgroundText>下颌运动</BackgroundText>
          <FieldSettings>
            <EditStyle>DropdownList</EditStyle>
            <ListSource>
              <SourceName>0000001774</SourceName>
              <Items />
            </ListSource>
          </FieldSettings>
        </Element>
        <Element xsi:type="XString">
          <Text>；</Text>
        </Element>
        <Element xsi:type="XParagraphFlag" />
        <Element xsi:type="XString">
          <Text>Ⅶ面神经：鼻唇沟</Text>
        </Element>
        <Element xsi:type="XInputField">
          <ID>kb0000001776</ID>
          <Attributes />
          <XElements>
            <Element xsi:type="XString">
              <Text>对称</Text>
            </Element>
          </XElements>
          <TextValue>对称</TextValue>
          <Name>鼻唇沟</Name>
          <ValueBinding />
          <InnerValue>对称</InnerValue>
          <BackgroundText>鼻唇沟</BackgroundText>
          <FieldSettings>
            <EditStyle>DropdownList</EditStyle>
            <ListSource>
              <SourceName>0000001776</SourceName>
              <Items />
            </ListSource>
          </FieldSettings>
        </Element>
        <Element xsi:type="XString">
          <Text>，</Text>
        </Element>
        <Element xsi:type="XInputField">
          <ID>kb0000001777</ID>
          <Attributes />
          <XElements>
            <Element xsi:type="XString">
              <Text>无</Text>
            </Element>
          </XElements>
          <TextValue>无</TextValue>
          <Name>面肌抽搐</Name>
          <ValueBinding />
          <InnerValue>无</InnerValue>
          <BackgroundText>面肌抽搐</BackgroundText>
          <FieldSettings>
            <EditStyle>DropdownList</EditStyle>
            <ListSource>
              <SourceName>0000001777</SourceName>
              <Items />
            </ListSource>
          </FieldSettings>
        </Element>
        <Element xsi:type="XString">
          <Text>面肌抽搐，皱额</Text>
        </Element>
        <Element xsi:type="XInputField">
          <ID>kb0000001778</ID>
          <Attributes />
          <XElements>
            <Element xsi:type="XString">
              <Text>对称</Text>
            </Element>
          </XElements>
          <TextValue>对称</TextValue>
          <Name>皱额</Name>
          <ValueBinding />
          <InnerValue>对称</InnerValue>
          <BackgroundText>皱额</BackgroundText>
          <FieldSettings>
            <EditStyle>DropdownList</EditStyle>
            <ListSource>
              <SourceName>0000001778</SourceName>
              <Items />
            </ListSource>
          </FieldSettings>
        </Element>
        <Element xsi:type="XString">
          <Text>，闭眼</Text>
        </Element>
        <Element xsi:type="XInputField">
          <ID>kb0000001779</ID>
          <Attributes />
          <XElements>
            <Element xsi:type="XString">
              <Text>正常</Text>
            </Element>
          </XElements>
          <TextValue>正常</TextValue>
          <Name>闭眼</Name>
          <ValueBinding />
          <InnerValue>正常</InnerValue>
          <BackgroundText>闭眼</BackgroundText>
          <FieldSettings>
            <EditStyle>DropdownList</EditStyle>
            <ListSource>
              <SourceName>0000001779</SourceName>
              <Items />
            </ListSource>
          </FieldSettings>
        </Element>
        <Element xsi:type="XString">
          <Text>；</Text>
        </Element>
        <Element xsi:type="XParagraphFlag" />
        <Element xsi:type="XString">
          <Text>Ⅷ听神经：</Text>
        </Element>
        <Element xsi:type="XInputField">
          <ID>kb0000001780</ID>
          <Attributes />
          <XElements>
            <Element xsi:type="XString">
              <Text>双耳听力正常</Text>
            </Element>
          </XElements>
          <TextValue>双耳听力正常</TextValue>
          <Name>Ⅷ听神经</Name>
          <ValueBinding />
          <InnerValue>双耳听力正常</InnerValue>
          <BackgroundText>Ⅷ听神经</BackgroundText>
          <FieldSettings>
            <EditStyle>DropdownList</EditStyle>
            <ListSource>
              <SourceName>0000001780</SourceName>
              <Items />
            </ListSource>
          </FieldSettings>
        </Element>
        <Element xsi:type="XString">
          <Text>；</Text>
        </Element>
        <Element xsi:type="XParagraphFlag" />
        <Element xsi:type="XString">
          <Text>Ⅸ舌咽神经：咽反射</Text>
        </Element>
        <Element xsi:type="XInputField">
          <ID>kb0000001782</ID>
          <Attributes />
          <XElements>
            <Element xsi:type="XString">
              <Text>正常</Text>
            </Element>
          </XElements>
          <TextValue>正常</TextValue>
          <Name>咽反射</Name>
          <ValueBinding />
          <InnerValue>正常</InnerValue>
          <BackgroundText>咽反射</BackgroundText>
          <FieldSettings>
            <EditStyle>DropdownList</EditStyle>
            <ListSource>
              <SourceName>0000001782</SourceName>
              <Items />
            </ListSource>
          </FieldSettings>
        </Element>
        <Element xsi:type="XString">
          <Text>，发音</Text>
        </Element>
        <Element xsi:type="XInputField">
          <ID>kb0000001783</ID>
          <Attributes />
          <XElements>
            <Element xsi:type="XString">
              <Text>正常</Text>
            </Element>
          </XElements>
          <TextValue>正常</TextValue>
          <Name>发音</Name>
          <ValueBinding />
          <InnerValue>正常</InnerValue>
          <BackgroundText>发音</BackgroundText>
          <FieldSettings>
            <EditStyle>DropdownList</EditStyle>
            <ListSource>
              <SourceName>0000001783</SourceName>
              <Items />
            </ListSource>
          </FieldSettings>
        </Element>
        <Element xsi:type="XString">
          <Text>；</Text>
        </Element>
        <Element xsi:type="XParagraphFlag" />
        <Element xsi:type="XString">
          <Text>Ⅹ迷走神经：</Text>
        </Element>
        <Element xsi:type="XInputField">
          <ID>kb0000001785</ID>
          <Attributes />
          <XElements>
            <Element xsi:type="XString">
              <Text>软腭运动正常</Text>
            </Element>
          </XElements>
          <TextValue>软腭运动正常</TextValue>
          <Name>软腭运动</Name>
          <ValueBinding />
          <InnerValue>软腭运动正常</InnerValue>
          <BackgroundText>软腭运动</BackgroundText>
          <FieldSettings>
            <EditStyle>DropdownList</EditStyle>
            <ListSource>
              <SourceName>0000001785</SourceName>
              <Items />
            </ListSource>
          </FieldSettings>
        </Element>
        <Element xsi:type="XString">
          <Text>，吞咽</Text>
        </Element>
        <Element xsi:type="XInputField">
          <ID>kb0000001786</ID>
          <Attributes />
          <XElements>
            <Element xsi:type="XString">
              <Text>正常</Text>
            </Element>
          </XElements>
          <TextValue>正常</TextValue>
          <Name>吞咽</Name>
          <ValueBinding />
          <InnerValue>正常</InnerValue>
          <BackgroundText>吞咽</BackgroundText>
          <FieldSettings>
            <EditStyle>DropdownList</EditStyle>
            <ListSource>
              <SourceName>0000001786</SourceName>
              <Items />
            </ListSource>
          </FieldSettings>
        </Element>
        <Element xsi:type="XString">
          <Text>；</Text>
        </Element>
        <Element xsi:type="XParagraphFlag" />
        <Element xsi:type="XString">
          <Text>Ⅺ副神经：耸肩</Text>
        </Element>
        <Element xsi:type="XInputField">
          <ID>kb0000001788</ID>
          <Attributes />
          <XElements>
            <Element xsi:type="XString">
              <Text>正常</Text>
            </Element>
          </XElements>
          <TextValue>正常</TextValue>
          <Name>耸肩</Name>
          <ValueBinding />
          <InnerValue>正常</InnerValue>
          <BackgroundText>耸肩</BackgroundText>
          <FieldSettings>
            <EditStyle>DropdownList</EditStyle>
            <ListSource>
              <SourceName>0000001788</SourceName>
              <Items />
            </ListSource>
          </FieldSettings>
        </Element>
        <Element xsi:type="XString">
          <Text>，转颈</Text>
        </Element>
        <Element xsi:type="XInputField">
          <ID>kb0000001789</ID>
          <Attributes />
          <XElements>
            <Element xsi:type="XString">
              <Text>正常</Text>
            </Element>
          </XElements>
          <TextValue>正常</TextValue>
          <Name>转颈</Name>
          <ValueBinding />
          <InnerValue>正常</InnerValue>
          <BackgroundText>转颈</BackgroundText>
          <FieldSettings>
            <EditStyle>DropdownList</EditStyle>
            <ListSource>
              <SourceName>0000001789</SourceName>
              <Items />
            </ListSource>
          </FieldSettings>
        </Element>
        <Element xsi:type="XString">
          <Text>；</Text>
        </Element>
        <Element xsi:type="XParagraphFlag" />
        <Element xsi:type="XString">
          <Text>Ⅻ舌下神经：伸舌</Text>
        </Element>
        <Element xsi:type="XInputField">
          <ID>kb0000001791</ID>
          <Attributes />
          <XElements>
            <Element xsi:type="XString">
              <Text>正常</Text>
            </Element>
          </XElements>
          <TextValue>正常</TextValue>
          <Name>伸舌</Name>
          <ValueBinding />
          <InnerValue>正常</InnerValue>
          <BackgroundText>伸舌</BackgroundText>
          <FieldSettings>
            <EditStyle>DropdownList</EditStyle>
            <ListSource>
              <SourceName>0000001791</SourceName>
              <Items />
            </ListSource>
          </FieldSettings>
        </Element>
        <Element xsi:type="XString">
          <Text>，</Text>
        </Element>
        <Element xsi:type="XInputField">
          <ID>kb0000001792</ID>
          <Attributes />
          <XElements>
            <Element xsi:type="XString">
              <Text>无</Text>
            </Element>
          </XElements>
          <TextValue>无</TextValue>
          <Name>舌肌纤颤</Name>
          <ValueBinding />
          <InnerValue>无</InnerValue>
          <BackgroundText>舌肌纤颤</BackgroundText>
          <FieldSettings>
            <EditStyle>DropdownList</EditStyle>
            <ListSource>
              <SourceName>0000001792</SourceName>
              <Items />
            </ListSource>
          </FieldSettings>
        </Element>
        <Element xsi:type="XString">
          <Text>舌肌纤颤。</Text>
        </Element>
        <Element xsi:type="XParagraphFlag" />
        <Element xsi:type="XString">
          <Text>运动：</Text>
        </Element>
        <Element xsi:type="XParagraphFlag" />
        <Element xsi:type="XString">
          <Text>步态</Text>
        </Element>
        <Element xsi:type="XInputField">
          <ID>kb0000001794</ID>
          <Attributes />
          <XElements>
            <Element xsi:type="XString">
              <Text>正常</Text>
            </Element>
          </XElements>
          <TextValue>正常</TextValue>
          <Name>步态</Name>
          <ValueBinding />
          <InnerValue>正常</InnerValue>
          <BackgroundText>步态</BackgroundText>
          <FieldSettings>
            <EditStyle>DropdownList</EditStyle>
            <ListSource>
              <SourceName>0000001794</SourceName>
              <Items />
            </ListSource>
          </FieldSettings>
        </Element>
        <Element xsi:type="XString">
          <Text>；姿势</Text>
        </Element>
        <Element xsi:type="XInputField">
          <ID>kb0000001795</ID>
          <Attributes />
          <XElements>
            <Element xsi:type="XString">
              <Text>正常</Text>
            </Element>
          </XElements>
          <TextValue>正常</TextValue>
          <Name>姿势</Name>
          <ValueBinding />
          <InnerValue>正常</InnerValue>
          <BackgroundText>姿势</BackgroundText>
          <FieldSettings>
            <EditStyle>DropdownList</EditStyle>
            <ListSource>
              <SourceName>0000001795</SourceName>
              <Items />
            </ListSource>
          </FieldSettings>
        </Element>
        <Element xsi:type="XString">
          <Text>；肌力：左上肢：远端 肌力</Text>
        </Element>
        <Element xsi:type="XInputField">
          <ID>kb0000000178</ID>
          <Attributes />
          <XElements>
            <Element xsi:type="XString">
              <Text>Ⅰ级</Text>
            </Element>
          </XElements>
          <TextValue>Ⅰ级</TextValue>
          <Name>肌力</Name>
          <ValueBinding />
          <InnerValue>Ⅰ级</InnerValue>
          <BackgroundText>肌力</BackgroundText>
          <FieldSettings>
            <EditStyle>DropdownList</EditStyle>
            <ListSource>
              <SourceName>0000000178</SourceName>
              <Items />
            </ListSource>
          </FieldSettings>
        </Element>
        <Element xsi:type="XString">
          <Text>、近端 肌力</Text>
        </Element>
        <Element xsi:type="XInputField">
          <ID>kb0000000178</ID>
          <Attributes />
          <XElements>
            <Element xsi:type="XString">
              <Text>Ⅴ级</Text>
            </Element>
          </XElements>
          <TextValue>Ⅴ级</TextValue>
          <Name>肌力</Name>
          <ValueBinding />
          <InnerValue>Ⅴ级</InnerValue>
          <BackgroundText>肌力</BackgroundText>
          <FieldSettings>
            <EditStyle>DropdownList</EditStyle>
            <ListSource>
              <SourceName>0000000178</SourceName>
              <Items />
            </ListSource>
          </FieldSettings>
        </Element>
        <Element xsi:type="XString">
          <Text>，右上肢：远端 肌力</Text>
        </Element>
        <Element xsi:type="XInputField">
          <ID>kb0000000178</ID>
          <Attributes />
          <XElements>
            <Element xsi:type="XString">
              <Text>Ⅲ级</Text>
            </Element>
          </XElements>
          <TextValue>Ⅲ级</TextValue>
          <Name>肌力</Name>
          <ValueBinding />
          <InnerValue>Ⅲ级</InnerValue>
          <BackgroundText>肌力</BackgroundText>
          <FieldSettings>
            <EditStyle>DropdownList</EditStyle>
            <ListSource>
              <SourceName>0000000178</SourceName>
              <Items />
            </ListSource>
          </FieldSettings>
        </Element>
        <Element xsi:type="XString">
          <Text>、近端 肌力</Text>
        </Element>
        <Element xsi:type="XInputField">
          <ID>kb0000000178</ID>
          <Attributes />
          <XElements>
            <Element xsi:type="XString">
              <Text>Ⅴ级</Text>
            </Element>
          </XElements>
          <TextValue>Ⅴ级</TextValue>
          <Name>肌力</Name>
          <ValueBinding />
          <InnerValue>Ⅴ级</InnerValue>
          <BackgroundText>肌力</BackgroundText>
          <FieldSettings>
            <EditStyle>DropdownList</EditStyle>
            <ListSource>
              <SourceName>0000000178</SourceName>
              <Items />
            </ListSource>
          </FieldSettings>
        </Element>
        <Element xsi:type="XString">
          <Text>，左下肢：远端 肌力</Text>
        </Element>
        <Element xsi:type="XInputField">
          <ID>kb0000000178</ID>
          <Attributes />
          <XElements>
            <Element xsi:type="XString">
              <Text>Ⅴ级</Text>
            </Element>
          </XElements>
          <TextValue>Ⅴ级</TextValue>
          <Name>肌力</Name>
          <ValueBinding />
          <InnerValue>Ⅴ级</InnerValue>
          <BackgroundText>肌力</BackgroundText>
          <FieldSettings>
            <EditStyle>DropdownList</EditStyle>
            <ListSource>
              <SourceName>0000000178</SourceName>
              <Items />
            </ListSource>
          </FieldSettings>
        </Element>
        <Element xsi:type="XString">
          <Text>、近端 肌力</Text>
        </Element>
        <Element xsi:type="XInputField">
          <ID>kb0000000178</ID>
          <Attributes />
          <XElements>
            <Element xsi:type="XString">
              <Text>Ⅳ级</Text>
            </Element>
          </XElements>
          <TextValue>Ⅳ级</TextValue>
          <Name>肌力</Name>
          <ValueBinding />
          <InnerValue>Ⅳ级</InnerValue>
          <BackgroundText>肌力</BackgroundText>
          <FieldSettings>
            <EditStyle>DropdownList</EditStyle>
            <ListSource>
              <SourceName>0000000178</SourceName>
              <Items />
            </ListSource>
          </FieldSettings>
        </Element>
        <Element xsi:type="XString">
          <Text>，右下肢：远端 肌力</Text>
        </Element>
        <Element xsi:type="XInputField">
          <ID>kb0000000178</ID>
          <Attributes />
          <XElements>
            <Element xsi:type="XString">
              <Text>Ⅲ级</Text>
            </Element>
          </XElements>
          <TextValue>Ⅲ级</TextValue>
          <Name>肌力</Name>
          <ValueBinding />
          <InnerValue>Ⅲ级</InnerValue>
          <BackgroundText>肌力</BackgroundText>
          <FieldSettings>
            <EditStyle>DropdownList</EditStyle>
            <ListSource>
              <SourceName>0000000178</SourceName>
              <Items />
            </ListSource>
          </FieldSettings>
        </Element>
        <Element xsi:type="XString">
          <Text>、近端 肌力</Text>
        </Element>
        <Element xsi:type="XInputField">
          <ID>kb0000000178</ID>
          <Attributes />
          <XElements>
            <Element xsi:type="XString">
              <Text>Ⅳ级</Text>
            </Element>
          </XElements>
          <TextValue>Ⅳ级</TextValue>
          <Name>肌力</Name>
          <ValueBinding />
          <InnerValue>Ⅳ级</InnerValue>
          <BackgroundText>肌力</BackgroundText>
          <FieldSettings>
            <EditStyle>DropdownList</EditStyle>
            <ListSource>
              <SourceName>0000000178</SourceName>
              <Items />
            </ListSource>
          </FieldSettings>
        </Element>
        <Element xsi:type="XString">
          <Text>；肌张力</Text>
        </Element>
        <Element xsi:type="XInputField">
          <ID>kb0000000828</ID>
          <Attributes />
          <XElements>
            <Element xsi:type="XString">
              <Text>正常</Text>
            </Element>
          </XElements>
          <TextValue>正常</TextValue>
          <Name>肌张力</Name>
          <ValueBinding />
          <InnerValue>正常</InnerValue>
          <BackgroundText>肌张力</BackgroundText>
          <FieldSettings>
            <EditStyle>DropdownList</EditStyle>
            <ListSource>
              <SourceName>0000000828</SourceName>
              <Items />
            </ListSource>
          </FieldSettings>
        </Element>
        <Element xsi:type="XString">
          <Text>；</Text>
        </Element>
        <Element xsi:type="XInputField">
          <ID>kb0000001798</ID>
          <Attributes />
          <XElements>
            <Element xsi:type="XString">
              <Text>无</Text>
            </Element>
          </XElements>
          <TextValue>无</TextValue>
          <Name>挛缩</Name>
          <ValueBinding />
          <InnerValue>无</InnerValue>
          <BackgroundText>挛缩</BackgroundText>
          <FieldSettings>
            <EditStyle>DropdownList</EditStyle>
            <ListSource>
              <SourceName>0000001798</SourceName>
              <Items />
            </ListSource>
          </FieldSettings>
        </Element>
        <Element xsi:type="XString">
          <Text>挛缩。</Text>
        </Element>
        <Element xsi:type="XParagraphFlag" />
        <Element xsi:type="XString">
          <Text>感觉：</Text>
        </Element>
        <Element xsi:type="XInputField">
          <ID>kb0000001799</ID>
          <Attributes />
          <XElements>
            <Element xsi:type="XString">
              <Text>颈、胸、腰</Text>
            </Element>
          </XElements>
          <TextValue>颈、胸、腰</TextValue>
          <Name>感觉部位</Name>
          <ValueBinding />
          <InnerValue>颈、胸、腰</InnerValue>
          <BackgroundText>感觉部位</BackgroundText>
          <FieldSettings>
            <EditStyle>DropdownList</EditStyle>
            <MultiSelect>true</MultiSelect>
            <ListSource>
              <SourceName>0000001799</SourceName>
              <Items />
            </ListSource>
          </FieldSettings>
        </Element>
        <Element xsi:type="XInputField">
          <ID>kb0000001800</ID>
          <Attributes />
          <XElements>
            <Element xsi:type="XString">
              <Text>痛觉、触觉</Text>
            </Element>
          </XElements>
          <TextValue>痛觉、触觉</TextValue>
          <Name>感觉类别</Name>
          <ValueBinding />
          <InnerValue>痛觉、触觉</InnerValue>
          <BackgroundText>感觉类别</BackgroundText>
          <FieldSettings>
            <EditStyle>DropdownList</EditStyle>
            <MultiSelect>true</MultiSelect>
            <ListSource>
              <SourceName>0000001800</SourceName>
              <Items />
            </ListSource>
          </FieldSettings>
        </Element>
        <Element xsi:type="XString">
          <Text> 感觉</Text>
        </Element>
        <Element xsi:type="XInputField">
          <ID>kb0000001801</ID>
          <Attributes />
          <XElements>
            <Element xsi:type="XString">
              <Text>消失</Text>
            </Element>
          </XElements>
          <TextValue>消失</TextValue>
          <Name>感觉变化</Name>
          <ValueBinding />
          <InnerValue>消失</InnerValue>
          <BackgroundText>感觉变化</BackgroundText>
          <FieldSettings>
            <EditStyle>DropdownList</EditStyle>
            <ListSource>
              <SourceName>0000001801</SourceName>
              <Items />
            </ListSource>
          </FieldSettings>
        </Element>
        <Element xsi:type="XString">
          <Text>。</Text>
        </Element>
        <Element xsi:type="XParagraphFlag" />
        <Element xsi:type="XString">
          <Text>不自主运动：</Text>
        </Element>
        <Element xsi:type="XInputField">
          <ID>kb0000001847</ID>
          <Attributes />
          <XElements>
            <Element xsi:type="XString">
              <Text>无</Text>
            </Element>
          </XElements>
          <TextValue>无</TextValue>
          <Name>不自主运动</Name>
          <ValueBinding />
          <InnerValue>无</InnerValue>
          <BackgroundText>不自主运动</BackgroundText>
          <FieldSettings>
            <EditStyle>DropdownList</EditStyle>
            <ListSource>
              <SourceName>0000001847</SourceName>
              <Items />
            </ListSource>
          </FieldSettings>
        </Element>
        <Element xsi:type="XString">
          <Text>。</Text>
        </Element>
        <Element xsi:type="XParagraphFlag" />
        <Element xsi:type="XString">
          <Text>共济运动：指鼻试验</Text>
        </Element>
        <Element xsi:type="XInputField">
          <ID>kb0000001848</ID>
          <Attributes />
          <XElements>
            <Element xsi:type="XString">
              <Text>稳定</Text>
            </Element>
          </XElements>
          <TextValue>稳定</TextValue>
          <Name>指鼻试验</Name>
          <ValueBinding />
          <InnerValue>稳定</InnerValue>
          <BackgroundText>指鼻试验</BackgroundText>
          <FieldSettings>
            <EditStyle>DropdownList</EditStyle>
            <ListSource>
              <SourceName>0000001848</SourceName>
              <Items />
            </ListSource>
          </FieldSettings>
        </Element>
        <Element xsi:type="XString">
          <Text>，跟膝胫试验</Text>
        </Element>
        <Element xsi:type="XInputField">
          <ID>kb0000001849</ID>
          <Attributes />
          <XElements>
            <Element xsi:type="XString">
              <Text>稳定</Text>
            </Element>
          </XElements>
          <TextValue>稳定</TextValue>
          <Name>跟膝胫试验</Name>
          <ValueBinding />
          <InnerValue>稳定</InnerValue>
          <BackgroundText>跟膝胫试验</BackgroundText>
          <FieldSettings>
            <EditStyle>DropdownList</EditStyle>
            <ListSource>
              <SourceName>0000001849</SourceName>
              <Items />
            </ListSource>
          </FieldSettings>
        </Element>
        <Element xsi:type="XString">
          <Text>，闭目难立征</Text>
        </Element>
        <Element xsi:type="XInputField">
          <ID>kb0000001850</ID>
          <Attributes />
          <XElements>
            <Element xsi:type="XString">
              <Text>稳定</Text>
            </Element>
          </XElements>
          <TextValue>稳定</TextValue>
          <Name>闭目难立征</Name>
          <ValueBinding />
          <InnerValue>稳定</InnerValue>
          <BackgroundText>闭目难立征</BackgroundText>
          <FieldSettings>
            <EditStyle>DropdownList</EditStyle>
            <ListSource>
              <SourceName>0000001850</SourceName>
              <Items />
            </ListSource>
          </FieldSettings>
        </Element>
        <Element xsi:type="XString">
          <Text>。</Text>
        </Element>
        <Element xsi:type="XParagraphFlag" />
        <Element xsi:type="XString">
          <Text>反射：二头肌：左</Text>
        </Element>
        <Element xsi:type="XInputField">
          <ID>kb0000001805</ID>
          <Attributes />
          <XElements>
            <Element xsi:type="XString">
              <Text>-</Text>
            </Element>
          </XElements>
          <TextValue>-</TextValue>
          <Name>反射描述</Name>
          <ValueBinding />
          <InnerValue>-</InnerValue>
          <BackgroundText>反射描述</BackgroundText>
          <FieldSettings>
            <EditStyle>DropdownList</EditStyle>
            <ListSource>
              <SourceName>0000001805</SourceName>
              <Items />
            </ListSource>
          </FieldSettings>
        </Element>
        <Element xsi:type="XString">
          <Text>、右</Text>
        </Element>
        <Element xsi:type="XInputField">
          <ID>kb0000001805</ID>
          <Attributes />
          <XElements>
            <Element xsi:type="XString">
              <Text>-</Text>
            </Element>
          </XElements>
          <TextValue>-</TextValue>
          <Name>反射描述</Name>
          <ValueBinding />
          <InnerValue>-</InnerValue>
          <BackgroundText>反射描述</BackgroundText>
          <FieldSettings>
            <EditStyle>DropdownList</EditStyle>
            <ListSource>
              <SourceName>0000001805</SourceName>
              <Items />
            </ListSource>
          </FieldSettings>
        </Element>
        <Element xsi:type="XString">
          <Text>，三头肌：左</Text>
        </Element>
        <Element xsi:type="XInputField">
          <ID>kb0000001805</ID>
          <Attributes />
          <XElements>
            <Element xsi:type="XString">
              <Text>-</Text>
            </Element>
          </XElements>
          <TextValue>-</TextValue>
          <Name>反射描述</Name>
          <ValueBinding />
          <InnerValue>-</InnerValue>
          <BackgroundText>反射描述</BackgroundText>
          <FieldSettings>
            <EditStyle>DropdownList</EditStyle>
            <ListSource>
              <SourceName>0000001805</SourceName>
              <Items />
            </ListSource>
          </FieldSettings>
        </Element>
        <Element xsi:type="XString">
          <Text>、右</Text>
        </Element>
        <Element xsi:type="XInputField">
          <ID>kb0000001805</ID>
          <Attributes />
          <XElements>
            <Element xsi:type="XString">
              <Text>-</Text>
            </Element>
          </XElements>
          <TextValue>-</TextValue>
          <Name>反射描述</Name>
          <ValueBinding />
          <InnerValue>-</InnerValue>
          <BackgroundText>反射描述</BackgroundText>
          <FieldSettings>
            <EditStyle>DropdownList</EditStyle>
            <ListSource>
              <SourceName>0000001805</SourceName>
              <Items />
            </ListSource>
          </FieldSettings>
        </Element>
        <Element xsi:type="XString">
          <Text>，膝腱：左</Text>
        </Element>
        <Element xsi:type="XInputField">
          <ID>kb0000001805</ID>
          <Attributes />
          <XElements>
            <Element xsi:type="XString">
              <Text>-</Text>
            </Element>
          </XElements>
          <TextValue>-</TextValue>
          <Name>反射描述</Name>
          <ValueBinding />
          <InnerValue>-</InnerValue>
          <BackgroundText>反射描述</BackgroundText>
          <FieldSettings>
            <EditStyle>DropdownList</EditStyle>
            <ListSource>
              <SourceName>0000001805</SourceName>
              <Items />
            </ListSource>
          </FieldSettings>
        </Element>
        <Element xsi:type="XString">
          <Text>、右</Text>
        </Element>
        <Element xsi:type="XInputField">
          <ID>kb0000001805</ID>
          <Attributes />
          <XElements>
            <Element xsi:type="XString">
              <Text>-</Text>
            </Element>
          </XElements>
          <TextValue>-</TextValue>
          <Name>反射描述</Name>
          <ValueBinding />
          <InnerValue>-</InnerValue>
          <BackgroundText>反射描述</BackgroundText>
          <FieldSettings>
            <EditStyle>DropdownList</EditStyle>
            <ListSource>
              <SourceName>0000001805</SourceName>
              <Items />
            </ListSource>
          </FieldSettings>
        </Element>
        <Element xsi:type="XString">
          <Text>，跟腱：左</Text>
        </Element>
        <Element xsi:type="XInputField">
          <ID>kb0000001805</ID>
          <Attributes />
          <XElements>
            <Element xsi:type="XString">
              <Text>-</Text>
            </Element>
          </XElements>
          <TextValue>-</TextValue>
          <Name>反射描述</Name>
          <ValueBinding />
          <InnerValue>-</InnerValue>
          <BackgroundText>反射描述</BackgroundText>
          <FieldSettings>
            <EditStyle>DropdownList</EditStyle>
            <ListSource>
              <SourceName>0000001805</SourceName>
              <Items />
            </ListSource>
          </FieldSettings>
        </Element>
        <Element xsi:type="XString">
          <Text>，右</Text>
        </Element>
        <Element xsi:type="XInputField">
          <ID>kb0000001805</ID>
          <Attributes />
          <XElements>
            <Element xsi:type="XString">
              <Text>-</Text>
            </Element>
          </XElements>
          <TextValue>-</TextValue>
          <Name>反射描述</Name>
          <ValueBinding />
          <InnerValue>-</InnerValue>
          <BackgroundText>反射描述</BackgroundText>
          <FieldSettings>
            <EditStyle>DropdownList</EditStyle>
            <ListSource>
              <SourceName>0000001805</SourceName>
              <Items />
            </ListSource>
          </FieldSettings>
        </Element>
        <Element xsi:type="XString">
          <Text>，腹壁：</Text>
        </Element>
        <Element xsi:type="XInputField">
          <ID>kb0000001805</ID>
          <Attributes />
          <XElements>
            <Element xsi:type="XString">
              <Text>-</Text>
            </Element>
          </XElements>
          <TextValue>-</TextValue>
          <Name>反射描述</Name>
          <ValueBinding />
          <InnerValue>-</InnerValue>
          <BackgroundText>反射描述</BackgroundText>
          <FieldSettings>
            <EditStyle>DropdownList</EditStyle>
            <ListSource>
              <SourceName>0000001805</SourceName>
              <Items />
            </ListSource>
          </FieldSettings>
        </Element>
        <Element xsi:type="XString">
          <Text>，提睾反射</Text>
        </Element>
        <Element xsi:type="XInputField">
          <ID>kb0000001806</ID>
          <Attributes />
          <XElements>
            <Element xsi:type="XString">
              <Text>-</Text>
            </Element>
          </XElements>
          <TextValue>-</TextValue>
          <Name>提睾反射</Name>
          <ValueBinding />
          <InnerValue>-</InnerValue>
          <BackgroundText>提睾反射</BackgroundText>
          <FieldSettings>
            <EditStyle>DropdownList</EditStyle>
            <ListSource>
              <SourceName>0000001806</SourceName>
              <Items />
            </ListSource>
          </FieldSettings>
        </Element>
        <Element xsi:type="XString">
          <Text>；Hoffmann征</Text>
        </Element>
        <Element xsi:type="XInputField">
          <ID>kb0000000831</ID>
          <Attributes />
          <XElements>
            <Element xsi:type="XString">
              <Text>阴性</Text>
            </Element>
          </XElements>
          <TextValue>阴性</TextValue>
          <Name>Hoffmann征</Name>
          <ValueBinding />
          <InnerValue>阴性</InnerValue>
          <BackgroundText>Hoffmann征</BackgroundText>
          <FieldSettings>
            <EditStyle>DropdownList</EditStyle>
            <ListSource>
              <SourceName>0000000831</SourceName>
              <Items />
            </ListSource>
          </FieldSettings>
        </Element>
        <Element xsi:type="XString">
          <Text>，Babinski征</Text>
        </Element>
        <Element xsi:type="XInputField">
          <ID>kb0000000832</ID>
          <Attributes />
          <XElements>
            <Element xsi:type="XString">
              <Text>阴性</Text>
            </Element>
          </XElements>
          <TextValue>阴性</TextValue>
          <Name>Babinski征</Name>
          <ValueBinding />
          <InnerValue>阴性</InnerValue>
          <BackgroundText>Babinski征</BackgroundText>
          <FieldSettings>
            <EditStyle>DropdownList</EditStyle>
            <ListSource>
              <SourceName>0000000832</SourceName>
              <Items />
            </ListSource>
          </FieldSettings>
        </Element>
        <Element xsi:type="XString">
          <Text>。</Text>
        </Element>
        <Element xsi:type="XParagraphFlag" />
        <Element xsi:type="XString">
          <Text>脑膜刺激征：</Text>
        </Element>
        <Element xsi:type="XInputField">
          <ID>kb0000001808</ID>
          <Attributes />
          <XElements>
            <Element xsi:type="XString">
              <Text>无</Text>
            </Element>
          </XElements>
          <TextValue>无</TextValue>
          <Name>颈项强直</Name>
          <ValueBinding />
          <InnerValue>无</InnerValue>
          <BackgroundText>颈项强直</BackgroundText>
          <FieldSettings>
            <EditStyle>DropdownList</EditStyle>
            <ListSource>
              <SourceName>0000001808</SourceName>
              <Items />
            </ListSource>
          </FieldSettings>
        </Element>
        <Element xsi:type="XString">
          <Text>颈项强直，Kernig征</Text>
        </Element>
        <Element xsi:type="XInputField">
          <ID>kb0000000833</ID>
          <Attributes />
          <XElements>
            <Element xsi:type="XString">
              <Text>阴性</Text>
            </Element>
          </XElements>
          <TextValue>阴性</TextValue>
          <Name>Kernig征</Name>
          <ValueBinding />
          <InnerValue>阴性</InnerValue>
          <BackgroundText>Kernig征</BackgroundText>
          <FieldSettings>
            <EditStyle>DropdownList</EditStyle>
            <ListSource>
              <SourceName>0000000833</SourceName>
              <Items />
            </ListSource>
          </FieldSettings>
        </Element>
        <Element xsi:type="XString">
          <Text>，Bruzinski征</Text>
        </Element>
        <Element xsi:type="XInputField">
          <ID>kb0000001809</ID>
          <Attributes />
          <XElements>
            <Element xsi:type="XString">
              <Text>阴性</Text>
            </Element>
          </XElements>
          <TextValue>阴性</TextValue>
          <Name>Bruzinski征</Name>
          <ValueBinding />
          <InnerValue>阴性</InnerValue>
          <BackgroundText>Bruzinski征</BackgroundText>
          <FieldSettings>
            <EditStyle>DropdownList</EditStyle>
            <ListSource>
              <SourceName>0000001809</SourceName>
              <Items />
            </ListSource>
          </FieldSettings>
        </Element>
        <Element xsi:type="XString">
          <Text>。</Text>
        </Element>
        <Element xsi:type="XParagraphFlag" />
        <Element xsi:type="XString">
          <Text>括约肌：</Text>
        </Element>
        <Element xsi:type="XInputField">
          <ID>kb0000001810</ID>
          <Attributes />
          <XElements>
            <Element xsi:type="XString">
              <Text>大小便正常</Text>
            </Element>
          </XElements>
          <TextValue>大小便正常</TextValue>
          <Name>括约肌</Name>
          <ValueBinding />
          <InnerValue>大小便正常</InnerValue>
          <BackgroundText>括约肌</BackgroundText>
          <FieldSettings>
            <EditStyle>DropdownList</EditStyle>
            <ListSource>
              <SourceName>0000001810</SourceName>
              <Items />
            </ListSource>
          </FieldSettings>
        </Element>
        <Element xsi:type="XString">
          <Text>。</Text>
        </Element>
        <Element xsi:type="XParagraphFlag" />
      </XElements>
      <Sections />
    </Element>
    <Element xsi:type="XTextHeader">
      <Attributes />
      <XElements>
        <Element xsi:type="XParagraphFlag" StyleIndex="0">
          <AutoCreate>true</AutoCreate>
        </Element>
      </XElements>
    </Element>
    <Element xsi:type="XTextFooter">
      <Attributes />
      <XElements>
        <Element xsi:type="XParagraphFlag">
          <AutoCreate>true</AutoCreate>
        </Element>
      </XElements>
    </Element>
  </XElements>
  <Info>
    <CreationTime>2013-04-02T17:19:54.4941681+08:00</CreationTime>
    <LastModifiedTime>2013-04-02T17:19:54.4941681+08:00</LastModifiedTime>
    <LastPrintTime>1980-01-01T00:00:00</LastPrintTime>
    <Operator>DCSoft.Writer Version:1.1.1111.29376</Operator>
  </Info>
  <BodyText>
  </BodyText>
  <UserHistories>
    <History>
      <ID />
      <Name />
      <SavedTime>2005-01-12T11:34:39</SavedTime>
    </History>
  </UserHistories>
  <ContentStyles>
    <Default xsi:type="DocumentContentStyle">
      <FontName>宋体</FontName>
    </Default>
    <Styles>
      <Style Index="0">
        <Align>Center</Align>
      </Style>
    </Styles>
  </ContentStyles>
  <MeasureMode>OldCompatibility</MeasureMode>
  <PageSettings>
    <LeftMargin>50</LeftMargin>
    <TopMargin>50</TopMargin>
    <RightMargin>50</RightMargin>
    <BottomMargin>50</BottomMargin>
    <ViewLeftMargin>150</ViewLeftMargin>
    <ViewTopMargin>150</ViewTopMargin>
    <ViewRightMargin>150</ViewRightMargin>
    <ViewBottomMargin>150</ViewBottomMargin>
    <ViewPaperWidth>2481</ViewPaperWidth>
    <ViewPaperHeight>3507</ViewPaperHeight>
  </PageSettings>
</XTextDocument>