﻿<?xml version="1.0" encoding="utf-8"?>
<XTextDocument xmlns:xsi="http://www.w3.org/2001/XMLSchema-instance" xmlns:xsd="http://www.w3.org/2001/XMLSchema" EditorVersionString="1.1.1111.29376">
  <Attributes />
  <XElements>
    <Element xsi:type="XTextBody">
      <Attributes />
      <XElements>
        <Element xsi:type="XInputField">
          <ID>kb0000000998</ID>
          <Attributes />
          <XElements>
            <Element xsi:type="XString">
              <Text>年</Text>
            </Element>
          </XElements>
          <TextValue>年</TextValue>
          <Name>时间单位</Name>
          <ValueBinding />
          <InnerValue>年</InnerValue>
          <BackgroundText>时间单位</BackgroundText>
          <FieldSettings>
            <EditStyle>DropdownList</EditStyle>
            <ListSource>
              <SourceName>0000000998</SourceName>
              <Items />
            </ListSource>
          </FieldSettings>
        </Element>
        <Element xsi:type="XString">
          <Text>前开始</Text>
        </Element>
        <Element xsi:type="XInputField">
          <ID>kb0000002652</ID>
          <Attributes />
          <XElements>
            <Element xsi:type="XString">
              <Text>无明显诱因</Text>
            </Element>
          </XElements>
          <TextValue>无明显诱因</TextValue>
          <Name>慢性鼻窦炎、鼻息肉病诱因</Name>
          <ValueBinding />
          <InnerValue>无明显诱因</InnerValue>
          <BackgroundText>慢性鼻窦炎、鼻息肉病诱因</BackgroundText>
          <FieldSettings>
            <EditStyle>DropdownList</EditStyle>
            <ListSource>
              <SourceName>0000002652</SourceName>
              <Items />
            </ListSource>
          </FieldSettings>
        </Element>
        <Element xsi:type="XString">
          <Text>出现</Text>
        </Element>
        <Element xsi:type="XInputField">
          <ID>kb0000002634</ID>
          <Attributes />
          <XElements>
            <Element xsi:type="XString">
              <Text>鼻塞、鼻漏、头痛</Text>
            </Element>
          </XElements>
          <TextValue>鼻塞、鼻漏、头痛</TextValue>
          <Name>慢性鼻窦炎、鼻息肉病症状</Name>
          <ValueBinding />
          <InnerValue>鼻塞、鼻漏、头痛</InnerValue>
          <BackgroundText>慢性鼻窦炎、鼻息肉病症状</BackgroundText>
          <FieldSettings>
            <EditStyle>DropdownList</EditStyle>
            <MultiSelect>true</MultiSelect>
            <ListSource>
              <SourceName>0000002634</SourceName>
              <Items />
            </ListSource>
          </FieldSettings>
        </Element>
        <Element xsi:type="XString">
          <Text>，鼻塞为</Text>
        </Element>
        <Element xsi:type="XInputField">
          <ID>kb0000002638</ID>
          <Attributes />
          <XElements>
            <Element xsi:type="XString">
              <Text>交替性</Text>
            </Element>
          </XElements>
          <TextValue>交替性</TextValue>
          <Name>鼻塞性质</Name>
          <ValueBinding />
          <InnerValue>交替性</InnerValue>
          <BackgroundText>鼻塞性质</BackgroundText>
          <FieldSettings>
            <EditStyle>DropdownList</EditStyle>
            <ListSource>
              <SourceName>0000002638</SourceName>
              <Items />
            </ListSource>
          </FieldSettings>
        </Element>
        <Element xsi:type="XString">
          <Text>，鼻漏为</Text>
        </Element>
        <Element xsi:type="XInputField">
          <ID>kb0000002639</ID>
          <Attributes />
          <XElements>
            <Element xsi:type="XString">
              <Text>黄色脓性涕</Text>
            </Element>
          </XElements>
          <TextValue>黄色脓性涕</TextValue>
          <Name>鼻漏性质</Name>
          <ValueBinding />
          <InnerValue>黄色脓性涕</InnerValue>
          <BackgroundText>鼻漏性质</BackgroundText>
          <FieldSettings>
            <EditStyle>DropdownList</EditStyle>
            <ListSource>
              <SourceName>0000002639</SourceName>
              <Items />
            </ListSource>
          </FieldSettings>
        </Element>
        <Element xsi:type="XString">
          <Text>，头痛</Text>
        </Element>
        <Element xsi:type="XInputField">
          <ID>kb0000002646</ID>
          <Attributes />
          <XElements>
            <Element xsi:type="XString">
              <Text>间断</Text>
            </Element>
          </XElements>
          <TextValue>间断</TextValue>
          <Name>头痛性质</Name>
          <ValueBinding />
          <InnerValue>间断</InnerValue>
          <BackgroundText>头痛性质</BackgroundText>
          <FieldSettings>
            <EditStyle>DropdownList</EditStyle>
            <ListSource>
              <SourceName>0000002646</SourceName>
              <Items />
            </ListSource>
          </FieldSettings>
        </Element>
        <Element xsi:type="XString">
          <Text>，部位为</Text>
        </Element>
        <Element xsi:type="XInputField">
          <ID>kb0000002647</ID>
          <Attributes />
          <XElements>
            <Element xsi:type="XString">
              <Text>额部、颅顶</Text>
            </Element>
          </XElements>
          <TextValue>额部、颅顶</TextValue>
          <Name>头痛部位</Name>
          <ValueBinding />
          <InnerValue>额部、颅顶</InnerValue>
          <BackgroundText>头痛部位</BackgroundText>
          <FieldSettings>
            <EditStyle>DropdownList</EditStyle>
            <MultiSelect>true</MultiSelect>
            <ListSource>
              <SourceName>0000002647</SourceName>
              <Items />
            </ListSource>
          </FieldSettings>
        </Element>
        <Element xsi:type="XString">
          <Text>，嗅觉</Text>
        </Element>
        <Element xsi:type="XInputField">
          <ID>kb0000002653</ID>
          <Attributes />
          <XElements>
            <Element xsi:type="XString">
              <Text>减退</Text>
            </Element>
          </XElements>
          <TextValue>减退</TextValue>
          <Name>嗅觉</Name>
          <ValueBinding />
          <InnerValue>减退</InnerValue>
          <BackgroundText>嗅觉</BackgroundText>
          <FieldSettings>
            <EditStyle>DropdownList</EditStyle>
            <ListSource>
              <SourceName>0000002653</SourceName>
              <Items />
            </ListSource>
          </FieldSettings>
        </Element>
        <Element xsi:type="XString">
          <Text>；曾有鼻出血，</Text>
        </Element>
        <Element xsi:type="XInputField">
          <ID>kb0000002640</ID>
          <Attributes />
          <XElements>
            <Element xsi:type="XString">
              <Text>为鼻涕带血</Text>
            </Element>
          </XElements>
          <TextValue>为鼻涕带血</TextValue>
          <Name>鼻出血性状</Name>
          <ValueBinding />
          <InnerValue>为鼻涕带血</InnerValue>
          <BackgroundText>鼻出血性状</BackgroundText>
          <FieldSettings>
            <EditStyle>DropdownList</EditStyle>
            <ListSource>
              <SourceName>0000002640</SourceName>
              <Items />
            </ListSource>
          </FieldSettings>
        </Element>
        <Element xsi:type="XString">
          <Text>。曾行      药物治疗，行</Text>
        </Element>
        <Element xsi:type="XInputField">
          <ID>kb0000002654</ID>
          <Attributes />
          <XElements>
            <Element xsi:type="XString">
              <Text>激光、鼻息肉摘除术</Text>
            </Element>
          </XElements>
          <TextValue>激光、鼻息肉摘除术</TextValue>
          <Name>慢性鼻窦炎、鼻息肉病手术</Name>
          <ValueBinding />
          <InnerValue>激光、鼻息肉摘除术</InnerValue>
          <BackgroundText>慢性鼻窦炎、鼻息肉病手术</BackgroundText>
          <FieldSettings>
            <EditStyle>DropdownList</EditStyle>
            <MultiSelect>true</MultiSelect>
            <ListSource>
              <SourceName>0000002654</SourceName>
              <Items />
            </ListSource>
          </FieldSettings>
        </Element>
        <Element xsi:type="XString">
          <Text>手术，</Text>
        </Element>
        <Element xsi:type="XInputField">
          <ID>kb0000002644</ID>
          <Attributes />
          <XElements>
            <Element xsi:type="XString">
              <Text>好转后又复发</Text>
            </Element>
          </XElements>
          <TextValue>好转后又复发</TextValue>
          <Name>治疗效果</Name>
          <ValueBinding />
          <InnerValue>好转后又复发</InnerValue>
          <BackgroundText>治疗效果</BackgroundText>
          <FieldSettings>
            <EditStyle>DropdownList</EditStyle>
            <ListSource>
              <SourceName>0000002644</SourceName>
              <Items />
            </ListSource>
          </FieldSettings>
        </Element>
        <Element xsi:type="XString">
          <Text>。</Text>
        </Element>
        <Element xsi:type="XParagraphFlag" />
      </XElements>
      <Sections />
    </Element>
    <Element xsi:type="XTextHeader">
      <Attributes />
      <XElements>
        <Element xsi:type="XParagraphFlag" StyleIndex="0">
          <AutoCreate>true</AutoCreate>
        </Element>
      </XElements>
    </Element>
    <Element xsi:type="XTextFooter">
      <Attributes />
      <XElements>
        <Element xsi:type="XParagraphFlag">
          <AutoCreate>true</AutoCreate>
        </Element>
      </XElements>
    </Element>
  </XElements>
  <ScriptText />
  <Info>
    <CreationTime>2013-04-02T17:19:56.0462569+08:00</CreationTime>
    <LastModifiedTime>2013-04-02T17:19:56.0462569+08:00</LastModifiedTime>
    <LastPrintTime>1980-01-01T00:00:00</LastPrintTime>
    <Operator>DCSoft.Writer Version:1.1.1111.29376</Operator>
  </Info>
  <BodyText>
  </BodyText>
  <UserHistories>
    <History>
      <ID />
      <Name />
      <SavedTime>2005-04-22T09:50:59</SavedTime>
    </History>
  </UserHistories>
  <ContentStyles>
    <Default xsi:type="DocumentContentStyle">
      <FontName>宋体</FontName>
    </Default>
    <Styles>
      <Style Index="0">
        <Align>Center</Align>
      </Style>
    </Styles>
  </ContentStyles>
  <MeasureMode>OldCompatibility</MeasureMode>
  <PageSettings>
    <LeftMargin>50</LeftMargin>
    <TopMargin>50</TopMargin>
    <RightMargin>50</RightMargin>
    <BottomMargin>50</BottomMargin>
    <ViewLeftMargin>150</ViewLeftMargin>
    <ViewTopMargin>150</ViewTopMargin>
    <ViewRightMargin>150</ViewRightMargin>
    <ViewBottomMargin>150</ViewBottomMargin>
    <ViewPaperWidth>2481</ViewPaperWidth>
    <ViewPaperHeight>3507</ViewPaperHeight>
  </PageSettings>
</XTextDocument>