﻿<?xml version="1.0" encoding="utf-8"?>
<XTextDocument xmlns:xsi="http://www.w3.org/2001/XMLSchema-instance" xmlns:xsd="http://www.w3.org/2001/XMLSchema" EditorVersionString="1.1.1111.29376">
  <Attributes />
  <XElements>
    <Element xsi:type="XTextBody">
      <Attributes />
      <XElements>
        <Element xsi:type="XString">
          <Text>患者出生于</Text>
        </Element>
        <Element xsi:type="XInputField">
          <ID>kb0000002046</ID>
          <Attributes />
          <XElements />
          <TextValue />
          <UnitText />
          <Name>出生地（国家）</Name>
          <InnerValue />
          <BackgroundText>出生地（国家）</BackgroundText>
        </Element>
        <Element xsi:type="XInputField">
          <ID>kb0000002044</ID>
          <Attributes />
          <XElements />
          <TextValue />
          <UnitText />
          <Name>出生地（省）</Name>
          <InnerValue />
          <BackgroundText>出生地（省）</BackgroundText>
        </Element>
        <Element xsi:type="XInputField">
          <ID>kb0000002045</ID>
          <Attributes />
          <XElements />
          <TextValue />
          <UnitText />
          <Name>出生地（市）</Name>
          <InnerValue />
          <BackgroundText>出生地（市）</BackgroundText>
        </Element>
        <Element xsi:type="XString">
          <Text>。</Text>
        </Element>
        <Element xsi:type="XParagraphFlag" />
        <Element xsi:type="XInputField">
          <ID>kb0000002047</ID>
          <Attributes />
          <XElements>
            <Element xsi:type="XString">
              <Text>日本血吸虫病疫水接触史</Text>
            </Element>
          </XElements>
          <TextValue>日本血吸虫病疫水接触史</TextValue>
          <Name>日本血吸虫病疫水接触史</Name>
          <ValueBinding />
          <InnerValue>日本血吸虫病疫水接触史</InnerValue>
          <BackgroundText>日本血吸虫病疫水接触史</BackgroundText>
          <FieldSettings>
            <EditStyle>DropdownList</EditStyle>
            <ListSource>
              <SourceName>0000002047</SourceName>
              <Items />
            </ListSource>
          </FieldSettings>
        </Element>
        <Element xsi:type="XString">
          <Text>；</Text>
        </Element>
        <Element xsi:type="XInputField">
          <ID>kb0000002048</ID>
          <Attributes />
          <XElements>
            <Element xsi:type="XString">
              <Text>到过地方病或传染病流行地区</Text>
            </Element>
          </XElements>
          <TextValue>到过地方病或传染病流行地区</TextValue>
          <Name>到过地方病或传染病流行地区</Name>
          <ValueBinding />
          <InnerValue>到过地方病或传染病流行地区</InnerValue>
          <BackgroundText>到过地方病或传染病流行地区</BackgroundText>
          <FieldSettings>
            <EditStyle>DropdownList</EditStyle>
            <ListSource>
              <SourceName>0000002048</SourceName>
              <Items />
            </ListSource>
          </FieldSettings>
        </Element>
        <Element xsi:type="XString">
          <Text>；从事</Text>
        </Element>
        <Element xsi:type="XInputField">
          <ID>kb0000002051</ID>
          <Attributes />
          <XElements />
          <TextValue />
          <UnitText />
          <Name>从事工作</Name>
          <InnerValue />
          <BackgroundText>从事工作</BackgroundText>
        </Element>
        <Element xsi:type="XString">
          <Text>；</Text>
        </Element>
        <Element xsi:type="XInputField">
          <ID>kb0000002052</ID>
          <Attributes />
          <XElements>
            <Element xsi:type="XString">
              <Text>工业毒物接触史</Text>
            </Element>
          </XElements>
          <TextValue>工业毒物接触史</TextValue>
          <Name>工业毒物接触史</Name>
          <ValueBinding />
          <InnerValue>工业毒物接触史</InnerValue>
          <BackgroundText>工业毒物接触史</BackgroundText>
          <FieldSettings>
            <EditStyle>DropdownList</EditStyle>
            <ListSource>
              <SourceName>0000002052</SourceName>
              <Items />
            </ListSource>
          </FieldSettings>
        </Element>
        <Element xsi:type="XString">
          <Text>；</Text>
        </Element>
        <Element xsi:type="XInputField">
          <ID>kb0000002055</ID>
          <Attributes />
          <XElements>
            <Element xsi:type="XString">
              <Text>放射性毒物接触史</Text>
            </Element>
          </XElements>
          <TextValue>放射性毒物接触史</TextValue>
          <Name>放射性毒物接触史</Name>
          <ValueBinding />
          <InnerValue>放射性毒物接触史</InnerValue>
          <BackgroundText>放射性毒物接触史</BackgroundText>
          <FieldSettings>
            <EditStyle>DropdownList</EditStyle>
            <ListSource>
              <SourceName>0000002055</SourceName>
              <Items />
            </ListSource>
          </FieldSettings>
        </Element>
        <Element xsi:type="XString">
          <Text>；</Text>
        </Element>
        <Element xsi:type="XInputField">
          <ID>kb0000002056</ID>
          <Attributes />
          <XElements>
            <Element xsi:type="XString">
              <Text>吸烟</Text>
            </Element>
          </XElements>
          <TextValue>吸烟</TextValue>
          <Name>吸烟</Name>
          <ValueBinding />
          <InnerValue>吸烟</InnerValue>
          <BackgroundText>吸烟</BackgroundText>
          <FieldSettings>
            <EditStyle>DropdownList</EditStyle>
            <ListSource>
              <SourceName>0000002056</SourceName>
              <Items />
            </ListSource>
          </FieldSettings>
        </Element>
        <Element xsi:type="XString">
          <Text>，</Text>
        </Element>
        <Element xsi:type="XInputField">
          <ID>kb0000002059</ID>
          <Attributes />
          <XElements>
            <Element xsi:type="XString">
              <Text>戒烟</Text>
            </Element>
          </XElements>
          <TextValue>戒烟</TextValue>
          <Name>戒烟</Name>
          <ValueBinding />
          <InnerValue>戒烟</InnerValue>
          <BackgroundText>戒烟</BackgroundText>
          <FieldSettings>
            <EditStyle>DropdownList</EditStyle>
            <ListSource>
              <SourceName>0000002059</SourceName>
              <Items />
            </ListSource>
          </FieldSettings>
        </Element>
        <Element xsi:type="XString">
          <Text>；</Text>
        </Element>
        <Element xsi:type="XInputField">
          <ID>kb0000002061</ID>
          <Attributes />
          <XElements>
            <Element xsi:type="XString">
              <Text>饮酒</Text>
            </Element>
          </XElements>
          <TextValue>饮酒</TextValue>
          <Name>饮酒</Name>
          <ValueBinding />
          <InnerValue>饮酒</InnerValue>
          <BackgroundText>饮酒</BackgroundText>
          <FieldSettings>
            <EditStyle>DropdownList</EditStyle>
            <ListSource>
              <SourceName>0000002061</SourceName>
              <Items />
            </ListSource>
          </FieldSettings>
        </Element>
        <Element xsi:type="XString">
          <Text>。</Text>
        </Element>
        <Element xsi:type="XParagraphFlag" />
        <Element xsi:type="XInputField">
          <ID>kb0000002064</ID>
          <Attributes />
          <XElements>
            <Element xsi:type="XString">
              <Text>婚姻状况</Text>
            </Element>
          </XElements>
          <TextValue>婚姻状况</TextValue>
          <Name>婚姻状况</Name>
          <ValueBinding />
          <InnerValue>婚姻状况</InnerValue>
          <BackgroundText>婚姻状况</BackgroundText>
          <FieldSettings>
            <EditStyle>DropdownList</EditStyle>
            <ListSource>
              <SourceName>0000002064</SourceName>
              <Items />
            </ListSource>
          </FieldSettings>
        </Element>
        <Element xsi:type="XString">
          <Text>，配偶</Text>
        </Element>
        <Element xsi:type="XInputField">
          <ID>kb0000002066</ID>
          <Attributes />
          <XElements>
            <Element xsi:type="XString">
              <Text>配偶情况</Text>
            </Element>
          </XElements>
          <TextValue>配偶情况</TextValue>
          <Name>配偶情况</Name>
          <ValueBinding />
          <InnerValue>配偶情况</InnerValue>
          <BackgroundText>配偶情况</BackgroundText>
          <FieldSettings>
            <EditStyle>DropdownList</EditStyle>
            <ListSource>
              <SourceName>0000002066</SourceName>
              <Items />
            </ListSource>
          </FieldSettings>
        </Element>
        <Element xsi:type="XString">
          <Text>，性生活</Text>
        </Element>
        <Element xsi:type="XInputField">
          <ID>kb0000002067</ID>
          <Attributes />
          <XElements>
            <Element xsi:type="XString">
              <Text>性生活情况</Text>
            </Element>
          </XElements>
          <TextValue>性生活情况</TextValue>
          <Name>性生活情况</Name>
          <ValueBinding />
          <InnerValue>性生活情况</InnerValue>
          <BackgroundText>性生活情况</BackgroundText>
          <FieldSettings>
            <EditStyle>DropdownList</EditStyle>
            <ListSource>
              <SourceName>0000002067</SourceName>
              <Items />
            </ListSource>
          </FieldSettings>
        </Element>
        <Element xsi:type="XString">
          <Text>。</Text>
        </Element>
        <Element xsi:type="XParagraphFlag" />
      </XElements>
      <Sections />
    </Element>
    <Element xsi:type="XTextHeader">
      <Attributes />
      <XElements>
        <Element xsi:type="XParagraphFlag" StyleIndex="0">
          <AutoCreate>true</AutoCreate>
        </Element>
      </XElements>
    </Element>
    <Element xsi:type="XTextFooter">
      <Attributes />
      <XElements>
        <Element xsi:type="XParagraphFlag">
          <AutoCreate>true</AutoCreate>
        </Element>
      </XElements>
    </Element>
  </XElements>
  <Info>
    <CreationTime>2013-04-02T17:19:54.8391878+08:00</CreationTime>
    <LastModifiedTime>2013-04-02T17:19:54.8391878+08:00</LastModifiedTime>
    <LastPrintTime>1980-01-01T00:00:00</LastPrintTime>
    <Operator>DCSoft.Writer Version:1.1.1111.29376</Operator>
  </Info>
  <BodyText>
  </BodyText>
  <UserHistories>
    <History>
      <ID />
      <Name />
      <SavedTime>2005-02-28T14:17:33</SavedTime>
    </History>
  </UserHistories>
  <ContentStyles>
    <Default xsi:type="DocumentContentStyle">
      <FontName>宋体</FontName>
    </Default>
    <Styles>
      <Style Index="0">
        <Align>Center</Align>
      </Style>
    </Styles>
  </ContentStyles>
  <MeasureMode>OldCompatibility</MeasureMode>
  <PageSettings>
    <LeftMargin>50</LeftMargin>
    <TopMargin>50</TopMargin>
    <RightMargin>50</RightMargin>
    <BottomMargin>50</BottomMargin>
    <ViewLeftMargin>150</ViewLeftMargin>
    <ViewTopMargin>150</ViewTopMargin>
    <ViewRightMargin>150</ViewRightMargin>
    <ViewBottomMargin>150</ViewBottomMargin>
    <ViewPaperWidth>2481</ViewPaperWidth>
    <ViewPaperHeight>3507</ViewPaperHeight>
  </PageSettings>
</XTextDocument>