﻿<?xml version="1.0" encoding="utf-8"?>
<XTextDocument xmlns:xsi="http://www.w3.org/2001/XMLSchema-instance" xmlns:xsd="http://www.w3.org/2001/XMLSchema" EditorVersionString="1.1.1111.29376">
  <Attributes />
  <XElements>
    <Element xsi:type="XTextBody">
      <Attributes />
      <XElements>
        <Element xsi:type="XInputField">
          <ID>kb0000002956</ID>
          <Attributes />
          <XElements>
            <Element xsi:type="XString">
              <Text>婚后</Text>
            </Element>
          </XElements>
          <TextValue>婚后</TextValue>
          <Name>不孕类型</Name>
          <ValueBinding />
          <InnerValue>婚后</InnerValue>
          <BackgroundText>不孕类型</BackgroundText>
          <FieldSettings>
            <EditStyle>DropdownList</EditStyle>
            <ListSource>
              <SourceName>0000002956</SourceName>
              <Items />
            </ListSource>
          </FieldSettings>
        </Element>
        <Element xsi:type="XString">
          <Text>不孕   年，夫妻</Text>
        </Element>
        <Element xsi:type="XInputField">
          <ID>kb0000002957</ID>
          <Attributes />
          <XElements>
            <Element xsi:type="XString">
              <Text>同居</Text>
            </Element>
          </XElements>
          <TextValue>同居</TextValue>
          <Name>夫妻生活方式</Name>
          <ValueBinding />
          <InnerValue>同居</InnerValue>
          <BackgroundText>夫妻生活方式</BackgroundText>
          <FieldSettings>
            <EditStyle>DropdownList</EditStyle>
            <ListSource>
              <SourceName>0000002957</SourceName>
              <Items />
            </ListSource>
          </FieldSettings>
        </Element>
        <Element xsi:type="XString">
          <Text>，性生活正常，曾于   年前怀孕   月</Text>
        </Element>
        <Element xsi:type="XInputField">
          <ID>kb0000002958</ID>
          <Attributes />
          <XElements>
            <Element xsi:type="XString">
              <Text>流产</Text>
            </Element>
          </XElements>
          <TextValue>流产</TextValue>
          <Name>既往怀孕结果</Name>
          <ValueBinding />
          <InnerValue>流产</InnerValue>
          <BackgroundText>既往怀孕结果</BackgroundText>
          <FieldSettings>
            <EditStyle>DropdownList</EditStyle>
            <ListSource>
              <SourceName>0000002958</SourceName>
              <Items />
            </ListSource>
          </FieldSettings>
        </Element>
        <Element xsi:type="XString">
          <Text>，丈夫</Text>
        </Element>
        <Element xsi:type="XInputField">
          <ID>kb0000002959</ID>
          <Attributes />
          <XElements>
            <Element xsi:type="XString">
              <Text>未查精液常规</Text>
            </Element>
          </XElements>
          <TextValue>未查精液常规</TextValue>
          <Name>丈夫精液检查</Name>
          <ValueBinding />
          <InnerValue>未查精液常规</InnerValue>
          <BackgroundText>丈夫精液检查</BackgroundText>
          <FieldSettings>
            <EditStyle>DropdownList</EditStyle>
            <ListSource>
              <SourceName>0000002959</SourceName>
              <Items />
            </ListSource>
          </FieldSettings>
        </Element>
        <Element xsi:type="XString" StyleIndex="1">
          <Text>。月经</Text>
        </Element>
        <Element xsi:type="XInputField">
          <ID>kb0000002961</ID>
          <Attributes />
          <XElements>
            <Element xsi:type="XString">
              <Text>不规则</Text>
            </Element>
          </XElements>
          <TextValue>不规则</TextValue>
          <Name>月经</Name>
          <ValueBinding />
          <InnerValue>不规则</InnerValue>
          <BackgroundText>月经</BackgroundText>
          <FieldSettings>
            <EditStyle>DropdownList</EditStyle>
            <ListSource>
              <SourceName>0000002961</SourceName>
              <Items />
            </ListSource>
          </FieldSettings>
        </Element>
        <Element xsi:type="XString" StyleIndex="1">
          <Text>，LMP:   年   月   日，</Text>
        </Element>
        <Element xsi:type="XInputField">
          <ID>kb0000002962</ID>
          <Attributes />
          <XElements>
            <Element xsi:type="XString">
              <Text>无</Text>
            </Element>
          </XElements>
          <TextValue>无</TextValue>
          <Name>不孕症痛经</Name>
          <ValueBinding />
          <InnerValue>无</InnerValue>
          <BackgroundText>不孕症痛经</BackgroundText>
          <FieldSettings>
            <EditStyle>DropdownList</EditStyle>
            <ListSource>
              <SourceName>0000002962</SourceName>
              <Items />
            </ListSource>
          </FieldSettings>
        </Element>
        <Element xsi:type="XString" StyleIndex="1">
          <Text>痛经，</Text>
        </Element>
        <Element xsi:type="XInputField">
          <ID>kb0000002963</ID>
          <Attributes />
          <XElements>
            <Element xsi:type="XString">
              <Text>未曾行输卵管通液检查</Text>
            </Element>
          </XElements>
          <TextValue>未曾行输卵管通液检查</TextValue>
          <Name>不孕症输卵管通液检查</Name>
          <ValueBinding />
          <InnerValue>未曾行输卵管通液检查</InnerValue>
          <BackgroundText>不孕症输卵管通液检查</BackgroundText>
          <FieldSettings>
            <EditStyle>DropdownList</EditStyle>
            <ListSource>
              <SourceName>0000002963</SourceName>
              <Items />
            </ListSource>
          </FieldSettings>
        </Element>
        <Element xsi:type="XString" StyleIndex="1">
          <Text>，</Text>
        </Element>
        <Element xsi:type="XInputField">
          <ID>kb0000002965</ID>
          <Attributes />
          <XElements>
            <Element xsi:type="XString">
              <Text>未曾行排卵监测</Text>
            </Element>
          </XElements>
          <TextValue>未曾行排卵监测</TextValue>
          <Name>排卵监测</Name>
          <ValueBinding />
          <InnerValue>未曾行排卵监测</InnerValue>
          <BackgroundText>排卵监测</BackgroundText>
          <FieldSettings>
            <EditStyle>DropdownList</EditStyle>
            <ListSource>
              <SourceName>0000002965</SourceName>
              <Items />
            </ListSource>
          </FieldSettings>
        </Element>
        <Element xsi:type="XString" StyleIndex="1">
          <Text>。</Text>
        </Element>
        <Element xsi:type="XParagraphFlag" />
      </XElements>
      <Sections />
    </Element>
    <Element xsi:type="XTextHeader">
      <Attributes />
      <XElements>
        <Element xsi:type="XParagraphFlag" StyleIndex="0">
          <AutoCreate>true</AutoCreate>
        </Element>
      </XElements>
    </Element>
    <Element xsi:type="XTextFooter">
      <Attributes />
      <XElements>
        <Element xsi:type="XParagraphFlag">
          <AutoCreate>true</AutoCreate>
        </Element>
      </XElements>
    </Element>
  </XElements>
  <ScriptText />
  <Info>
    <CreationTime>2013-04-02T17:19:56.6592919+08:00</CreationTime>
    <LastModifiedTime>2013-04-02T17:19:56.6592919+08:00</LastModifiedTime>
    <LastPrintTime>1980-01-01T00:00:00</LastPrintTime>
    <Operator>DCSoft.Writer Version:1.1.1111.29376</Operator>
  </Info>
  <BodyText>
  </BodyText>
  <UserHistories>
    <History>
      <ID />
      <Name />
      <SavedTime>2005-04-28T13:40:27</SavedTime>
    </History>
    <History>
      <ID />
      <Name />
      <SavedTime>2005-04-28T13:44:35</SavedTime>
    </History>
  </UserHistories>
  <ContentStyles>
    <Default xsi:type="DocumentContentStyle">
      <FontName>宋体</FontName>
    </Default>
    <Styles>
      <Style Index="0">
        <Align>Center</Align>
      </Style>
      <Style Index="1">
        <CreatorIndex>1</CreatorIndex>
      </Style>
    </Styles>
  </ContentStyles>
  <MeasureMode>OldCompatibility</MeasureMode>
  <PageSettings>
    <LeftMargin>50</LeftMargin>
    <TopMargin>50</TopMargin>
    <RightMargin>50</RightMargin>
    <BottomMargin>50</BottomMargin>
    <ViewLeftMargin>150</ViewLeftMargin>
    <ViewTopMargin>150</ViewTopMargin>
    <ViewRightMargin>150</ViewRightMargin>
    <ViewBottomMargin>150</ViewBottomMargin>
    <ViewPaperWidth>2481</ViewPaperWidth>
    <ViewPaperHeight>3507</ViewPaperHeight>
  </PageSettings>
</XTextDocument>