﻿<?xml version="1.0" encoding="utf-8"?>
<XTextDocument xmlns:xsi="http://www.w3.org/2001/XMLSchema-instance" xmlns:xsd="http://www.w3.org/2001/XMLSchema" EditorVersionString="1.1.1111.29376">
  <Attributes />
  <XElements>
    <Element xsi:type="XTextBody">
      <Attributes />
      <XElements>
        <Element xsi:type="XString">
          <Text>患者</Text>
        </Element>
        <Element xsi:type="XInputField">
          <ID>kb0000002347</ID>
          <Attributes />
          <XElements>
            <Element xsi:type="XString">
              <Text>年</Text>
            </Element>
          </XElements>
          <TextValue>年</TextValue>
          <Name>时间单位</Name>
          <ValueBinding />
          <InnerValue>年</InnerValue>
          <BackgroundText>时间单位</BackgroundText>
          <FieldSettings>
            <EditStyle>DropdownList</EditStyle>
            <ListSource>
              <SourceName>0000002347</SourceName>
              <Items />
            </ListSource>
          </FieldSettings>
        </Element>
        <Element xsi:type="XString">
          <Text>前</Text>
        </Element>
        <Element xsi:type="XInputField">
          <ID>kb0000002493</ID>
          <Attributes />
          <XElements>
            <Element xsi:type="XString">
              <Text>无明显诱因</Text>
            </Element>
          </XElements>
          <TextValue>无明显诱因</TextValue>
          <Name>房颤症状出现原因</Name>
          <ValueBinding />
          <InnerValue>无明显诱因</InnerValue>
          <BackgroundText>房颤症状出现原因</BackgroundText>
          <FieldSettings>
            <EditStyle>DropdownList</EditStyle>
            <ListSource>
              <SourceName>0000002493</SourceName>
              <Items />
            </ListSource>
          </FieldSettings>
        </Element>
        <Element xsi:type="XString">
          <Text>突感心慌不适，</Text>
        </Element>
        <Element xsi:type="XInputField">
          <ID>kb0000002521</ID>
          <Attributes />
          <XElements>
            <Element xsi:type="XString">
              <Text>伴</Text>
            </Element>
          </XElements>
          <TextValue>伴</TextValue>
          <Name>伴</Name>
          <ValueBinding />
          <InnerValue>伴</InnerValue>
          <BackgroundText>伴</BackgroundText>
          <FieldSettings>
            <EditStyle>DropdownList</EditStyle>
            <ListSource>
              <SourceName>0000002521</SourceName>
              <Items />
            </ListSource>
          </FieldSettings>
        </Element>
        <Element xsi:type="XInputField">
          <ID>kb0000002494</ID>
          <Attributes />
          <XElements>
            <Element xsi:type="XString">
              <Text>胸闷</Text>
            </Element>
          </XElements>
          <TextValue>胸闷</TextValue>
          <Name>心慌不适伴随症状</Name>
          <ValueBinding />
          <InnerValue>胸闷</InnerValue>
          <BackgroundText>心慌不适伴随症状</BackgroundText>
          <FieldSettings>
            <EditStyle>DropdownList</EditStyle>
            <MultiSelect>true</MultiSelect>
            <ListSource>
              <SourceName>0000002494</SourceName>
              <Items />
            </ListSource>
          </FieldSettings>
        </Element>
        <Element xsi:type="XString">
          <Text>，持续约</Text>
        </Element>
        <Element xsi:type="XInputField">
          <ID>kb0000002347</ID>
          <Attributes />
          <XElements>
            <Element xsi:type="XString">
              <Text>分钟</Text>
            </Element>
          </XElements>
          <TextValue>分钟</TextValue>
          <Name>时间单位</Name>
          <ValueBinding />
          <InnerValue>分钟</InnerValue>
          <BackgroundText>时间单位</BackgroundText>
          <FieldSettings>
            <EditStyle>DropdownList</EditStyle>
            <ListSource>
              <SourceName>0000002347</SourceName>
              <Items />
            </ListSource>
          </FieldSettings>
        </Element>
        <Element xsi:type="XString">
          <Text>后</Text>
        </Element>
        <Element xsi:type="XInputField">
          <ID>kb0000002496</ID>
          <Attributes />
          <XElements>
            <Element xsi:type="XString">
              <Text>逐渐缓解</Text>
            </Element>
          </XElements>
          <TextValue>逐渐缓解</TextValue>
          <Name>心慌不适缓解</Name>
          <ValueBinding />
          <InnerValue>逐渐缓解</InnerValue>
          <BackgroundText>心慌不适缓解</BackgroundText>
          <FieldSettings>
            <EditStyle>DropdownList</EditStyle>
            <ListSource>
              <SourceName>0000002496</SourceName>
              <Items />
            </ListSource>
          </FieldSettings>
        </Element>
        <Element xsi:type="XString">
          <Text>，类似发作约</Text>
        </Element>
        <Element xsi:type="XString" StyleIndex="1">
          <Text>   次</Text>
        </Element>
        <Element xsi:type="XString">
          <Text>，到医院查心电图提示：房颤。既往</Text>
        </Element>
        <Element xsi:type="XInputField">
          <ID>kb0000002522</ID>
          <Attributes />
          <XElements>
            <Element xsi:type="XString">
              <Text>有</Text>
            </Element>
          </XElements>
          <TextValue>有</TextValue>
          <Name>有无</Name>
          <ValueBinding />
          <InnerValue>有</InnerValue>
          <BackgroundText>有无</BackgroundText>
          <FieldSettings>
            <EditStyle>DropdownList</EditStyle>
            <ListSource>
              <SourceName>0000002522</SourceName>
              <Items />
            </ListSource>
          </FieldSettings>
        </Element>
        <Element xsi:type="XInputField">
          <ID>kb0000002455</ID>
          <Attributes />
          <XElements>
            <Element xsi:type="XString">
              <Text>高血压病</Text>
            </Element>
          </XElements>
          <TextValue>高血压病</TextValue>
          <Name>既往病史</Name>
          <ValueBinding />
          <InnerValue>高血压病</InnerValue>
          <BackgroundText>既往病史</BackgroundText>
          <FieldSettings>
            <EditStyle>DropdownList</EditStyle>
            <MultiSelect>true</MultiSelect>
            <ListSource>
              <SourceName>0000002455</SourceName>
              <Items />
            </ListSource>
          </FieldSettings>
        </Element>
        <Element xsi:type="XString">
          <Text>病史。</Text>
        </Element>
        <Element xsi:type="XParagraphFlag" />
      </XElements>
      <Sections />
    </Element>
    <Element xsi:type="XTextHeader">
      <Attributes />
      <XElements>
        <Element xsi:type="XParagraphFlag" StyleIndex="0">
          <AutoCreate>true</AutoCreate>
        </Element>
      </XElements>
    </Element>
    <Element xsi:type="XTextFooter">
      <Attributes />
      <XElements>
        <Element xsi:type="XParagraphFlag">
          <AutoCreate>true</AutoCreate>
        </Element>
      </XElements>
    </Element>
  </XElements>
  <ScriptText />
  <Info>
    <CreationTime>2013-04-02T17:19:55.4002199+08:00</CreationTime>
    <LastModifiedTime>2013-04-02T17:19:55.4002199+08:00</LastModifiedTime>
    <LastPrintTime>1980-01-01T00:00:00</LastPrintTime>
    <Operator>DCSoft.Writer Version:1.1.1111.29376</Operator>
  </Info>
  <BodyText>
  </BodyText>
  <UserHistories>
    <History>
      <ID />
      <Name />
      <SavedTime>2005-03-30T08:55:12</SavedTime>
    </History>
    <History>
      <ID />
      <Name />
      <SavedTime>2005-04-02T10:42:12</SavedTime>
    </History>
  </UserHistories>
  <ContentStyles>
    <Default xsi:type="DocumentContentStyle">
      <FontName>宋体</FontName>
    </Default>
    <Styles>
      <Style Index="0">
        <Align>Center</Align>
      </Style>
      <Style Index="1">
        <CreatorIndex>1</CreatorIndex>
      </Style>
    </Styles>
  </ContentStyles>
  <MeasureMode>OldCompatibility</MeasureMode>
  <PageSettings>
    <LeftMargin>50</LeftMargin>
    <TopMargin>50</TopMargin>
    <RightMargin>50</RightMargin>
    <BottomMargin>50</BottomMargin>
    <ViewLeftMargin>150</ViewLeftMargin>
    <ViewTopMargin>150</ViewTopMargin>
    <ViewRightMargin>150</ViewRightMargin>
    <ViewBottomMargin>150</ViewBottomMargin>
    <ViewPaperWidth>2481</ViewPaperWidth>
    <ViewPaperHeight>3507</ViewPaperHeight>
  </PageSettings>
</XTextDocument>