﻿<?xml version="1.0" encoding="utf-8"?>
<XTextDocument xmlns:xsi="http://www.w3.org/2001/XMLSchema-instance" xmlns:xsd="http://www.w3.org/2001/XMLSchema" EditorVersionString="1.1.1111.29376">
  <Attributes />
  <XElements>
    <Element xsi:type="XTextBody">
      <Attributes />
      <XElements>
        <Element xsi:type="XInputField" StyleIndex="1">
          <ID>kb0000001799</ID>
          <Attributes />
          <XElements />
          <TextValue />
          <Name>感觉部位</Name>
          <ValueBinding />
          <InnerValue />
          <BackgroundText>感觉部位</BackgroundText>
          <FieldSettings>
            <EditStyle>DropdownList</EditStyle>
            <MultiSelect>true</MultiSelect>
            <ListSource>
              <SourceName>0000001799</SourceName>
              <Items />
            </ListSource>
          </FieldSettings>
        </Element>
        <Element xsi:type="XInputField" StyleIndex="1">
          <ID>kb0000001800</ID>
          <Attributes />
          <XElements>
            <Element xsi:type="XString">
              <Text>痛觉、触觉</Text>
            </Element>
          </XElements>
          <TextValue>痛觉、触觉</TextValue>
          <Name>感觉类别</Name>
          <ValueBinding />
          <InnerValue>痛觉、触觉</InnerValue>
          <BackgroundText>感觉类别</BackgroundText>
          <FieldSettings>
            <EditStyle>DropdownList</EditStyle>
            <MultiSelect>true</MultiSelect>
            <ListSource>
              <SourceName>0000001800</SourceName>
              <Items />
            </ListSource>
          </FieldSettings>
        </Element>
        <Element xsi:type="XString" StyleIndex="1">
          <Text> 感觉</Text>
        </Element>
        <Element xsi:type="XInputField" StyleIndex="1">
          <ID>kb0000001801</ID>
          <Attributes />
          <XElements>
            <Element xsi:type="XString">
              <Text>消失</Text>
            </Element>
          </XElements>
          <TextValue>消失</TextValue>
          <Name>感觉变化</Name>
          <ValueBinding />
          <InnerValue>消失</InnerValue>
          <BackgroundText>感觉变化</BackgroundText>
          <FieldSettings>
            <EditStyle>DropdownList</EditStyle>
            <ListSource>
              <SourceName>0000001801</SourceName>
              <Items />
            </ListSource>
          </FieldSettings>
        </Element>
        <Element xsi:type="XString" StyleIndex="1">
          <Text>；</Text>
        </Element>
        <Element xsi:type="XInputField" StyleIndex="1">
          <ID>kb0000001847</ID>
          <Attributes />
          <XElements>
            <Element xsi:type="XString">
              <Text>无</Text>
            </Element>
          </XElements>
          <TextValue>无</TextValue>
          <Name>不自主运动</Name>
          <ValueBinding />
          <InnerValue>无</InnerValue>
          <BackgroundText>不自主运动</BackgroundText>
          <FieldSettings>
            <EditStyle>DropdownList</EditStyle>
            <ListSource>
              <SourceName>0000001847</SourceName>
              <Items />
            </ListSource>
          </FieldSettings>
        </Element>
        <Element xsi:type="XString" StyleIndex="1">
          <Text>不自主运动；共济运动：指鼻试验</Text>
        </Element>
        <Element xsi:type="XInputField" StyleIndex="1">
          <ID>kb0000001848</ID>
          <Attributes />
          <XElements>
            <Element xsi:type="XString">
              <Text>稳定</Text>
            </Element>
          </XElements>
          <TextValue>稳定</TextValue>
          <Name>指鼻试验</Name>
          <ValueBinding />
          <InnerValue>稳定</InnerValue>
          <BackgroundText>指鼻试验</BackgroundText>
          <FieldSettings>
            <EditStyle>DropdownList</EditStyle>
            <ListSource>
              <SourceName>0000001848</SourceName>
              <Items />
            </ListSource>
          </FieldSettings>
        </Element>
        <Element xsi:type="XString" StyleIndex="1">
          <Text>，跟膝胫试验</Text>
        </Element>
        <Element xsi:type="XInputField" StyleIndex="1">
          <ID>kb0000001849</ID>
          <Attributes />
          <XElements>
            <Element xsi:type="XString">
              <Text>稳定</Text>
            </Element>
          </XElements>
          <TextValue>稳定</TextValue>
          <Name>跟膝胫试验</Name>
          <ValueBinding />
          <InnerValue>稳定</InnerValue>
          <BackgroundText>跟膝胫试验</BackgroundText>
          <FieldSettings>
            <EditStyle>DropdownList</EditStyle>
            <ListSource>
              <SourceName>0000001849</SourceName>
              <Items />
            </ListSource>
          </FieldSettings>
        </Element>
        <Element xsi:type="XString" StyleIndex="1">
          <Text>，闭目难立征</Text>
        </Element>
        <Element xsi:type="XInputField" StyleIndex="1">
          <ID>kb0000001850</ID>
          <Attributes />
          <XElements>
            <Element xsi:type="XString">
              <Text>稳定</Text>
            </Element>
          </XElements>
          <TextValue>稳定</TextValue>
          <Name>闭目难立征</Name>
          <ValueBinding />
          <InnerValue>稳定</InnerValue>
          <BackgroundText>闭目难立征</BackgroundText>
          <FieldSettings>
            <EditStyle>DropdownList</EditStyle>
            <ListSource>
              <SourceName>0000001850</SourceName>
              <Items />
            </ListSource>
          </FieldSettings>
        </Element>
        <Element xsi:type="XString" StyleIndex="1">
          <Text>；反射：二头肌：左</Text>
        </Element>
        <Element xsi:type="XInputField" StyleIndex="1">
          <ID>kb0000001805</ID>
          <Attributes />
          <XElements>
            <Element xsi:type="XString">
              <Text>-</Text>
            </Element>
          </XElements>
          <TextValue>-</TextValue>
          <Name>反射描述</Name>
          <ValueBinding />
          <InnerValue>-</InnerValue>
          <BackgroundText>反射描述</BackgroundText>
          <FieldSettings>
            <EditStyle>DropdownList</EditStyle>
            <ListSource>
              <SourceName>0000001805</SourceName>
              <Items />
            </ListSource>
          </FieldSettings>
        </Element>
        <Element xsi:type="XString" StyleIndex="1">
          <Text>、右</Text>
        </Element>
        <Element xsi:type="XInputField" StyleIndex="1">
          <ID>kb0000001805</ID>
          <Attributes />
          <XElements>
            <Element xsi:type="XString">
              <Text>-</Text>
            </Element>
          </XElements>
          <TextValue>-</TextValue>
          <Name>反射描述</Name>
          <ValueBinding />
          <InnerValue>-</InnerValue>
          <BackgroundText>反射描述</BackgroundText>
          <FieldSettings>
            <EditStyle>DropdownList</EditStyle>
            <ListSource>
              <SourceName>0000001805</SourceName>
              <Items />
            </ListSource>
          </FieldSettings>
        </Element>
        <Element xsi:type="XString" StyleIndex="1">
          <Text>，三头肌：左</Text>
        </Element>
        <Element xsi:type="XInputField" StyleIndex="1">
          <ID>kb0000001805</ID>
          <Attributes />
          <XElements>
            <Element xsi:type="XString">
              <Text>-</Text>
            </Element>
          </XElements>
          <TextValue>-</TextValue>
          <Name>反射描述</Name>
          <ValueBinding />
          <InnerValue>-</InnerValue>
          <BackgroundText>反射描述</BackgroundText>
          <FieldSettings>
            <EditStyle>DropdownList</EditStyle>
            <ListSource>
              <SourceName>0000001805</SourceName>
              <Items />
            </ListSource>
          </FieldSettings>
        </Element>
        <Element xsi:type="XString" StyleIndex="1">
          <Text>、右</Text>
        </Element>
        <Element xsi:type="XInputField" StyleIndex="1">
          <ID>kb0000001805</ID>
          <Attributes />
          <XElements>
            <Element xsi:type="XString">
              <Text>-</Text>
            </Element>
          </XElements>
          <TextValue>-</TextValue>
          <Name>反射描述</Name>
          <ValueBinding />
          <InnerValue>-</InnerValue>
          <BackgroundText>反射描述</BackgroundText>
          <FieldSettings>
            <EditStyle>DropdownList</EditStyle>
            <ListSource>
              <SourceName>0000001805</SourceName>
              <Items />
            </ListSource>
          </FieldSettings>
        </Element>
        <Element xsi:type="XString" StyleIndex="1">
          <Text>，膝腱：左</Text>
        </Element>
        <Element xsi:type="XInputField" StyleIndex="1">
          <ID>kb0000001805</ID>
          <Attributes />
          <XElements>
            <Element xsi:type="XString">
              <Text>-</Text>
            </Element>
          </XElements>
          <TextValue>-</TextValue>
          <Name>反射描述</Name>
          <ValueBinding />
          <InnerValue>-</InnerValue>
          <BackgroundText>反射描述</BackgroundText>
          <FieldSettings>
            <EditStyle>DropdownList</EditStyle>
            <ListSource>
              <SourceName>0000001805</SourceName>
              <Items />
            </ListSource>
          </FieldSettings>
        </Element>
        <Element xsi:type="XString" StyleIndex="1">
          <Text>、右</Text>
        </Element>
        <Element xsi:type="XInputField" StyleIndex="1">
          <ID>kb0000001805</ID>
          <Attributes />
          <XElements>
            <Element xsi:type="XString">
              <Text>-</Text>
            </Element>
          </XElements>
          <TextValue>-</TextValue>
          <Name>反射描述</Name>
          <ValueBinding />
          <InnerValue>-</InnerValue>
          <BackgroundText>反射描述</BackgroundText>
          <FieldSettings>
            <EditStyle>DropdownList</EditStyle>
            <ListSource>
              <SourceName>0000001805</SourceName>
              <Items />
            </ListSource>
          </FieldSettings>
        </Element>
        <Element xsi:type="XString" StyleIndex="1">
          <Text>，跟腱：左</Text>
        </Element>
        <Element xsi:type="XInputField" StyleIndex="1">
          <ID>kb0000001805</ID>
          <Attributes />
          <XElements>
            <Element xsi:type="XString">
              <Text>-</Text>
            </Element>
          </XElements>
          <TextValue>-</TextValue>
          <Name>反射描述</Name>
          <ValueBinding />
          <InnerValue>-</InnerValue>
          <BackgroundText>反射描述</BackgroundText>
          <FieldSettings>
            <EditStyle>DropdownList</EditStyle>
            <ListSource>
              <SourceName>0000001805</SourceName>
              <Items />
            </ListSource>
          </FieldSettings>
        </Element>
        <Element xsi:type="XString" StyleIndex="1">
          <Text>，右</Text>
        </Element>
        <Element xsi:type="XInputField" StyleIndex="1">
          <ID>kb0000001805</ID>
          <Attributes />
          <XElements>
            <Element xsi:type="XString">
              <Text>-</Text>
            </Element>
          </XElements>
          <TextValue>-</TextValue>
          <Name>反射描述</Name>
          <ValueBinding />
          <InnerValue>-</InnerValue>
          <BackgroundText>反射描述</BackgroundText>
          <FieldSettings>
            <EditStyle>DropdownList</EditStyle>
            <ListSource>
              <SourceName>0000001805</SourceName>
              <Items />
            </ListSource>
          </FieldSettings>
        </Element>
        <Element xsi:type="XString" StyleIndex="1">
          <Text>，腹壁：</Text>
        </Element>
        <Element xsi:type="XInputField" StyleIndex="1">
          <ID>kb0000001805</ID>
          <Attributes />
          <XElements>
            <Element xsi:type="XString">
              <Text>-</Text>
            </Element>
          </XElements>
          <TextValue>-</TextValue>
          <Name>反射描述</Name>
          <ValueBinding />
          <InnerValue>-</InnerValue>
          <BackgroundText>反射描述</BackgroundText>
          <FieldSettings>
            <EditStyle>DropdownList</EditStyle>
            <ListSource>
              <SourceName>0000001805</SourceName>
              <Items />
            </ListSource>
          </FieldSettings>
        </Element>
        <Element xsi:type="XString" StyleIndex="1">
          <Text>，提睾反射</Text>
        </Element>
        <Element xsi:type="XInputField" StyleIndex="1">
          <ID>kb0000001806</ID>
          <Attributes />
          <XElements>
            <Element xsi:type="XString">
              <Text>-</Text>
            </Element>
          </XElements>
          <TextValue>-</TextValue>
          <Name>提睾反射</Name>
          <ValueBinding />
          <InnerValue>-</InnerValue>
          <BackgroundText>提睾反射</BackgroundText>
          <FieldSettings>
            <EditStyle>DropdownList</EditStyle>
            <ListSource>
              <SourceName>0000001806</SourceName>
              <Items />
            </ListSource>
          </FieldSettings>
        </Element>
        <Element xsi:type="XString" StyleIndex="1">
          <Text>；Hoffmann征</Text>
        </Element>
        <Element xsi:type="XInputField" StyleIndex="1">
          <ID>kb0000000831</ID>
          <Attributes />
          <XElements>
            <Element xsi:type="XString">
              <Text>阴性</Text>
            </Element>
          </XElements>
          <TextValue>阴性</TextValue>
          <Name>Hoffmann征</Name>
          <ValueBinding />
          <InnerValue>阴性</InnerValue>
          <BackgroundText>Hoffmann征</BackgroundText>
          <FieldSettings>
            <EditStyle>DropdownList</EditStyle>
            <ListSource>
              <SourceName>0000000831</SourceName>
              <Items />
            </ListSource>
          </FieldSettings>
        </Element>
        <Element xsi:type="XString" StyleIndex="1">
          <Text>，Babinski征</Text>
        </Element>
        <Element xsi:type="XInputField" StyleIndex="1">
          <ID>kb0000000832</ID>
          <Attributes />
          <XElements>
            <Element xsi:type="XString">
              <Text>阴性</Text>
            </Element>
          </XElements>
          <TextValue>阴性</TextValue>
          <Name>Babinski征</Name>
          <ValueBinding />
          <InnerValue>阴性</InnerValue>
          <BackgroundText>Babinski征</BackgroundText>
          <FieldSettings>
            <EditStyle>DropdownList</EditStyle>
            <ListSource>
              <SourceName>0000000832</SourceName>
              <Items />
            </ListSource>
          </FieldSettings>
        </Element>
        <Element xsi:type="XString" StyleIndex="1">
          <Text>；脑膜刺激征：</Text>
        </Element>
        <Element xsi:type="XInputField" StyleIndex="1">
          <ID>kb0000001808</ID>
          <Attributes />
          <XElements>
            <Element xsi:type="XString">
              <Text>无</Text>
            </Element>
          </XElements>
          <TextValue>无</TextValue>
          <Name>颈项强直</Name>
          <ValueBinding />
          <InnerValue>无</InnerValue>
          <BackgroundText>颈项强直</BackgroundText>
          <FieldSettings>
            <EditStyle>DropdownList</EditStyle>
            <ListSource>
              <SourceName>0000001808</SourceName>
              <Items />
            </ListSource>
          </FieldSettings>
        </Element>
        <Element xsi:type="XString" StyleIndex="1">
          <Text>颈项强直，Kernig征</Text>
        </Element>
        <Element xsi:type="XInputField" StyleIndex="1">
          <ID>kb0000000833</ID>
          <Attributes />
          <XElements>
            <Element xsi:type="XString">
              <Text>阴性</Text>
            </Element>
          </XElements>
          <TextValue>阴性</TextValue>
          <Name>Kernig征</Name>
          <ValueBinding />
          <InnerValue>阴性</InnerValue>
          <BackgroundText>Kernig征</BackgroundText>
          <FieldSettings>
            <EditStyle>DropdownList</EditStyle>
            <ListSource>
              <SourceName>0000000833</SourceName>
              <Items />
            </ListSource>
          </FieldSettings>
        </Element>
        <Element xsi:type="XString" StyleIndex="1">
          <Text>，Bruzinski征</Text>
        </Element>
        <Element xsi:type="XInputField" StyleIndex="1">
          <ID>kb0000001809</ID>
          <Attributes />
          <XElements>
            <Element xsi:type="XString">
              <Text>阴性</Text>
            </Element>
          </XElements>
          <TextValue>阴性</TextValue>
          <Name>Bruzinski征</Name>
          <ValueBinding />
          <InnerValue>阴性</InnerValue>
          <BackgroundText>Bruzinski征</BackgroundText>
          <FieldSettings>
            <EditStyle>DropdownList</EditStyle>
            <ListSource>
              <SourceName>0000001809</SourceName>
              <Items />
            </ListSource>
          </FieldSettings>
        </Element>
        <Element xsi:type="XString" StyleIndex="1">
          <Text>；</Text>
        </Element>
        <Element xsi:type="XString" StyleIndex="2">
          <Text>括约肌：</Text>
        </Element>
        <Element xsi:type="XInputField" StyleIndex="2">
          <ID>kb0000001810</ID>
          <Attributes />
          <XElements>
            <Element xsi:type="XString">
              <Text>大小便正常</Text>
            </Element>
          </XElements>
          <TextValue>大小便正常</TextValue>
          <Name>括约肌</Name>
          <ValueBinding />
          <InnerValue>大小便正常</InnerValue>
          <BackgroundText>括约肌</BackgroundText>
          <FieldSettings>
            <EditStyle>DropdownList</EditStyle>
            <ListSource>
              <SourceName>0000001810</SourceName>
              <Items />
            </ListSource>
          </FieldSettings>
        </Element>
        <Element xsi:type="XString" StyleIndex="2">
          <Text>。</Text>
        </Element>
        <Element xsi:type="XParagraphFlag" />
      </XElements>
      <Sections />
    </Element>
    <Element xsi:type="XTextHeader">
      <Attributes />
      <XElements>
        <Element xsi:type="XParagraphFlag" StyleIndex="0">
          <AutoCreate>true</AutoCreate>
        </Element>
      </XElements>
    </Element>
    <Element xsi:type="XTextFooter">
      <Attributes />
      <XElements>
        <Element xsi:type="XParagraphFlag">
          <AutoCreate>true</AutoCreate>
        </Element>
      </XElements>
    </Element>
  </XElements>
  <Info>
    <CreationTime>2013-04-02T17:19:54.4651664+08:00</CreationTime>
    <LastModifiedTime>2013-04-02T17:19:54.4651664+08:00</LastModifiedTime>
    <LastPrintTime>1980-01-01T00:00:00</LastPrintTime>
    <Operator>DCSoft.Writer Version:1.1.1111.29376</Operator>
  </Info>
  <BodyText>
  </BodyText>
  <UserHistories>
    <History>
      <ID />
      <Name />
      <SavedTime>2005-01-12T11:00:22</SavedTime>
    </History>
    <History>
      <ID />
      <Name />
      <SavedTime>2005-01-12T11:27:45</SavedTime>
    </History>
    <History>
      <ID />
      <Name />
      <SavedTime>2005-01-12T11:28:34</SavedTime>
    </History>
    <History>
      <ID />
      <Name />
      <SavedTime>2005-03-24T13:58:06</SavedTime>
    </History>
  </UserHistories>
  <ContentStyles>
    <Default xsi:type="DocumentContentStyle">
      <FontName>宋体</FontName>
    </Default>
    <Styles>
      <Style Index="0">
        <Align>Center</Align>
      </Style>
      <Style Index="1">
        <CreatorIndex>1</CreatorIndex>
      </Style>
      <Style Index="2">
        <CreatorIndex>2</CreatorIndex>
      </Style>
    </Styles>
  </ContentStyles>
  <MeasureMode>OldCompatibility</MeasureMode>
  <PageSettings>
    <LeftMargin>50</LeftMargin>
    <TopMargin>50</TopMargin>
    <RightMargin>50</RightMargin>
    <BottomMargin>50</BottomMargin>
    <ViewLeftMargin>150</ViewLeftMargin>
    <ViewTopMargin>150</ViewTopMargin>
    <ViewRightMargin>150</ViewRightMargin>
    <ViewBottomMargin>150</ViewBottomMargin>
    <ViewPaperWidth>2481</ViewPaperWidth>
    <ViewPaperHeight>3507</ViewPaperHeight>
  </PageSettings>
</XTextDocument>