﻿<?xml version="1.0" encoding="utf-8"?>
<XTextDocument xmlns:xsi="http://www.w3.org/2001/XMLSchema-instance" xmlns:xsd="http://www.w3.org/2001/XMLSchema" EditorVersionString="1.1.1111.29376">
  <Attributes />
  <XElements>
    <Element xsi:type="XTextBody">
      <Attributes />
      <XElements>
        <Element xsi:type="XInputField" StyleIndex="1">
          <ID>kb0000001877</ID>
          <Attributes />
          <XElements />
          <TextValue />
          <Name>尿频</Name>
          <ValueBinding />
          <InnerValue />
          <BackgroundText>尿频</BackgroundText>
          <FieldSettings>
            <EditStyle>DropdownList</EditStyle>
            <ListSource>
              <SourceName>0000001877</SourceName>
              <Items />
            </ListSource>
          </FieldSettings>
        </Element>
        <Element xsi:type="XString" StyleIndex="1">
          <Text>，</Text>
        </Element>
        <Element xsi:type="XInputField" StyleIndex="1">
          <ID>kb0000001878</ID>
          <Attributes />
          <XElements />
          <TextValue />
          <Name>尿频次数</Name>
          <ValueBinding />
          <InnerValue />
          <BackgroundText>尿频次数</BackgroundText>
          <FieldSettings>
            <EditStyle>DropdownList</EditStyle>
            <ListSource>
              <SourceName>0000001878</SourceName>
              <Items />
            </ListSource>
          </FieldSettings>
        </Element>
        <Element xsi:type="XString" StyleIndex="1">
          <Text>。</Text>
        </Element>
        <Element xsi:type="XParagraphFlag" />
      </XElements>
      <Sections />
    </Element>
    <Element xsi:type="XTextHeader">
      <Attributes />
      <XElements>
        <Element xsi:type="XParagraphFlag" StyleIndex="0">
          <AutoCreate>true</AutoCreate>
        </Element>
      </XElements>
    </Element>
    <Element xsi:type="XTextFooter">
      <Attributes />
      <XElements>
        <Element xsi:type="XParagraphFlag">
          <AutoCreate>true</AutoCreate>
        </Element>
      </XElements>
    </Element>
  </XElements>
  <Info>
    <CreationTime>2013-04-02T17:19:54.5961739+08:00</CreationTime>
    <LastModifiedTime>2013-04-02T17:19:54.5961739+08:00</LastModifiedTime>
    <LastPrintTime>1980-01-01T00:00:00</LastPrintTime>
    <Operator>DCSoft.Writer Version:1.1.1111.29376</Operator>
  </Info>
  <BodyText>
  </BodyText>
  <UserHistories>
    <History>
      <ID />
      <Name />
      <SavedTime>2005-01-15T10:10:31</SavedTime>
    </History>
    <History>
      <ID />
      <Name />
      <SavedTime>2005-01-15T10:14:07</SavedTime>
    </History>
  </UserHistories>
  <ContentStyles>
    <Default xsi:type="DocumentContentStyle">
      <FontName>宋体</FontName>
    </Default>
    <Styles>
      <Style Index="0">
        <Align>Center</Align>
      </Style>
      <Style Index="1">
        <CreatorIndex>1</CreatorIndex>
      </Style>
    </Styles>
  </ContentStyles>
  <MeasureMode>OldCompatibility</MeasureMode>
  <PageSettings>
    <LeftMargin>50</LeftMargin>
    <TopMargin>50</TopMargin>
    <RightMargin>50</RightMargin>
    <BottomMargin>50</BottomMargin>
    <ViewLeftMargin>150</ViewLeftMargin>
    <ViewTopMargin>150</ViewTopMargin>
    <ViewRightMargin>150</ViewRightMargin>
    <ViewBottomMargin>150</ViewBottomMargin>
    <ViewPaperWidth>2481</ViewPaperWidth>
    <ViewPaperHeight>3507</ViewPaperHeight>
  </PageSettings>
</XTextDocument>