﻿<?xml version="1.0" encoding="utf-8"?>
<XTextDocument xmlns:xsi="http://www.w3.org/2001/XMLSchema-instance" xmlns:xsd="http://www.w3.org/2001/XMLSchema" EditorVersionString="1.1.1111.29376">
  <Attributes />
  <XElements>
    <Element xsi:type="XTextBody">
      <Attributes />
      <XElements>
        <Element xsi:type="XString">
          <Text>血压</Text>
        </Element>
        <Element xsi:type="XString" StyleIndex="2">
          <Text>/</Text>
        </Element>
        <Element xsi:type="XString" StyleIndex="1">
          <Text>   mmHg</Text>
        </Element>
        <Element xsi:type="XString">
          <Text>，呼吸</Text>
        </Element>
        <Element xsi:type="XInputField" StyleIndex="2">
          <ID>kb0000002273</ID>
          <Attributes />
          <XElements>
            <Element xsi:type="XString">
              <Text>平稳</Text>
            </Element>
          </XElements>
          <TextValue>平稳</TextValue>
          <Name>呼吸</Name>
          <ValueBinding />
          <InnerValue>平稳</InnerValue>
          <BackgroundText>呼吸</BackgroundText>
          <FieldSettings>
            <EditStyle>DropdownList</EditStyle>
            <ListSource>
              <SourceName>0000002273</SourceName>
              <Items />
            </ListSource>
          </FieldSettings>
        </Element>
        <Element xsi:type="XString">
          <Text>，口唇</Text>
        </Element>
        <Element xsi:type="XInputField" StyleIndex="2">
          <ID>kb0000002274</ID>
          <Attributes />
          <XElements>
            <Element xsi:type="XString">
              <Text>无紫绀</Text>
            </Element>
          </XElements>
          <TextValue>无紫绀</TextValue>
          <Name>口唇</Name>
          <ValueBinding />
          <InnerValue>无紫绀</InnerValue>
          <BackgroundText>口唇</BackgroundText>
          <FieldSettings>
            <EditStyle>DropdownList</EditStyle>
            <ListSource>
              <SourceName>0000002274</SourceName>
              <Items />
            </ListSource>
          </FieldSettings>
        </Element>
        <Element xsi:type="XString">
          <Text>，颈静脉</Text>
        </Element>
        <Element xsi:type="XInputField" StyleIndex="2">
          <ID>kb0000002275</ID>
          <Attributes />
          <XElements>
            <Element xsi:type="XString">
              <Text>无怒张</Text>
            </Element>
          </XElements>
          <TextValue>无怒张</TextValue>
          <Name>颈静脉</Name>
          <ValueBinding />
          <InnerValue>无怒张</InnerValue>
          <BackgroundText>颈静脉</BackgroundText>
          <FieldSettings>
            <EditStyle>DropdownList</EditStyle>
            <ListSource>
              <SourceName>0000002275</SourceName>
              <Items />
            </ListSource>
          </FieldSettings>
        </Element>
        <Element xsi:type="XString">
          <Text>，</Text>
        </Element>
        <Element xsi:type="XString" StyleIndex="3">
          <Text>听诊</Text>
        </Element>
        <Element xsi:type="XInputField" StyleIndex="3">
          <ID>kb0000002276</ID>
          <Attributes />
          <XElements>
            <Element xsi:type="XString">
              <Text>呼吸音清</Text>
            </Element>
          </XElements>
          <TextValue>呼吸音清</TextValue>
          <Name>呼吸音</Name>
          <ValueBinding />
          <InnerValue>呼吸音清</InnerValue>
          <BackgroundText>呼吸音</BackgroundText>
          <FieldSettings>
            <EditStyle>DropdownList</EditStyle>
            <ListSource>
              <SourceName>0000002276</SourceName>
              <Items />
            </ListSource>
          </FieldSettings>
        </Element>
        <Element xsi:type="XString" StyleIndex="4">
          <Text>，</Text>
        </Element>
        <Element xsi:type="XString">
          <Text>心尖搏动</Text>
        </Element>
        <Element xsi:type="XInputField" StyleIndex="2">
          <ID>kb0000002281</ID>
          <Attributes />
          <XElements>
            <Element xsi:type="XString">
              <Text>正常</Text>
            </Element>
          </XElements>
          <TextValue>正常</TextValue>
          <Name>心尖搏动范围</Name>
          <ValueBinding />
          <InnerValue>正常</InnerValue>
          <BackgroundText>心尖搏动范围</BackgroundText>
          <FieldSettings>
            <EditStyle>DropdownList</EditStyle>
            <ListSource>
              <SourceName>0000002281</SourceName>
              <Items />
            </ListSource>
          </FieldSettings>
        </Element>
        <Element xsi:type="XString">
          <Text>，心率</Text>
        </Element>
        <Element xsi:type="XString" StyleIndex="4">
          <Text>   次/分</Text>
        </Element>
        <Element xsi:type="XString">
          <Text>，</Text>
        </Element>
        <Element xsi:type="XInputField" StyleIndex="2">
          <ID>kb0000002286</ID>
          <Attributes />
          <XElements>
            <Element xsi:type="XString">
              <Text>律齐</Text>
            </Element>
          </XElements>
          <TextValue>律齐</TextValue>
          <Name>心律</Name>
          <ValueBinding />
          <InnerValue>律齐</InnerValue>
          <BackgroundText>心律</BackgroundText>
          <FieldSettings>
            <EditStyle>DropdownList</EditStyle>
            <ListSource>
              <SourceName>0000002286</SourceName>
              <Items />
            </ListSource>
          </FieldSettings>
        </Element>
        <Element xsi:type="XString">
          <Text>，心音</Text>
        </Element>
        <Element xsi:type="XInputField" StyleIndex="2">
          <ID>kb0000002287</ID>
          <Attributes />
          <XElements>
            <Element xsi:type="XString">
              <Text>正常</Text>
            </Element>
          </XElements>
          <TextValue>正常</TextValue>
          <Name>心音</Name>
          <ValueBinding />
          <InnerValue>正常</InnerValue>
          <BackgroundText>心音</BackgroundText>
          <FieldSettings>
            <EditStyle>DropdownList</EditStyle>
            <ListSource>
              <SourceName>0000002287</SourceName>
              <Items />
            </ListSource>
          </FieldSettings>
        </Element>
        <Element xsi:type="XString">
          <Text>，</Text>
        </Element>
        <Element xsi:type="XString" StyleIndex="5">
          <Text>可闻及</Text>
        </Element>
        <Element xsi:type="XInputField" StyleIndex="5">
          <ID>kb0000002288</ID>
          <Attributes />
          <XElements>
            <Element xsi:type="XString">
              <Text>室性奔马律</Text>
            </Element>
          </XElements>
          <TextValue>室性奔马律</TextValue>
          <Name>异常心音类型</Name>
          <ValueBinding />
          <InnerValue>室性奔马律</InnerValue>
          <BackgroundText>异常心音类型</BackgroundText>
          <FieldSettings>
            <EditStyle>DropdownList</EditStyle>
            <ListSource>
              <SourceName>0000002288</SourceName>
              <Items />
            </ListSource>
          </FieldSettings>
        </Element>
        <Element xsi:type="XString">
          <Text>，</Text>
        </Element>
        <Element xsi:type="XInputField" StyleIndex="2">
          <ID>kb0000002289</ID>
          <Attributes />
          <XElements>
            <Element xsi:type="XString">
              <Text>各瓣膜听诊区</Text>
            </Element>
          </XElements>
          <TextValue>各瓣膜听诊区</TextValue>
          <Name>瓣膜听诊区</Name>
          <ValueBinding />
          <InnerValue>各瓣膜听诊区</InnerValue>
          <BackgroundText>瓣膜听诊区</BackgroundText>
          <FieldSettings>
            <EditStyle>DropdownList</EditStyle>
            <ListSource>
              <SourceName>0000002289</SourceName>
              <Items />
            </ListSource>
          </FieldSettings>
        </Element>
        <Element xsi:type="XInputField" StyleIndex="2">
          <ID>kb0000002290</ID>
          <Attributes />
          <XElements>
            <Element xsi:type="XString">
              <Text>未闻及病理性杂音</Text>
            </Element>
          </XElements>
          <TextValue>未闻及病理性杂音</TextValue>
          <Name>病理性杂音</Name>
          <ValueBinding />
          <InnerValue>未闻及病理性杂音</InnerValue>
          <BackgroundText>病理性杂音</BackgroundText>
          <FieldSettings>
            <EditStyle>DropdownList</EditStyle>
            <ListSource>
              <SourceName>0000002290</SourceName>
              <Items />
            </ListSource>
          </FieldSettings>
        </Element>
        <Element xsi:type="XString">
          <Text>，向</Text>
        </Element>
        <Element xsi:type="XInputField" StyleIndex="2">
          <ID>kb0000002292</ID>
          <Attributes />
          <XElements>
            <Element xsi:type="XString">
              <Text>左腋部</Text>
            </Element>
          </XElements>
          <TextValue>左腋部</TextValue>
          <Name>病理性杂音传导方向</Name>
          <ValueBinding />
          <InnerValue>左腋部</InnerValue>
          <BackgroundText>病理性杂音传导方向</BackgroundText>
          <FieldSettings>
            <EditStyle>DropdownList</EditStyle>
            <MultiSelect>true</MultiSelect>
            <ListSource>
              <SourceName>0000002292</SourceName>
              <Items />
            </ListSource>
          </FieldSettings>
        </Element>
        <Element xsi:type="XString">
          <Text>传导，</Text>
        </Element>
        <Element xsi:type="XString" StyleIndex="6">
          <Text>肝</Text>
        </Element>
        <Element xsi:type="XInputField" StyleIndex="6">
          <ID>kb0000002503</ID>
          <Attributes />
          <XElements>
            <Element xsi:type="XString">
              <Text>肋下未触及</Text>
            </Element>
          </XElements>
          <TextValue>肋下未触及</TextValue>
          <Name>肝大小</Name>
          <ValueBinding />
          <InnerValue>肋下未触及</InnerValue>
          <BackgroundText>肝大小</BackgroundText>
          <FieldSettings>
            <EditStyle>DropdownList</EditStyle>
            <ListSource>
              <SourceName>0000002503</SourceName>
              <Items />
            </ListSource>
          </FieldSettings>
        </Element>
        <Element xsi:type="XString" StyleIndex="6">
          <Text>，</Text>
        </Element>
        <Element xsi:type="XInputField" StyleIndex="6">
          <ID>kb0000002505</ID>
          <Attributes />
          <XElements>
            <Element xsi:type="XString">
              <Text>肝区无叩痛</Text>
            </Element>
          </XElements>
          <TextValue>肝区无叩痛</TextValue>
          <Name>肝区叩痛</Name>
          <ValueBinding />
          <InnerValue>肝区无叩痛</InnerValue>
          <BackgroundText>肝区叩痛</BackgroundText>
          <FieldSettings>
            <EditStyle>DropdownList</EditStyle>
            <ListSource>
              <SourceName>0000002505</SourceName>
              <Items />
            </ListSource>
          </FieldSettings>
        </Element>
        <Element xsi:type="XString" StyleIndex="6">
          <Text>，</Text>
        </Element>
        <Element xsi:type="XInputField" StyleIndex="2">
          <ID>kb0000002294</ID>
          <Attributes />
          <XElements>
            <Element xsi:type="XString">
              <Text>双下肢无水肿</Text>
            </Element>
          </XElements>
          <TextValue>双下肢无水肿</TextValue>
          <Name>双下肢水肿</Name>
          <ValueBinding />
          <InnerValue>双下肢无水肿</InnerValue>
          <BackgroundText>双下肢水肿</BackgroundText>
          <FieldSettings>
            <EditStyle>DropdownList</EditStyle>
            <ListSource>
              <SourceName>0000002294</SourceName>
              <Items />
            </ListSource>
          </FieldSettings>
        </Element>
        <Element xsi:type="XString">
          <Text>。</Text>
        </Element>
        <Element xsi:type="XParagraphFlag" />
      </XElements>
      <Sections />
    </Element>
    <Element xsi:type="XTextHeader">
      <Attributes />
      <XElements>
        <Element xsi:type="XParagraphFlag" StyleIndex="0">
          <AutoCreate>true</AutoCreate>
        </Element>
      </XElements>
    </Element>
    <Element xsi:type="XTextFooter">
      <Attributes />
      <XElements>
        <Element xsi:type="XParagraphFlag">
          <AutoCreate>true</AutoCreate>
        </Element>
      </XElements>
    </Element>
  </XElements>
  <ScriptText />
  <Info>
    <CreationTime>2013-04-02T17:19:55.1332046+08:00</CreationTime>
    <LastModifiedTime>2013-04-02T17:19:55.1332046+08:00</LastModifiedTime>
    <LastPrintTime>1980-01-01T00:00:00</LastPrintTime>
    <Operator>DCSoft.Writer Version:1.1.1111.29376</Operator>
  </Info>
  <BodyText>
  </BodyText>
  <UserHistories>
    <History>
      <ID />
      <Name />
      <SavedTime>2005-03-14T16:03:09</SavedTime>
    </History>
    <History>
      <ID />
      <Name />
      <SavedTime>2005-03-14T16:22:52</SavedTime>
    </History>
    <History>
      <ID />
      <Name />
      <SavedTime>2005-03-30T09:27:56</SavedTime>
    </History>
    <History>
      <ID />
      <Name />
      <SavedTime>2005-03-30T09:34:16</SavedTime>
    </History>
    <History>
      <ID />
      <Name />
      <SavedTime>2005-03-30T09:41:12</SavedTime>
    </History>
    <History>
      <ID />
      <Name />
      <SavedTime>2005-04-02T10:46:51</SavedTime>
    </History>
    <History>
      <ID />
      <Name />
      <SavedTime>2005-04-02T11:05:50</SavedTime>
    </History>
    <History>
      <ID />
      <Name />
      <SavedTime>2005-04-02T11:07:11</SavedTime>
    </History>
    <History>
      <ID />
      <Name />
      <SavedTime>2005-04-02T11:08:24</SavedTime>
    </History>
    <History>
      <ID />
      <Name />
      <SavedTime>2005-04-02T11:09:16</SavedTime>
    </History>
    <History>
      <ID />
      <Name />
      <SavedTime>2005-04-22T13:39:05</SavedTime>
    </History>
    <History>
      <ID />
      <Name />
      <SavedTime>2005-04-28T09:34:29</SavedTime>
    </History>
  </UserHistories>
  <ContentStyles>
    <Default xsi:type="DocumentContentStyle">
      <FontName>宋体</FontName>
    </Default>
    <Styles>
      <Style Index="0">
        <Align>Center</Align>
      </Style>
      <Style Index="1">
        <CreatorIndex>5</CreatorIndex>
      </Style>
      <Style Index="2">
        <CreatorIndex>1</CreatorIndex>
      </Style>
      <Style Index="3">
        <CreatorIndex>2</CreatorIndex>
      </Style>
      <Style Index="4">
        <CreatorIndex>6</CreatorIndex>
      </Style>
      <Style Index="5">
        <CreatorIndex>11</CreatorIndex>
      </Style>
      <Style Index="6">
        <CreatorIndex>4</CreatorIndex>
      </Style>
    </Styles>
  </ContentStyles>
  <MeasureMode>OldCompatibility</MeasureMode>
  <PageSettings>
    <LeftMargin>50</LeftMargin>
    <TopMargin>50</TopMargin>
    <RightMargin>50</RightMargin>
    <BottomMargin>50</BottomMargin>
    <ViewLeftMargin>150</ViewLeftMargin>
    <ViewTopMargin>150</ViewTopMargin>
    <ViewRightMargin>150</ViewRightMargin>
    <ViewBottomMargin>150</ViewBottomMargin>
    <ViewPaperWidth>2481</ViewPaperWidth>
    <ViewPaperHeight>3507</ViewPaperHeight>
  </PageSettings>
</XTextDocument>