﻿<?xml version="1.0" encoding="utf-8"?>
<XTextDocument xmlns:xsi="http://www.w3.org/2001/XMLSchema-instance" xmlns:xsd="http://www.w3.org/2001/XMLSchema" EditorVersionString="1.1.1111.29376">
  <Attributes />
  <XElements>
    <Element xsi:type="XTextBody">
      <Attributes />
      <XElements>
        <Element xsi:type="XString">
          <Text>患者述于</Text>
        </Element>
        <Element xsi:type="XInputField" StyleIndex="1">
          <ID>kb0000000000</ID>
          <Attributes />
          <XElements />
          <TextValue />
          <UnitText />
          <Name>食管疾病出现时间</Name>
          <InnerValue />
          <BackgroundText>食管疾病出现时间</BackgroundText>
        </Element>
        <Element xsi:type="XInputField" StyleIndex="1">
          <ID>kb0000001829</ID>
          <Attributes />
          <XElements>
            <Element xsi:type="XString">
              <Text>时间单位</Text>
            </Element>
          </XElements>
          <TextValue>时间单位</TextValue>
          <Name>时间单位</Name>
          <ValueBinding />
          <InnerValue>时间单位</InnerValue>
          <BackgroundText>时间单位</BackgroundText>
          <FieldSettings>
            <EditStyle>DropdownList</EditStyle>
            <ListSource>
              <SourceName>0000001829</SourceName>
              <Items />
            </ListSource>
          </FieldSettings>
        </Element>
        <Element xsi:type="XString">
          <Text>前因</Text>
        </Element>
        <Element xsi:type="XInputField" StyleIndex="1">
          <ID>kb0000000000</ID>
          <Attributes />
          <XElements />
          <TextValue />
          <UnitText />
          <Name>食管疾病出现的原因</Name>
          <InnerValue />
          <BackgroundText>食管疾病出现的原因</BackgroundText>
        </Element>
        <Element xsi:type="XString">
          <Text>出现</Text>
        </Element>
        <Element xsi:type="XString" StyleIndex="1">
          <Text>下列症状：</Text>
        </Element>
        <Element xsi:type="XInputField" StyleIndex="1">
          <ID>kb0000001860</ID>
          <Attributes />
          <XElements>
            <Element xsi:type="XString">
              <Text>吞咽困难</Text>
            </Element>
          </XElements>
          <TextValue>吞咽困难</TextValue>
          <Name>吞咽困难</Name>
          <ValueBinding />
          <InnerValue>吞咽困难</InnerValue>
          <BackgroundText>吞咽困难</BackgroundText>
          <FieldSettings>
            <EditStyle>DropdownList</EditStyle>
            <ListSource>
              <SourceName>0000001860</SourceName>
              <Items />
            </ListSource>
          </FieldSettings>
        </Element>
        <Element xsi:type="XString">
          <Text>，</Text>
        </Element>
        <Element xsi:type="XInputField" StyleIndex="1">
          <ID>kb0000001861</ID>
          <Attributes />
          <XElements>
            <Element xsi:type="XString">
              <Text>胸骨后疼痛</Text>
            </Element>
          </XElements>
          <TextValue>胸骨后疼痛</TextValue>
          <Name>胸骨后疼痛</Name>
          <ValueBinding />
          <InnerValue>胸骨后疼痛</InnerValue>
          <BackgroundText>胸骨后疼痛</BackgroundText>
          <FieldSettings>
            <EditStyle>DropdownList</EditStyle>
            <ListSource>
              <SourceName>0000001861</SourceName>
              <Items />
            </ListSource>
          </FieldSettings>
        </Element>
        <Element xsi:type="XString">
          <Text>，</Text>
        </Element>
        <Element xsi:type="XInputField" StyleIndex="2">
          <ID>kb0000001862</ID>
          <Attributes />
          <XElements>
            <Element xsi:type="XString">
              <Text>持续性胸痛或背痛</Text>
            </Element>
          </XElements>
          <TextValue>持续性胸痛或背痛</TextValue>
          <Name>持续性胸痛或背痛</Name>
          <ValueBinding />
          <InnerValue>持续性胸痛或背痛</InnerValue>
          <BackgroundText>持续性胸痛或背痛</BackgroundText>
          <FieldSettings>
            <EditStyle>DropdownList</EditStyle>
            <ListSource>
              <SourceName>0000001862</SourceName>
              <Items />
            </ListSource>
          </FieldSettings>
        </Element>
        <Element xsi:type="XString">
          <Text>。曾在</Text>
        </Element>
        <Element xsi:type="XInputField" StyleIndex="2">
          <ID>kb0000002398</ID>
          <Attributes />
          <XElements />
          <TextValue />
          <UnitText />
          <Name>食管疾病曾就诊医院</Name>
          <InnerValue />
          <BackgroundText>食管疾病曾就诊医院</BackgroundText>
        </Element>
        <Element xsi:type="XString">
          <Text>医院就诊，诊断为</Text>
        </Element>
        <Element xsi:type="XInputField" StyleIndex="2">
          <ID>kb0000002399</ID>
          <Attributes />
          <XElements />
          <TextValue />
          <UnitText />
          <Name>食管疾病曾诊断</Name>
          <InnerValue />
          <BackgroundText>食管疾病曾诊断</BackgroundText>
        </Element>
        <Element xsi:type="XString">
          <Text>。</Text>
        </Element>
        <Element xsi:type="XInputField" StyleIndex="2">
          <ID>kb0000001814</ID>
          <Attributes />
          <XElements>
            <Element xsi:type="XString">
              <Text>治疗情况</Text>
            </Element>
          </XElements>
          <TextValue>治疗情况</TextValue>
          <Name>治疗情况</Name>
          <ValueBinding />
          <InnerValue>治疗情况</InnerValue>
          <BackgroundText>治疗情况</BackgroundText>
          <FieldSettings>
            <EditStyle>DropdownList</EditStyle>
            <ListSource>
              <SourceName>0000001814</SourceName>
              <Items />
            </ListSource>
          </FieldSettings>
        </Element>
        <Element xsi:type="XString">
          <Text>，</Text>
        </Element>
        <Element xsi:type="XInputField" StyleIndex="2">
          <ID>kb0000001815</ID>
          <Attributes />
          <XElements>
            <Element xsi:type="XString">
              <Text>治疗效果</Text>
            </Element>
          </XElements>
          <TextValue>治疗效果</TextValue>
          <Name>治疗效果</Name>
          <ValueBinding />
          <InnerValue>治疗效果</InnerValue>
          <BackgroundText>治疗效果</BackgroundText>
          <FieldSettings>
            <EditStyle>DropdownList</EditStyle>
            <ListSource>
              <SourceName>0000001815</SourceName>
              <Items />
            </ListSource>
          </FieldSettings>
        </Element>
        <Element xsi:type="XString" StyleIndex="3">
          <Text>。</Text>
        </Element>
        <Element xsi:type="XParagraphFlag" />
        <Element xsi:type="XString">
          <Text>发病以来</Text>
        </Element>
        <Element xsi:type="XString" StyleIndex="4">
          <Text>，</Text>
        </Element>
        <Element xsi:type="XString">
          <Text>患者精神</Text>
        </Element>
        <Element xsi:type="XInputField" StyleIndex="2">
          <ID>kb0000001816</ID>
          <Attributes />
          <XElements>
            <Element xsi:type="XString">
              <Text>患者精神</Text>
            </Element>
          </XElements>
          <TextValue>患者精神</TextValue>
          <Name>患者精神</Name>
          <ValueBinding />
          <InnerValue>患者精神</InnerValue>
          <BackgroundText>患者精神</BackgroundText>
          <FieldSettings>
            <EditStyle>DropdownList</EditStyle>
            <ListSource>
              <SourceName>0000001816</SourceName>
              <Items />
            </ListSource>
          </FieldSettings>
        </Element>
        <Element xsi:type="XString">
          <Text>，神志</Text>
        </Element>
        <Element xsi:type="XInputField" StyleIndex="2">
          <ID>kb0000001817</ID>
          <Attributes />
          <XElements>
            <Element xsi:type="XString">
              <Text>患者神志</Text>
            </Element>
          </XElements>
          <TextValue>患者神志</TextValue>
          <Name>患者神志</Name>
          <ValueBinding />
          <InnerValue>患者神志</InnerValue>
          <BackgroundText>患者神志</BackgroundText>
          <FieldSettings>
            <EditStyle>DropdownList</EditStyle>
            <ListSource>
              <SourceName>0000001817</SourceName>
              <Items />
            </ListSource>
          </FieldSettings>
        </Element>
        <Element xsi:type="XString">
          <Text>，胃纳</Text>
        </Element>
        <Element xsi:type="XInputField" StyleIndex="2">
          <ID>kb0000001818</ID>
          <Attributes />
          <XElements>
            <Element xsi:type="XString">
              <Text>患者胃纳</Text>
            </Element>
          </XElements>
          <TextValue>患者胃纳</TextValue>
          <Name>患者胃纳</Name>
          <ValueBinding />
          <InnerValue>患者胃纳</InnerValue>
          <BackgroundText>患者胃纳</BackgroundText>
          <FieldSettings>
            <EditStyle>DropdownList</EditStyle>
            <ListSource>
              <SourceName>0000001818</SourceName>
              <Items />
            </ListSource>
          </FieldSettings>
        </Element>
        <Element xsi:type="XString">
          <Text>，</Text>
        </Element>
        <Element xsi:type="XInputField" StyleIndex="2">
          <ID>kb0000001819</ID>
          <Attributes />
          <XElements>
            <Element xsi:type="XString">
              <Text>睡眠情况</Text>
            </Element>
          </XElements>
          <TextValue>睡眠情况</TextValue>
          <Name>睡眠情况</Name>
          <ValueBinding />
          <InnerValue>睡眠情况</InnerValue>
          <BackgroundText>睡眠情况</BackgroundText>
          <FieldSettings>
            <EditStyle>DropdownList</EditStyle>
            <ListSource>
              <SourceName>0000001819</SourceName>
              <Items />
            </ListSource>
          </FieldSettings>
        </Element>
        <Element xsi:type="XString">
          <Text>，体重</Text>
        </Element>
        <Element xsi:type="XInputField" StyleIndex="2">
          <ID>kb0000001820</ID>
          <Attributes />
          <XElements>
            <Element xsi:type="XString">
              <Text>体重情况</Text>
            </Element>
          </XElements>
          <TextValue>体重情况</TextValue>
          <Name>体重情况</Name>
          <ValueBinding />
          <InnerValue>体重情况</InnerValue>
          <BackgroundText>体重情况</BackgroundText>
          <FieldSettings>
            <EditStyle>DropdownList</EditStyle>
            <ListSource>
              <SourceName>0000001820</SourceName>
              <Items />
            </ListSource>
          </FieldSettings>
        </Element>
        <Element xsi:type="XString">
          <Text>。</Text>
        </Element>
        <Element xsi:type="XParagraphFlag" />
      </XElements>
      <Sections />
    </Element>
    <Element xsi:type="XTextHeader">
      <Attributes />
      <XElements>
        <Element xsi:type="XParagraphFlag" StyleIndex="0">
          <AutoCreate>true</AutoCreate>
        </Element>
      </XElements>
    </Element>
    <Element xsi:type="XTextFooter">
      <Attributes />
      <XElements>
        <Element xsi:type="XParagraphFlag">
          <AutoCreate>true</AutoCreate>
        </Element>
      </XElements>
    </Element>
  </XElements>
  <Info>
    <CreationTime>2013-04-02T17:19:54.5591718+08:00</CreationTime>
    <LastModifiedTime>2013-04-02T17:19:54.5591718+08:00</LastModifiedTime>
    <LastPrintTime>1980-01-01T00:00:00</LastPrintTime>
    <Operator>DCSoft.Writer Version:1.1.1111.29376</Operator>
  </Info>
  <BodyText>
  </BodyText>
  <UserHistories>
    <History>
      <ID />
      <Name />
      <SavedTime>2005-01-12T14:03:35</SavedTime>
    </History>
    <History>
      <ID />
      <Name />
      <SavedTime>2005-01-12T14:09:44</SavedTime>
    </History>
    <History>
      <ID />
      <Name />
      <SavedTime>2005-01-12T14:10:11</SavedTime>
    </History>
    <History>
      <ID />
      <Name />
      <SavedTime>2005-03-24T13:31:28</SavedTime>
    </History>
    <History>
      <ID />
      <Name />
      <SavedTime>2005-03-24T13:34:24</SavedTime>
    </History>
  </UserHistories>
  <ContentStyles>
    <Default xsi:type="DocumentContentStyle">
      <FontName>宋体</FontName>
    </Default>
    <Styles>
      <Style Index="0">
        <Align>Center</Align>
      </Style>
      <Style Index="1">
        <CreatorIndex>3</CreatorIndex>
      </Style>
      <Style Index="2">
        <CreatorIndex>4</CreatorIndex>
      </Style>
      <Style Index="3">
        <CreatorIndex>1</CreatorIndex>
      </Style>
      <Style Index="4">
        <CreatorIndex>2</CreatorIndex>
      </Style>
    </Styles>
  </ContentStyles>
  <MeasureMode>OldCompatibility</MeasureMode>
  <PageSettings>
    <LeftMargin>50</LeftMargin>
    <TopMargin>50</TopMargin>
    <RightMargin>50</RightMargin>
    <BottomMargin>50</BottomMargin>
    <ViewLeftMargin>150</ViewLeftMargin>
    <ViewTopMargin>150</ViewTopMargin>
    <ViewRightMargin>150</ViewRightMargin>
    <ViewBottomMargin>150</ViewBottomMargin>
    <ViewPaperWidth>2481</ViewPaperWidth>
    <ViewPaperHeight>3507</ViewPaperHeight>
  </PageSettings>
</XTextDocument>