﻿<?xml version="1.0" encoding="utf-8"?>
<XTextDocument xmlns:xsi="http://www.w3.org/2001/XMLSchema-instance" xmlns:xsd="http://www.w3.org/2001/XMLSchema" EditorVersionString="1.1.1111.29376">
  <Attributes />
  <XElements>
    <Element xsi:type="XTextBody">
      <Attributes />
      <XElements>
        <Element xsi:type="XString">
          <Text>患者</Text>
        </Element>
        <Element xsi:type="XInputField">
          <ID>kb0000002471</ID>
          <Attributes />
          <XElements />
          <TextValue />
          <UnitText />
          <Name>心衰出现时间</Name>
          <InnerValue />
          <BackgroundText>心衰出现时间</BackgroundText>
        </Element>
        <Element xsi:type="XInputField">
          <ID>kb0000002341</ID>
          <Attributes />
          <XElements>
            <Element xsi:type="XString">
              <Text>时间单位</Text>
            </Element>
          </XElements>
          <TextValue>时间单位</TextValue>
          <Name>时间单位</Name>
          <ValueBinding />
          <InnerValue>时间单位</InnerValue>
          <BackgroundText>时间单位</BackgroundText>
          <FieldSettings>
            <EditStyle>DropdownList</EditStyle>
            <ListSource>
              <SourceName>0000002341</SourceName>
              <Items />
            </ListSource>
          </FieldSettings>
        </Element>
        <Element xsi:type="XString">
          <Text>前</Text>
        </Element>
        <Element xsi:type="XInputField">
          <ID>kb0000002472</ID>
          <Attributes />
          <XElements>
            <Element xsi:type="XString">
              <Text>心衰出现原因</Text>
            </Element>
          </XElements>
          <TextValue>心衰出现原因</TextValue>
          <Name>心衰出现原因</Name>
          <ValueBinding />
          <InnerValue>心衰出现原因</InnerValue>
          <BackgroundText>心衰出现原因</BackgroundText>
          <FieldSettings>
            <EditStyle>DropdownList</EditStyle>
            <ListSource>
              <SourceName>0000002472</SourceName>
              <Items />
            </ListSource>
          </FieldSettings>
        </Element>
        <Element xsi:type="XString">
          <Text>时明显气促，伴</Text>
        </Element>
        <Element xsi:type="XInputField">
          <ID>kb0000002474</ID>
          <Attributes />
          <XElements>
            <Element xsi:type="XString">
              <Text>气促伴随症状</Text>
            </Element>
          </XElements>
          <TextValue>气促伴随症状</TextValue>
          <Name>气促伴随症状</Name>
          <ValueBinding />
          <InnerValue>气促伴随症状</InnerValue>
          <BackgroundText>气促伴随症状</BackgroundText>
          <FieldSettings>
            <EditStyle>DropdownList</EditStyle>
            <MultiSelect>true</MultiSelect>
            <ListSource>
              <SourceName>0000002474</SourceName>
              <Items />
            </ListSource>
          </FieldSettings>
        </Element>
        <Element xsi:type="XString">
          <Text>，后逐渐加重，</Text>
        </Element>
        <Element xsi:type="XInputField">
          <ID>kb0000002475</ID>
          <Attributes />
          <XElements>
            <Element xsi:type="XString">
              <Text>加重症状出现原因</Text>
            </Element>
          </XElements>
          <TextValue>加重症状出现原因</TextValue>
          <Name>加重症状出现原因</Name>
          <ValueBinding />
          <InnerValue>加重症状出现原因</InnerValue>
          <BackgroundText>加重症状出现原因</BackgroundText>
          <FieldSettings>
            <EditStyle>DropdownList</EditStyle>
            <ListSource>
              <SourceName>0000002475</SourceName>
              <Items />
            </ListSource>
          </FieldSettings>
        </Element>
        <Element xsi:type="XString">
          <Text>即感</Text>
        </Element>
        <Element xsi:type="XInputField">
          <ID>kb0000002481</ID>
          <Attributes />
          <XElements>
            <Element xsi:type="XString">
              <Text>心衰症状</Text>
            </Element>
          </XElements>
          <TextValue>心衰症状</TextValue>
          <Name>心衰症状</Name>
          <ValueBinding />
          <InnerValue>心衰症状</InnerValue>
          <BackgroundText>心衰症状</BackgroundText>
          <FieldSettings>
            <EditStyle>DropdownList</EditStyle>
            <MultiSelect>true</MultiSelect>
            <ListSource>
              <SourceName>0000002481</SourceName>
              <Items />
            </ListSource>
          </FieldSettings>
        </Element>
        <Element xsi:type="XString">
          <Text>。</Text>
        </Element>
        <Element xsi:type="XInputField">
          <ID>kb0000002477</ID>
          <Attributes />
          <XElements />
          <TextValue />
          <UnitText />
          <Name>近期心衰症状出现时间</Name>
          <InnerValue />
          <BackgroundText>近期心衰症状出现时间</BackgroundText>
        </Element>
        <Element xsi:type="XInputField">
          <ID>kb0000002341</ID>
          <Attributes />
          <XElements>
            <Element xsi:type="XString">
              <Text>时间单位</Text>
            </Element>
          </XElements>
          <TextValue>时间单位</TextValue>
          <Name>时间单位</Name>
          <ValueBinding />
          <InnerValue>时间单位</InnerValue>
          <BackgroundText>时间单位</BackgroundText>
          <FieldSettings>
            <EditStyle>DropdownList</EditStyle>
            <ListSource>
              <SourceName>0000002341</SourceName>
              <Items />
            </ListSource>
          </FieldSettings>
        </Element>
        <Element xsi:type="XString">
          <Text>前</Text>
        </Element>
        <Element xsi:type="XInputField">
          <ID>kb0000002478</ID>
          <Attributes />
          <XElements>
            <Element xsi:type="XString">
              <Text>心衰症状加重原因</Text>
            </Element>
          </XElements>
          <TextValue>心衰症状加重原因</TextValue>
          <Name>心衰症状加重原因</Name>
          <ValueBinding />
          <InnerValue>心衰症状加重原因</InnerValue>
          <BackgroundText>心衰症状加重原因</BackgroundText>
          <FieldSettings>
            <EditStyle>DropdownList</EditStyle>
            <ListSource>
              <SourceName>0000002478</SourceName>
              <Items />
            </ListSource>
          </FieldSettings>
        </Element>
        <Element xsi:type="XString">
          <Text>夜间入睡</Text>
        </Element>
        <Element xsi:type="XInputField">
          <ID>kb0000002507</ID>
          <Attributes />
          <XElements />
          <TextValue />
          <UnitText>小时</UnitText>
          <Name>夜间入睡时间</Name>
          <InnerValue />
          <BackgroundText>夜间入睡时间</BackgroundText>
        </Element>
        <Element xsi:type="XString">
          <Text>后突然憋醒，被迫坐起，伴。既往有</Text>
        </Element>
        <Element xsi:type="XInputField">
          <ID>kb0000002455</ID>
          <Attributes />
          <XElements>
            <Element xsi:type="XString">
              <Text>既往病史</Text>
            </Element>
          </XElements>
          <TextValue>既往病史</TextValue>
          <Name>既往病史</Name>
          <ValueBinding />
          <InnerValue>既往病史</InnerValue>
          <BackgroundText>既往病史</BackgroundText>
          <FieldSettings>
            <EditStyle>DropdownList</EditStyle>
            <MultiSelect>true</MultiSelect>
            <ListSource>
              <SourceName>0000002455</SourceName>
              <Items />
            </ListSource>
          </FieldSettings>
        </Element>
        <Element xsi:type="XString">
          <Text>。</Text>
        </Element>
        <Element xsi:type="XParagraphFlag" />
      </XElements>
      <Sections />
    </Element>
    <Element xsi:type="XTextHeader">
      <Attributes />
      <XElements>
        <Element xsi:type="XParagraphFlag" StyleIndex="0">
          <AutoCreate>true</AutoCreate>
        </Element>
      </XElements>
    </Element>
    <Element xsi:type="XTextFooter">
      <Attributes />
      <XElements>
        <Element xsi:type="XParagraphFlag">
          <AutoCreate>true</AutoCreate>
        </Element>
      </XElements>
    </Element>
  </XElements>
  <Info>
    <CreationTime>2013-04-02T17:19:55.4402222+08:00</CreationTime>
    <LastModifiedTime>2013-04-02T17:19:55.4402222+08:00</LastModifiedTime>
    <LastPrintTime>1980-01-01T00:00:00</LastPrintTime>
    <Operator>DCSoft.Writer Version:1.1.1111.29376</Operator>
  </Info>
  <BodyText>
  </BodyText>
  <UserHistories>
    <History>
      <ID />
      <Name />
      <SavedTime>2005-03-30T10:37:26</SavedTime>
    </History>
  </UserHistories>
  <ContentStyles>
    <Default xsi:type="DocumentContentStyle">
      <FontName>宋体</FontName>
    </Default>
    <Styles>
      <Style Index="0">
        <Align>Center</Align>
      </Style>
    </Styles>
  </ContentStyles>
  <MeasureMode>OldCompatibility</MeasureMode>
  <PageSettings>
    <LeftMargin>50</LeftMargin>
    <TopMargin>50</TopMargin>
    <RightMargin>50</RightMargin>
    <BottomMargin>50</BottomMargin>
    <ViewLeftMargin>150</ViewLeftMargin>
    <ViewTopMargin>150</ViewTopMargin>
    <ViewRightMargin>150</ViewRightMargin>
    <ViewBottomMargin>150</ViewBottomMargin>
    <ViewPaperWidth>2481</ViewPaperWidth>
    <ViewPaperHeight>3507</ViewPaperHeight>
  </PageSettings>
</XTextDocument>