﻿<?xml version="1.0" encoding="utf-8"?>
<XTextDocument xmlns:xsi="http://www.w3.org/2001/XMLSchema-instance" xmlns:xsd="http://www.w3.org/2001/XMLSchema" EditorVersionString="1.1.1111.29376">
  <Attributes />
  <XElements>
    <Element xsi:type="XTextBody">
      <Attributes />
      <XElements>
        <Element xsi:type="XString">
          <Text>动态喉镜提示：梨状窝</Text>
        </Element>
        <Element xsi:type="XInputField">
          <ID>kb0000002756</ID>
          <Attributes />
          <XElements>
            <Element xsi:type="XString">
              <Text>形态正常</Text>
            </Element>
          </XElements>
          <TextValue>形态正常</TextValue>
          <Name>梨状窝症状</Name>
          <ValueBinding />
          <InnerValue>形态正常</InnerValue>
          <BackgroundText>梨状窝症状</BackgroundText>
          <FieldSettings>
            <EditStyle>DropdownList</EditStyle>
            <MultiSelect>true</MultiSelect>
            <ListSource>
              <SourceName>0000002756</SourceName>
              <Items />
            </ListSource>
          </FieldSettings>
        </Element>
        <Element xsi:type="XString">
          <Text>；</Text>
        </Element>
        <Element xsi:type="XInputField">
          <ID>kb0000002757</ID>
          <Attributes />
          <XElements>
            <Element xsi:type="XString">
              <Text>双侧</Text>
            </Element>
          </XElements>
          <TextValue>双侧</TextValue>
          <Name>室带症状描述部位</Name>
          <ValueBinding />
          <InnerValue>双侧</InnerValue>
          <BackgroundText>室带症状描述部位</BackgroundText>
          <FieldSettings>
            <EditStyle>DropdownList</EditStyle>
            <ListSource>
              <SourceName>0000002757</SourceName>
              <Items />
            </ListSource>
          </FieldSettings>
        </Element>
        <Element xsi:type="XString">
          <Text>室带粘膜</Text>
        </Element>
        <Element xsi:type="XInputField">
          <ID>kb0000002758</ID>
          <Attributes />
          <XElements>
            <Element xsi:type="XString">
              <Text>光滑</Text>
            </Element>
          </XElements>
          <TextValue>光滑</TextValue>
          <Name>室带粘膜</Name>
          <ValueBinding />
          <InnerValue>光滑</InnerValue>
          <BackgroundText>室带粘膜</BackgroundText>
          <FieldSettings>
            <EditStyle>DropdownList</EditStyle>
            <MultiSelect>true</MultiSelect>
            <ListSource>
              <SourceName>0000002758</SourceName>
              <Items />
            </ListSource>
          </FieldSettings>
        </Element>
        <Element xsi:type="XString">
          <Text>；</Text>
        </Element>
        <Element xsi:type="XInputField">
          <ID>kb0000002759</ID>
          <Attributes />
          <XElements>
            <Element xsi:type="XString">
              <Text>双侧</Text>
            </Element>
          </XElements>
          <TextValue>双侧</TextValue>
          <Name>声带症状描述部位</Name>
          <ValueBinding />
          <InnerValue>双侧</InnerValue>
          <BackgroundText>声带症状描述部位</BackgroundText>
          <FieldSettings>
            <EditStyle>DropdownList</EditStyle>
            <ListSource>
              <SourceName>0000002759</SourceName>
              <Items />
            </ListSource>
          </FieldSettings>
        </Element>
        <Element xsi:type="XString">
          <Text>声带运动</Text>
        </Element>
        <Element xsi:type="XInputField">
          <ID>kb0000002760</ID>
          <Attributes />
          <XElements>
            <Element xsi:type="XString">
              <Text>正常</Text>
            </Element>
          </XElements>
          <TextValue>正常</TextValue>
          <Name>声带运动</Name>
          <ValueBinding />
          <InnerValue>正常</InnerValue>
          <BackgroundText>声带运动</BackgroundText>
          <FieldSettings>
            <EditStyle>DropdownList</EditStyle>
            <ListSource>
              <SourceName>0000002760</SourceName>
              <Items />
            </ListSource>
          </FieldSettings>
        </Element>
        <Element xsi:type="XString">
          <Text>，粘膜</Text>
        </Element>
        <Element xsi:type="XInputField">
          <ID>kb0000002761</ID>
          <Attributes />
          <XElements>
            <Element xsi:type="XString">
              <Text>正常</Text>
            </Element>
          </XElements>
          <TextValue>正常</TextValue>
          <Name>声带粘膜</Name>
          <ValueBinding />
          <InnerValue>正常</InnerValue>
          <BackgroundText>声带粘膜</BackgroundText>
          <FieldSettings>
            <EditStyle>DropdownList</EditStyle>
            <MultiSelect>true</MultiSelect>
            <ListSource>
              <SourceName>0000002761</SourceName>
              <Items />
            </ListSource>
          </FieldSettings>
        </Element>
        <Element xsi:type="XString">
          <Text>，声门闭合</Text>
        </Element>
        <Element xsi:type="XInputField">
          <ID>kb0000002762</ID>
          <Attributes />
          <XElements>
            <Element xsi:type="XString">
              <Text>全</Text>
            </Element>
          </XElements>
          <TextValue>全</TextValue>
          <Name>声门闭合</Name>
          <ValueBinding />
          <InnerValue>全</InnerValue>
          <BackgroundText>声门闭合</BackgroundText>
          <FieldSettings>
            <EditStyle>DropdownList</EditStyle>
            <ListSource>
              <SourceName>0000002762</SourceName>
              <Items />
            </ListSource>
          </FieldSettings>
        </Element>
        <Element xsi:type="XString">
          <Text>；杓间区粘膜</Text>
        </Element>
        <Element xsi:type="XInputField">
          <ID>kb0000002763</ID>
          <Attributes />
          <XElements>
            <Element xsi:type="XString">
              <Text>正常</Text>
            </Element>
          </XElements>
          <TextValue>正常</TextValue>
          <Name>杓间区粘膜</Name>
          <ValueBinding />
          <InnerValue>正常</InnerValue>
          <BackgroundText>杓间区粘膜</BackgroundText>
          <FieldSettings>
            <EditStyle>DropdownList</EditStyle>
            <MultiSelect>true</MultiSelect>
            <ListSource>
              <SourceName>0000002763</SourceName>
              <Items />
            </ListSource>
          </FieldSettings>
        </Element>
        <Element xsi:type="XString">
          <Text>。</Text>
        </Element>
        <Element xsi:type="XParagraphFlag" />
      </XElements>
      <Sections />
    </Element>
    <Element xsi:type="XTextHeader">
      <Attributes />
      <XElements>
        <Element xsi:type="XParagraphFlag" StyleIndex="0">
          <AutoCreate>true</AutoCreate>
        </Element>
      </XElements>
    </Element>
    <Element xsi:type="XTextFooter">
      <Attributes />
      <XElements>
        <Element xsi:type="XParagraphFlag">
          <AutoCreate>true</AutoCreate>
        </Element>
      </XElements>
    </Element>
  </XElements>
  <ScriptText />
  <Info>
    <CreationTime>2013-04-02T17:19:56.2162666+08:00</CreationTime>
    <LastModifiedTime>2013-04-02T17:19:56.2162666+08:00</LastModifiedTime>
    <LastPrintTime>1980-01-01T00:00:00</LastPrintTime>
    <Operator>DCSoft.Writer Version:1.1.1111.29376</Operator>
  </Info>
  <BodyText>
  </BodyText>
  <UserHistories>
    <History>
      <ID />
      <Name />
      <SavedTime>2005-04-22T13:30:42</SavedTime>
    </History>
  </UserHistories>
  <ContentStyles>
    <Default xsi:type="DocumentContentStyle">
      <FontName>宋体</FontName>
    </Default>
    <Styles>
      <Style Index="0">
        <Align>Center</Align>
      </Style>
    </Styles>
  </ContentStyles>
  <MeasureMode>OldCompatibility</MeasureMode>
  <PageSettings>
    <LeftMargin>50</LeftMargin>
    <TopMargin>50</TopMargin>
    <RightMargin>50</RightMargin>
    <BottomMargin>50</BottomMargin>
    <ViewLeftMargin>150</ViewLeftMargin>
    <ViewTopMargin>150</ViewTopMargin>
    <ViewRightMargin>150</ViewRightMargin>
    <ViewBottomMargin>150</ViewBottomMargin>
    <ViewPaperWidth>2481</ViewPaperWidth>
    <ViewPaperHeight>3507</ViewPaperHeight>
  </PageSettings>
</XTextDocument>