﻿<?xml version="1.0" encoding="utf-8"?>
<XTextDocument xmlns:xsi="http://www.w3.org/2001/XMLSchema-instance" xmlns:xsd="http://www.w3.org/2001/XMLSchema" EditorVersionString="1.1.1111.29376">
  <Attributes />
  <XElements>
    <Element xsi:type="XTextBody">
      <Attributes />
      <XElements>
        <Element xsi:type="XInputField">
          <ID>kb0000002724</ID>
          <Attributes />
          <XElements>
            <Element xsi:type="XString">
              <Text>双耳</Text>
            </Element>
          </XElements>
          <TextValue>双耳</TextValue>
          <Name>耳廓症状描述部位</Name>
          <ValueBinding />
          <InnerValue>双耳</InnerValue>
          <BackgroundText>耳廓症状描述部位</BackgroundText>
          <FieldSettings>
            <EditStyle>DropdownList</EditStyle>
            <ListSource>
              <SourceName>0000002724</SourceName>
              <Items />
            </ListSource>
          </FieldSettings>
        </Element>
        <Element xsi:type="XInputField">
          <ID>kb0000002725</ID>
          <Attributes />
          <XElements>
            <Element xsi:type="XString">
              <Text>耳廓外形正常</Text>
            </Element>
          </XElements>
          <TextValue>耳廓外形正常</TextValue>
          <Name>耳廓</Name>
          <ValueBinding />
          <InnerValue>耳廓外形正常</InnerValue>
          <BackgroundText>耳廓</BackgroundText>
          <FieldSettings>
            <EditStyle>DropdownList</EditStyle>
            <MultiSelect>true</MultiSelect>
            <ListSource>
              <SourceName>0000002725</SourceName>
              <Items />
            </ListSource>
          </FieldSettings>
        </Element>
        <Element xsi:type="XString">
          <Text>。</Text>
        </Element>
        <Element xsi:type="XInputField">
          <ID>kb0000002726</ID>
          <Attributes />
          <XElements>
            <Element xsi:type="XString">
              <Text>双侧</Text>
            </Element>
          </XElements>
          <TextValue>双侧</TextValue>
          <Name>外耳道症状描述部位</Name>
          <ValueBinding />
          <InnerValue>双侧</InnerValue>
          <BackgroundText>外耳道症状描述部位</BackgroundText>
          <FieldSettings>
            <EditStyle>DropdownList</EditStyle>
            <ListSource>
              <SourceName>0000002726</SourceName>
              <Items />
            </ListSource>
          </FieldSettings>
        </Element>
        <Element xsi:type="XString">
          <Text>外耳道</Text>
        </Element>
        <Element xsi:type="XInputField">
          <ID>kb0000002727</ID>
          <Attributes />
          <XElements>
            <Element xsi:type="XString">
              <Text>通畅</Text>
            </Element>
          </XElements>
          <TextValue>通畅</TextValue>
          <Name>外耳道症状</Name>
          <ValueBinding />
          <InnerValue>通畅</InnerValue>
          <BackgroundText>外耳道症状</BackgroundText>
          <FieldSettings>
            <EditStyle>DropdownList</EditStyle>
            <MultiSelect>true</MultiSelect>
            <ListSource>
              <SourceName>0000002727</SourceName>
              <Items />
            </ListSource>
          </FieldSettings>
        </Element>
        <Element xsi:type="XString">
          <Text>；</Text>
        </Element>
        <Element xsi:type="XInputField">
          <ID>kb0000002728</ID>
          <Attributes />
          <XElements>
            <Element xsi:type="XString">
              <Text>双侧</Text>
            </Element>
          </XElements>
          <TextValue>双侧</TextValue>
          <Name>鼓膜症状描述部位</Name>
          <ValueBinding />
          <InnerValue>双侧</InnerValue>
          <BackgroundText>鼓膜症状描述部位</BackgroundText>
          <FieldSettings>
            <EditStyle>DropdownList</EditStyle>
            <ListSource>
              <SourceName>0000002728</SourceName>
              <Items />
            </ListSource>
          </FieldSettings>
        </Element>
        <Element xsi:type="XString">
          <Text>鼓膜完整，</Text>
        </Element>
        <Element xsi:type="XInputField">
          <ID>kb0000002729</ID>
          <Attributes />
          <XElements>
            <Element xsi:type="XString">
              <Text>标志清楚</Text>
            </Element>
          </XElements>
          <TextValue>标志清楚</TextValue>
          <Name>鼓膜症状</Name>
          <ValueBinding />
          <InnerValue>标志清楚</InnerValue>
          <BackgroundText>鼓膜症状</BackgroundText>
          <FieldSettings>
            <EditStyle>DropdownList</EditStyle>
            <MultiSelect>true</MultiSelect>
            <ListSource>
              <SourceName>0000002729</SourceName>
              <Items />
            </ListSource>
          </FieldSettings>
        </Element>
        <Element xsi:type="XString">
          <Text>；</Text>
        </Element>
        <Element xsi:type="XInputField">
          <ID>kb0000002730</ID>
          <Attributes />
          <XElements>
            <Element xsi:type="XString">
              <Text>乳突无红肿</Text>
            </Element>
          </XElements>
          <TextValue>乳突无红肿</TextValue>
          <Name>乳突红肿</Name>
          <ValueBinding />
          <InnerValue>乳突无红肿</InnerValue>
          <BackgroundText>乳突红肿</BackgroundText>
          <FieldSettings>
            <EditStyle>DropdownList</EditStyle>
            <ListSource>
              <SourceName>0000002730</SourceName>
              <Items />
            </ListSource>
          </FieldSettings>
        </Element>
        <Element xsi:type="XString">
          <Text>、</Text>
        </Element>
        <Element xsi:type="XInputField">
          <ID>kb0000002731</ID>
          <Attributes />
          <XElements>
            <Element xsi:type="XString">
              <Text>乳突无压痛</Text>
            </Element>
          </XElements>
          <TextValue>乳突无压痛</TextValue>
          <Name>乳突压痛</Name>
          <ValueBinding />
          <InnerValue>乳突无压痛</InnerValue>
          <BackgroundText>乳突压痛</BackgroundText>
          <FieldSettings>
            <EditStyle>DropdownList</EditStyle>
            <ListSource>
              <SourceName>0000002731</SourceName>
              <Items />
            </ListSource>
          </FieldSettings>
        </Element>
        <Element xsi:type="XString">
          <Text>、</Text>
        </Element>
        <Element xsi:type="XInputField">
          <ID>kb0000002732</ID>
          <Attributes />
          <XElements>
            <Element xsi:type="XString">
              <Text>乳突无瘢痕</Text>
            </Element>
          </XElements>
          <TextValue>乳突无瘢痕</TextValue>
          <Name>乳突瘢痕</Name>
          <ValueBinding />
          <InnerValue>乳突无瘢痕</InnerValue>
          <BackgroundText>乳突瘢痕</BackgroundText>
          <FieldSettings>
            <EditStyle>DropdownList</EditStyle>
            <ListSource>
              <SourceName>0000002732</SourceName>
              <Items />
            </ListSource>
          </FieldSettings>
        </Element>
        <Element xsi:type="XString">
          <Text>；256Hz音叉试验，左耳：RT</Text>
        </Element>
        <Element xsi:type="XInputField">
          <ID>kb0000002733</ID>
          <Attributes />
          <XElements>
            <Element xsi:type="XString">
              <Text>（+）</Text>
            </Element>
          </XElements>
          <TextValue>（+）</TextValue>
          <Name>左耳RT</Name>
          <ValueBinding />
          <InnerValue>（+）</InnerValue>
          <BackgroundText>左耳RT</BackgroundText>
          <FieldSettings>
            <EditStyle>DropdownList</EditStyle>
            <ListSource>
              <SourceName>0000002733</SourceName>
              <Items />
            </ListSource>
          </FieldSettings>
        </Element>
        <Element xsi:type="XString">
          <Text>,右耳：RT</Text>
        </Element>
        <Element xsi:type="XInputField">
          <ID>kb0000002734</ID>
          <Attributes />
          <XElements>
            <Element xsi:type="XString">
              <Text>（+）</Text>
            </Element>
          </XElements>
          <TextValue>（+）</TextValue>
          <Name>右耳RT</Name>
          <ValueBinding />
          <InnerValue>（+）</InnerValue>
          <BackgroundText>右耳RT</BackgroundText>
          <FieldSettings>
            <EditStyle>DropdownList</EditStyle>
            <ListSource>
              <SourceName>0000002734</SourceName>
              <Items />
            </ListSource>
          </FieldSettings>
        </Element>
        <Element xsi:type="XString">
          <Text>，WT </Text>
        </Element>
        <Element xsi:type="XInputField">
          <ID>kb0000002735</ID>
          <Attributes />
          <XElements>
            <Element xsi:type="XString">
              <Text>居中</Text>
            </Element>
          </XElements>
          <TextValue>居中</TextValue>
          <Name>WT</Name>
          <ValueBinding />
          <InnerValue>居中</InnerValue>
          <BackgroundText>WT</BackgroundText>
          <FieldSettings>
            <EditStyle>DropdownList</EditStyle>
            <ListSource>
              <SourceName>0000002735</SourceName>
              <Items />
            </ListSource>
          </FieldSettings>
        </Element>
        <Element xsi:type="XString">
          <Text>，ST</Text>
        </Element>
        <Element xsi:type="XInputField">
          <ID>kb0000002736</ID>
          <Attributes />
          <XElements>
            <Element xsi:type="XString">
              <Text>（=）</Text>
            </Element>
          </XElements>
          <TextValue>（=）</TextValue>
          <Name>ST</Name>
          <ValueBinding />
          <InnerValue>（=）</InnerValue>
          <BackgroundText>ST</BackgroundText>
          <FieldSettings>
            <EditStyle>DropdownList</EditStyle>
            <ListSource>
              <SourceName>0000002736</SourceName>
              <Items />
            </ListSource>
          </FieldSettings>
        </Element>
        <Element xsi:type="XString">
          <Text>，盖莱试验</Text>
        </Element>
        <Element xsi:type="XInputField">
          <ID>kb0000002737</ID>
          <Attributes />
          <XElements>
            <Element xsi:type="XString">
              <Text>阳性</Text>
            </Element>
          </XElements>
          <TextValue>阳性</TextValue>
          <Name>盖莱试验</Name>
          <ValueBinding />
          <InnerValue>阳性</InnerValue>
          <BackgroundText>盖莱试验</BackgroundText>
          <FieldSettings>
            <EditStyle>DropdownList</EditStyle>
            <ListSource>
              <SourceName>0000002737</SourceName>
              <Items />
            </ListSource>
          </FieldSettings>
        </Element>
        <Element xsi:type="XString">
          <Text>。</Text>
        </Element>
        <Element xsi:type="XParagraphFlag" />
      </XElements>
      <Sections />
    </Element>
    <Element xsi:type="XTextHeader">
      <Attributes />
      <XElements>
        <Element xsi:type="XParagraphFlag" StyleIndex="0">
          <AutoCreate>true</AutoCreate>
        </Element>
      </XElements>
    </Element>
    <Element xsi:type="XTextFooter">
      <Attributes />
      <XElements>
        <Element xsi:type="XParagraphFlag">
          <AutoCreate>true</AutoCreate>
        </Element>
      </XElements>
    </Element>
  </XElements>
  <ScriptText />
  <Info>
    <CreationTime>2013-04-02T17:19:56.1552631+08:00</CreationTime>
    <LastModifiedTime>2013-04-02T17:19:56.1552631+08:00</LastModifiedTime>
    <LastPrintTime>1980-01-01T00:00:00</LastPrintTime>
    <Operator>DCSoft.Writer Version:1.1.1111.29376</Operator>
  </Info>
  <BodyText>
  </BodyText>
  <UserHistories>
    <History>
      <ID />
      <Name />
      <SavedTime>2005-04-22T11:30:49</SavedTime>
    </History>
    <History>
      <ID />
      <Name />
      <SavedTime>2005-04-22T13:34:05</SavedTime>
    </History>
  </UserHistories>
  <ContentStyles>
    <Default xsi:type="DocumentContentStyle">
      <FontName>宋体</FontName>
    </Default>
    <Styles>
      <Style Index="0">
        <Align>Center</Align>
      </Style>
    </Styles>
  </ContentStyles>
  <MeasureMode>OldCompatibility</MeasureMode>
  <PageSettings>
    <LeftMargin>50</LeftMargin>
    <TopMargin>50</TopMargin>
    <RightMargin>50</RightMargin>
    <BottomMargin>50</BottomMargin>
    <ViewLeftMargin>150</ViewLeftMargin>
    <ViewTopMargin>150</ViewTopMargin>
    <ViewRightMargin>150</ViewRightMargin>
    <ViewBottomMargin>150</ViewBottomMargin>
    <ViewPaperWidth>2481</ViewPaperWidth>
    <ViewPaperHeight>3507</ViewPaperHeight>
  </PageSettings>
</XTextDocument>