﻿<?xml version="1.0" encoding="utf-8"?>
<XTextDocument xmlns:xsi="http://www.w3.org/2001/XMLSchema-instance" xmlns:xsd="http://www.w3.org/2001/XMLSchema" EditorVersionString="1.1.1111.29376">
  <Attributes />
  <XElements>
    <Element xsi:type="XTextBody">
      <Attributes />
      <XElements>
        <Element xsi:type="XString">
          <Text>外阴：</Text>
        </Element>
        <Element xsi:type="XInputField">
          <ID>kb0000002968</ID>
          <Attributes />
          <XElements>
            <Element xsi:type="XString">
              <Text>已婚未产式</Text>
            </Element>
          </XElements>
          <TextValue>已婚未产式</TextValue>
          <Name>外阴</Name>
          <ValueBinding />
          <InnerValue>已婚未产式</InnerValue>
          <BackgroundText>外阴</BackgroundText>
          <FieldSettings>
            <EditStyle>DropdownList</EditStyle>
            <ListSource>
              <SourceName>0000002968</SourceName>
              <Items />
            </ListSource>
          </FieldSettings>
        </Element>
        <Element xsi:type="XString">
          <Text>；</Text>
        </Element>
        <Element xsi:type="XParagraphFlag" />
        <Element xsi:type="XString">
          <Text>阴道：畅</Text>
        </Element>
        <Element xsi:type="XString" StyleIndex="1">
          <Text>，粘膜</Text>
        </Element>
        <Element xsi:type="XInputField">
          <ID>kb0000003106</ID>
          <Attributes />
          <XElements>
            <Element xsi:type="XString">
              <Text>光滑</Text>
            </Element>
          </XElements>
          <TextValue>光滑</TextValue>
          <Name>阴道粘膜</Name>
          <ValueBinding />
          <InnerValue>光滑</InnerValue>
          <BackgroundText>阴道粘膜</BackgroundText>
          <FieldSettings>
            <EditStyle>DropdownList</EditStyle>
            <ListSource>
              <SourceName>0000003106</SourceName>
              <Items />
            </ListSource>
          </FieldSettings>
        </Element>
        <Element xsi:type="XString" StyleIndex="1">
          <Text>，见</Text>
        </Element>
        <Element xsi:type="XInputField">
          <ID>kb0000003107</ID>
          <Attributes />
          <XElements>
            <Element xsi:type="XString">
              <Text>乳白色</Text>
            </Element>
          </XElements>
          <TextValue>乳白色</TextValue>
          <Name>阴道分泌物</Name>
          <ValueBinding />
          <InnerValue>乳白色</InnerValue>
          <BackgroundText>阴道分泌物</BackgroundText>
          <FieldSettings>
            <EditStyle>DropdownList</EditStyle>
            <ListSource>
              <SourceName>0000003107</SourceName>
              <Items />
            </ListSource>
          </FieldSettings>
        </Element>
        <Element xsi:type="XString" StyleIndex="1">
          <Text>分泌物，量</Text>
        </Element>
        <Element xsi:type="XInputField">
          <ID>kb0000003108</ID>
          <Attributes />
          <XElements>
            <Element xsi:type="XString">
              <Text>少</Text>
            </Element>
          </XElements>
          <TextValue>少</TextValue>
          <Name>阴道分泌物量</Name>
          <ValueBinding />
          <InnerValue>少</InnerValue>
          <BackgroundText>阴道分泌物量</BackgroundText>
          <FieldSettings>
            <EditStyle>DropdownList</EditStyle>
            <ListSource>
              <SourceName>0000003108</SourceName>
              <Items />
            </ListSource>
          </FieldSettings>
        </Element>
        <Element xsi:type="XString" StyleIndex="1">
          <Text>，</Text>
        </Element>
        <Element xsi:type="XInputField">
          <ID>kb0000003109</ID>
          <Attributes />
          <XElements>
            <Element xsi:type="XString">
              <Text>无</Text>
            </Element>
          </XElements>
          <TextValue>无</TextValue>
          <Name>阴道分泌物异味</Name>
          <ValueBinding />
          <InnerValue>无</InnerValue>
          <BackgroundText>阴道分泌物异味</BackgroundText>
          <FieldSettings>
            <EditStyle>DropdownList</EditStyle>
            <ListSource>
              <SourceName>0000003109</SourceName>
              <Items />
            </ListSource>
          </FieldSettings>
        </Element>
        <Element xsi:type="XString" StyleIndex="1">
          <Text>异味。前壁膨出</Text>
        </Element>
        <Element xsi:type="XInputField">
          <ID>kb0000003110</ID>
          <Attributes />
          <XElements>
            <Element xsi:type="XString">
              <Text>无</Text>
            </Element>
          </XElements>
          <TextValue>无</TextValue>
          <Name>前壁膨出</Name>
          <ValueBinding />
          <InnerValue>无</InnerValue>
          <BackgroundText>前壁膨出</BackgroundText>
          <FieldSettings>
            <EditStyle>DropdownList</EditStyle>
            <ListSource>
              <SourceName>0000003110</SourceName>
              <Items />
            </ListSource>
          </FieldSettings>
        </Element>
        <Element xsi:type="XString" StyleIndex="1">
          <Text>、后壁膨出</Text>
        </Element>
        <Element xsi:type="XInputField">
          <ID>kb0000003111</ID>
          <Attributes />
          <XElements>
            <Element xsi:type="XString">
              <Text>无</Text>
            </Element>
          </XElements>
          <TextValue>无</TextValue>
          <Name>后壁膨出</Name>
          <ValueBinding />
          <InnerValue>无</InnerValue>
          <BackgroundText>后壁膨出</BackgroundText>
          <FieldSettings>
            <EditStyle>DropdownList</EditStyle>
            <ListSource>
              <SourceName>0000003111</SourceName>
              <Items />
            </ListSource>
          </FieldSettings>
        </Element>
        <Element xsi:type="XString" StyleIndex="1">
          <Text>；</Text>
        </Element>
        <Element xsi:type="XParagraphFlag" />
        <Element xsi:type="XString">
          <Text>宫颈：</Text>
        </Element>
        <Element xsi:type="XInputField">
          <ID>kb0000002970</ID>
          <Attributes />
          <XElements>
            <Element xsi:type="XString">
              <Text>光滑</Text>
            </Element>
          </XElements>
          <TextValue>光滑</TextValue>
          <Name>宫颈粘膜</Name>
          <ValueBinding />
          <InnerValue>光滑</InnerValue>
          <BackgroundText>宫颈粘膜</BackgroundText>
          <FieldSettings>
            <EditStyle>DropdownList</EditStyle>
            <ListSource>
              <SourceName>0000002970</SourceName>
              <Items />
            </ListSource>
          </FieldSettings>
        </Element>
        <Element xsi:type="XString">
          <Text>，</Text>
        </Element>
        <Element xsi:type="XInputField">
          <ID>kb0000002969</ID>
          <Attributes />
          <XElements>
            <Element xsi:type="XString">
              <Text>常大</Text>
            </Element>
          </XElements>
          <TextValue>常大</TextValue>
          <Name>宫颈大小</Name>
          <ValueBinding />
          <InnerValue>常大</InnerValue>
          <BackgroundText>宫颈大小</BackgroundText>
          <FieldSettings>
            <EditStyle>DropdownList</EditStyle>
            <ListSource>
              <SourceName>0000002969</SourceName>
              <Items />
            </ListSource>
          </FieldSettings>
        </Element>
        <Element xsi:type="XString" StyleIndex="1">
          <Text>，</Text>
        </Element>
        <Element xsi:type="XInputField">
          <ID>kb0000003112</ID>
          <Attributes />
          <XElements>
            <Element xsi:type="XString">
              <Text>无</Text>
            </Element>
          </XElements>
          <TextValue>无</TextValue>
          <Name>宫颈举痛</Name>
          <ValueBinding />
          <InnerValue>无</InnerValue>
          <BackgroundText>宫颈举痛</BackgroundText>
          <FieldSettings>
            <EditStyle>DropdownList</EditStyle>
            <ListSource>
              <SourceName>0000003112</SourceName>
              <Items />
            </ListSource>
          </FieldSettings>
        </Element>
        <Element xsi:type="XString" StyleIndex="1">
          <Text>举痛</Text>
        </Element>
        <Element xsi:type="XString">
          <Text>；</Text>
        </Element>
        <Element xsi:type="XParagraphFlag" />
        <Element xsi:type="XString">
          <Text>宫体：</Text>
        </Element>
        <Element xsi:type="XInputField">
          <ID>kb0000002971</ID>
          <Attributes />
          <XElements>
            <Element xsi:type="XString">
              <Text>前位</Text>
            </Element>
          </XElements>
          <TextValue>前位</TextValue>
          <Name>宫体位置</Name>
          <ValueBinding />
          <InnerValue>前位</InnerValue>
          <BackgroundText>宫体位置</BackgroundText>
          <FieldSettings>
            <EditStyle>DropdownList</EditStyle>
            <ListSource>
              <SourceName>0000002971</SourceName>
              <Items />
            </ListSource>
          </FieldSettings>
        </Element>
        <Element xsi:type="XString">
          <Text>，</Text>
        </Element>
        <Element xsi:type="XInputField">
          <ID>kb0000002972</ID>
          <Attributes />
          <XElements>
            <Element xsi:type="XString">
              <Text>常大</Text>
            </Element>
          </XElements>
          <TextValue>常大</TextValue>
          <Name>宫体大小</Name>
          <ValueBinding />
          <InnerValue>常大</InnerValue>
          <BackgroundText>宫体大小</BackgroundText>
          <FieldSettings>
            <EditStyle>DropdownList</EditStyle>
            <ListSource>
              <SourceName>0000002972</SourceName>
              <Items />
            </ListSource>
          </FieldSettings>
        </Element>
        <Element xsi:type="XString" StyleIndex="1">
          <Text>，质</Text>
        </Element>
        <Element xsi:type="XInputField">
          <ID>kb0000003113</ID>
          <Attributes />
          <XElements>
            <Element xsi:type="XString">
              <Text>中</Text>
            </Element>
          </XElements>
          <TextValue>中</TextValue>
          <Name>宫体质</Name>
          <ValueBinding />
          <InnerValue>中</InnerValue>
          <BackgroundText>宫体质</BackgroundText>
          <FieldSettings>
            <EditStyle>DropdownList</EditStyle>
            <ListSource>
              <SourceName>0000003113</SourceName>
              <Items />
            </ListSource>
          </FieldSettings>
        </Element>
        <Element xsi:type="XString" StyleIndex="1">
          <Text>，活动</Text>
        </Element>
        <Element xsi:type="XInputField">
          <ID>kb0000003114</ID>
          <Attributes />
          <XElements>
            <Element xsi:type="XString">
              <Text>佳</Text>
            </Element>
          </XElements>
          <TextValue>佳</TextValue>
          <Name>宫体活动</Name>
          <ValueBinding />
          <InnerValue>佳</InnerValue>
          <BackgroundText>宫体活动</BackgroundText>
          <FieldSettings>
            <EditStyle>DropdownList</EditStyle>
            <ListSource>
              <SourceName>0000003114</SourceName>
              <Items />
            </ListSource>
          </FieldSettings>
        </Element>
        <Element xsi:type="XString" StyleIndex="1">
          <Text>，</Text>
        </Element>
        <Element xsi:type="XInputField">
          <ID>kb0000003115</ID>
          <Attributes />
          <XElements>
            <Element xsi:type="XString">
              <Text>无</Text>
            </Element>
          </XElements>
          <TextValue>无</TextValue>
          <Name>宫体压痛</Name>
          <ValueBinding />
          <InnerValue>无</InnerValue>
          <BackgroundText>宫体压痛</BackgroundText>
          <FieldSettings>
            <EditStyle>DropdownList</EditStyle>
            <ListSource>
              <SourceName>0000003115</SourceName>
              <Items />
            </ListSource>
          </FieldSettings>
        </Element>
        <Element xsi:type="XString" StyleIndex="1">
          <Text>压痛</Text>
        </Element>
        <Element xsi:type="XString">
          <Text>；</Text>
        </Element>
        <Element xsi:type="XParagraphFlag" />
        <Element xsi:type="XString">
          <Text>附件：</Text>
        </Element>
        <Element xsi:type="XInputField">
          <ID>kb0000003116</ID>
          <Attributes />
          <XElements>
            <Element xsi:type="XString">
              <Text>未扪及肿物</Text>
            </Element>
          </XElements>
          <TextValue>未扪及肿物</TextValue>
          <Name>附件</Name>
          <ValueBinding />
          <InnerValue>未扪及肿物</InnerValue>
          <BackgroundText>附件</BackgroundText>
          <FieldSettings>
            <EditStyle>DropdownList</EditStyle>
            <ListSource>
              <SourceName>0000003116</SourceName>
              <Items />
            </ListSource>
          </FieldSettings>
        </Element>
        <Element xsi:type="XString" StyleIndex="2">
          <Text>，</Text>
        </Element>
        <Element xsi:type="XInputField">
          <ID>kb0000003119</ID>
          <Attributes />
          <XElements>
            <Element xsi:type="XString">
              <Text>无</Text>
            </Element>
          </XElements>
          <TextValue>无</TextValue>
          <Name>附件压痛</Name>
          <ValueBinding />
          <InnerValue>无</InnerValue>
          <BackgroundText>附件压痛</BackgroundText>
          <FieldSettings>
            <EditStyle>DropdownList</EditStyle>
            <ListSource>
              <SourceName>0000003119</SourceName>
              <Items />
            </ListSource>
          </FieldSettings>
        </Element>
        <Element xsi:type="XString" StyleIndex="2">
          <Text>压痛。</Text>
        </Element>
        <Element xsi:type="XParagraphFlag" />
      </XElements>
      <Sections />
    </Element>
    <Element xsi:type="XTextHeader">
      <Attributes />
      <XElements>
        <Element xsi:type="XParagraphFlag" StyleIndex="0">
          <AutoCreate>true</AutoCreate>
        </Element>
      </XElements>
    </Element>
    <Element xsi:type="XTextFooter">
      <Attributes />
      <XElements>
        <Element xsi:type="XParagraphFlag">
          <AutoCreate>true</AutoCreate>
        </Element>
      </XElements>
    </Element>
  </XElements>
  <ScriptText />
  <Info>
    <CreationTime>2013-04-02T17:19:56.677293+08:00</CreationTime>
    <LastModifiedTime>2013-04-02T17:19:56.677293+08:00</LastModifiedTime>
    <LastPrintTime>1980-01-01T00:00:00</LastPrintTime>
    <Operator>DCSoft.Writer Version:1.1.1111.29376</Operator>
  </Info>
  <BodyText>
  </BodyText>
  <UserHistories>
    <History>
      <ID />
      <Name />
      <SavedTime>2005-04-28T13:56:59</SavedTime>
    </History>
    <History>
      <ID />
      <Name />
      <SavedTime>2005-04-29T15:53:24</SavedTime>
    </History>
    <History>
      <ID />
      <Name />
      <SavedTime>2005-04-29T15:54:43</SavedTime>
    </History>
    <History>
      <ID />
      <Name />
      <SavedTime>2005-04-29T15:55:45</SavedTime>
    </History>
  </UserHistories>
  <ContentStyles>
    <Default xsi:type="DocumentContentStyle">
      <FontName>宋体</FontName>
    </Default>
    <Styles>
      <Style Index="0">
        <Align>Center</Align>
      </Style>
      <Style Index="1">
        <CreatorIndex>1</CreatorIndex>
      </Style>
      <Style Index="2">
        <CreatorIndex>3</CreatorIndex>
      </Style>
    </Styles>
  </ContentStyles>
  <MeasureMode>OldCompatibility</MeasureMode>
  <PageSettings>
    <LeftMargin>50</LeftMargin>
    <TopMargin>50</TopMargin>
    <RightMargin>50</RightMargin>
    <BottomMargin>50</BottomMargin>
    <ViewLeftMargin>150</ViewLeftMargin>
    <ViewTopMargin>150</ViewTopMargin>
    <ViewRightMargin>150</ViewRightMargin>
    <ViewBottomMargin>150</ViewBottomMargin>
    <ViewPaperWidth>2481</ViewPaperWidth>
    <ViewPaperHeight>3507</ViewPaperHeight>
  </PageSettings>
</XTextDocument>