﻿<?xml version="1.0" encoding="utf-8"?>
<XTextDocument xmlns:xsi="http://www.w3.org/2001/XMLSchema-instance" xmlns:xsd="http://www.w3.org/2001/XMLSchema" EditorVersionString="1.1.1111.29376">
  <Attributes />
  <XElements>
    <Element xsi:type="XTextBody">
      <Attributes />
      <XElements>
        <Element xsi:type="XString" StyleIndex="1">
          <Text>患者</Text>
        </Element>
        <Element xsi:type="XInputField">
          <ID>kb0000001880</ID>
          <Attributes />
          <XElements>
            <Element xsi:type="XString">
              <Text>左侧</Text>
            </Element>
          </XElements>
          <TextValue>左侧</TextValue>
          <Name>症状出现部位</Name>
          <ValueBinding />
          <InnerValue>左侧</InnerValue>
          <BackgroundText>症状出现部位</BackgroundText>
          <FieldSettings>
            <EditStyle>DropdownList</EditStyle>
            <ListSource>
              <SourceName>0000001880</SourceName>
              <Items />
            </ListSource>
          </FieldSettings>
        </Element>
        <Element xsi:type="XInputField">
          <ID>kb0000001894</ID>
          <Attributes />
          <XElements>
            <Element xsi:type="XString">
              <Text>上肢</Text>
            </Element>
          </XElements>
          <TextValue>上肢</TextValue>
          <Name>肢体部位</Name>
          <ValueBinding />
          <InnerValue>上肢</InnerValue>
          <BackgroundText>肢体部位</BackgroundText>
          <FieldSettings>
            <EditStyle>DropdownList</EditStyle>
            <ListSource>
              <SourceName>0000001894</SourceName>
              <Items />
            </ListSource>
          </FieldSettings>
        </Element>
        <Element xsi:type="XString" StyleIndex="1">
          <Text>流脓，经久不愈，功能障碍。</Text>
        </Element>
        <Element xsi:type="XParagraphFlag" />
        <Element xsi:type="XString" StyleIndex="1">
          <Text>缘于</Text>
        </Element>
        <Element xsi:type="XInputField" StyleIndex="2">
          <ID>kb0000000000</ID>
          <Attributes />
          <XElements />
          <TextValue />
          <UnitText />
          <Name>外伤致骨折的时间</Name>
          <InnerValue />
          <BackgroundText>外伤致骨折的时间</BackgroundText>
        </Element>
        <Element xsi:type="XInputField">
          <ID>kb0000001673</ID>
          <Attributes />
          <XElements>
            <Element xsi:type="XString">
              <Text>月</Text>
            </Element>
          </XElements>
          <TextValue>月</TextValue>
          <Name>时间</Name>
          <ValueBinding />
          <InnerValue>月</InnerValue>
          <BackgroundText>时间</BackgroundText>
          <FieldSettings>
            <EditStyle>DropdownList</EditStyle>
            <ListSource>
              <SourceName>0000001673</SourceName>
              <Items />
            </ListSource>
          </FieldSettings>
        </Element>
        <Element xsi:type="XString" StyleIndex="1">
          <Text>前，患者外伤后致</Text>
        </Element>
        <Element xsi:type="XInputField">
          <ID>kb0000001880</ID>
          <Attributes />
          <XElements>
            <Element xsi:type="XString">
              <Text>左侧</Text>
            </Element>
          </XElements>
          <TextValue>左侧</TextValue>
          <Name>症状出现部位</Name>
          <ValueBinding />
          <InnerValue>左侧</InnerValue>
          <BackgroundText>症状出现部位</BackgroundText>
          <FieldSettings>
            <EditStyle>DropdownList</EditStyle>
            <ListSource>
              <SourceName>0000001880</SourceName>
              <Items />
            </ListSource>
          </FieldSettings>
        </Element>
        <Element xsi:type="XInputField">
          <ID>kb0000001901</ID>
          <Attributes />
          <XElements>
            <Element xsi:type="XString">
              <Text>胫腓骨</Text>
            </Element>
          </XElements>
          <TextValue>胫腓骨</TextValue>
          <Name>骨折部位</Name>
          <ValueBinding />
          <InnerValue>胫腓骨</InnerValue>
          <BackgroundText>骨折部位</BackgroundText>
          <FieldSettings>
            <EditStyle>DropdownList</EditStyle>
            <ListSource>
              <SourceName>0000001901</SourceName>
              <Items />
            </ListSource>
          </FieldSettings>
        </Element>
        <Element xsi:type="XInputField">
          <ID>kb0000001902</ID>
          <Attributes />
          <XElements>
            <Element xsi:type="XString">
              <Text>开放性</Text>
            </Element>
          </XElements>
          <TextValue>开放性</TextValue>
          <Name>骨折性状</Name>
          <ValueBinding />
          <InnerValue>开放性</InnerValue>
          <BackgroundText>骨折性状</BackgroundText>
          <FieldSettings>
            <EditStyle>DropdownList</EditStyle>
            <ListSource>
              <SourceName>0000001902</SourceName>
              <Items />
            </ListSource>
          </FieldSettings>
        </Element>
        <Element xsi:type="XString" StyleIndex="1">
          <Text>骨折，</Text>
        </Element>
        <Element xsi:type="XString" StyleIndex="3">
          <Text>在</Text>
        </Element>
        <Element xsi:type="XInputField" StyleIndex="2">
          <ID>kb0000000000</ID>
          <Attributes />
          <XElements />
          <TextValue />
          <UnitText />
          <Name>骨折后曾就诊医院</Name>
          <InnerValue />
          <BackgroundText>骨折后曾就诊医院</BackgroundText>
        </Element>
        <Element xsi:type="XString" StyleIndex="3">
          <Text>行</Text>
        </Element>
        <Element xsi:type="XInputField">
          <ID>kb0000001903</ID>
          <Attributes />
          <XElements>
            <Element xsi:type="XString">
              <Text>清创复位内固定术</Text>
            </Element>
          </XElements>
          <TextValue>清创复位内固定术</TextValue>
          <Name>骨折后处理方式</Name>
          <ValueBinding />
          <InnerValue>清创复位内固定术</InnerValue>
          <BackgroundText>骨折后处理方式</BackgroundText>
          <FieldSettings>
            <EditStyle>DropdownList</EditStyle>
            <ListSource>
              <SourceName>0000001903</SourceName>
              <Items />
            </ListSource>
          </FieldSettings>
        </Element>
        <Element xsi:type="XString" StyleIndex="1">
          <Text>。术后伤口</Text>
        </Element>
        <Element xsi:type="XInputField">
          <ID>kb0000001904</ID>
          <Attributes />
          <XElements>
            <Element xsi:type="XString">
              <Text>愈合</Text>
            </Element>
          </XElements>
          <TextValue>愈合</TextValue>
          <Name>骨折术后伤口情况</Name>
          <ValueBinding />
          <InnerValue>愈合</InnerValue>
          <BackgroundText>骨折术后伤口情况</BackgroundText>
          <FieldSettings>
            <EditStyle>DropdownList</EditStyle>
            <ListSource>
              <SourceName>0000001904</SourceName>
              <Items />
            </ListSource>
          </FieldSettings>
        </Element>
        <Element xsi:type="XString" StyleIndex="1">
          <Text>，</Text>
        </Element>
        <Element xsi:type="XInputField" StyleIndex="2">
          <ID>kb0000000000</ID>
          <Attributes />
          <XElements />
          <TextValue />
          <UnitText />
          <Name>外伤后伤口感染出现的时间</Name>
          <InnerValue />
          <BackgroundText>外伤后伤口感染出现的时间</BackgroundText>
        </Element>
        <Element xsi:type="XInputField">
          <ID>kb0000001673</ID>
          <Attributes />
          <XElements>
            <Element xsi:type="XString">
              <Text>周</Text>
            </Element>
          </XElements>
          <TextValue>周</TextValue>
          <Name>时间</Name>
          <ValueBinding />
          <InnerValue>周</InnerValue>
          <BackgroundText>时间</BackgroundText>
          <FieldSettings>
            <EditStyle>DropdownList</EditStyle>
            <ListSource>
              <SourceName>0000001673</SourceName>
              <Items />
            </ListSource>
          </FieldSettings>
        </Element>
        <Element xsi:type="XString" StyleIndex="1">
          <Text>前，伤口破溃，流脓，今来我院。</Text>
        </Element>
        <Element xsi:type="XParagraphFlag" />
        <Element xsi:type="XString" StyleIndex="1">
          <Text>查体：</Text>
        </Element>
        <Element xsi:type="XInputField">
          <ID>kb0000001880</ID>
          <Attributes />
          <XElements>
            <Element xsi:type="XString">
              <Text>左侧</Text>
            </Element>
          </XElements>
          <TextValue>左侧</TextValue>
          <Name>症状出现部位</Name>
          <ValueBinding />
          <InnerValue>左侧</InnerValue>
          <BackgroundText>症状出现部位</BackgroundText>
          <FieldSettings>
            <EditStyle>DropdownList</EditStyle>
            <ListSource>
              <SourceName>0000001880</SourceName>
              <Items />
            </ListSource>
          </FieldSettings>
        </Element>
        <Element xsi:type="XInputField">
          <ID>kb0000001905</ID>
          <Attributes />
          <XElements>
            <Element xsi:type="XString">
              <Text>小腿部</Text>
            </Element>
          </XElements>
          <TextValue>小腿部</TextValue>
          <Name>骨髓炎症状出现部位</Name>
          <ValueBinding />
          <InnerValue>小腿部</InnerValue>
          <BackgroundText>骨髓炎症状出现部位</BackgroundText>
          <FieldSettings>
            <EditStyle>DropdownList</EditStyle>
            <ListSource>
              <SourceName>0000001905</SourceName>
              <Items />
            </ListSource>
          </FieldSettings>
        </Element>
        <Element xsi:type="XString" StyleIndex="1">
          <Text>有一</Text>
        </Element>
        <Element xsi:type="XInputField" StyleIndex="2">
          <ID>kb0000000000</ID>
          <Attributes />
          <XElements />
          <TextValue />
          <UnitText />
          <Name>窦道大小</Name>
          <InnerValue />
          <BackgroundText>窦道大小</BackgroundText>
        </Element>
        <Element xsi:type="XString" StyleIndex="1">
          <Text>窦道，有脓性分泌物，相邻关节功能</Text>
        </Element>
        <Element xsi:type="XInputField">
          <ID>kb0000001906</ID>
          <Attributes />
          <XElements>
            <Element xsi:type="XString">
              <Text>尚存</Text>
            </Element>
          </XElements>
          <TextValue>尚存</TextValue>
          <Name>相邻关节功能</Name>
          <ValueBinding />
          <InnerValue>尚存</InnerValue>
          <BackgroundText>相邻关节功能</BackgroundText>
          <FieldSettings>
            <EditStyle>DropdownList</EditStyle>
            <ListSource>
              <SourceName>0000001906</SourceName>
              <Items />
            </ListSource>
          </FieldSettings>
        </Element>
        <Element xsi:type="XString" StyleIndex="1">
          <Text>，自带X片示</Text>
        </Element>
        <Element xsi:type="XInputField">
          <ID>kb0000001880</ID>
          <Attributes />
          <XElements>
            <Element xsi:type="XString">
              <Text>左侧</Text>
            </Element>
          </XElements>
          <TextValue>左侧</TextValue>
          <Name>症状出现部位</Name>
          <ValueBinding />
          <InnerValue>左侧</InnerValue>
          <BackgroundText>症状出现部位</BackgroundText>
          <FieldSettings>
            <EditStyle>DropdownList</EditStyle>
            <ListSource>
              <SourceName>0000001880</SourceName>
              <Items />
            </ListSource>
          </FieldSettings>
        </Element>
        <Element xsi:type="XInputField" StyleIndex="4">
          <ID>kb0000001901</ID>
          <Attributes />
          <XElements>
            <Element xsi:type="XString">
              <Text>胫腓骨</Text>
            </Element>
          </XElements>
          <TextValue>胫腓骨</TextValue>
          <Name>骨折部位</Name>
          <ValueBinding />
          <InnerValue>胫腓骨</InnerValue>
          <BackgroundText>骨折部位</BackgroundText>
          <FieldSettings>
            <EditStyle>DropdownList</EditStyle>
            <ListSource>
              <SourceName>0000001901</SourceName>
              <Items />
            </ListSource>
          </FieldSettings>
        </Element>
        <Element xsi:type="XString" StyleIndex="5">
          <Text>骨折端硬化，</Text>
        </Element>
        <Element xsi:type="XInputField" StyleIndex="4">
          <ID>kb0000001908</ID>
          <Attributes />
          <XElements>
            <Element xsi:type="XString">
              <Text>无缺损</Text>
            </Element>
          </XElements>
          <TextValue>无缺损</TextValue>
          <Name>缺损</Name>
          <ValueBinding />
          <InnerValue>无缺损</InnerValue>
          <BackgroundText>缺损</BackgroundText>
          <FieldSettings>
            <EditStyle>DropdownList</EditStyle>
            <ListSource>
              <SourceName>0000001908</SourceName>
              <Items />
            </ListSource>
          </FieldSettings>
        </Element>
        <Element xsi:type="XString" StyleIndex="5">
          <Text>，</Text>
        </Element>
        <Element xsi:type="XInputField" StyleIndex="4">
          <ID>kb0000001909</ID>
          <Attributes />
          <XElements>
            <Element xsi:type="XString">
              <Text>无死骨</Text>
            </Element>
          </XElements>
          <TextValue>无死骨</TextValue>
          <Name>死骨</Name>
          <ValueBinding />
          <InnerValue>无死骨</InnerValue>
          <BackgroundText>死骨</BackgroundText>
          <FieldSettings>
            <EditStyle>DropdownList</EditStyle>
            <ListSource>
              <SourceName>0000001909</SourceName>
              <Items />
            </ListSource>
          </FieldSettings>
        </Element>
        <Element xsi:type="XString" StyleIndex="5">
          <Text>，</Text>
        </Element>
        <Element xsi:type="XInputField" StyleIndex="4">
          <ID>kb0000001910</ID>
          <Attributes />
          <XElements>
            <Element xsi:type="XString">
              <Text>骨质无疏松</Text>
            </Element>
          </XElements>
          <TextValue>骨质无疏松</TextValue>
          <Name>骨质疏松</Name>
          <ValueBinding />
          <InnerValue>骨质无疏松</InnerValue>
          <BackgroundText>骨质疏松</BackgroundText>
          <FieldSettings>
            <EditStyle>DropdownList</EditStyle>
            <ListSource>
              <SourceName>0000001910</SourceName>
              <Items />
            </ListSource>
          </FieldSettings>
        </Element>
        <Element xsi:type="XString" StyleIndex="5">
          <Text>。</Text>
        </Element>
        <Element xsi:type="XParagraphFlag" />
      </XElements>
      <Sections />
    </Element>
    <Element xsi:type="XTextHeader">
      <Attributes />
      <XElements>
        <Element xsi:type="XParagraphFlag" StyleIndex="0">
          <AutoCreate>true</AutoCreate>
        </Element>
      </XElements>
    </Element>
    <Element xsi:type="XTextFooter">
      <Attributes />
      <XElements>
        <Element xsi:type="XParagraphFlag">
          <AutoCreate>true</AutoCreate>
        </Element>
      </XElements>
    </Element>
  </XElements>
  <Info>
    <CreationTime>2013-04-02T17:19:54.6381763+08:00</CreationTime>
    <LastModifiedTime>2013-04-02T17:19:54.6381763+08:00</LastModifiedTime>
    <LastPrintTime>1980-01-01T00:00:00</LastPrintTime>
    <Operator>DCSoft.Writer Version:1.1.1111.29376</Operator>
  </Info>
  <BodyText>
  </BodyText>
  <UserHistories>
    <History>
      <ID />
      <Name />
      <SavedTime>2005-01-31T15:17:55</SavedTime>
    </History>
    <History>
      <ID />
      <Name />
      <SavedTime>2005-01-31T15:30:17</SavedTime>
    </History>
    <History>
      <ID />
      <Name />
      <SavedTime>2005-03-24T13:44:58</SavedTime>
    </History>
    <History>
      <ID />
      <Name />
      <SavedTime>2005-03-24T13:49:36</SavedTime>
    </History>
  </UserHistories>
  <ContentStyles>
    <Default xsi:type="DocumentContentStyle">
      <FontName>宋体</FontName>
    </Default>
    <Styles>
      <Style Index="0">
        <Align>Center</Align>
      </Style>
      <Style Index="1">
        <FontSize>11</FontSize>
      </Style>
      <Style Index="2">
        <CreatorIndex>2</CreatorIndex>
      </Style>
      <Style Index="3">
        <FontSize>11</FontSize>
        <CreatorIndex>2</CreatorIndex>
      </Style>
      <Style Index="4">
        <CreatorIndex>1</CreatorIndex>
      </Style>
      <Style Index="5">
        <FontSize>11</FontSize>
        <CreatorIndex>1</CreatorIndex>
      </Style>
    </Styles>
  </ContentStyles>
  <MeasureMode>OldCompatibility</MeasureMode>
  <PageSettings>
    <LeftMargin>50</LeftMargin>
    <TopMargin>50</TopMargin>
    <RightMargin>50</RightMargin>
    <BottomMargin>50</BottomMargin>
    <ViewLeftMargin>150</ViewLeftMargin>
    <ViewTopMargin>150</ViewTopMargin>
    <ViewRightMargin>150</ViewRightMargin>
    <ViewBottomMargin>150</ViewBottomMargin>
    <ViewPaperWidth>2481</ViewPaperWidth>
    <ViewPaperHeight>3507</ViewPaperHeight>
  </PageSettings>
</XTextDocument>