﻿<?xml version="1.0" encoding="utf-8"?>
<XTextDocument xmlns:xsi="http://www.w3.org/2001/XMLSchema-instance" xmlns:xsd="http://www.w3.org/2001/XMLSchema" EditorVersionString="1.1.1111.29376">
  <Attributes />
  <XElements>
    <Element xsi:type="XTextBody">
      <Attributes />
      <XElements>
        <Element xsi:type="XString">
          <Text>腹</Text>
        </Element>
        <Element xsi:type="XInputField">
          <ID>kb0000002814</ID>
          <Attributes />
          <XElements>
            <Element xsi:type="XString">
              <Text>平</Text>
            </Element>
          </XElements>
          <TextValue>平</TextValue>
          <Name>腹部</Name>
          <ValueBinding />
          <InnerValue>平</InnerValue>
          <BackgroundText>腹部</BackgroundText>
          <FieldSettings>
            <EditStyle>DropdownList</EditStyle>
            <ListSource>
              <SourceName>0000002814</SourceName>
              <Items />
            </ListSource>
          </FieldSettings>
        </Element>
        <Element xsi:type="XString">
          <Text>，肝脏于</Text>
        </Element>
        <Element xsi:type="XInputField">
          <ID>kb0000002815</ID>
          <Attributes />
          <XElements>
            <Element xsi:type="XString">
              <Text>右锁骨中线肋下</Text>
            </Element>
          </XElements>
          <TextValue>右锁骨中线肋下</TextValue>
          <Name>肝脏扪及位置</Name>
          <ValueBinding />
          <InnerValue>右锁骨中线肋下</InnerValue>
          <BackgroundText>肝脏扪及位置</BackgroundText>
          <FieldSettings>
            <EditStyle>DropdownList</EditStyle>
            <ListSource>
              <SourceName>0000002815</SourceName>
              <Items />
            </ListSource>
          </FieldSettings>
        </Element>
        <Element xsi:type="XString">
          <Text>可及   cm，质地</Text>
        </Element>
        <Element xsi:type="XInputField">
          <ID>kb0000002816</ID>
          <Attributes />
          <XElements>
            <Element xsi:type="XString">
              <Text>硬</Text>
            </Element>
          </XElements>
          <TextValue>硬</TextValue>
          <Name>肝脏质地</Name>
          <ValueBinding />
          <InnerValue>硬</InnerValue>
          <BackgroundText>肝脏质地</BackgroundText>
          <FieldSettings>
            <EditStyle>DropdownList</EditStyle>
            <ListSource>
              <SourceName>0000002816</SourceName>
              <Items />
            </ListSource>
          </FieldSettings>
        </Element>
        <Element xsi:type="XString">
          <Text>，边缘</Text>
        </Element>
        <Element xsi:type="XInputField">
          <ID>kb0000002817</ID>
          <Attributes />
          <XElements>
            <Element xsi:type="XString">
              <Text>钝</Text>
            </Element>
          </XElements>
          <TextValue>钝</TextValue>
          <Name>肝脏边缘</Name>
          <ValueBinding />
          <InnerValue>钝</InnerValue>
          <BackgroundText>肝脏边缘</BackgroundText>
          <FieldSettings>
            <EditStyle>DropdownList</EditStyle>
            <ListSource>
              <SourceName>0000002817</SourceName>
              <Items />
            </ListSource>
          </FieldSettings>
        </Element>
        <Element xsi:type="XString">
          <Text>，</Text>
        </Element>
        <Element xsi:type="XInputField">
          <ID>kb0000002818</ID>
          <Attributes />
          <XElements>
            <Element xsi:type="XString">
              <Text>无</Text>
            </Element>
          </XElements>
          <TextValue>无</TextValue>
          <Name>肝脏触痛</Name>
          <ValueBinding />
          <InnerValue>无</InnerValue>
          <BackgroundText>肝脏触痛</BackgroundText>
          <FieldSettings>
            <EditStyle>DropdownList</EditStyle>
            <ListSource>
              <SourceName>0000002818</SourceName>
              <Items />
            </ListSource>
          </FieldSettings>
        </Element>
        <Element xsi:type="XString">
          <Text>触痛，表面</Text>
        </Element>
        <Element xsi:type="XInputField">
          <ID>kb0000002819</ID>
          <Attributes />
          <XElements>
            <Element xsi:type="XString">
              <Text>可及</Text>
            </Element>
          </XElements>
          <TextValue>可及</TextValue>
          <Name>肝脏表面结节</Name>
          <ValueBinding />
          <InnerValue>可及</InnerValue>
          <BackgroundText>肝脏表面结节</BackgroundText>
          <FieldSettings>
            <EditStyle>DropdownList</EditStyle>
            <ListSource>
              <SourceName>0000002819</SourceName>
              <Items />
            </ListSource>
          </FieldSettings>
        </Element>
        <Element xsi:type="XString">
          <Text>结节。脾于</Text>
        </Element>
        <Element xsi:type="XInputField">
          <ID>kb0000002820</ID>
          <Attributes />
          <XElements>
            <Element xsi:type="XString">
              <Text>左锁骨中线肋下</Text>
            </Element>
          </XElements>
          <TextValue>左锁骨中线肋下</TextValue>
          <Name>脾脏扪及位置</Name>
          <ValueBinding />
          <InnerValue>左锁骨中线肋下</InnerValue>
          <BackgroundText>脾脏扪及位置</BackgroundText>
          <FieldSettings>
            <EditStyle>DropdownList</EditStyle>
            <ListSource>
              <SourceName>0000002820</SourceName>
              <Items />
            </ListSource>
          </FieldSettings>
        </Element>
        <Element xsi:type="XString">
          <Text>可及   cm，质地</Text>
        </Element>
        <Element xsi:type="XInputField">
          <ID>kb0000002821</ID>
          <Attributes />
          <XElements>
            <Element xsi:type="XString">
              <Text>硬</Text>
            </Element>
          </XElements>
          <TextValue>硬</TextValue>
          <Name>脾脏质地</Name>
          <ValueBinding />
          <InnerValue>硬</InnerValue>
          <BackgroundText>脾脏质地</BackgroundText>
          <FieldSettings>
            <EditStyle>DropdownList</EditStyle>
            <ListSource>
              <SourceName>0000002821</SourceName>
              <Items />
            </ListSource>
          </FieldSettings>
        </Element>
        <Element xsi:type="XString">
          <Text>，边缘</Text>
        </Element>
        <Element xsi:type="XInputField">
          <ID>kb0000002822</ID>
          <Attributes />
          <XElements>
            <Element xsi:type="XString">
              <Text>钝</Text>
            </Element>
          </XElements>
          <TextValue>钝</TextValue>
          <Name>脾脏边缘</Name>
          <ValueBinding />
          <InnerValue>钝</InnerValue>
          <BackgroundText>脾脏边缘</BackgroundText>
          <FieldSettings>
            <EditStyle>DropdownList</EditStyle>
            <ListSource>
              <SourceName>0000002822</SourceName>
              <Items />
            </ListSource>
          </FieldSettings>
        </Element>
        <Element xsi:type="XString">
          <Text>，</Text>
        </Element>
        <Element xsi:type="XInputField">
          <ID>kb0000002823</ID>
          <Attributes />
          <XElements>
            <Element xsi:type="XString">
              <Text>无</Text>
            </Element>
          </XElements>
          <TextValue>无</TextValue>
          <Name>脾脏触痛</Name>
          <ValueBinding />
          <InnerValue>无</InnerValue>
          <BackgroundText>脾脏触痛</BackgroundText>
          <FieldSettings>
            <EditStyle>DropdownList</EditStyle>
            <ListSource>
              <SourceName>0000002823</SourceName>
              <Items />
            </ListSource>
          </FieldSettings>
        </Element>
        <Element xsi:type="XString">
          <Text>触痛。移动性浊音</Text>
        </Element>
        <Element xsi:type="XInputField">
          <ID>kb0000002824</ID>
          <Attributes />
          <XElements>
            <Element xsi:type="XString">
              <Text>阴性</Text>
            </Element>
          </XElements>
          <TextValue>阴性</TextValue>
          <Name>移动性浊音</Name>
          <ValueBinding />
          <InnerValue>阴性</InnerValue>
          <BackgroundText>移动性浊音</BackgroundText>
          <FieldSettings>
            <EditStyle>DropdownList</EditStyle>
            <ListSource>
              <SourceName>0000002824</SourceName>
              <Items />
            </ListSource>
          </FieldSettings>
        </Element>
        <Element xsi:type="XString">
          <Text>。</Text>
        </Element>
        <Element xsi:type="XParagraphFlag" />
      </XElements>
      <Sections />
    </Element>
    <Element xsi:type="XTextHeader">
      <Attributes />
      <XElements>
        <Element xsi:type="XParagraphFlag" StyleIndex="0">
          <AutoCreate>true</AutoCreate>
        </Element>
      </XElements>
    </Element>
    <Element xsi:type="XTextFooter">
      <Attributes />
      <XElements>
        <Element xsi:type="XParagraphFlag">
          <AutoCreate>true</AutoCreate>
        </Element>
      </XElements>
    </Element>
  </XElements>
  <ScriptText />
  <Info>
    <CreationTime>2013-04-02T17:19:56.2682696+08:00</CreationTime>
    <LastModifiedTime>2013-04-02T17:19:56.2682696+08:00</LastModifiedTime>
    <LastPrintTime>1980-01-01T00:00:00</LastPrintTime>
    <Operator>DCSoft.Writer Version:1.1.1111.29376</Operator>
  </Info>
  <BodyText>
  </BodyText>
  <UserHistories>
    <History>
      <ID />
      <Name />
      <SavedTime>2005-04-22T15:15:19</SavedTime>
    </History>
    <History>
      <ID />
      <Name />
      <SavedTime>2005-04-25T13:09:44</SavedTime>
    </History>
  </UserHistories>
  <ContentStyles>
    <Default xsi:type="DocumentContentStyle">
      <FontName>宋体</FontName>
    </Default>
    <Styles>
      <Style Index="0">
        <Align>Center</Align>
      </Style>
    </Styles>
  </ContentStyles>
  <MeasureMode>OldCompatibility</MeasureMode>
  <PageSettings>
    <LeftMargin>50</LeftMargin>
    <TopMargin>50</TopMargin>
    <RightMargin>50</RightMargin>
    <BottomMargin>50</BottomMargin>
    <ViewLeftMargin>150</ViewLeftMargin>
    <ViewTopMargin>150</ViewTopMargin>
    <ViewRightMargin>150</ViewRightMargin>
    <ViewBottomMargin>150</ViewBottomMargin>
    <ViewPaperWidth>2481</ViewPaperWidth>
    <ViewPaperHeight>3507</ViewPaperHeight>
  </PageSettings>
</XTextDocument>