﻿<?xml version="1.0" encoding="utf-8"?>
<XTextDocument xmlns:xsi="http://www.w3.org/2001/XMLSchema-instance" xmlns:xsd="http://www.w3.org/2001/XMLSchema" EditorVersionString="1.1.1111.29376">
  <Attributes />
  <XElements>
    <Element xsi:type="XTextBody">
      <Attributes />
      <XElements>
        <Element xsi:type="XString">
          <Text>患者因</Text>
        </Element>
        <Element xsi:type="XInputField">
          <ID>kb0000002150</ID>
          <Attributes />
          <XElements />
          <TextValue />
          <UnitText />
          <Name>肾移植原发病</Name>
          <InnerValue />
          <BackgroundText>肾移植原发病</BackgroundText>
        </Element>
        <Element xsi:type="XString">
          <Text>于</Text>
        </Element>
        <Element xsi:type="XInputField">
          <ID>kb0000002148</ID>
          <Attributes />
          <XElements />
          <TextValue />
          <UnitText />
          <Name>首次肾移植时间</Name>
          <InnerValue />
          <BackgroundText>首次肾移植时间</BackgroundText>
        </Element>
        <Element xsi:type="XString">
          <Text>进行</Text>
        </Element>
        <Element xsi:type="XInputField">
          <ID>kb0000002149</ID>
          <Attributes />
          <XElements>
            <Element xsi:type="XString">
              <Text>肾移植部位</Text>
            </Element>
          </XElements>
          <TextValue>肾移植部位</TextValue>
          <Name>肾移植部位</Name>
          <ValueBinding />
          <InnerValue>肾移植部位</InnerValue>
          <BackgroundText>肾移植部位</BackgroundText>
          <FieldSettings>
            <EditStyle>DropdownList</EditStyle>
            <ListSource>
              <SourceName>0000002149</SourceName>
              <Items />
            </ListSource>
          </FieldSettings>
        </Element>
        <Element xsi:type="XString">
          <Text>移植。</Text>
        </Element>
        <Element xsi:type="XParagraphFlag" />
        <Element xsi:type="XString">
          <Text>使用免疫抑制剂时间为</Text>
        </Element>
        <Element xsi:type="XInputField">
          <ID>kb0000002210</ID>
          <Attributes />
          <XElements />
          <TextValue />
          <UnitText />
          <Name>使用免疫抑制剂时间</Name>
          <InnerValue />
          <BackgroundText>使用免疫抑制剂时间</BackgroundText>
        </Element>
        <Element xsi:type="XInputField">
          <ID>kb0000001382</ID>
          <Attributes />
          <XElements>
            <Element xsi:type="XString">
              <Text>时间单位</Text>
            </Element>
          </XElements>
          <TextValue>时间单位</TextValue>
          <Name>时间单位</Name>
          <ValueBinding />
          <InnerValue>时间单位</InnerValue>
          <BackgroundText>时间单位</BackgroundText>
          <FieldSettings>
            <EditStyle>DropdownList</EditStyle>
            <ListSource>
              <SourceName>0000001382</SourceName>
              <Items />
            </ListSource>
          </FieldSettings>
        </Element>
        <Element xsi:type="XString">
          <Text>。CSA剂量</Text>
        </Element>
        <Element xsi:type="XInputField">
          <ID>kb0000002151</ID>
          <Attributes />
          <XElements />
          <TextValue />
          <UnitText>mg</UnitText>
          <Name>CSA剂量</Name>
          <InnerValue />
          <BackgroundText>CSA剂量</BackgroundText>
        </Element>
        <Element xsi:type="XString">
          <Text>，MMF剂量</Text>
        </Element>
        <Element xsi:type="XInputField">
          <ID>kb0000002152</ID>
          <Attributes />
          <XElements />
          <TextValue />
          <UnitText>mg</UnitText>
          <Name>MMF剂量</Name>
          <InnerValue />
          <BackgroundText>MMF剂量</BackgroundText>
        </Element>
        <Element xsi:type="XString">
          <Text>，Pred剂量</Text>
        </Element>
        <Element xsi:type="XInputField">
          <ID>kb0000002153</ID>
          <Attributes />
          <XElements />
          <TextValue />
          <UnitText>mg</UnitText>
          <Name>Pred剂量</Name>
          <InnerValue />
          <BackgroundText>Pred剂量</BackgroundText>
        </Element>
        <Element xsi:type="XString">
          <Text>，TW剂量</Text>
        </Element>
        <Element xsi:type="XInputField">
          <ID>kb0000002154</ID>
          <Attributes />
          <XElements />
          <TextValue />
          <UnitText>mg</UnitText>
          <Name>TW剂量</Name>
          <InnerValue />
          <BackgroundText>TW剂量</BackgroundText>
        </Element>
        <Element xsi:type="XString">
          <Text>，FK506剂量</Text>
        </Element>
        <Element xsi:type="XInputField">
          <ID>kb0000002155</ID>
          <Attributes />
          <XElements />
          <TextValue />
          <UnitText>mg</UnitText>
          <Name>FK506剂量</Name>
          <InnerValue />
          <BackgroundText>FK506剂量</BackgroundText>
        </Element>
        <Element xsi:type="XString">
          <Text>，CSA浓度</Text>
        </Element>
        <Element xsi:type="XInputField">
          <ID>kb0000002156</ID>
          <Attributes />
          <XElements />
          <TextValue />
          <UnitText>ng/l</UnitText>
          <Name>CSA浓度</Name>
          <InnerValue />
          <BackgroundText>CSA浓度</BackgroundText>
        </Element>
        <Element xsi:type="XString">
          <Text>，FK506浓度</Text>
        </Element>
        <Element xsi:type="XInputField">
          <ID>kb0000002157</ID>
          <Attributes />
          <XElements />
          <TextValue />
          <UnitText>ng/l</UnitText>
          <Name>FK506浓度</Name>
          <InnerValue />
          <BackgroundText>FK506浓度</BackgroundText>
        </Element>
        <Element xsi:type="XString">
          <Text>，CD4/CD8</Text>
        </Element>
        <Element xsi:type="XInputField">
          <ID>kb0000002158</ID>
          <Attributes />
          <XElements />
          <TextValue />
          <UnitText />
          <Name>CD4/CD8</Name>
          <InnerValue />
          <BackgroundText>CD4/CD8</BackgroundText>
        </Element>
        <Element xsi:type="XString">
          <Text>。</Text>
        </Element>
        <Element xsi:type="XParagraphFlag" />
        <Element xsi:type="XInputField" StyleIndex="1">
          <ID>kb0000002159</ID>
          <Attributes />
          <XElements>
            <Element xsi:type="XString">
              <Text>高血压</Text>
            </Element>
          </XElements>
          <TextValue>高血压</TextValue>
          <Name>高血压</Name>
          <ValueBinding />
          <InnerValue>高血压</InnerValue>
          <BackgroundText>高血压</BackgroundText>
          <FieldSettings>
            <EditStyle>DropdownList</EditStyle>
            <ListSource>
              <SourceName>0000002159</SourceName>
              <Items />
            </ListSource>
          </FieldSettings>
        </Element>
        <Element xsi:type="XString" StyleIndex="1">
          <Text>，夜尿</Text>
        </Element>
        <Element xsi:type="XInputField" StyleIndex="1">
          <ID>kb0000002207</ID>
          <Attributes />
          <XElements />
          <TextValue />
          <UnitText>次/晚</UnitText>
          <Name>夜尿</Name>
          <InnerValue />
          <BackgroundText>夜尿</BackgroundText>
        </Element>
        <Element xsi:type="XString" StyleIndex="1">
          <Text>。24小时尿量</Text>
        </Element>
        <Element xsi:type="XInputField" StyleIndex="1">
          <ID>kb0000002166</ID>
          <Attributes />
          <XElements />
          <TextValue />
          <UnitText>ml/天</UnitText>
          <Name>24小时尿量</Name>
          <InnerValue />
          <BackgroundText>24小时尿量</BackgroundText>
        </Element>
        <Element xsi:type="XString" StyleIndex="1">
          <Text>；蛋白尿</Text>
        </Element>
        <Element xsi:type="XInputField" StyleIndex="1">
          <ID>kb0000002208</ID>
          <Attributes />
          <XElements />
          <TextValue />
          <UnitText>g/24h</UnitText>
          <Name>蛋白尿</Name>
          <InnerValue />
          <BackgroundText>蛋白尿</BackgroundText>
        </Element>
        <Element xsi:type="XString" StyleIndex="1">
          <Text>，持续</Text>
        </Element>
        <Element xsi:type="XInputField" StyleIndex="1">
          <ID>kb0000002214</ID>
          <Attributes />
          <XElements />
          <TextValue />
          <UnitText />
          <Name>蛋白尿持续时间</Name>
          <InnerValue />
          <BackgroundText>蛋白尿持续时间</BackgroundText>
        </Element>
        <Element xsi:type="XInputField" StyleIndex="1">
          <ID>kb0000001382</ID>
          <Attributes />
          <XElements>
            <Element xsi:type="XString">
              <Text>时间单位</Text>
            </Element>
          </XElements>
          <TextValue>时间单位</TextValue>
          <Name>时间单位</Name>
          <ValueBinding />
          <InnerValue>时间单位</InnerValue>
          <BackgroundText>时间单位</BackgroundText>
          <FieldSettings>
            <EditStyle>DropdownList</EditStyle>
            <ListSource>
              <SourceName>0000001382</SourceName>
              <Items />
            </ListSource>
          </FieldSettings>
        </Element>
        <Element xsi:type="XString" StyleIndex="1">
          <Text>；尿RBC</Text>
        </Element>
        <Element xsi:type="XInputField" StyleIndex="1">
          <ID>kb0000002190</ID>
          <Attributes />
          <XElements />
          <TextValue />
          <UnitText>万/ml</UnitText>
          <Name>尿RBC</Name>
          <InnerValue />
          <BackgroundText>尿RBC</BackgroundText>
        </Element>
        <Element xsi:type="XString" StyleIndex="1">
          <Text>，持续</Text>
        </Element>
        <Element xsi:type="XInputField" StyleIndex="1">
          <ID>kb0000002215</ID>
          <Attributes />
          <XElements />
          <TextValue />
          <UnitText />
          <Name>尿红细胞持续时间</Name>
          <InnerValue />
          <BackgroundText>尿红细胞持续时间</BackgroundText>
        </Element>
        <Element xsi:type="XInputField" StyleIndex="1">
          <ID>kb0000001382</ID>
          <Attributes />
          <XElements>
            <Element xsi:type="XString">
              <Text>时间单位</Text>
            </Element>
          </XElements>
          <TextValue>时间单位</TextValue>
          <Name>时间单位</Name>
          <ValueBinding />
          <InnerValue>时间单位</InnerValue>
          <BackgroundText>时间单位</BackgroundText>
          <FieldSettings>
            <EditStyle>DropdownList</EditStyle>
            <ListSource>
              <SourceName>0000001382</SourceName>
              <Items />
            </ListSource>
          </FieldSettings>
        </Element>
        <Element xsi:type="XString" StyleIndex="1">
          <Text>；血清肌酐</Text>
        </Element>
        <Element xsi:type="XInputField" StyleIndex="1">
          <ID>kb0000002209</ID>
          <Attributes />
          <XElements />
          <TextValue />
          <UnitText>umol/l</UnitText>
          <Name>血清肌酐</Name>
          <InnerValue />
          <BackgroundText>血清肌酐</BackgroundText>
        </Element>
        <Element xsi:type="XString" StyleIndex="1">
          <Text>，上升持续</Text>
        </Element>
        <Element xsi:type="XInputField" StyleIndex="1">
          <ID>kb0000002216</ID>
          <Attributes />
          <XElements />
          <TextValue />
          <UnitText />
          <Name>血清肌酐上升持续时间</Name>
          <InnerValue />
          <BackgroundText>血清肌酐上升持续时间</BackgroundText>
        </Element>
        <Element xsi:type="XInputField" StyleIndex="1">
          <ID>kb0000001382</ID>
          <Attributes />
          <XElements>
            <Element xsi:type="XString">
              <Text>时间单位</Text>
            </Element>
          </XElements>
          <TextValue>时间单位</TextValue>
          <Name>时间单位</Name>
          <ValueBinding />
          <InnerValue>时间单位</InnerValue>
          <BackgroundText>时间单位</BackgroundText>
          <FieldSettings>
            <EditStyle>DropdownList</EditStyle>
            <ListSource>
              <SourceName>0000001382</SourceName>
              <Items />
            </ListSource>
          </FieldSettings>
        </Element>
        <Element xsi:type="XString" StyleIndex="1">
          <Text>；</Text>
        </Element>
        <Element xsi:type="XInputField" StyleIndex="1">
          <ID>kb0000002178</ID>
          <Attributes />
          <XElements>
            <Element xsi:type="XString">
              <Text>浮肿部位</Text>
            </Element>
          </XElements>
          <TextValue>浮肿部位</TextValue>
          <Name>浮肿部位</Name>
          <ValueBinding />
          <InnerValue>浮肿部位</InnerValue>
          <BackgroundText>浮肿部位</BackgroundText>
          <FieldSettings>
            <EditStyle>DropdownList</EditStyle>
            <MultiSelect>true</MultiSelect>
            <ListSource>
              <SourceName>0000002178</SourceName>
              <Items />
            </ListSource>
          </FieldSettings>
        </Element>
        <Element xsi:type="XString" StyleIndex="1">
          <Text>浮肿，持续</Text>
        </Element>
        <Element xsi:type="XInputField" StyleIndex="1">
          <ID>kb0000002217</ID>
          <Attributes />
          <XElements />
          <TextValue />
          <UnitText />
          <Name>浮肿持续时间</Name>
          <InnerValue />
          <BackgroundText>浮肿持续时间</BackgroundText>
        </Element>
        <Element xsi:type="XInputField" StyleIndex="1">
          <ID>kb0000001382</ID>
          <Attributes />
          <XElements>
            <Element xsi:type="XString">
              <Text>时间单位</Text>
            </Element>
          </XElements>
          <TextValue>时间单位</TextValue>
          <Name>时间单位</Name>
          <ValueBinding />
          <InnerValue>时间单位</InnerValue>
          <BackgroundText>时间单位</BackgroundText>
          <FieldSettings>
            <EditStyle>DropdownList</EditStyle>
            <ListSource>
              <SourceName>0000001382</SourceName>
              <Items />
            </ListSource>
          </FieldSettings>
        </Element>
        <Element xsi:type="XString" StyleIndex="1">
          <Text>。</Text>
        </Element>
        <Element xsi:type="XParagraphFlag" StyleIndex="1" />
        <Element xsi:type="XString" StyleIndex="1">
          <Text>重新改变免疫抑制方案时间为</Text>
        </Element>
        <Element xsi:type="XInputField" StyleIndex="1">
          <ID>kb0000002211</ID>
          <Attributes />
          <XElements />
          <TextValue />
          <UnitText />
          <Name>重新改变免疫抑制方案时间</Name>
          <InnerValue />
          <BackgroundText>重新改变免疫抑制方案时间</BackgroundText>
        </Element>
        <Element xsi:type="XInputField" StyleIndex="1">
          <ID>kb0000001382</ID>
          <Attributes />
          <XElements>
            <Element xsi:type="XString">
              <Text>时间单位</Text>
            </Element>
          </XElements>
          <TextValue>时间单位</TextValue>
          <Name>时间单位</Name>
          <ValueBinding />
          <InnerValue>时间单位</InnerValue>
          <BackgroundText>时间单位</BackgroundText>
          <FieldSettings>
            <EditStyle>DropdownList</EditStyle>
            <ListSource>
              <SourceName>0000001382</SourceName>
              <Items />
            </ListSource>
          </FieldSettings>
        </Element>
        <Element xsi:type="XString" StyleIndex="1">
          <Text>。CSA剂量</Text>
        </Element>
        <Element xsi:type="XInputField" StyleIndex="1">
          <ID>kb0000002151</ID>
          <Attributes />
          <XElements />
          <TextValue />
          <UnitText>mg</UnitText>
          <Name>CSA剂量</Name>
          <InnerValue />
          <BackgroundText>CSA剂量</BackgroundText>
        </Element>
        <Element xsi:type="XString" StyleIndex="1">
          <Text>，MMF剂量</Text>
        </Element>
        <Element xsi:type="XInputField" StyleIndex="1">
          <ID>kb0000002152</ID>
          <Attributes />
          <XElements />
          <TextValue />
          <UnitText>mg</UnitText>
          <Name>MMF剂量</Name>
          <InnerValue />
          <BackgroundText>MMF剂量</BackgroundText>
        </Element>
        <Element xsi:type="XString" StyleIndex="1">
          <Text>，Pred剂量</Text>
        </Element>
        <Element xsi:type="XInputField" StyleIndex="1">
          <ID>kb0000002153</ID>
          <Attributes />
          <XElements />
          <TextValue />
          <UnitText>mg</UnitText>
          <Name>Pred剂量</Name>
          <InnerValue />
          <BackgroundText>Pred剂量</BackgroundText>
        </Element>
        <Element xsi:type="XString" StyleIndex="1">
          <Text>，TW剂量</Text>
        </Element>
        <Element xsi:type="XInputField" StyleIndex="1">
          <ID>kb0000002154</ID>
          <Attributes />
          <XElements />
          <TextValue />
          <UnitText>mg</UnitText>
          <Name>TW剂量</Name>
          <InnerValue />
          <BackgroundText>TW剂量</BackgroundText>
        </Element>
        <Element xsi:type="XString" StyleIndex="1">
          <Text>，FK506剂量</Text>
        </Element>
        <Element xsi:type="XInputField" StyleIndex="1">
          <ID>kb0000002155</ID>
          <Attributes />
          <XElements />
          <TextValue />
          <UnitText>mg</UnitText>
          <Name>FK506剂量</Name>
          <InnerValue />
          <BackgroundText>FK506剂量</BackgroundText>
        </Element>
        <Element xsi:type="XString" StyleIndex="1">
          <Text>，CSA浓度</Text>
        </Element>
        <Element xsi:type="XInputField" StyleIndex="1">
          <ID>kb0000002156</ID>
          <Attributes />
          <XElements />
          <TextValue />
          <UnitText>ng/l</UnitText>
          <Name>CSA浓度</Name>
          <InnerValue />
          <BackgroundText>CSA浓度</BackgroundText>
        </Element>
        <Element xsi:type="XString" StyleIndex="1">
          <Text>，FK506浓度</Text>
        </Element>
        <Element xsi:type="XInputField" StyleIndex="1">
          <ID>kb0000002157</ID>
          <Attributes />
          <XElements />
          <TextValue />
          <UnitText>ng/l</UnitText>
          <Name>FK506浓度</Name>
          <InnerValue />
          <BackgroundText>FK506浓度</BackgroundText>
        </Element>
        <Element xsi:type="XString" StyleIndex="1">
          <Text>。</Text>
        </Element>
        <Element xsi:type="XParagraphFlag" StyleIndex="1" />
        <Element xsi:type="XInputField" StyleIndex="1">
          <ID>kb0000002212</ID>
          <Attributes />
          <XElements>
            <Element xsi:type="XString">
              <Text>曾经发生急性排异反应</Text>
            </Element>
          </XElements>
          <TextValue>曾经发生急性排异反应</TextValue>
          <Name>曾经发生急性排异反应</Name>
          <ValueBinding />
          <InnerValue>曾经发生急性排异反应</InnerValue>
          <BackgroundText>曾经发生急性排异反应</BackgroundText>
          <FieldSettings>
            <EditStyle>DropdownList</EditStyle>
            <ListSource>
              <SourceName>0000002212</SourceName>
              <Items />
            </ListSource>
          </FieldSettings>
        </Element>
        <Element xsi:type="XString" StyleIndex="2">
          <Text>。</Text>
        </Element>
        <Element xsi:type="XParagraphFlag" />
      </XElements>
      <Sections />
    </Element>
    <Element xsi:type="XTextHeader">
      <Attributes />
      <XElements>
        <Element xsi:type="XParagraphFlag" StyleIndex="0">
          <AutoCreate>true</AutoCreate>
        </Element>
      </XElements>
    </Element>
    <Element xsi:type="XTextFooter">
      <Attributes />
      <XElements>
        <Element xsi:type="XParagraphFlag">
          <AutoCreate>true</AutoCreate>
        </Element>
      </XElements>
    </Element>
  </XElements>
  <Info>
    <CreationTime>2013-04-02T17:19:55.0802016+08:00</CreationTime>
    <LastModifiedTime>2013-04-02T17:19:55.0802016+08:00</LastModifiedTime>
    <LastPrintTime>1980-01-01T00:00:00</LastPrintTime>
    <Operator>DCSoft.Writer Version:1.1.1111.29376</Operator>
  </Info>
  <BodyText>
  </BodyText>
  <UserHistories>
    <History>
      <ID />
      <Name />
      <SavedTime>2005-03-02T10:47:24</SavedTime>
    </History>
    <History>
      <ID />
      <Name />
      <SavedTime>2005-03-02T11:14:51</SavedTime>
    </History>
    <History>
      <ID />
      <Name />
      <SavedTime>2005-03-02T11:15:55</SavedTime>
    </History>
  </UserHistories>
  <ContentStyles>
    <Default xsi:type="DocumentContentStyle">
      <FontName>宋体</FontName>
    </Default>
    <Styles>
      <Style Index="0">
        <Align>Center</Align>
      </Style>
      <Style Index="1">
        <CreatorIndex>1</CreatorIndex>
      </Style>
      <Style Index="2">
        <CreatorIndex>2</CreatorIndex>
      </Style>
    </Styles>
  </ContentStyles>
  <MeasureMode>OldCompatibility</MeasureMode>
  <PageSettings>
    <LeftMargin>50</LeftMargin>
    <TopMargin>50</TopMargin>
    <RightMargin>50</RightMargin>
    <BottomMargin>50</BottomMargin>
    <ViewLeftMargin>150</ViewLeftMargin>
    <ViewTopMargin>150</ViewTopMargin>
    <ViewRightMargin>150</ViewRightMargin>
    <ViewBottomMargin>150</ViewBottomMargin>
    <ViewPaperWidth>2481</ViewPaperWidth>
    <ViewPaperHeight>3507</ViewPaperHeight>
  </PageSettings>
</XTextDocument>