﻿<?xml version="1.0" encoding="utf-8"?>
<XTextDocument xmlns:xsi="http://www.w3.org/2001/XMLSchema-instance" xmlns:xsd="http://www.w3.org/2001/XMLSchema" EditorVersionString="1.1.1111.29376">
  <Attributes />
  <XElements>
    <Element xsi:type="XTextBody">
      <Attributes />
      <XElements>
        <Element xsi:type="XString">
          <Text>起始出现</Text>
        </Element>
        <Element xsi:type="XInputField">
          <ID>kb0000002218</ID>
          <Attributes />
          <XElements>
            <Element xsi:type="XString">
              <Text>起始症状</Text>
            </Element>
          </XElements>
          <TextValue>起始症状</TextValue>
          <Name>起始症状</Name>
          <ValueBinding />
          <InnerValue>起始症状</InnerValue>
          <BackgroundText>起始症状</BackgroundText>
          <FieldSettings>
            <EditStyle>DropdownList</EditStyle>
            <MultiSelect>true</MultiSelect>
            <ListSource>
              <SourceName>0000002218</SourceName>
              <Items />
            </ListSource>
          </FieldSettings>
        </Element>
        <Element xsi:type="XString">
          <Text>，因</Text>
        </Element>
        <Element xsi:type="XInputField">
          <ID>kb0000002150</ID>
          <Attributes />
          <XElements />
          <TextValue />
          <UnitText />
          <Name>肾移植原发病</Name>
          <InnerValue />
          <BackgroundText>肾移植原发病</BackgroundText>
        </Element>
        <Element xsi:type="XString">
          <Text>需要进行肾移植手术。</Text>
        </Element>
        <Element xsi:type="XParagraphFlag" />
        <Element xsi:type="XString">
          <Text>曾服用过强的松</Text>
        </Element>
        <Element xsi:type="XInputField">
          <ID>kb0000002019</ID>
          <Attributes />
          <XElements />
          <TextValue />
          <UnitText>mg/日</UnitText>
          <Name>强的松剂量</Name>
          <InnerValue />
          <BackgroundText>强的松剂量</BackgroundText>
        </Element>
        <Element xsi:type="XString">
          <Text>，雷公藤多甙</Text>
        </Element>
        <Element xsi:type="XInputField">
          <ID>kb0000002021</ID>
          <Attributes />
          <XElements />
          <TextValue />
          <UnitText>mg/日</UnitText>
          <Name>雷公藤多甙剂量</Name>
          <InnerValue />
          <BackgroundText>雷公藤多甙剂量</BackgroundText>
        </Element>
        <Element xsi:type="XString">
          <Text>，骁悉</Text>
        </Element>
        <Element xsi:type="XInputField">
          <ID>kb0000002023</ID>
          <Attributes />
          <XElements />
          <TextValue />
          <UnitText>mg/日</UnitText>
          <Name>骁悉剂量</Name>
          <InnerValue />
          <BackgroundText>骁悉剂量</BackgroundText>
        </Element>
        <Element xsi:type="XString">
          <Text>，FK506</Text>
        </Element>
        <Element xsi:type="XInputField">
          <ID>kb0000002025</ID>
          <Attributes />
          <XElements />
          <TextValue />
          <UnitText>mg/日</UnitText>
          <Name>FK506剂量</Name>
          <InnerValue />
          <BackgroundText>FK506剂量</BackgroundText>
        </Element>
        <Element xsi:type="XString">
          <Text>，CTX</Text>
        </Element>
        <Element xsi:type="XInputField">
          <ID>kb0000002027</ID>
          <Attributes />
          <XElements />
          <TextValue />
          <UnitText>mg/日</UnitText>
          <Name>CTX剂量</Name>
          <InnerValue />
          <BackgroundText>CTX剂量</BackgroundText>
        </Element>
        <Element xsi:type="XString">
          <Text>。</Text>
        </Element>
        <Element xsi:type="XParagraphFlag" />
        <Element xsi:type="XInputField" StyleIndex="1">
          <ID>kb0000002219</ID>
          <Attributes />
          <XElements>
            <Element xsi:type="XString">
              <Text>开始肾脏替代治疗</Text>
            </Element>
          </XElements>
          <TextValue>开始肾脏替代治疗</TextValue>
          <Name>开始肾脏替代治疗</Name>
          <ValueBinding />
          <InnerValue>开始肾脏替代治疗</InnerValue>
          <BackgroundText>开始肾脏替代治疗</BackgroundText>
          <FieldSettings>
            <EditStyle>DropdownList</EditStyle>
            <ListSource>
              <SourceName>0000002219</SourceName>
              <Items />
            </ListSource>
          </FieldSettings>
        </Element>
        <Element xsi:type="XString" StyleIndex="1">
          <Text>，</Text>
        </Element>
        <Element xsi:type="XInputField" StyleIndex="1">
          <ID>kb0000002222</ID>
          <Attributes />
          <XElements>
            <Element xsi:type="XString">
              <Text>日前感染情况</Text>
            </Element>
          </XElements>
          <TextValue>日前感染情况</TextValue>
          <Name>日前感染情况</Name>
          <ValueBinding />
          <InnerValue>日前感染情况</InnerValue>
          <BackgroundText>日前感染情况</BackgroundText>
          <FieldSettings>
            <EditStyle>DropdownList</EditStyle>
            <ListSource>
              <SourceName>0000002222</SourceName>
              <Items />
            </ListSource>
          </FieldSettings>
        </Element>
        <Element xsi:type="XString" StyleIndex="1">
          <Text>。24小时尿量</Text>
        </Element>
        <Element xsi:type="XInputField" StyleIndex="1">
          <ID>kb0000002166</ID>
          <Attributes />
          <XElements />
          <TextValue />
          <UnitText>ml/天</UnitText>
          <Name>24小时尿量</Name>
          <InnerValue />
          <BackgroundText>24小时尿量</BackgroundText>
        </Element>
        <Element xsi:type="XString" StyleIndex="1">
          <Text>。</Text>
        </Element>
        <Element xsi:type="XParagraphFlag" />
      </XElements>
      <Sections />
    </Element>
    <Element xsi:type="XTextHeader">
      <Attributes />
      <XElements>
        <Element xsi:type="XParagraphFlag" StyleIndex="0">
          <AutoCreate>true</AutoCreate>
        </Element>
      </XElements>
    </Element>
    <Element xsi:type="XTextFooter">
      <Attributes />
      <XElements>
        <Element xsi:type="XParagraphFlag">
          <AutoCreate>true</AutoCreate>
        </Element>
      </XElements>
    </Element>
  </XElements>
  <Info>
    <CreationTime>2013-04-02T17:19:55.1242041+08:00</CreationTime>
    <LastModifiedTime>2013-04-02T17:19:55.1242041+08:00</LastModifiedTime>
    <LastPrintTime>1980-01-01T00:00:00</LastPrintTime>
    <Operator>DCSoft.Writer Version:1.1.1111.29376</Operator>
  </Info>
  <BodyText>
  </BodyText>
  <UserHistories>
    <History>
      <ID />
      <Name />
      <SavedTime>2005-03-02T12:53:32</SavedTime>
    </History>
    <History>
      <ID />
      <Name />
      <SavedTime>2005-03-02T12:54:43</SavedTime>
    </History>
  </UserHistories>
  <ContentStyles>
    <Default xsi:type="DocumentContentStyle">
      <FontName>宋体</FontName>
    </Default>
    <Styles>
      <Style Index="0">
        <Align>Center</Align>
      </Style>
      <Style Index="1">
        <CreatorIndex>1</CreatorIndex>
      </Style>
    </Styles>
  </ContentStyles>
  <MeasureMode>OldCompatibility</MeasureMode>
  <PageSettings>
    <LeftMargin>50</LeftMargin>
    <TopMargin>50</TopMargin>
    <RightMargin>50</RightMargin>
    <BottomMargin>50</BottomMargin>
    <ViewLeftMargin>150</ViewLeftMargin>
    <ViewTopMargin>150</ViewTopMargin>
    <ViewRightMargin>150</ViewRightMargin>
    <ViewBottomMargin>150</ViewBottomMargin>
    <ViewPaperWidth>2481</ViewPaperWidth>
    <ViewPaperHeight>3507</ViewPaperHeight>
  </PageSettings>
</XTextDocument>