﻿<?xml version="1.0" encoding="utf-8"?>
<XTextDocument xmlns:xsi="http://www.w3.org/2001/XMLSchema-instance" xmlns:xsd="http://www.w3.org/2001/XMLSchema" EditorVersionString="1.1.1111.29376">
  <Attributes />
  <XElements>
    <Element xsi:type="XTextBody">
      <Attributes />
      <XElements>
        <Element xsi:type="XInputField">
          <ID>kb0000002545</ID>
          <Attributes />
          <XElements>
            <Element xsi:type="XString">
              <Text>黑便</Text>
            </Element>
          </XElements>
          <TextValue>黑便</TextValue>
          <Name>消化道出血症状</Name>
          <ValueBinding />
          <InnerValue>黑便</InnerValue>
          <BackgroundText>消化道出血症状</BackgroundText>
          <FieldSettings>
            <EditStyle>DropdownList</EditStyle>
            <ListSource>
              <SourceName>0000002545</SourceName>
              <Items />
            </ListSource>
          </FieldSettings>
        </Element>
        <Element xsi:type="XInputField">
          <ID>kb0000002527</ID>
          <Attributes />
          <XElements>
            <Element xsi:type="XString">
              <Text>天</Text>
            </Element>
          </XElements>
          <TextValue>天</TextValue>
          <Name>时间单位</Name>
          <ValueBinding />
          <InnerValue>天</InnerValue>
          <BackgroundText>时间单位</BackgroundText>
          <FieldSettings>
            <EditStyle>DropdownList</EditStyle>
            <ListSource>
              <SourceName>0000002527</SourceName>
              <Items />
            </ListSource>
          </FieldSettings>
        </Element>
        <Element xsi:type="XString">
          <Text>，呕吐</Text>
        </Element>
        <Element xsi:type="XInputField">
          <ID>kb0000002546</ID>
          <Attributes />
          <XElements>
            <Element xsi:type="XString">
              <Text>咖啡样</Text>
            </Element>
          </XElements>
          <TextValue>咖啡样</TextValue>
          <Name>呕吐液体颜色</Name>
          <ValueBinding />
          <InnerValue>咖啡样</InnerValue>
          <BackgroundText>呕吐液体颜色</BackgroundText>
          <FieldSettings>
            <EditStyle>DropdownList</EditStyle>
            <ListSource>
              <SourceName>0000002546</SourceName>
              <Items />
            </ListSource>
          </FieldSettings>
        </Element>
        <Element xsi:type="XString">
          <Text>液体，量约   ml，</Text>
        </Element>
        <Element xsi:type="XInputField">
          <ID>kb0000002573</ID>
          <Attributes />
          <XElements>
            <Element xsi:type="XString">
              <Text>无</Text>
            </Element>
          </XElements>
          <TextValue>无</TextValue>
          <Name>有无</Name>
          <ValueBinding />
          <InnerValue>无</InnerValue>
          <BackgroundText>有无</BackgroundText>
          <FieldSettings>
            <EditStyle>DropdownList</EditStyle>
            <ListSource>
              <SourceName>0000002573</SourceName>
              <Items />
            </ListSource>
          </FieldSettings>
        </Element>
        <Element xsi:type="XInputField">
          <ID>kb0000002547</ID>
          <Attributes />
          <XElements>
            <Element xsi:type="XString">
              <Text>血凝块</Text>
            </Element>
          </XElements>
          <TextValue>血凝块</TextValue>
          <Name>呕吐物</Name>
          <ValueBinding />
          <InnerValue>血凝块</InnerValue>
          <BackgroundText>呕吐物</BackgroundText>
          <FieldSettings>
            <EditStyle>DropdownList</EditStyle>
            <MultiSelect>true</MultiSelect>
            <ListSource>
              <SourceName>0000002547</SourceName>
              <Items />
            </ListSource>
          </FieldSettings>
        </Element>
        <Element xsi:type="XString">
          <Text>，</Text>
        </Element>
        <Element xsi:type="XInputField">
          <ID>kb0000002574</ID>
          <Attributes />
          <XElements>
            <Element xsi:type="XString">
              <Text>无</Text>
            </Element>
          </XElements>
          <TextValue>无</TextValue>
          <Name>头晕、心慌、冷汗</Name>
          <ValueBinding />
          <InnerValue>无</InnerValue>
          <BackgroundText>头晕、心慌、冷汗</BackgroundText>
          <FieldSettings>
            <EditStyle>DropdownList</EditStyle>
            <ListSource>
              <SourceName>0000002574</SourceName>
              <Items />
            </ListSource>
          </FieldSettings>
        </Element>
        <Element xsi:type="XString">
          <Text>头晕、心慌、冷汗。既往</Text>
        </Element>
        <Element xsi:type="XInputField">
          <ID>kb0000002573</ID>
          <Attributes />
          <XElements>
            <Element xsi:type="XString">
              <Text>有</Text>
            </Element>
          </XElements>
          <TextValue>有</TextValue>
          <Name>有无</Name>
          <ValueBinding />
          <InnerValue>有</InnerValue>
          <BackgroundText>有无</BackgroundText>
          <FieldSettings>
            <EditStyle>DropdownList</EditStyle>
            <ListSource>
              <SourceName>0000002573</SourceName>
              <Items />
            </ListSource>
          </FieldSettings>
        </Element>
        <Element xsi:type="XInputField">
          <ID>kb0000002548</ID>
          <Attributes />
          <XElements>
            <Element xsi:type="XString">
              <Text>消化性溃疡</Text>
            </Element>
          </XElements>
          <TextValue>消化性溃疡</TextValue>
          <Name>消化道出血既往病史</Name>
          <ValueBinding />
          <InnerValue>消化性溃疡</InnerValue>
          <BackgroundText>消化道出血既往病史</BackgroundText>
          <FieldSettings>
            <EditStyle>DropdownList</EditStyle>
            <ListSource>
              <SourceName>0000002548</SourceName>
              <Items />
            </ListSource>
          </FieldSettings>
        </Element>
        <Element xsi:type="XString">
          <Text>病史。</Text>
        </Element>
        <Element xsi:type="XParagraphFlag" />
      </XElements>
      <Sections />
    </Element>
    <Element xsi:type="XTextHeader">
      <Attributes />
      <XElements>
        <Element xsi:type="XParagraphFlag" StyleIndex="0">
          <AutoCreate>true</AutoCreate>
        </Element>
      </XElements>
    </Element>
    <Element xsi:type="XTextFooter">
      <Attributes />
      <XElements>
        <Element xsi:type="XParagraphFlag">
          <AutoCreate>true</AutoCreate>
        </Element>
      </XElements>
    </Element>
  </XElements>
  <ScriptText />
  <Info>
    <CreationTime>2013-04-02T17:19:55.5282272+08:00</CreationTime>
    <LastModifiedTime>2013-04-02T17:19:55.5282272+08:00</LastModifiedTime>
    <LastPrintTime>1980-01-01T00:00:00</LastPrintTime>
    <Operator>DCSoft.Writer Version:1.1.1111.29376</Operator>
  </Info>
  <BodyText>
  </BodyText>
  <UserHistories>
    <History>
      <ID />
      <Name />
      <SavedTime>2005-04-06T13:27:06</SavedTime>
    </History>
    <History>
      <ID />
      <Name />
      <SavedTime>2005-04-13T10:32:54</SavedTime>
    </History>
  </UserHistories>
  <ContentStyles>
    <Default xsi:type="DocumentContentStyle">
      <FontName>宋体</FontName>
    </Default>
    <Styles>
      <Style Index="0">
        <Align>Center</Align>
      </Style>
    </Styles>
  </ContentStyles>
  <MeasureMode>OldCompatibility</MeasureMode>
  <PageSettings>
    <LeftMargin>50</LeftMargin>
    <TopMargin>50</TopMargin>
    <RightMargin>50</RightMargin>
    <BottomMargin>50</BottomMargin>
    <ViewLeftMargin>150</ViewLeftMargin>
    <ViewTopMargin>150</ViewTopMargin>
    <ViewRightMargin>150</ViewRightMargin>
    <ViewBottomMargin>150</ViewBottomMargin>
    <ViewPaperWidth>2481</ViewPaperWidth>
    <ViewPaperHeight>3507</ViewPaperHeight>
  </PageSettings>
</XTextDocument>