﻿<?xml version="1.0" encoding="utf-8"?>
<XTextDocument xmlns:xsi="http://www.w3.org/2001/XMLSchema-instance" xmlns:xsd="http://www.w3.org/2001/XMLSchema" EditorVersionString="1.1.1111.29376">
  <Attributes />
  <XElements>
    <Element xsi:type="XTextBody">
      <Attributes />
      <XElements>
        <Element xsi:type="XString">
          <Text>患者停经   </Text>
        </Element>
        <Element xsi:type="XInputField">
          <ID>kb0000002867</ID>
          <Attributes />
          <XElements>
            <Element xsi:type="XString">
              <Text>月</Text>
            </Element>
          </XElements>
          <TextValue>月</TextValue>
          <Name>时间单位</Name>
          <ValueBinding />
          <InnerValue>月</InnerValue>
          <BackgroundText>时间单位</BackgroundText>
          <FieldSettings>
            <EditStyle>DropdownList</EditStyle>
            <ListSource>
              <SourceName>0000002867</SourceName>
              <Items />
            </ListSource>
          </FieldSettings>
        </Element>
        <Element xsi:type="XString">
          <Text>，末次月经   年   月   日，查尿HCG   ，</Text>
        </Element>
        <Element xsi:type="XInputField">
          <ID>kb0000002973</ID>
          <Attributes />
          <XElements>
            <Element xsi:type="XString">
              <Text>有</Text>
            </Element>
          </XElements>
          <TextValue>有</TextValue>
          <Name>早孕伴随症状</Name>
          <ValueBinding />
          <InnerValue>有</InnerValue>
          <BackgroundText>早孕伴随症状</BackgroundText>
          <FieldSettings>
            <EditStyle>DropdownList</EditStyle>
            <ListSource>
              <SourceName>0000002973</SourceName>
              <Items />
            </ListSource>
          </FieldSettings>
        </Element>
        <Element xsi:type="XInputField">
          <ID>kb0000002974</ID>
          <Attributes />
          <XElements>
            <Element xsi:type="XString">
              <Text>恶心、呕吐</Text>
            </Element>
          </XElements>
          <TextValue>恶心、呕吐</TextValue>
          <Name>早孕伴随症状描述</Name>
          <ValueBinding />
          <InnerValue>恶心、呕吐</InnerValue>
          <BackgroundText>早孕伴随症状描述</BackgroundText>
          <FieldSettings>
            <EditStyle>DropdownList</EditStyle>
            <MultiSelect>true</MultiSelect>
            <ListSource>
              <SourceName>0000002974</SourceName>
              <Items />
            </ListSource>
          </FieldSettings>
        </Element>
        <Element xsi:type="XString">
          <Text>，要求</Text>
        </Element>
        <Element xsi:type="XInputField">
          <ID>kb0000002975</ID>
          <Attributes />
          <XElements>
            <Element xsi:type="XString">
              <Text>流产</Text>
            </Element>
          </XElements>
          <TextValue>流产</TextValue>
          <Name>早孕就诊要求</Name>
          <ValueBinding />
          <InnerValue>流产</InnerValue>
          <BackgroundText>早孕就诊要求</BackgroundText>
          <FieldSettings>
            <EditStyle>DropdownList</EditStyle>
            <ListSource>
              <SourceName>0000002975</SourceName>
              <Items />
            </ListSource>
          </FieldSettings>
        </Element>
        <Element xsi:type="XString">
          <Text>。</Text>
        </Element>
        <Element xsi:type="XInputField">
          <ID>kb0000002976</ID>
          <Attributes />
          <XElements>
            <Element xsi:type="XString">
              <Text>无孕产史</Text>
            </Element>
          </XElements>
          <TextValue>无孕产史</TextValue>
          <Name>孕产史</Name>
          <ValueBinding />
          <InnerValue>无孕产史</InnerValue>
          <BackgroundText>孕产史</BackgroundText>
          <FieldSettings>
            <EditStyle>DropdownList</EditStyle>
            <ListSource>
              <SourceName>0000002976</SourceName>
              <Items />
            </ListSource>
          </FieldSettings>
        </Element>
        <Element xsi:type="XString">
          <Text>。</Text>
        </Element>
        <Element xsi:type="XInputField">
          <ID>kb0000002979</ID>
          <Attributes />
          <XElements>
            <Element xsi:type="XString">
              <Text>无手术史</Text>
            </Element>
          </XElements>
          <TextValue>无手术史</TextValue>
          <Name>手术史</Name>
          <ValueBinding />
          <InnerValue>无手术史</InnerValue>
          <BackgroundText>手术史</BackgroundText>
          <FieldSettings>
            <EditStyle>DropdownList</EditStyle>
            <ListSource>
              <SourceName>0000002979</SourceName>
              <Items />
            </ListSource>
          </FieldSettings>
        </Element>
        <Element xsi:type="XString">
          <Text>。既往</Text>
        </Element>
        <Element xsi:type="XInputField">
          <ID>kb0000002981</ID>
          <Attributes />
          <XElements>
            <Element xsi:type="XString">
              <Text>无</Text>
            </Element>
          </XElements>
          <TextValue>无</TextValue>
          <Name>既往病史</Name>
          <ValueBinding />
          <InnerValue>无</InnerValue>
          <BackgroundText>既往病史</BackgroundText>
          <FieldSettings>
            <EditStyle>DropdownList</EditStyle>
            <ListSource>
              <SourceName>0000002981</SourceName>
              <Items />
            </ListSource>
          </FieldSettings>
        </Element>
        <Element xsi:type="XInputField">
          <ID>kb0000002982</ID>
          <Attributes />
          <XElements>
            <Element xsi:type="XString">
              <Text>心脏病、高血压</Text>
            </Element>
          </XElements>
          <TextValue>心脏病、高血压</TextValue>
          <Name>既往病史描述</Name>
          <ValueBinding />
          <InnerValue>心脏病、高血压</InnerValue>
          <BackgroundText>既往病史描述</BackgroundText>
          <FieldSettings>
            <EditStyle>DropdownList</EditStyle>
            <MultiSelect>true</MultiSelect>
            <ListSource>
              <SourceName>0000002982</SourceName>
              <Items />
            </ListSource>
          </FieldSettings>
        </Element>
        <Element xsi:type="XString">
          <Text>等病史。</Text>
        </Element>
        <Element xsi:type="XParagraphFlag" />
      </XElements>
      <Sections />
    </Element>
    <Element xsi:type="XTextHeader">
      <Attributes />
      <XElements>
        <Element xsi:type="XParagraphFlag" StyleIndex="0">
          <AutoCreate>true</AutoCreate>
        </Element>
      </XElements>
    </Element>
    <Element xsi:type="XTextFooter">
      <Attributes />
      <XElements>
        <Element xsi:type="XParagraphFlag">
          <AutoCreate>true</AutoCreate>
        </Element>
      </XElements>
    </Element>
  </XElements>
  <ScriptText />
  <Info>
    <CreationTime>2013-04-02T17:19:56.7062946+08:00</CreationTime>
    <LastModifiedTime>2013-04-02T17:19:56.7062946+08:00</LastModifiedTime>
    <LastPrintTime>1980-01-01T00:00:00</LastPrintTime>
    <Operator>DCSoft.Writer Version:1.1.1111.29376</Operator>
  </Info>
  <BodyText>
  </BodyText>
  <UserHistories>
    <History>
      <ID />
      <Name />
      <SavedTime>2005-04-28T14:16:50</SavedTime>
    </History>
  </UserHistories>
  <ContentStyles>
    <Default xsi:type="DocumentContentStyle">
      <FontName>宋体</FontName>
    </Default>
    <Styles>
      <Style Index="0">
        <Align>Center</Align>
      </Style>
    </Styles>
  </ContentStyles>
  <MeasureMode>OldCompatibility</MeasureMode>
  <PageSettings>
    <LeftMargin>50</LeftMargin>
    <TopMargin>50</TopMargin>
    <RightMargin>50</RightMargin>
    <BottomMargin>50</BottomMargin>
    <ViewLeftMargin>150</ViewLeftMargin>
    <ViewTopMargin>150</ViewTopMargin>
    <ViewRightMargin>150</ViewRightMargin>
    <ViewBottomMargin>150</ViewBottomMargin>
    <ViewPaperWidth>2481</ViewPaperWidth>
    <ViewPaperHeight>3507</ViewPaperHeight>
  </PageSettings>
</XTextDocument>