﻿<?xml version="1.0" encoding="utf-8"?>
<XTextDocument xmlns:xsi="http://www.w3.org/2001/XMLSchema-instance" xmlns:xsd="http://www.w3.org/2001/XMLSchema" EditorVersionString="1.1.1111.29376">
  <Attributes />
  <XElements>
    <Element xsi:type="XTextBody">
      <Attributes />
      <XElements>
        <Element xsi:type="XString">
          <Text>患者平素健康状况</Text>
        </Element>
        <Element xsi:type="XInputField">
          <ID>kb0000002068</ID>
          <Attributes />
          <XElements>
            <Element xsi:type="XString">
              <Text>平素健康状况</Text>
            </Element>
          </XElements>
          <TextValue>平素健康状况</TextValue>
          <Name>平素健康状况</Name>
          <ValueBinding />
          <InnerValue>平素健康状况</InnerValue>
          <BackgroundText>平素健康状况</BackgroundText>
          <FieldSettings>
            <EditStyle>DropdownList</EditStyle>
            <ListSource>
              <SourceName>0000002068</SourceName>
              <Items />
            </ListSource>
          </FieldSettings>
        </Element>
        <Element xsi:type="XString">
          <Text>。食物过敏</Text>
        </Element>
        <Element xsi:type="XString" StyleIndex="1">
          <Text>史</Text>
        </Element>
        <Element xsi:type="XInputField" StyleIndex="1">
          <ID>kb0000002069</ID>
          <Attributes />
          <XElements>
            <Element xsi:type="XString">
              <Text>食物过敏史</Text>
            </Element>
          </XElements>
          <TextValue>食物过敏史</TextValue>
          <Name>食物过敏史</Name>
          <ValueBinding />
          <InnerValue>食物过敏史</InnerValue>
          <BackgroundText>食物过敏史</BackgroundText>
          <FieldSettings>
            <EditStyle>DropdownList</EditStyle>
            <ListSource>
              <SourceName>0000002069</SourceName>
              <Items />
            </ListSource>
          </FieldSettings>
        </Element>
        <Element xsi:type="XString" StyleIndex="1">
          <Text>，药物过敏史</Text>
        </Element>
        <Element xsi:type="XInputField" StyleIndex="1">
          <ID>kb0000002072</ID>
          <Attributes />
          <XElements>
            <Element xsi:type="XString">
              <Text>药物过敏史</Text>
            </Element>
          </XElements>
          <TextValue>药物过敏史</TextValue>
          <Name>药物过敏史</Name>
          <ValueBinding />
          <InnerValue>药物过敏史</InnerValue>
          <BackgroundText>药物过敏史</BackgroundText>
          <FieldSettings>
            <EditStyle>DropdownList</EditStyle>
            <ListSource>
              <SourceName>0000002072</SourceName>
              <Items />
            </ListSource>
          </FieldSettings>
        </Element>
        <Element xsi:type="XString" StyleIndex="1">
          <Text>。</Text>
        </Element>
        <Element xsi:type="XParagraphFlag" StyleIndex="2" />
        <Element xsi:type="XInputField" StyleIndex="2">
          <ID>kb0000002075</ID>
          <Attributes />
          <XElements>
            <Element xsi:type="XString">
              <Text>药源性疾病</Text>
            </Element>
          </XElements>
          <TextValue>药源性疾病</TextValue>
          <Name>药源性疾病</Name>
          <ValueBinding />
          <InnerValue>药源性疾病</InnerValue>
          <BackgroundText>药源性疾病</BackgroundText>
          <FieldSettings>
            <EditStyle>DropdownList</EditStyle>
            <ListSource>
              <SourceName>0000002075</SourceName>
              <Items />
            </ListSource>
          </FieldSettings>
        </Element>
        <Element xsi:type="XString" StyleIndex="2">
          <Text>药源性疾病；</Text>
        </Element>
        <Element xsi:type="XInputField" StyleIndex="2">
          <ID>kb0000002076</ID>
          <Attributes />
          <XElements>
            <Element xsi:type="XString">
              <Text>手术史</Text>
            </Element>
          </XElements>
          <TextValue>手术史</TextValue>
          <Name>手术史</Name>
          <ValueBinding />
          <InnerValue>手术史</InnerValue>
          <BackgroundText>手术史</BackgroundText>
          <FieldSettings>
            <EditStyle>DropdownList</EditStyle>
            <ListSource>
              <SourceName>0000002076</SourceName>
              <Items />
            </ListSource>
          </FieldSettings>
        </Element>
        <Element xsi:type="XString" StyleIndex="2">
          <Text>手术史；</Text>
        </Element>
        <Element xsi:type="XInputField" StyleIndex="2">
          <ID>kb0000002077</ID>
          <Attributes />
          <XElements>
            <Element xsi:type="XString">
              <Text>外伤史</Text>
            </Element>
          </XElements>
          <TextValue>外伤史</TextValue>
          <Name>外伤史</Name>
          <ValueBinding />
          <InnerValue>外伤史</InnerValue>
          <BackgroundText>外伤史</BackgroundText>
          <FieldSettings>
            <EditStyle>DropdownList</EditStyle>
            <ListSource>
              <SourceName>0000002077</SourceName>
              <Items />
            </ListSource>
          </FieldSettings>
        </Element>
        <Element xsi:type="XString" StyleIndex="2">
          <Text>外伤史；</Text>
        </Element>
        <Element xsi:type="XInputField" StyleIndex="2">
          <ID>kb0000002078</ID>
          <Attributes />
          <XElements>
            <Element xsi:type="XString">
              <Text>传染病史</Text>
            </Element>
          </XElements>
          <TextValue>传染病史</TextValue>
          <Name>传染病史</Name>
          <ValueBinding />
          <InnerValue>传染病史</InnerValue>
          <BackgroundText>传染病史</BackgroundText>
          <FieldSettings>
            <EditStyle>DropdownList</EditStyle>
            <ListSource>
              <SourceName>0000002078</SourceName>
              <Items />
            </ListSource>
          </FieldSettings>
        </Element>
        <Element xsi:type="XString" StyleIndex="2">
          <Text>传染病史；</Text>
        </Element>
        <Element xsi:type="XInputField" StyleIndex="2">
          <ID>kb0000002079</ID>
          <Attributes />
          <XElements>
            <Element xsi:type="XString">
              <Text>重大疾病史</Text>
            </Element>
          </XElements>
          <TextValue>重大疾病史</TextValue>
          <Name>重大疾病史</Name>
          <ValueBinding />
          <InnerValue>重大疾病史</InnerValue>
          <BackgroundText>重大疾病史</BackgroundText>
          <FieldSettings>
            <EditStyle>DropdownList</EditStyle>
            <ListSource>
              <SourceName>0000002079</SourceName>
              <Items />
            </ListSource>
          </FieldSettings>
        </Element>
        <Element xsi:type="XString" StyleIndex="2">
          <Text>重大疾病史；</Text>
        </Element>
        <Element xsi:type="XInputField" StyleIndex="2">
          <ID>kb0000002132</ID>
          <Attributes />
          <XElements>
            <Element xsi:type="XString">
              <Text>预防接种史</Text>
            </Element>
          </XElements>
          <TextValue>预防接种史</TextValue>
          <Name>预防接种史</Name>
          <ValueBinding />
          <InnerValue>预防接种史</InnerValue>
          <BackgroundText>预防接种史</BackgroundText>
          <FieldSettings>
            <EditStyle>DropdownList</EditStyle>
            <ListSource>
              <SourceName>0000002132</SourceName>
              <Items />
            </ListSource>
          </FieldSettings>
        </Element>
        <Element xsi:type="XString" StyleIndex="2">
          <Text>预防接种史，随社会预防</Text>
        </Element>
        <Element xsi:type="XInputField" StyleIndex="2">
          <ID>kb0000002133</ID>
          <Attributes />
          <XElements>
            <Element xsi:type="XString">
              <Text>随社会预防</Text>
            </Element>
          </XElements>
          <TextValue>随社会预防</TextValue>
          <Name>随社会预防</Name>
          <ValueBinding />
          <InnerValue>随社会预防</InnerValue>
          <BackgroundText>随社会预防</BackgroundText>
          <FieldSettings>
            <EditStyle>DropdownList</EditStyle>
            <ListSource>
              <SourceName>0000002133</SourceName>
              <Items />
            </ListSource>
          </FieldSettings>
        </Element>
        <Element xsi:type="XString" StyleIndex="2">
          <Text>。</Text>
        </Element>
        <Element xsi:type="XParagraphFlag" />
      </XElements>
      <Sections />
    </Element>
    <Element xsi:type="XTextHeader">
      <Attributes />
      <XElements>
        <Element xsi:type="XParagraphFlag" StyleIndex="0">
          <AutoCreate>true</AutoCreate>
        </Element>
      </XElements>
    </Element>
    <Element xsi:type="XTextFooter">
      <Attributes />
      <XElements>
        <Element xsi:type="XParagraphFlag">
          <AutoCreate>true</AutoCreate>
        </Element>
      </XElements>
    </Element>
  </XElements>
  <Info>
    <CreationTime>2013-04-02T17:19:54.9331932+08:00</CreationTime>
    <LastModifiedTime>2013-04-02T17:19:54.9331932+08:00</LastModifiedTime>
    <LastPrintTime>1980-01-01T00:00:00</LastPrintTime>
    <Operator>DCSoft.Writer Version:1.1.1111.29376</Operator>
  </Info>
  <BodyText>
  </BodyText>
  <UserHistories>
    <History>
      <ID />
      <Name />
      <SavedTime>2005-03-01T10:05:36</SavedTime>
    </History>
    <History>
      <ID />
      <Name />
      <SavedTime>2005-03-01T10:09:40</SavedTime>
    </History>
    <History>
      <ID />
      <Name />
      <SavedTime>2005-03-01T10:25:32</SavedTime>
    </History>
  </UserHistories>
  <ContentStyles>
    <Default xsi:type="DocumentContentStyle">
      <FontName>宋体</FontName>
    </Default>
    <Styles>
      <Style Index="0">
        <Align>Center</Align>
      </Style>
      <Style Index="1">
        <CreatorIndex>1</CreatorIndex>
      </Style>
      <Style Index="2">
        <CreatorIndex>2</CreatorIndex>
      </Style>
    </Styles>
  </ContentStyles>
  <MeasureMode>OldCompatibility</MeasureMode>
  <PageSettings>
    <LeftMargin>50</LeftMargin>
    <TopMargin>50</TopMargin>
    <RightMargin>50</RightMargin>
    <BottomMargin>50</BottomMargin>
    <ViewLeftMargin>150</ViewLeftMargin>
    <ViewTopMargin>150</ViewTopMargin>
    <ViewRightMargin>150</ViewRightMargin>
    <ViewBottomMargin>150</ViewBottomMargin>
    <ViewPaperWidth>2481</ViewPaperWidth>
    <ViewPaperHeight>3507</ViewPaperHeight>
  </PageSettings>
</XTextDocument>