﻿<?xml version="1.0" encoding="utf-8"?>
<XTextDocument xmlns:xsi="http://www.w3.org/2001/XMLSchema-instance" xmlns:xsd="http://www.w3.org/2001/XMLSchema" EditorVersionString="1.1.1111.29376">
  <Attributes />
  <XElements>
    <Element xsi:type="XTextBody">
      <Attributes />
      <XElements>
        <Element xsi:type="XString">
          <Text>腹</Text>
        </Element>
        <Element xsi:type="XInputField">
          <ID>kb0000002814</ID>
          <Attributes />
          <XElements>
            <Element xsi:type="XString">
              <Text>平</Text>
            </Element>
          </XElements>
          <TextValue>平</TextValue>
          <Name>腹部</Name>
          <ValueBinding />
          <InnerValue>平</InnerValue>
          <BackgroundText>腹部</BackgroundText>
          <FieldSettings>
            <EditStyle>DropdownList</EditStyle>
            <ListSource>
              <SourceName>0000002814</SourceName>
              <Items />
            </ListSource>
          </FieldSettings>
        </Element>
        <Element xsi:type="XString">
          <Text>，于</Text>
        </Element>
        <Element xsi:type="XInputField">
          <ID>kb0000002825</ID>
          <Attributes />
          <XElements>
            <Element xsi:type="XString">
              <Text>左侧</Text>
            </Element>
          </XElements>
          <TextValue>左侧</TextValue>
          <Name>腹部包块部位</Name>
          <ValueBinding />
          <InnerValue>左侧</InnerValue>
          <BackgroundText>腹部包块部位</BackgroundText>
          <FieldSettings>
            <EditStyle>DropdownList</EditStyle>
            <ListSource>
              <SourceName>0000002825</SourceName>
              <Items />
            </ListSource>
          </FieldSettings>
        </Element>
        <Element xsi:type="XInputField">
          <ID>kb0000002826</ID>
          <Attributes />
          <XElements>
            <Element xsi:type="XString">
              <Text>上腹</Text>
            </Element>
          </XElements>
          <TextValue>上腹</TextValue>
          <Name>腹部包块位置</Name>
          <ValueBinding />
          <InnerValue>上腹</InnerValue>
          <BackgroundText>腹部包块位置</BackgroundText>
          <FieldSettings>
            <EditStyle>DropdownList</EditStyle>
            <ListSource>
              <SourceName>0000002826</SourceName>
              <Items />
            </ListSource>
          </FieldSettings>
        </Element>
        <Element xsi:type="XString">
          <Text>可及   ×   cm大小的包块，质地</Text>
        </Element>
        <Element xsi:type="XInputField">
          <ID>kb0000002827</ID>
          <Attributes />
          <XElements>
            <Element xsi:type="XString">
              <Text>硬</Text>
            </Element>
          </XElements>
          <TextValue>硬</TextValue>
          <Name>腹部包块质地</Name>
          <ValueBinding />
          <InnerValue>硬</InnerValue>
          <BackgroundText>腹部包块质地</BackgroundText>
          <FieldSettings>
            <EditStyle>DropdownList</EditStyle>
            <ListSource>
              <SourceName>0000002827</SourceName>
              <Items />
            </ListSource>
          </FieldSettings>
        </Element>
        <Element xsi:type="XString">
          <Text>，与周围组织界线</Text>
        </Element>
        <Element xsi:type="XInputField">
          <ID>kb0000002828</ID>
          <Attributes />
          <XElements>
            <Element xsi:type="XString">
              <Text>清</Text>
            </Element>
          </XElements>
          <TextValue>清</TextValue>
          <Name>腹部包块与周围组织界线</Name>
          <ValueBinding />
          <InnerValue>清</InnerValue>
          <BackgroundText>腹部包块与周围组织界线</BackgroundText>
          <FieldSettings>
            <EditStyle>DropdownList</EditStyle>
            <ListSource>
              <SourceName>0000002828</SourceName>
              <Items />
            </ListSource>
          </FieldSettings>
        </Element>
        <Element xsi:type="XString">
          <Text>，</Text>
        </Element>
        <Element xsi:type="XInputField">
          <ID>kb0000002829</ID>
          <Attributes />
          <XElements>
            <Element xsi:type="XString">
              <Text>无</Text>
            </Element>
          </XElements>
          <TextValue>无</TextValue>
          <Name>腹部包块触痛</Name>
          <ValueBinding />
          <InnerValue>无</InnerValue>
          <BackgroundText>腹部包块触痛</BackgroundText>
          <FieldSettings>
            <EditStyle>DropdownList</EditStyle>
            <ListSource>
              <SourceName>0000002829</SourceName>
              <Items />
            </ListSource>
          </FieldSettings>
        </Element>
        <Element xsi:type="XString">
          <Text>触痛。</Text>
        </Element>
        <Element xsi:type="XParagraphFlag" />
      </XElements>
      <Sections />
    </Element>
    <Element xsi:type="XTextHeader">
      <Attributes />
      <XElements>
        <Element xsi:type="XParagraphFlag" StyleIndex="0">
          <AutoCreate>true</AutoCreate>
        </Element>
      </XElements>
    </Element>
    <Element xsi:type="XTextFooter">
      <Attributes />
      <XElements>
        <Element xsi:type="XParagraphFlag">
          <AutoCreate>true</AutoCreate>
        </Element>
      </XElements>
    </Element>
  </XElements>
  <ScriptText />
  <Info>
    <CreationTime>2013-04-02T17:19:56.2772701+08:00</CreationTime>
    <LastModifiedTime>2013-04-02T17:19:56.2772701+08:00</LastModifiedTime>
    <LastPrintTime>1980-01-01T00:00:00</LastPrintTime>
    <Operator>DCSoft.Writer Version:1.1.1111.29376</Operator>
  </Info>
  <BodyText>
  </BodyText>
  <UserHistories>
    <History>
      <ID />
      <Name />
      <SavedTime>2005-04-22T15:16:45</SavedTime>
    </History>
    <History>
      <ID />
      <Name />
      <SavedTime>2005-04-25T13:09:56</SavedTime>
    </History>
  </UserHistories>
  <ContentStyles>
    <Default xsi:type="DocumentContentStyle">
      <FontName>宋体</FontName>
    </Default>
    <Styles>
      <Style Index="0">
        <Align>Center</Align>
      </Style>
    </Styles>
  </ContentStyles>
  <MeasureMode>OldCompatibility</MeasureMode>
  <PageSettings>
    <LeftMargin>50</LeftMargin>
    <TopMargin>50</TopMargin>
    <RightMargin>50</RightMargin>
    <BottomMargin>50</BottomMargin>
    <ViewLeftMargin>150</ViewLeftMargin>
    <ViewTopMargin>150</ViewTopMargin>
    <ViewRightMargin>150</ViewRightMargin>
    <ViewBottomMargin>150</ViewBottomMargin>
    <ViewPaperWidth>2481</ViewPaperWidth>
    <ViewPaperHeight>3507</ViewPaperHeight>
  </PageSettings>
</XTextDocument>