﻿<?xml version="1.0" encoding="utf-8"?>
<XTextDocument xmlns:xsi="http://www.w3.org/2001/XMLSchema-instance" xmlns:xsd="http://www.w3.org/2001/XMLSchema" EditorVersionString="1.2014.1217.1">
   <Attributes>
      <Attribute>
         <Name>IsShowGridLine</Name>
         <Value>false</Value>
      </Attribute>
   </Attributes>
   <XElements>
      <Element xsi:type="XTextBody" StyleIndex="0">
         <Attributes />
         <Expressions />
         <ScriptItems />
         <XElements>
            <Element xsi:type="XTextTable" NumOfRows="6" NumOfColumns="1">
               <Attributes />
               <ID />
               <Expressions />
               <ScriptItems />
               <XElements>
                  <Element xsi:type="XTextTableRow">
                     <Attributes />
                     <Expressions />
                     <ScriptItems />
                     <XElements>
                        <Element xsi:type="XTextTableCell" StyleIndex="2">
                           <Attributes />
                           <Expressions />
                           <ScriptItems />
                           <XElements>
                              <Element xsi:type="XString" StyleIndex="3">
                                 <Text>患者姓名*：</Text>
                              </Element>
                              <Element xsi:type="XString" StyleIndex="4" WhiteSpaceLength="20">
                                 <Text>                    </Text>
                              </Element>
                              <Element xsi:type="XString" StyleIndex="3">
                                 <Text>    （患者家长姓名：</Text>
                              </Element>
                              <Element xsi:type="XString" StyleIndex="4" WhiteSpaceLength="20">
                                 <Text>                    </Text>
                              </Element>
                              <Element xsi:type="XString" StyleIndex="3">
                                 <Text>） </Text>
                              </Element>
                              <Element xsi:type="XParagraphFlag" StyleIndex="3" />
                              <Element xsi:type="XString" StyleIndex="3">
                                 <Text>身份证号*：</Text>
                              </Element>
                              <Element xsi:type="XString" StyleIndex="5" WhiteSpaceLength="18">
                                 <Text>                  </Text>
                              </Element>
                              <Element xsi:type="XString" StyleIndex="3">
                                 <Text>   性别：</Text>
                              </Element>
                              <Element xsi:type="XTextCheckBox" StyleIndex="3">
                                 <Attributes />
                                 <ID />
                                 <ScriptItems />
                                 <Width>62</Width>
                                 <Height>62</Height>
                                 <EventExpressions />
                              </Element>
                              <Element xsi:type="XString" StyleIndex="3">
                                 <Text>男</Text>
                              </Element>
                              <Element xsi:type="XTextCheckBox" StyleIndex="3">
                                 <Attributes />
                                 <ID>a286db3e-8de9-45a0-a3a8-fe9efe</ID>
                                 <ScriptItems />
                                 <Width>62</Width>
                                 <Height>62</Height>
                                 <EventExpressions />
                              </Element>
                              <Element xsi:type="XString" StyleIndex="3">
                                 <Text>女</Text>
                              </Element>
                              <Element xsi:type="XParagraphFlag" StyleIndex="3" />
                              <Element xsi:type="XString" StyleIndex="3">
                                 <Text>出生日期*：</Text>
                              </Element>
                              <Element xsi:type="XString" StyleIndex="4" WhiteSpaceLength="5">
                                 <Text>     </Text>
                              </Element>
                              <Element xsi:type="XString" StyleIndex="3">
                                 <Text>年</Text>
                              </Element>
                              <Element xsi:type="XString" StyleIndex="4" WhiteSpaceLength="3">
                                 <Text>   </Text>
                              </Element>
                              <Element xsi:type="XString" StyleIndex="3">
                                 <Text>月</Text>
                              </Element>
                              <Element xsi:type="XString" StyleIndex="4" WhiteSpaceLength="4">
                                 <Text>    </Text>
                              </Element>
                              <Element xsi:type="XString" StyleIndex="3">
                                 <Text>日（如出生日期不详，实足年龄：</Text>
                              </Element>
                              <Element xsi:type="XString" StyleIndex="4" WhiteSpaceLength="4">
                                 <Text>    </Text>
                              </Element>
                              <Element xsi:type="XString" StyleIndex="3">
                                 <Text>年龄单位：</Text>
                              </Element>
                              <Element xsi:type="XString" StyleIndex="5" WhiteSpaceLength="1">
                                 <Text> </Text>
                              </Element>
                              <Element xsi:type="XString" StyleIndex="3">
                                 <Text>岁</Text>
                              </Element>
                              <Element xsi:type="XString" StyleIndex="5" WhiteSpaceLength="1">
                                 <Text> </Text>
                              </Element>
                              <Element xsi:type="XString" StyleIndex="3">
                                 <Text>月</Text>
                              </Element>
                              <Element xsi:type="XString" StyleIndex="5" WhiteSpaceLength="1">
                                 <Text> </Text>
                              </Element>
                              <Element xsi:type="XString" StyleIndex="3">
                                 <Text>天）</Text>
                              </Element>
                              <Element xsi:type="XParagraphFlag" StyleIndex="3" />
                              <Element xsi:type="XString" StyleIndex="3">
                                 <Text>工作单位*：</Text>
                              </Element>
                              <Element xsi:type="XString" StyleIndex="4" WhiteSpaceLength="31">
                                 <Text>                               </Text>
                              </Element>
                              <Element xsi:type="XString" StyleIndex="3">
                                 <Text>  联系电话*：</Text>
                              </Element>
                              <Element xsi:type="XString" StyleIndex="4" WhiteSpaceLength="29">
                                 <Text>                             </Text>
                              </Element>
                              <Element xsi:type="XParagraphFlag" StyleIndex="3" />
                              <Element xsi:type="XString" StyleIndex="3">
                                 <Text>病例属于*：</Text>
                              </Element>
                              <Element xsi:type="XTextCheckBox" StyleIndex="3">
                                 <Attributes />
                                 <ID>3da0abe6-92b6-4d1b-9467-17c7bf</ID>
                                 <ScriptItems />
                                 <Width>62</Width>
                                 <Height>62</Height>
                                 <EventExpressions />
                              </Element>
                              <Element xsi:type="XString" StyleIndex="3">
                                 <Text>本县区</Text>
                              </Element>
                              <Element xsi:type="XTextCheckBox" StyleIndex="3">
                                 <Attributes />
                                 <ID>04e72433-4957-43cc-bc82-bf758b</ID>
                                 <ScriptItems />
                                 <Width>62</Width>
                                 <Height>62</Height>
                                 <EventExpressions />
                              </Element>
                              <Element xsi:type="XString" StyleIndex="3">
                                 <Text>本市其他县区</Text>
                              </Element>
                              <Element xsi:type="XTextCheckBox" StyleIndex="3">
                                 <Attributes />
                                 <ID>5f7c2eb0-5abb-4150-b109-367934</ID>
                                 <ScriptItems />
                                 <Width>62</Width>
                                 <Height>62</Height>
                                 <EventExpressions />
                              </Element>
                              <Element xsi:type="XString" StyleIndex="3">
                                 <Text>本省其它地方     </Text>
                              </Element>
                              <Element xsi:type="XTextCheckBox" StyleIndex="3">
                                 <Attributes />
                                 <ID>5b59904b-c27b-4dfd-8670-fad159</ID>
                                 <ScriptItems />
                                 <Width>62</Width>
                                 <Height>62</Height>
                                 <EventExpressions />
                              </Element>
                              <Element xsi:type="XString" StyleIndex="3">
                                 <Text>外省     </Text>
                              </Element>
                              <Element xsi:type="XTextCheckBox" StyleIndex="3">
                                 <Attributes />
                                 <ID>05fdd43e-3d45-4879-b364-80e167</ID>
                                 <ScriptItems />
                                 <Width>62</Width>
                                 <Height>62</Height>
                                 <EventExpressions />
                              </Element>
                              <Element xsi:type="XString" StyleIndex="3">
                                 <Text>港澳台     </Text>
                              </Element>
                              <Element xsi:type="XTextCheckBox" StyleIndex="3">
                                 <Attributes />
                                 <ID>3a61858d-e733-4a2d-8361-e03b3a</ID>
                                 <ScriptItems />
                                 <Width>62</Width>
                                 <Height>62</Height>
                                 <EventExpressions />
                              </Element>
                              <Element xsi:type="XString" StyleIndex="3">
                                 <Text>外籍</Text>
                              </Element>
                              <Element xsi:type="XParagraphFlag" StyleIndex="3" />
                              <Element xsi:type="XString" StyleIndex="3">
                                 <Text>现住地（详填）*：</Text>
                              </Element>
                              <Element xsi:type="XString" StyleIndex="4" WhiteSpaceLength="6">
                                 <Text>      </Text>
                              </Element>
                              <Element xsi:type="XString" StyleIndex="3">
                                 <Text>省</Text>
                              </Element>
                              <Element xsi:type="XString" StyleIndex="4" WhiteSpaceLength="6">
                                 <Text>      </Text>
                              </Element>
                              <Element xsi:type="XString" StyleIndex="3">
                                 <Text>市</Text>
                              </Element>
                              <Element xsi:type="XString" StyleIndex="4" WhiteSpaceLength="6">
                                 <Text>      </Text>
                              </Element>
                              <Element xsi:type="XString" StyleIndex="3">
                                 <Text>县(区)</Text>
                              </Element>
                              <Element xsi:type="XString" StyleIndex="4" WhiteSpaceLength="6">
                                 <Text>      </Text>
                              </Element>
                              <Element xsi:type="XString" StyleIndex="3">
                                 <Text>乡（镇、街道）</Text>
                              </Element>
                              <Element xsi:type="XString" StyleIndex="4" WhiteSpaceLength="7">
                                 <Text>       </Text>
                              </Element>
                              <Element xsi:type="XString" StyleIndex="3">
                                 <Text>村</Text>
                              </Element>
                              <Element xsi:type="XString" StyleIndex="4" WhiteSpaceLength="7">
                                 <Text>       </Text>
                              </Element>
                              <Element xsi:type="XString" StyleIndex="3">
                                 <Text>（门牌号）</Text>
                              </Element>
                              <Element xsi:type="XParagraphFlag" StyleIndex="3" />
                              <Element xsi:type="XString" StyleIndex="3">
                                 <Text>户籍地址（详填）*：</Text>
                              </Element>
                              <Element xsi:type="XString" StyleIndex="4" WhiteSpaceLength="6">
                                 <Text>      </Text>
                              </Element>
                              <Element xsi:type="XString" StyleIndex="3">
                                 <Text>省</Text>
                              </Element>
                              <Element xsi:type="XString" StyleIndex="4" WhiteSpaceLength="5">
                                 <Text>     </Text>
                              </Element>
                              <Element xsi:type="XString" StyleIndex="3">
                                 <Text>市</Text>
                              </Element>
                              <Element xsi:type="XString" StyleIndex="4" WhiteSpaceLength="5">
                                 <Text>     </Text>
                              </Element>
                              <Element xsi:type="XString" StyleIndex="3">
                                 <Text>县(区)</Text>
                              </Element>
                              <Element xsi:type="XString" StyleIndex="4" WhiteSpaceLength="6">
                                 <Text>      </Text>
                              </Element>
                              <Element xsi:type="XString" StyleIndex="3">
                                 <Text>乡（镇、街道）</Text>
                              </Element>
                              <Element xsi:type="XString" StyleIndex="4" WhiteSpaceLength="7">
                                 <Text>       </Text>
                              </Element>
                              <Element xsi:type="XString" StyleIndex="3">
                                 <Text>村</Text>
                              </Element>
                              <Element xsi:type="XString" StyleIndex="4" WhiteSpaceLength="7">
                                 <Text>       </Text>
                              </Element>
                              <Element xsi:type="XString" StyleIndex="3">
                                 <Text>（门牌号）</Text>
                              </Element>
                              <Element xsi:type="XParagraphFlag" StyleIndex="3" />
                              <Element xsi:type="XString" StyleIndex="3">
                                 <Text>婚姻状况*：</Text>
                              </Element>
                              <Element xsi:type="XTextCheckBox" StyleIndex="7">
                                 <Attributes />
                                 <ID>42ef9242-1ae9-46db-ba9d-efbc2b</ID>
                                 <ScriptItems />
                                 <Width>62</Width>
                                 <Height>62</Height>
                                 <EventExpressions />
                              </Element>
                              <Element xsi:type="XString" StyleIndex="7">
                                 <Text>未婚  </Text>
                              </Element>
                              <Element xsi:type="XTextCheckBox" StyleIndex="7">
                                 <Attributes />
                                 <ID>bd91cc6a-945f-42b9-8520-8a70d1</ID>
                                 <ScriptItems />
                                 <Width>62</Width>
                                 <Height>62</Height>
                                 <EventExpressions />
                              </Element>
                              <Element xsi:type="XString" StyleIndex="7">
                                 <Text>已婚有配偶   </Text>
                              </Element>
                              <Element xsi:type="XTextCheckBox" StyleIndex="7">
                                 <Attributes />
                                 <ID>2c4b820c-730f-4cd7-a8ab-a591fd</ID>
                                 <ScriptItems />
                                 <Width>62</Width>
                                 <Height>62</Height>
                                 <EventExpressions />
                              </Element>
                              <Element xsi:type="XString" StyleIndex="7">
                                 <Text>离异或丧偶   </Text>
                              </Element>
                              <Element xsi:type="XTextCheckBox" StyleIndex="7">
                                 <Attributes />
                                 <ID>d8e67230-85a7-4b19-9b88-99c5f7</ID>
                                 <ScriptItems />
                                 <Width>62</Width>
                                 <Height>62</Height>
                                 <EventExpressions />
                              </Element>
                              <Element xsi:type="XString" StyleIndex="7">
                                 <Text>不详      </Text>
                              </Element>
                              <Element xsi:type="XString" StyleIndex="8">
                                 <Text>民族：</Text>
                              </Element>
                              <Element xsi:type="XInputField" StyleIndex="8">
                                 <Attributes>
                                    <Attribute>
                                       <Name>DATASHOWNAME</Name>
                                       <Value>民族his</Value>
                                    </Attribute>
                                    <Attribute>
                                       <Name>DATAGROUPCODE</Name>
                                       <Value>INTEFACE</Value>
                                    </Attribute>
                                    <Attribute>
                                       <Name>DATAGROUPSHOWNAME</Name>
                                       <Value>接口数据</Value>
                                    </Attribute>
                                    <Attribute />
                                 </Attributes>
                                 <ID>12462bc8-e487-4c9e-981e-83d1ed</ID>
                                 <EnableValueValidate>true</EnableValueValidate>
                                 <ValueBinding>
                                    <DataSource>EMR_Patients</DataSource>
                                    <BindingPath>nation</BindingPath>
                                    <AutoUpdate>true</AutoUpdate>
                                 </ValueBinding>
                                 <ContentReadonly>False</ContentReadonly>
                                 <Expressions />
                                 <ScriptItems />
                                 <XElements />
                                 <BorderElementColor />
                                 <EventExpressions />
                                 <Name>nation</Name>
                                 <InnerValue />
                                 <ToolTip>民族his</ToolTip>
                                 <BackgroundText>民族his</BackgroundText>
                                 <FieldSettings />
                              </Element>
                              <Element xsi:type="XString" StyleIndex="8">
                                 <Text>族</Text>
                              </Element>
                              <Element xsi:type="XParagraphFlag" StyleIndex="8" />
                              <Element xsi:type="XString" StyleIndex="8">
                                 <Text>文化程度*：</Text>
                              </Element>
                              <Element xsi:type="XTextCheckBox" StyleIndex="7">
                                 <Attributes />
                                 <ID>d653cab1-43e4-4173-b1bd-7db0e9</ID>
                                 <ScriptItems />
                                 <Width>62</Width>
                                 <Height>62</Height>
                                 <EventExpressions />
                              </Element>
                              <Element xsi:type="XString" StyleIndex="7">
                                 <Text>文盲      </Text>
                              </Element>
                              <Element xsi:type="XTextCheckBox" StyleIndex="7">
                                 <Attributes />
                                 <ID>30f1ab04-815e-41c7-916e-931cad</ID>
                                 <ScriptItems />
                                 <Width>62</Width>
                                 <Height>62</Height>
                                 <EventExpressions />
                              </Element>
                              <Element xsi:type="XString" StyleIndex="7">
                                 <Text>小学        </Text>
                              </Element>
                              <Element xsi:type="XTextCheckBox" StyleIndex="7">
                                 <Attributes />
                                 <ID>235e314b-5c05-4c2e-83ff-a6da15</ID>
                                 <ScriptItems />
                                 <Width>62</Width>
                                 <Height>62</Height>
                                 <EventExpressions />
                              </Element>
                              <Element xsi:type="XString" StyleIndex="7">
                                 <Text>初中      </Text>
                              </Element>
                              <Element xsi:type="XTextCheckBox" StyleIndex="7">
                                 <Attributes />
                                 <ID>41e2dacb-59a5-49bb-a9e8-e86dde</ID>
                                 <ScriptItems />
                                 <Width>62</Width>
                                 <Height>62</Height>
                                 <EventExpressions />
                              </Element>
                              <Element xsi:type="XString" StyleIndex="7">
                                 <Text>高中或中专     </Text>
                              </Element>
                              <Element xsi:type="XTextCheckBox" StyleIndex="7">
                                 <Attributes />
                                 <ID>957b6afd-a330-4990-8c9c-9e8f89</ID>
                                 <ScriptItems />
                                 <Width>62</Width>
                                 <Height>62</Height>
                                 <EventExpressions />
                              </Element>
                              <Element xsi:type="XString" StyleIndex="7">
                                 <Text>大专及以上</Text>
                              </Element>
                              <Element xsi:type="XParagraphFlag" StyleIndex="8" />
                              <Element xsi:type="XString" StyleIndex="3">
                                 <Text>患者职业*：</Text>
                              </Element>
                              <Element xsi:type="XTextCheckBox" StyleIndex="3">
                                 <Attributes />
                                 <ID>6641a389-6499-492e-8bf9-a4debc</ID>
                                 <ScriptItems />
                                 <Width>62</Width>
                                 <Height>62</Height>
                                 <EventExpressions />
                              </Element>
                              <Element xsi:type="XString" StyleIndex="3">
                                 <Text>幼托儿童、   </Text>
                              </Element>
                              <Element xsi:type="XTextCheckBox" StyleIndex="3">
                                 <Attributes />
                                 <ID>131b2288-0753-49ca-ae7c-7040e0</ID>
                                 <ScriptItems />
                                 <Width>62</Width>
                                 <Height>62</Height>
                                 <EventExpressions />
                              </Element>
                              <Element xsi:type="XString" StyleIndex="3">
                                 <Text>散居儿童、  </Text>
                              </Element>
                              <Element xsi:type="XTextCheckBox" StyleIndex="3">
                                 <Attributes />
                                 <ID>71496654-01cb-4af9-8ed6-9cd4be</ID>
                                 <ScriptItems />
                                 <Width>62</Width>
                                 <Height>62</Height>
                                 <EventExpressions />
                              </Element>
                              <Element xsi:type="XString" StyleIndex="3">
                                 <Text>学生(大中小学)、  </Text>
                              </Element>
                              <Element xsi:type="XTextCheckBox" StyleIndex="3">
                                 <Attributes />
                                 <ID>aaff008c-1e83-45e7-8048-2eb098</ID>
                                 <ScriptItems />
                                 <Width>62</Width>
                                 <Height>62</Height>
                                 <EventExpressions />
                              </Element>
                              <Element xsi:type="XString" StyleIndex="3">
                                 <Text>教师、  </Text>
                              </Element>
                              <Element xsi:type="XTextCheckBox" StyleIndex="3">
                                 <Attributes />
                                 <ID>a8cd836f-88d9-4601-8ec9-ae2f30</ID>
                                 <ScriptItems />
                                 <Width>62</Width>
                                 <Height>62</Height>
                                 <EventExpressions />
                              </Element>
                              <Element xsi:type="XString" StyleIndex="3">
                                 <Text>保育员及保姆、</Text>
                              </Element>
                              <Element xsi:type="XTextCheckBox" StyleIndex="3">
                                 <Attributes />
                                 <ID>839c4881-70cf-43be-bd1d-82d824</ID>
                                 <ScriptItems />
                                 <Width>62</Width>
                                 <Height>62</Height>
                                 <EventExpressions />
                              </Element>
                              <Element xsi:type="XString" StyleIndex="3">
                                 <Text>餐饮食品业、</Text>
                              </Element>
                              <Element xsi:type="XTextCheckBox" StyleIndex="3">
                                 <Attributes />
                                 <ID>93568771-ed13-4ba9-9660-b7f4cf</ID>
                                 <ScriptItems />
                                 <Width>62</Width>
                                 <Height>62</Height>
                                 <EventExpressions />
                              </Element>
                              <Element xsi:type="XString" StyleIndex="3">
                                 <Text>商业服务、</Text>
                              </Element>
                              <Element xsi:type="XTextCheckBox" StyleIndex="3">
                                 <Attributes />
                                 <ID>020b9770-082d-4d56-abc7-5e16cb</ID>
                                 <ScriptItems />
                                 <Width>62</Width>
                                 <Height>62</Height>
                                 <EventExpressions />
                              </Element>
                              <Element xsi:type="XString" StyleIndex="3">
                                 <Text>医务人员、</Text>
                              </Element>
                              <Element xsi:type="XTextCheckBox" StyleIndex="3">
                                 <Attributes />
                                 <ID>15e2e49f-9d5b-4bab-9884-95d617</ID>
                                 <ScriptItems />
                                 <Width>62</Width>
                                 <Height>62</Height>
                                 <EventExpressions />
                              </Element>
                              <Element xsi:type="XString" StyleIndex="3">
                                 <Text>工人、</Text>
                              </Element>
                              <Element xsi:type="XTextCheckBox" StyleIndex="3">
                                 <Attributes />
                                 <ID>e71d8e26-754e-4763-b491-d9b394</ID>
                                 <ScriptItems />
                                 <Width>62</Width>
                                 <Height>62</Height>
                                 <EventExpressions />
                              </Element>
                              <Element xsi:type="XString" StyleIndex="3">
                                 <Text>民工、</Text>
                              </Element>
                              <Element xsi:type="XTextCheckBox" StyleIndex="3">
                                 <Attributes />
                                 <ID>ab1665be-3280-4e78-adaa-9deaf3</ID>
                                 <ScriptItems />
                                 <Width>62</Width>
                                 <Height>62</Height>
                                 <EventExpressions />
                              </Element>
                              <Element xsi:type="XString" StyleIndex="3">
                                 <Text>农民、</Text>
                              </Element>
                              <Element xsi:type="XTextCheckBox" StyleIndex="3">
                                 <Attributes />
                                 <ID>8a5e93b9-f3af-42d3-b060-38d52d</ID>
                                 <ScriptItems />
                                 <Width>62</Width>
                                 <Height>62</Height>
                                 <EventExpressions />
                              </Element>
                              <Element xsi:type="XString" StyleIndex="3">
                                 <Text>牧民、</Text>
                              </Element>
                              <Element xsi:type="XTextCheckBox" StyleIndex="3">
                                 <Attributes />
                                 <ID>42dc5e9b-099b-4edd-b109-d030b7</ID>
                                 <ScriptItems />
                                 <Width>62</Width>
                                 <Height>62</Height>
                                 <EventExpressions />
                              </Element>
                              <Element xsi:type="XString" StyleIndex="3">
                                 <Text>渔（船）民、</Text>
                              </Element>
                              <Element xsi:type="XTextCheckBox" StyleIndex="3">
                                 <Attributes />
                                 <ID>ffe1f7c3-d4d7-44ec-9bdf-364845</ID>
                                 <ScriptItems />
                                 <Width>62</Width>
                                 <Height>62</Height>
                                 <EventExpressions />
                              </Element>
                              <Element xsi:type="XString" StyleIndex="3">
                                 <Text>干部职员、</Text>
                              </Element>
                              <Element xsi:type="XTextCheckBox" StyleIndex="3">
                                 <Attributes />
                                 <ID>0111976f-2a6d-43f6-9cf5-a6ff08</ID>
                                 <ScriptItems />
                                 <Width>62</Width>
                                 <Height>62</Height>
                                 <EventExpressions />
                              </Element>
                              <Element xsi:type="XString" StyleIndex="3">
                                 <Text>离退人员、</Text>
                              </Element>
                              <Element xsi:type="XTextCheckBox" StyleIndex="3">
                                 <Attributes />
                                 <ID>4fe5ce84-a758-4fcc-b799-ee1c93</ID>
                                 <ScriptItems />
                                 <Width>62</Width>
                                 <Height>62</Height>
                                 <EventExpressions />
                              </Element>
                              <Element xsi:type="XString" StyleIndex="3">
                                 <Text>家务及待业、</Text>
                              </Element>
                              <Element xsi:type="XTextCheckBox" StyleIndex="3">
                                 <Attributes />
                                 <ID>2b7ef61d-83fd-4736-b4a4-271ec1</ID>
                                 <ScriptItems />
                                 <Width>62</Width>
                                 <Height>62</Height>
                                 <EventExpressions />
                              </Element>
                              <Element xsi:type="XString" StyleIndex="3">
                                 <Text>其他（   ）、</Text>
                              </Element>
                              <Element xsi:type="XTextCheckBox" StyleIndex="3">
                                 <Attributes />
                                 <ID>fe93ea81-6848-4dea-be46-b52dba</ID>
                                 <ScriptItems />
                                 <Width>62</Width>
                                 <Height>62</Height>
                                 <EventExpressions />
                              </Element>
                              <Element xsi:type="XString" StyleIndex="3">
                                 <Text>不详</Text>
                              </Element>
                              <Element xsi:type="XParagraphFlag" StyleIndex="3" />
                           </XElements>
                        </Element>
                     </XElements>
                     <SpecifyHeight>870.14</SpecifyHeight>
                  </Element>
                  <Element xsi:type="XTextTableRow">
                     <Attributes />
                     <Expressions />
                     <ScriptItems />
                     <XElements>
                        <Element xsi:type="XTextTableCell" StyleIndex="2">
                           <Attributes />
                           <Expressions />
                           <ScriptItems />
                           <XElements>
                              <Element xsi:type="XString" StyleIndex="3">
                                 <Text>接触史：（可多选）</Text>
                              </Element>
                              <Element xsi:type="XParagraphFlag" StyleIndex="3" />
                              <Element xsi:type="XTextCheckBox" StyleIndex="7">
                                 <Attributes />
                                 <ID>fc8c321a-3ecc-424a-9e2f-6c9f3e</ID>
                                 <ScriptItems />
                                 <Width>62</Width>
                                 <Height>62</Height>
                                 <EventExpressions />
                              </Element>
                              <Element xsi:type="XString" StyleIndex="7">
                                 <Text>注射毒品史（在您记忆中有</Text>
                              </Element>
                              <Element xsi:type="XString" StyleIndex="9" WhiteSpaceLength="7">
                                 <Text>       </Text>
                              </Element>
                              <Element xsi:type="XString" StyleIndex="7">
                                 <Text>人与您共用过注射器？）</Text>
                              </Element>
                              <Element xsi:type="XParagraphFlag">
                                 <ID>e672e74d-274e-47b1-99ed-51dde6</ID>
                              </Element>
                              <Element xsi:type="XTextCheckBox" StyleIndex="7">
                                 <Attributes />
                                 <ID>64ec2387-88ad-454b-a20e-ef1e50</ID>
                                 <ScriptItems />
                                 <Width>62</Width>
                                 <Height>62</Height>
                                 <EventExpressions />
                              </Element>
                              <Element xsi:type="XString" StyleIndex="7">
                                 <Text>非婚异性性接触史（在您记忆中有</Text>
                              </Element>
                              <Element xsi:type="XString" StyleIndex="9" WhiteSpaceLength="7">
                                 <Text>       </Text>
                              </Element>
                              <Element xsi:type="XString" StyleIndex="7">
                                 <Text>人与您有过非婚性行为？）</Text>
                              </Element>
                              <Element xsi:type="XParagraphFlag">
                                 <ID>08aa62ff-3dea-4c6d-a45f-3df0a1</ID>
                              </Element>
                              <Element xsi:type="XTextCheckBox" StyleIndex="7">
                                 <Attributes />
                                 <ID>56c1a51f-2131-47fa-b537-20eee7</ID>
                                 <ScriptItems />
                                 <Width>62</Width>
                                 <Height>62</Height>
                                 <EventExpressions />
                              </Element>
                              <Element xsi:type="XString" StyleIndex="7">
                                 <Text>配偶/固定性伴阳性</Text>
                              </Element>
                              <Element xsi:type="XParagraphFlag">
                                 <ID>96fa03ed-f81b-4bca-bc1d-eba4c9</ID>
                              </Element>
                              <Element xsi:type="XTextCheckBox" StyleIndex="7">
                                 <Attributes />
                                 <ID>4f448286-e905-474c-8003-16bb4f</ID>
                                 <ScriptItems />
                                 <Width>62</Width>
                                 <Height>62</Height>
                                 <EventExpressions />
                              </Element>
                              <Element xsi:type="XString" StyleIndex="7">
                                 <Text>男性行为史（在您记忆中有</Text>
                              </Element>
                              <Element xsi:type="XString" StyleIndex="9" WhiteSpaceLength="7">
                                 <Text>       </Text>
                              </Element>
                              <Element xsi:type="XString" StyleIndex="7">
                                 <Text>人与您有过同性性行为？）</Text>
                              </Element>
                              <Element xsi:type="XParagraphFlag">
                                 <ID>0c849055-0e4f-4043-8228-c460ec</ID>
                              </Element>
                              <Element xsi:type="XTextCheckBox" StyleIndex="7">
                                 <Attributes />
                                 <ID>a44c1648-b0b6-49c9-8b7d-83d9b3</ID>
                                 <ScriptItems />
                                 <Width>62</Width>
                                 <Height>62</Height>
                                 <EventExpressions />
                              </Element>
                              <Element xsi:type="XString" StyleIndex="7">
                                 <Text>献血（浆）史       </Text>
                              </Element>
                              <Element xsi:type="XTextCheckBox" StyleIndex="7">
                                 <Attributes />
                                 <ID>f04b2802-cc25-4841-85ce-0a1aa6</ID>
                                 <ScriptItems />
                                 <Width>62</Width>
                                 <Height>62</Height>
                                 <EventExpressions />
                              </Element>
                              <Element xsi:type="XString" StyleIndex="7">
                                 <Text>输血/血制品史              </Text>
                              </Element>
                              <Element xsi:type="XTextCheckBox" StyleIndex="7">
                                 <Attributes />
                                 <ID>d5ea1eac-739e-4352-b107-fc659f</ID>
                                 <ScriptItems />
                                 <Width>62</Width>
                                 <Height>62</Height>
                                 <EventExpressions />
                              </Element>
                              <Element xsi:type="XString" StyleIndex="7">
                                 <Text>母亲阳性      </Text>
                              </Element>
                              <Element xsi:type="XTextCheckBox" StyleIndex="7">
                                 <Attributes />
                                 <ID>5e8dadfa-4aad-47f5-8335-a8bf5c</ID>
                                 <ScriptItems />
                                 <Width>62</Width>
                                 <Height>62</Height>
                                 <EventExpressions />
                              </Element>
                              <Element xsi:type="XString" StyleIndex="7">
                                 <Text>职业暴露史</Text>
                              </Element>
                              <Element xsi:type="XParagraphFlag">
                                 <ID>fd902193-710d-415c-9e04-722b82</ID>
                              </Element>
                              <Element xsi:type="XTextCheckBox" StyleIndex="7">
                                 <Attributes />
                                 <ID>85fa740b-d042-49be-8755-739500</ID>
                                 <ScriptItems />
                                 <Width>62</Width>
                                 <Height>62</Height>
                                 <EventExpressions />
                              </Element>
                              <Element xsi:type="XString" StyleIndex="7">
                                 <Text>手术史             </Text>
                              </Element>
                              <Element xsi:type="XTextCheckBox" StyleIndex="7">
                                 <Attributes />
                                 <ID>0824b4b8-16f4-4d6f-b5bd-ef4b06</ID>
                                 <ScriptItems />
                                 <Width>62</Width>
                                 <Height>62</Height>
                                 <EventExpressions />
                              </Element>
                              <Element xsi:type="XString" StyleIndex="7">
                                 <Text>其他</Text>
                              </Element>
                              <Element xsi:type="XString" StyleIndex="9" WhiteSpaceLength="9">
                                 <Text>         </Text>
                              </Element>
                              <Element xsi:type="XString" StyleIndex="7">
                                 <Text>（请注明）    </Text>
                              </Element>
                              <Element xsi:type="XTextCheckBox" StyleIndex="7">
                                 <Attributes />
                                 <ID>311595e5-e54c-4456-a32e-22d92e</ID>
                                 <ScriptItems />
                                 <Width>62</Width>
                                 <Height>62</Height>
                                 <EventExpressions />
                              </Element>
                              <Element xsi:type="XString" StyleIndex="7">
                                 <Text>不详    </Text>
                              </Element>
                              <Element xsi:type="XParagraphFlag" StyleIndex="3" />
                           </XElements>
                        </Element>
                     </XElements>
                     <SpecifyHeight>539.5337</SpecifyHeight>
                  </Element>
                  <Element xsi:type="XTextTableRow">
                     <Attributes />
                     <Expressions />
                     <ScriptItems />
                     <XElements>
                        <Element xsi:type="XTextTableCell" StyleIndex="2">
                           <Attributes />
                           <Expressions />
                           <ScriptItems />
                           <XElements>
                              <Element xsi:type="XTextCheckBox" StyleIndex="7">
                                 <Attributes />
                                 <ID>be42a3eb-b75c-45ba-b636-9ffba1</ID>
                                 <ScriptItems />
                                 <Width>62</Width>
                                 <Height>62</Height>
                                 <EventExpressions />
                              </Element>
                              <Element xsi:type="XString" StyleIndex="7">
                                 <Text>性病史：           </Text>
                              </Element>
                              <Element xsi:type="XTextCheckBox" StyleIndex="7">
                                 <Attributes />
                                 <ID>26ab18d1-52d2-4eae-b407-8492f3</ID>
                                 <ScriptItems />
                                 <Width>62</Width>
                                 <Height>62</Height>
                                 <EventExpressions />
                              </Element>
                              <Element xsi:type="XString" StyleIndex="7">
                                 <Text>有          </Text>
                              </Element>
                              <Element xsi:type="XTextCheckBox" StyleIndex="7">
                                 <Attributes />
                                 <ID>4eacb537-b64e-45e8-ac46-3c374d</ID>
                                 <ScriptItems />
                                 <Width>62</Width>
                                 <Height>62</Height>
                                 <EventExpressions />
                              </Element>
                              <Element xsi:type="XString" StyleIndex="7">
                                 <Text>无          </Text>
                              </Element>
                              <Element xsi:type="XTextCheckBox" StyleIndex="7">
                                 <Attributes />
                                 <ID>a010b0ad-98d6-4bc3-9208-bb1052</ID>
                                 <ScriptItems />
                                 <Width>62</Width>
                                 <Height>62</Height>
                                 <EventExpressions />
                              </Element>
                              <Element xsi:type="XString" StyleIndex="7">
                                 <Text>不详</Text>
                              </Element>
                              <Element xsi:type="XParagraphFlag" StyleIndex="3" />
                           </XElements>
                        </Element>
                     </XElements>
                     <SpecifyHeight>123.627861</SpecifyHeight>
                  </Element>
                  <Element xsi:type="XTextTableRow">
                     <Attributes />
                     <Expressions />
                     <ScriptItems />
                     <XElements>
                        <Element xsi:type="XTextTableCell" StyleIndex="2">
                           <Attributes />
                           <Expressions />
                           <ScriptItems />
                           <XElements>
                              <Element xsi:type="XString" StyleIndex="3">
                                 <Text>检测样本来源*：（单选）：</Text>
                              </Element>
                              <Element xsi:type="XParagraphFlag">
                                 <ID>872ee3cb-02ef-49fb-93bc-ed9d8f</ID>
                              </Element>
                              <Element xsi:type="XTextCheckBox" StyleIndex="7">
                                 <Attributes />
                                 <ID>3a9a7a32-2fb0-4ace-a352-d6f055</ID>
                                 <ScriptItems />
                                 <Width>62</Width>
                                 <Height>62</Height>
                                 <EventExpressions />
                              </Element>
                              <Element xsi:type="XString" StyleIndex="7">
                                 <Text>术前检测             </Text>
                              </Element>
                              <Element xsi:type="XTextCheckBox" StyleIndex="7">
                                 <Attributes />
                                 <ID>e4c832b0-c0d2-4e31-9bf6-2cd33e</ID>
                                 <ScriptItems />
                                 <Width>62</Width>
                                 <Height>62</Height>
                                 <EventExpressions />
                              </Element>
                              <Element xsi:type="XString" StyleIndex="7">
                                 <Text>受血（制品)前检测 </Text>
                              </Element>
                              <Element xsi:type="XTextCheckBox" StyleIndex="7">
                                 <Attributes />
                                 <ID>f5a744c2-3e5b-43a3-adf7-254873</ID>
                                 <ScriptItems />
                                 <Width>62</Width>
                                 <Height>62</Height>
                                 <EventExpressions />
                              </Element>
                              <Element xsi:type="XString" StyleIndex="7">
                                 <Text>性病门诊        </Text>
                              </Element>
                              <Element xsi:type="XTextCheckBox" StyleIndex="7">
                                 <Attributes />
                                 <ID>2fa1a0e8-e636-4191-b451-bf53cf</ID>
                                 <ScriptItems />
                                 <Width>62</Width>
                                 <Height>62</Height>
                                 <EventExpressions />
                              </Element>
                              <Element xsi:type="XString" StyleIndex="7">
                                 <Text>其他就诊者检测</Text>
                              </Element>
                              <Element xsi:type="XParagraphFlag">
                                 <ID>c13dfdd5-03ca-4748-ab26-b797e4</ID>
                              </Element>
                              <Element xsi:type="XTextCheckBox" StyleIndex="7">
                                 <Attributes />
                                 <ID>4c81354b-bab8-42d7-94c8-2c37fe</ID>
                                 <ScriptItems />
                                 <Width>62</Width>
                                 <Height>62</Height>
                                 <EventExpressions />
                              </Element>
                              <Element xsi:type="XString" StyleIndex="7">
                                 <Text>婚前检查(含涉外婚姻) </Text>
                              </Element>
                              <Element xsi:type="XTextCheckBox" StyleIndex="7">
                                 <Attributes />
                                 <ID>6c46da9f-79ad-4fd5-89c1-c87d7d</ID>
                                 <ScriptItems />
                                 <Width>62</Width>
                                 <Height>62</Height>
                                 <EventExpressions />
                              </Element>
                              <Element xsi:type="XString" StyleIndex="7">
                                 <Text>孕产期检查        </Text>
                              </Element>
                              <Element xsi:type="XTextCheckBox" StyleIndex="7">
                                 <Attributes />
                                 <ID>84fa5f7a-69a1-4575-9e8a-010039</ID>
                                 <ScriptItems />
                                 <Width>62</Width>
                                 <Height>62</Height>
                                 <EventExpressions />
                              </Element>
                              <Element xsi:type="XString" StyleIndex="7">
                                 <Text>检测咨询        </Text>
                              </Element>
                              <Element xsi:type="XTextCheckBox" StyleIndex="7">
                                 <Attributes />
                                 <ID>4f221ee0-c2c5-423b-b717-802fb4</ID>
                                 <ScriptItems />
                                 <Width>62</Width>
                                 <Height>62</Height>
                                 <EventExpressions />
                              </Element>
                              <Element xsi:type="XString" StyleIndex="7">
                                 <Text>阳性者配偶或性伴检测</Text>
                              </Element>
                              <Element xsi:type="XParagraphFlag">
                                 <ID>ebf7c05d-f8a5-4f37-9109-f9ed44</ID>
                              </Element>
                              <Element xsi:type="XTextCheckBox" StyleIndex="7">
                                 <Attributes />
                                 <ID>decfd273-f2d8-4000-9962-3c70fc</ID>
                                 <ScriptItems />
                                 <Width>62</Width>
                                 <Height>62</Height>
                                 <EventExpressions />
                              </Element>
                              <Element xsi:type="XString" StyleIndex="7">
                                 <Text>女性阳性者子女检测   </Text>
                              </Element>
                              <Element xsi:type="XTextCheckBox" StyleIndex="7">
                                 <Attributes />
                                 <ID>223a14f7-e6fc-4d22-8c7c-39f78c</ID>
                                 <ScriptItems />
                                 <Width>62</Width>
                                 <Height>62</Height>
                                 <EventExpressions />
                              </Element>
                              <Element xsi:type="XString" StyleIndex="7">
                                 <Text>职业暴露检测      </Text>
                              </Element>
                              <Element xsi:type="XTextCheckBox" StyleIndex="7">
                                 <Attributes />
                                 <ID>fdab387c-ac1b-47fb-b9b9-4fc50e</ID>
                                 <ScriptItems />
                                 <Width>62</Width>
                                 <Height>62</Height>
                                 <EventExpressions />
                              </Element>
                              <Element xsi:type="XString" StyleIndex="7">
                                 <Text>娱乐场所人员体检</Text>
                              </Element>
                              <Element xsi:type="XTextCheckBox" StyleIndex="7">
                                 <Attributes />
                                 <ID>91408fce-879b-4da7-86ff-0260f1</ID>
                                 <ScriptItems />
                                 <Width>62</Width>
                                 <Height>62</Height>
                                 <EventExpressions />
                              </Element>
                              <Element xsi:type="XString" StyleIndex="7">
                                 <Text>有偿供血(浆)人员检测</Text>
                              </Element>
                              <Element xsi:type="XParagraphFlag">
                                 <ID>e37bba3c-a0ff-48a3-bab9-656c6f</ID>
                              </Element>
                              <Element xsi:type="XTextCheckBox" StyleIndex="7">
                                 <Attributes />
                                 <ID>c1948bf1-aafa-4daf-95a4-1858bc</ID>
                                 <ScriptItems />
                                 <Width>62</Width>
                                 <Height>62</Height>
                                 <EventExpressions />
                              </Element>
                              <Element xsi:type="XString" StyleIndex="7">
                                 <Text>无偿献血人员检测     </Text>
                              </Element>
                              <Element xsi:type="XTextCheckBox" StyleIndex="7">
                                 <Attributes />
                                 <ID>8ab18ac0-f645-477a-8432-e2eaae</ID>
                                 <ScriptItems />
                                 <Width>62</Width>
                                 <Height>62</Height>
                                 <EventExpressions />
                              </Element>
                              <Element xsi:type="XString" StyleIndex="7">
                                 <Text>出入境人员体检    </Text>
                              </Element>
                              <Element xsi:type="XTextCheckBox" StyleIndex="7">
                                 <Attributes />
                                 <ID>6beb583b-f749-4949-bc24-bdd27e</ID>
                                 <ScriptItems />
                                 <Width>62</Width>
                                 <Height>62</Height>
                                 <EventExpressions />
                              </Element>
                              <Element xsi:type="XString" StyleIndex="7">
                                 <Text>新兵体检        </Text>
                              </Element>
                              <Element xsi:type="XTextCheckBox" StyleIndex="7">
                                 <Attributes />
                                 <ID>847d49b8-d746-4c4b-9fdd-16e4f7</ID>
                                 <ScriptItems />
                                 <Width>62</Width>
                                 <Height>62</Height>
                                 <EventExpressions />
                              </Element>
                              <Element xsi:type="XString" StyleIndex="7">
                                 <Text>强制/劳教戒毒人员检测</Text>
                              </Element>
                              <Element xsi:type="XParagraphFlag">
                                 <ID>58f08383-ac22-40e5-82ad-d68d0e</ID>
                              </Element>
                              <Element xsi:type="XTextCheckBox" StyleIndex="7">
                                 <Attributes />
                                 <ID>08844ac6-9711-474e-8682-476d05</ID>
                                 <ScriptItems />
                                 <Width>62</Width>
                                 <Height>62</Height>
                                 <EventExpressions />
                              </Element>
                              <Element xsi:type="XString" StyleIndex="7">
                                 <Text>妇教所/女劳收教人员检测</Text>
                              </Element>
                              <Element xsi:type="XTextCheckBox" StyleIndex="7">
                                 <Attributes />
                                 <ID>2c96cd42-7aba-4aa4-8dc4-79c7a7</ID>
                                 <ScriptItems />
                                 <Width>62</Width>
                                 <Height>62</Height>
                                 <EventExpressions />
                              </Element>
                              <Element xsi:type="XString" StyleIndex="7">
                                 <Text>其他羁押人员体检</Text>
                              </Element>
                              <Element xsi:type="XTextCheckBox" StyleIndex="7">
                                 <Attributes />
                                 <ID>ddbb4265-70ee-4df0-a9a8-7bcd38</ID>
                                 <ScriptItems />
                                 <Width>62</Width>
                                 <Height>62</Height>
                                 <EventExpressions />
                              </Element>
                              <Element xsi:type="XString" StyleIndex="7">
                                 <Text>专题调查        </Text>
                              </Element>
                              <Element xsi:type="XTextCheckBox" StyleIndex="7">
                                 <Attributes />
                                 <ID>d644a145-7fa9-4ce4-b67b-93247a</ID>
                                 <ScriptItems />
                                 <Width>62</Width>
                                 <Height>62</Height>
                                 <EventExpressions />
                              </Element>
                              <Element xsi:type="XString" StyleIndex="7">
                                 <Text>其他</Text>
                              </Element>
                              <Element xsi:type="XString" StyleIndex="9" WhiteSpaceLength="7">
                                 <Text>       </Text>
                              </Element>
                              <Element xsi:type="XString" StyleIndex="7">
                                 <Text>（请注明）</Text>
                              </Element>
                              <Element xsi:type="XParagraphFlag" StyleIndex="3" />
                           </XElements>
                        </Element>
                     </XElements>
                     <SpecifyHeight>513.143433</SpecifyHeight>
                  </Element>
                  <Element xsi:type="XTextTableRow">
                     <Attributes />
                     <Expressions />
                     <ScriptItems />
                     <XElements>
                        <Element xsi:type="XTextTableCell" StyleIndex="2">
                           <Attributes />
                           <Expressions />
                           <ScriptItems />
                           <XElements>
                              <Element xsi:type="XParagraphFlag" StyleIndex="3" />
                              <Element xsi:type="XString" StyleIndex="3">
                                 <Text>送检单位*：</Text>
                              </Element>
                              <Element xsi:type="XInputField" StyleIndex="11">
                                 <Attributes />
                                 <ID>field4</ID>
                                 <EnableValueValidate>true</EnableValueValidate>
                                 <VisibleExpression />
                                 <ValueExpression />
                                 <Expressions />
                                 <ScriptItems />
                                 <XElements>
                                    <Element xsi:type="XString" StyleIndex="11" WhiteSpaceLength="33">
                                       <Text>                                 </Text>
                                    </Element>
                                 </XElements>
                                 <BorderElementColor />
                                 <EventExpressions />
                                 <InnerValue>                                 </InnerValue>
                              </Element>
                              <Element xsi:type="XString" StyleIndex="3">
                                 <Text>    开具化验单日期*：</Text>
                              </Element>
                              <Element xsi:type="XInputField">
                                 <Attributes />
                                 <ID>field2</ID>
                                 <EnableValueValidate>true</EnableValueValidate>
                                 <VisibleExpression />
                                 <ValueExpression />
                                 <Expressions />
                                 <ScriptItems />
                                 <XElements />
                                 <BorderElementColor />
                                 <EventExpressions />
                                 <BackgroundText>日期</BackgroundText>
                                 <FieldSettings>
                                    <EditStyle>Date</EditStyle>
                                 </FieldSettings>
                              </Element>
                              <Element xsi:type="XParagraphFlag" StyleIndex="3" />
                              <Element xsi:type="XString" StyleIndex="3">
                                 <Text>送检医生：</Text>
                              </Element>
                              <Element xsi:type="XInputField" StyleIndex="11">
                                 <Attributes />
                                 <ID>field4</ID>
                                 <EnableValueValidate>true</EnableValueValidate>
                                 <VisibleExpression />
                                 <ValueExpression />
                                 <Expressions />
                                 <ScriptItems />
                                 <XElements>
                                    <Element xsi:type="XString" StyleIndex="11" WhiteSpaceLength="30">
                                       <Text>                              </Text>
                                    </Element>
                                 </XElements>
                                 <BorderElementColor />
                                 <EventExpressions />
                                 <InnerValue>                              </InnerValue>
                              </Element>
                              <Element xsi:type="XParagraphFlag" StyleIndex="3" />
                           </XElements>
                        </Element>
                     </XElements>
                     <SpecifyHeight>227.170685</SpecifyHeight>
                  </Element>
                  <Element xsi:type="XTextTableRow">
                     <Attributes />
                     <Expressions />
                     <ScriptItems />
                     <XElements>
                        <Element xsi:type="XTextTableCell" StyleIndex="10">
                           <Attributes />
                           <Expressions />
                           <ScriptItems />
                           <XElements>
                              <Element xsi:type="XString" StyleIndex="3">
                                 <Text> 备注：</Text>
                              </Element>
                              <Element xsi:type="XParagraphFlag" StyleIndex="3" />
                              <Element xsi:type="XParagraphFlag" StyleIndex="3" />
                           </XElements>
                        </Element>
                     </XElements>
                     <SpecifyHeight>369.780457</SpecifyHeight>
                  </Element>
               </XElements>
               <Columns>
                  <Element xsi:type="XTextTableColumn">
                     <Attributes />
                     <Width>2006.75</Width>
                  </Element>
               </Columns>
            </Element>
            <Element xsi:type="XString" WhiteSpaceLength="1">
               <Text> </Text>
            </Element>
            <Element xsi:type="XParagraphFlag" />
            <Element xsi:type="XString">
               <Text> 		*为必填项</Text>
            </Element>
         </XElements>
      </Element>
      <Element xsi:type="XTextHeader" StyleIndex="0">
         <Attributes />
         <Expressions />
         <ScriptItems />
         <XElements>
            <Element xsi:type="XParagraphFlag" StyleIndex="1" />
            <Element xsi:type="XString" StyleIndex="1">
               <Text>艾滋病抗体初筛阳性标本相关信息收集表</Text>
            </Element>
            <Element xsi:type="XParagraphFlag" StyleIndex="6" />
         </XElements>
      </Element>
      <Element xsi:type="XTextFooter" StyleIndex="0">
         <Attributes />
         <Expressions />
         <ScriptItems />
         <XElements />
      </Element>
   </XElements>
   <Info>
      <LicenseText>南京都昌信息科技有限公司:南京都昌信息科技有限公司内部测试注册,www.dcwriter.cn。</LicenseText>
      <CreationTime>2014-01-24T10:04:18.8070458+08:00</CreationTime>
      <LastModifiedTime>2015-02-14T09:24:00.8231641+08:00</LastModifiedTime>
      <LastPrintTime>1980-01-01T00:00:00</LastPrintTime>
      <Operator>DCSoft.Writer Version:1.1.1820.25330</Operator>
      <NumOfPage>1</NumOfPage>
   </Info>
   <BodyText>患者姓名*：                        （患者家长姓名：                    ） 
身份证号*：                     性别：□男□女
出生日期*：     年   月    日（如出生日期不详，实足年龄：    年龄单位： 岁 月 天）
工作单位*：                                 联系电话*：                             
病例属于*：□本县区□本市其他县区□本省其它地方     □外省     □港澳台     □外籍
现住地（详填）*：      省      市      县(区)      乡（镇、街道）       村       （门牌号）
户籍地址（详填）*：      省     市     县(区)      乡（镇、街道）       村       （门牌号）
婚姻状况*：□未婚  □已婚有配偶   □离异或丧偶   □不详      民族：族
文化程度*：□文盲      □小学        □初中      □高中或中专     □大专及以上
患者职业*：□幼托儿童、   □散居儿童、  □学生(大中小学)、  □教师、  □保育员及保姆、□餐饮食品业、□商业服务、□医务人员、□工人、□民工、□农民、□牧民、□渔（船）民、□干部职员、□离退人员、□家务及待业、□其他（   ）、□不详 
接触史：（可多选）
□注射毒品史（在您记忆中有       人与您共用过注射器？）
□非婚异性性接触史（在您记忆中有       人与您有过非婚性行为？）
□配偶/固定性伴阳性
□男性行为史（在您记忆中有       人与您有过同性性行为？）
□献血（浆）史       □输血/血制品史              □母亲阳性      □职业暴露史
□手术史             □其他         （请注明）    □不详     
□性病史：           □有          □无          □不详 
检测样本来源*：（单选）：
□术前检测             □受血（制品)前检测 □性病门诊        □其他就诊者检测
□婚前检查(含涉外婚姻) □孕产期检查        □检测咨询        □阳性者配偶或性伴检测
□女性阳性者子女检测   □职业暴露检测      □娱乐场所人员体检□有偿供血(浆)人员检测
□无偿献血人员检测     □出入境人员体检    □新兵体检        □强制/劳教戒毒人员检测
□妇教所/女劳收教人员检测□其他羁押人员体检□专题调查        □其他       （请注明） 

送检单位*：                                     开具化验单日期*：
送检医生：                               
 备注：
  
 		*为必填项</BodyText>
   <Comments />
   <LocalConfig />
   <PageSettings>
      <PrinterName />
      <PaperSource />
      <LeftMargin>77</LeftMargin>
      <RightMargin>77</RightMargin>
      <BottomMargin>82</BottomMargin>
   </PageSettings>
   <ContentStyles>
      <Default xsi:type="DocumentContentStyle">
         <FontName>宋体</FontName>
         <FontSize>12</FontSize>
      </Default>
      <Styles>
         <Style Index="0">
            <FontName>宋体</FontName>
            <FontSize>12</FontSize>
            <Align>Center</Align>
         </Style>
         <Style Index="1">
            <Color>32, 31, 53</Color>
            <FontName>宋体</FontName>
            <FontSize>18</FontSize>
            <Bold>true</Bold>
            <Align>Center</Align>
         </Style>
         <Style Index="2">
            <FontName>宋体</FontName>
            <FontSize>12</FontSize>
            <VerticalAlign>Middle</VerticalAlign>
            <BorderWidth>1</BorderWidth>
            <BorderLeft>true</BorderLeft>
            <BorderBottom>true</BorderBottom>
            <BorderTop>true</BorderTop>
            <BorderRight>true</BorderRight>
            <PaddingLeft>15</PaddingLeft>
            <PaddingTop>10</PaddingTop>
            <PaddingBottom>10</PaddingBottom>
         </Style>
         <Style Index="3">
            <FontName>宋体</FontName>
            <FontSize>10.5</FontSize>
         </Style>
         <Style Index="4">
            <FontName>宋体</FontName>
            <FontSize>10.5</FontSize>
            <Underline>true</Underline>
         </Style>
         <Style Index="5">
            <FontName>宋体</FontName>
            <FontSize>10.5</FontSize>
            <CharacterCircle>Rectangle</CharacterCircle>
         </Style>
         <Style Index="6">
            <Color>32, 31, 53</Color>
            <FontName>宋体</FontName>
            <FontSize>18</FontSize>
            <Bold>true</Bold>
            <Align>Center</Align>
            <FirstLineIndent>100</FirstLineIndent>
            <LeftIndent>100</LeftIndent>
            <CreatorIndex>0</CreatorIndex>
         </Style>
         <Style Index="7">
            <Color>32, 31, 53</Color>
            <FontName>宋体</FontName>
            <FontSize>11</FontSize>
         </Style>
         <Style Index="8">
            <FontName>宋体</FontName>
            <FontSize>10.5</FontSize>
            <LineSpacingStyle>SpaceExactly</LineSpacingStyle>
         </Style>
         <Style Index="9">
            <Color>32, 31, 53</Color>
            <FontName>宋体</FontName>
            <FontSize>11</FontSize>
            <Underline>true</Underline>
         </Style>
         <Style Index="10">
            <FontName>宋体</FontName>
            <FontSize>12</FontSize>
            <BorderWidth>1</BorderWidth>
            <BorderLeft>true</BorderLeft>
            <BorderBottom>true</BorderBottom>
            <BorderTop>true</BorderTop>
            <BorderRight>true</BorderRight>
            <PaddingLeft>15</PaddingLeft>
            <PaddingTop>10</PaddingTop>
            <PaddingBottom>10</PaddingBottom>
         </Style>
         <Style Index="11">
            <FontName>宋体</FontName>
            <FontSize>12</FontSize>
            <Underline>true</Underline>
         </Style>
      </Styles>
   </ContentStyles>
   <UserHistories>
      <History>
         <ID>admin</ID>
         <Name>管理员</Name>
         <SavedTime>2014-01-24T13:54:30.9142717+08:00</SavedTime>
      </History>
   </UserHistories>
</XTextDocument>