﻿<?xml version="1.0" encoding="utf-8"?>
<XTextDocument xmlns:xsi="http://www.w3.org/2001/XMLSchema-instance" xmlns:xsd="http://www.w3.org/2001/XMLSchema" EditorVersionString="1.2014.4.30">
   <Attributes />
   <XElements>
      <Element xsi:type="XTextBody">
         <Attributes />
         <Expressions />
         <ScriptItems />
         <XElements>
            <Element xsi:type="XTextTable" NumOfRows="25" NumOfColumns="3">
               <Attributes />
               <ID>table1</ID>
               <Expressions />
               <ScriptItems />
               <XElements>
                  <Element xsi:type="XTextTableRow">
                     <Attributes />
                     <Expressions />
                     <ScriptItems />
                     <XElements>
                        <Element xsi:type="XTextTableCell" StyleIndex="1">
                           <Attributes />
                           <Expressions />
                           <ScriptItems />
                           <XElements>
                              <Element xsi:type="XString">
                                 <Text>11111111111</Text>
                              </Element>
                              <Element xsi:type="XParagraphFlag" />
                           </XElements>
                           <RuntimeMoveFocusHotKey>Tab</RuntimeMoveFocusHotKey>
                        </Element>
                        <Element xsi:type="XTextTableCell" StyleIndex="1">
                           <Attributes />
                           <Expressions />
                           <ScriptItems />
                           <XElements>
                              <Element xsi:type="XParagraphFlag" />
                           </XElements>
                           <RuntimeMoveFocusHotKey>Tab</RuntimeMoveFocusHotKey>
                        </Element>
                        <Element xsi:type="XTextTableCell" StyleIndex="1">
                           <Attributes />
                           <Expressions />
                           <ScriptItems />
                           <XElements>
                              <Element xsi:type="XParagraphFlag" />
                           </XElements>
                           <RuntimeMoveFocusHotKey>Tab</RuntimeMoveFocusHotKey>
                        </Element>
                     </XElements>
                  </Element>
                  <Element xsi:type="XTextTableRow">
                     <Attributes />
                     <Expressions />
                     <ScriptItems />
                     <XElements>
                        <Element xsi:type="XTextTableCell" StyleIndex="1">
                           <Attributes />
                           <Expressions />
                           <ScriptItems />
                           <XElements>
                              <Element xsi:type="XParagraphFlag" />
                           </XElements>
                           <RuntimeMoveFocusHotKey>Tab</RuntimeMoveFocusHotKey>
                        </Element>
                        <Element xsi:type="XTextTableCell" StyleIndex="1">
                           <Attributes />
                           <Expressions />
                           <ScriptItems />
                           <XElements>
                              <Element xsi:type="XString">
                                 <Text>22222222</Text>
                              </Element>
                              <Element xsi:type="XParagraphFlag" />
                           </XElements>
                           <RuntimeMoveFocusHotKey>Tab</RuntimeMoveFocusHotKey>
                        </Element>
                        <Element xsi:type="XTextTableCell" StyleIndex="1">
                           <Attributes />
                           <Expressions />
                           <ScriptItems />
                           <XElements>
                              <Element xsi:type="XParagraphFlag" />
                           </XElements>
                           <RuntimeMoveFocusHotKey>Tab</RuntimeMoveFocusHotKey>
                        </Element>
                     </XElements>
                  </Element>
                  <Element xsi:type="XTextTableRow">
                     <Attributes />
                     <Expressions />
                     <ScriptItems />
                     <XElements>
                        <Element xsi:type="XTextTableCell" StyleIndex="1">
                           <Attributes />
                           <Expressions />
                           <ScriptItems />
                           <XElements>
                              <Element xsi:type="XParagraphFlag" />
                           </XElements>
                           <RuntimeMoveFocusHotKey>Tab</RuntimeMoveFocusHotKey>
                        </Element>
                        <Element xsi:type="XTextTableCell" StyleIndex="1">
                           <Attributes />
                           <Expressions />
                           <ScriptItems />
                           <XElements>
                              <Element xsi:type="XParagraphFlag" />
                           </XElements>
                           <RuntimeMoveFocusHotKey>Tab</RuntimeMoveFocusHotKey>
                        </Element>
                        <Element xsi:type="XTextTableCell" StyleIndex="1">
                           <Attributes />
                           <Expressions />
                           <ScriptItems />
                           <XElements>
                              <Element xsi:type="XString">
                                 <Text>33333333333</Text>
                              </Element>
                              <Element xsi:type="XParagraphFlag" />
                           </XElements>
                           <RuntimeMoveFocusHotKey>Tab</RuntimeMoveFocusHotKey>
                        </Element>
                     </XElements>
                  </Element>
                  <Element xsi:type="XTextTableRow">
                     <Attributes />
                     <Expressions />
                     <ScriptItems />
                     <XElements>
                        <Element xsi:type="XTextTableCell" StyleIndex="1">
                           <Attributes />
                           <Expressions />
                           <ScriptItems />
                           <XElements>
                              <Element xsi:type="XParagraphFlag" />
                           </XElements>
                           <RuntimeMoveFocusHotKey>Tab</RuntimeMoveFocusHotKey>
                        </Element>
                        <Element xsi:type="XTextTableCell" StyleIndex="1">
                           <Attributes />
                           <Expressions />
                           <ScriptItems />
                           <XElements>
                              <Element xsi:type="XParagraphFlag" />
                           </XElements>
                           <RuntimeMoveFocusHotKey>Tab</RuntimeMoveFocusHotKey>
                        </Element>
                        <Element xsi:type="XTextTableCell" StyleIndex="1">
                           <Attributes />
                           <Expressions />
                           <ScriptItems />
                           <XElements>
                              <Element xsi:type="XParagraphFlag" />
                           </XElements>
                           <RuntimeMoveFocusHotKey>Tab</RuntimeMoveFocusHotKey>
                        </Element>
                     </XElements>
                  </Element>
                  <Element xsi:type="XTextTableRow">
                     <Attributes />
                     <Expressions />
                     <ScriptItems />
                     <XElements>
                        <Element xsi:type="XTextTableCell" StyleIndex="1">
                           <Attributes />
                           <Expressions />
                           <ScriptItems />
                           <XElements>
                              <Element xsi:type="XParagraphFlag" />
                           </XElements>
                           <RuntimeMoveFocusHotKey>Tab</RuntimeMoveFocusHotKey>
                        </Element>
                        <Element xsi:type="XTextTableCell" StyleIndex="1">
                           <Attributes />
                           <Expressions />
                           <ScriptItems />
                           <XElements>
                              <Element xsi:type="XParagraphFlag" />
                           </XElements>
                           <RuntimeMoveFocusHotKey>Tab</RuntimeMoveFocusHotKey>
                        </Element>
                        <Element xsi:type="XTextTableCell" StyleIndex="1">
                           <Attributes />
                           <Expressions />
                           <ScriptItems />
                           <XElements>
                              <Element xsi:type="XParagraphFlag" />
                           </XElements>
                           <RuntimeMoveFocusHotKey>Tab</RuntimeMoveFocusHotKey>
                        </Element>
                     </XElements>
                  </Element>
                  <Element xsi:type="XTextTableRow">
                     <Attributes />
                     <Expressions />
                     <ScriptItems />
                     <XElements>
                        <Element xsi:type="XTextTableCell" StyleIndex="1">
                           <Attributes />
                           <Expressions />
                           <ScriptItems />
                           <XElements>
                              <Element xsi:type="XParagraphFlag" />
                           </XElements>
                           <RuntimeMoveFocusHotKey>Tab</RuntimeMoveFocusHotKey>
                        </Element>
                        <Element xsi:type="XTextTableCell" StyleIndex="1">
                           <Attributes />
                           <Expressions />
                           <ScriptItems />
                           <XElements>
                              <Element xsi:type="XParagraphFlag" />
                           </XElements>
                           <RuntimeMoveFocusHotKey>Tab</RuntimeMoveFocusHotKey>
                        </Element>
                        <Element xsi:type="XTextTableCell" StyleIndex="1">
                           <Attributes />
                           <Expressions />
                           <ScriptItems />
                           <XElements>
                              <Element xsi:type="XParagraphFlag" />
                           </XElements>
                           <RuntimeMoveFocusHotKey>Tab</RuntimeMoveFocusHotKey>
                        </Element>
                     </XElements>
                  </Element>
                  <Element xsi:type="XTextTableRow">
                     <Attributes />
                     <Expressions />
                     <ScriptItems />
                     <XElements>
                        <Element xsi:type="XTextTableCell" StyleIndex="1">
                           <Attributes />
                           <Expressions />
                           <ScriptItems />
                           <XElements>
                              <Element xsi:type="XParagraphFlag" />
                           </XElements>
                           <RuntimeMoveFocusHotKey>Tab</RuntimeMoveFocusHotKey>
                        </Element>
                        <Element xsi:type="XTextTableCell" StyleIndex="1">
                           <Attributes />
                           <Expressions />
                           <ScriptItems />
                           <XElements>
                              <Element xsi:type="XParagraphFlag" />
                           </XElements>
                           <RuntimeMoveFocusHotKey>Tab</RuntimeMoveFocusHotKey>
                        </Element>
                        <Element xsi:type="XTextTableCell" StyleIndex="1">
                           <Attributes />
                           <Expressions />
                           <ScriptItems />
                           <XElements>
                              <Element xsi:type="XParagraphFlag" />
                           </XElements>
                           <RuntimeMoveFocusHotKey>Tab</RuntimeMoveFocusHotKey>
                        </Element>
                     </XElements>
                  </Element>
                  <Element xsi:type="XTextTableRow">
                     <Attributes />
                     <Expressions />
                     <ScriptItems />
                     <XElements>
                        <Element xsi:type="XTextTableCell" StyleIndex="1">
                           <Attributes />
                           <Expressions />
                           <ScriptItems />
                           <XElements>
                              <Element xsi:type="XParagraphFlag" />
                           </XElements>
                           <RuntimeMoveFocusHotKey>Tab</RuntimeMoveFocusHotKey>
                        </Element>
                        <Element xsi:type="XTextTableCell" StyleIndex="1">
                           <Attributes />
                           <Expressions />
                           <ScriptItems />
                           <XElements>
                              <Element xsi:type="XParagraphFlag" />
                           </XElements>
                           <RuntimeMoveFocusHotKey>Tab</RuntimeMoveFocusHotKey>
                        </Element>
                        <Element xsi:type="XTextTableCell" StyleIndex="1">
                           <Attributes />
                           <Expressions />
                           <ScriptItems />
                           <XElements>
                              <Element xsi:type="XParagraphFlag" />
                           </XElements>
                           <RuntimeMoveFocusHotKey>Tab</RuntimeMoveFocusHotKey>
                        </Element>
                     </XElements>
                  </Element>
                  <Element xsi:type="XTextTableRow">
                     <Attributes />
                     <Expressions />
                     <ScriptItems />
                     <XElements>
                        <Element xsi:type="XTextTableCell" StyleIndex="1">
                           <Attributes />
                           <Expressions />
                           <ScriptItems />
                           <XElements>
                              <Element xsi:type="XParagraphFlag" />
                           </XElements>
                           <RuntimeMoveFocusHotKey>Tab</RuntimeMoveFocusHotKey>
                        </Element>
                        <Element xsi:type="XTextTableCell" StyleIndex="1">
                           <Attributes />
                           <Expressions />
                           <ScriptItems />
                           <XElements>
                              <Element xsi:type="XParagraphFlag" />
                           </XElements>
                           <RuntimeMoveFocusHotKey>Tab</RuntimeMoveFocusHotKey>
                        </Element>
                        <Element xsi:type="XTextTableCell" StyleIndex="1">
                           <Attributes />
                           <Expressions />
                           <ScriptItems />
                           <XElements>
                              <Element xsi:type="XParagraphFlag" />
                           </XElements>
                           <RuntimeMoveFocusHotKey>Tab</RuntimeMoveFocusHotKey>
                        </Element>
                     </XElements>
                  </Element>
                  <Element xsi:type="XTextTableRow">
                     <Attributes />
                     <Expressions />
                     <ScriptItems />
                     <XElements>
                        <Element xsi:type="XTextTableCell" StyleIndex="1">
                           <Attributes />
                           <Expressions />
                           <ScriptItems />
                           <XElements>
                              <Element xsi:type="XParagraphFlag" />
                           </XElements>
                           <RuntimeMoveFocusHotKey>Tab</RuntimeMoveFocusHotKey>
                        </Element>
                        <Element xsi:type="XTextTableCell" StyleIndex="1">
                           <Attributes />
                           <Expressions />
                           <ScriptItems />
                           <XElements>
                              <Element xsi:type="XParagraphFlag" />
                           </XElements>
                           <RuntimeMoveFocusHotKey>Tab</RuntimeMoveFocusHotKey>
                        </Element>
                        <Element xsi:type="XTextTableCell" StyleIndex="1">
                           <Attributes />
                           <Expressions />
                           <ScriptItems />
                           <XElements>
                              <Element xsi:type="XParagraphFlag" />
                           </XElements>
                           <RuntimeMoveFocusHotKey>Tab</RuntimeMoveFocusHotKey>
                        </Element>
                     </XElements>
                  </Element>
                  <Element xsi:type="XTextTableRow">
                     <Attributes />
                     <Expressions />
                     <ScriptItems />
                     <XElements>
                        <Element xsi:type="XTextTableCell" StyleIndex="1">
                           <Attributes />
                           <Expressions />
                           <ScriptItems />
                           <XElements>
                              <Element xsi:type="XParagraphFlag" />
                           </XElements>
                           <RuntimeMoveFocusHotKey>Tab</RuntimeMoveFocusHotKey>
                        </Element>
                        <Element xsi:type="XTextTableCell" StyleIndex="1">
                           <Attributes />
                           <Expressions />
                           <ScriptItems />
                           <XElements>
                              <Element xsi:type="XParagraphFlag" />
                           </XElements>
                           <RuntimeMoveFocusHotKey>Tab</RuntimeMoveFocusHotKey>
                        </Element>
                        <Element xsi:type="XTextTableCell" StyleIndex="1">
                           <Attributes />
                           <Expressions />
                           <ScriptItems />
                           <XElements>
                              <Element xsi:type="XParagraphFlag" />
                           </XElements>
                           <RuntimeMoveFocusHotKey>Tab</RuntimeMoveFocusHotKey>
                        </Element>
                     </XElements>
                  </Element>
                  <Element xsi:type="XTextTableRow">
                     <Attributes />
                     <Expressions />
                     <ScriptItems />
                     <XElements>
                        <Element xsi:type="XTextTableCell" StyleIndex="1">
                           <Attributes />
                           <Expressions />
                           <ScriptItems />
                           <XElements>
                              <Element xsi:type="XParagraphFlag" />
                           </XElements>
                           <RuntimeMoveFocusHotKey>Tab</RuntimeMoveFocusHotKey>
                        </Element>
                        <Element xsi:type="XTextTableCell" StyleIndex="1">
                           <Attributes />
                           <Expressions />
                           <ScriptItems />
                           <XElements>
                              <Element xsi:type="XParagraphFlag" />
                           </XElements>
                           <RuntimeMoveFocusHotKey>Tab</RuntimeMoveFocusHotKey>
                        </Element>
                        <Element xsi:type="XTextTableCell" StyleIndex="1">
                           <Attributes />
                           <Expressions />
                           <ScriptItems />
                           <XElements>
                              <Element xsi:type="XParagraphFlag" />
                           </XElements>
                           <RuntimeMoveFocusHotKey>Tab</RuntimeMoveFocusHotKey>
                        </Element>
                     </XElements>
                  </Element>
                  <Element xsi:type="XTextTableRow">
                     <Attributes />
                     <Expressions />
                     <ScriptItems />
                     <XElements>
                        <Element xsi:type="XTextTableCell" StyleIndex="1">
                           <Attributes />
                           <Expressions />
                           <ScriptItems />
                           <XElements>
                              <Element xsi:type="XParagraphFlag" />
                           </XElements>
                           <RuntimeMoveFocusHotKey>Tab</RuntimeMoveFocusHotKey>
                        </Element>
                        <Element xsi:type="XTextTableCell" StyleIndex="1">
                           <Attributes />
                           <Expressions />
                           <ScriptItems />
                           <XElements>
                              <Element xsi:type="XParagraphFlag" />
                           </XElements>
                           <RuntimeMoveFocusHotKey>Tab</RuntimeMoveFocusHotKey>
                        </Element>
                        <Element xsi:type="XTextTableCell" StyleIndex="1">
                           <Attributes />
                           <Expressions />
                           <ScriptItems />
                           <XElements>
                              <Element xsi:type="XParagraphFlag" />
                           </XElements>
                           <RuntimeMoveFocusHotKey>Tab</RuntimeMoveFocusHotKey>
                        </Element>
                     </XElements>
                  </Element>
                  <Element xsi:type="XTextTableRow">
                     <Attributes />
                     <Expressions />
                     <ScriptItems />
                     <XElements>
                        <Element xsi:type="XTextTableCell" StyleIndex="1">
                           <Attributes />
                           <Expressions />
                           <ScriptItems />
                           <XElements>
                              <Element xsi:type="XParagraphFlag" />
                           </XElements>
                           <RuntimeMoveFocusHotKey>Tab</RuntimeMoveFocusHotKey>
                        </Element>
                        <Element xsi:type="XTextTableCell" StyleIndex="1">
                           <Attributes />
                           <Expressions />
                           <ScriptItems />
                           <XElements>
                              <Element xsi:type="XParagraphFlag" />
                           </XElements>
                           <RuntimeMoveFocusHotKey>Tab</RuntimeMoveFocusHotKey>
                        </Element>
                        <Element xsi:type="XTextTableCell" StyleIndex="1">
                           <Attributes />
                           <Expressions />
                           <ScriptItems />
                           <XElements>
                              <Element xsi:type="XParagraphFlag" />
                           </XElements>
                           <RuntimeMoveFocusHotKey>Tab</RuntimeMoveFocusHotKey>
                        </Element>
                     </XElements>
                  </Element>
                  <Element xsi:type="XTextTableRow">
                     <Attributes />
                     <Expressions />
                     <ScriptItems />
                     <XElements>
                        <Element xsi:type="XTextTableCell" StyleIndex="1">
                           <Attributes />
                           <Expressions />
                           <ScriptItems />
                           <XElements>
                              <Element xsi:type="XParagraphFlag" />
                           </XElements>
                           <RuntimeMoveFocusHotKey>Tab</RuntimeMoveFocusHotKey>
                        </Element>
                        <Element xsi:type="XTextTableCell" StyleIndex="1">
                           <Attributes />
                           <Expressions />
                           <ScriptItems />
                           <XElements>
                              <Element xsi:type="XParagraphFlag" />
                           </XElements>
                           <RuntimeMoveFocusHotKey>Tab</RuntimeMoveFocusHotKey>
                        </Element>
                        <Element xsi:type="XTextTableCell" StyleIndex="1">
                           <Attributes />
                           <Expressions />
                           <ScriptItems />
                           <XElements>
                              <Element xsi:type="XParagraphFlag" />
                           </XElements>
                           <RuntimeMoveFocusHotKey>Tab</RuntimeMoveFocusHotKey>
                        </Element>
                     </XElements>
                  </Element>
                  <Element xsi:type="XTextTableRow">
                     <Attributes />
                     <Expressions />
                     <ScriptItems />
                     <XElements>
                        <Element xsi:type="XTextTableCell" StyleIndex="1">
                           <Attributes />
                           <Expressions />
                           <ScriptItems />
                           <XElements>
                              <Element xsi:type="XParagraphFlag" />
                           </XElements>
                           <RuntimeMoveFocusHotKey>Tab</RuntimeMoveFocusHotKey>
                        </Element>
                        <Element xsi:type="XTextTableCell" StyleIndex="1">
                           <Attributes />
                           <Expressions />
                           <ScriptItems />
                           <XElements>
                              <Element xsi:type="XParagraphFlag" />
                           </XElements>
                           <RuntimeMoveFocusHotKey>Tab</RuntimeMoveFocusHotKey>
                        </Element>
                        <Element xsi:type="XTextTableCell" StyleIndex="1">
                           <Attributes />
                           <Expressions />
                           <ScriptItems />
                           <XElements>
                              <Element xsi:type="XParagraphFlag" />
                           </XElements>
                           <RuntimeMoveFocusHotKey>Tab</RuntimeMoveFocusHotKey>
                        </Element>
                     </XElements>
                  </Element>
                  <Element xsi:type="XTextTableRow">
                     <Attributes />
                     <Expressions />
                     <ScriptItems />
                     <XElements>
                        <Element xsi:type="XTextTableCell" StyleIndex="1">
                           <Attributes />
                           <Expressions />
                           <ScriptItems />
                           <XElements>
                              <Element xsi:type="XParagraphFlag" />
                           </XElements>
                           <RuntimeMoveFocusHotKey>Tab</RuntimeMoveFocusHotKey>
                        </Element>
                        <Element xsi:type="XTextTableCell" StyleIndex="1">
                           <Attributes />
                           <Expressions />
                           <ScriptItems />
                           <XElements>
                              <Element xsi:type="XParagraphFlag" />
                           </XElements>
                           <RuntimeMoveFocusHotKey>Tab</RuntimeMoveFocusHotKey>
                        </Element>
                        <Element xsi:type="XTextTableCell" StyleIndex="1">
                           <Attributes />
                           <Expressions />
                           <ScriptItems />
                           <XElements>
                              <Element xsi:type="XParagraphFlag" />
                           </XElements>
                           <RuntimeMoveFocusHotKey>Tab</RuntimeMoveFocusHotKey>
                        </Element>
                     </XElements>
                  </Element>
                  <Element xsi:type="XTextTableRow">
                     <Attributes />
                     <Expressions />
                     <ScriptItems />
                     <XElements>
                        <Element xsi:type="XTextTableCell" StyleIndex="1">
                           <Attributes />
                           <Expressions />
                           <ScriptItems />
                           <XElements>
                              <Element xsi:type="XParagraphFlag" />
                           </XElements>
                           <RuntimeMoveFocusHotKey>Tab</RuntimeMoveFocusHotKey>
                        </Element>
                        <Element xsi:type="XTextTableCell" StyleIndex="1">
                           <Attributes />
                           <Expressions />
                           <ScriptItems />
                           <XElements>
                              <Element xsi:type="XParagraphFlag" />
                           </XElements>
                           <RuntimeMoveFocusHotKey>Tab</RuntimeMoveFocusHotKey>
                        </Element>
                        <Element xsi:type="XTextTableCell" StyleIndex="1">
                           <Attributes />
                           <Expressions />
                           <ScriptItems />
                           <XElements>
                              <Element xsi:type="XParagraphFlag" />
                           </XElements>
                           <RuntimeMoveFocusHotKey>Tab</RuntimeMoveFocusHotKey>
                        </Element>
                     </XElements>
                  </Element>
                  <Element xsi:type="XTextTableRow">
                     <Attributes />
                     <Expressions />
                     <ScriptItems />
                     <XElements>
                        <Element xsi:type="XTextTableCell" StyleIndex="1">
                           <Attributes />
                           <Expressions />
                           <ScriptItems />
                           <XElements>
                              <Element xsi:type="XString">
                                 <Text>aaaaaaa</Text>
                              </Element>
                              <Element xsi:type="XParagraphFlag" />
                           </XElements>
                           <RuntimeMoveFocusHotKey>Tab</RuntimeMoveFocusHotKey>
                        </Element>
                        <Element xsi:type="XTextTableCell" StyleIndex="1">
                           <Attributes />
                           <Expressions />
                           <ScriptItems />
                           <XElements>
                              <Element xsi:type="XParagraphFlag" />
                           </XElements>
                           <RuntimeMoveFocusHotKey>Tab</RuntimeMoveFocusHotKey>
                        </Element>
                        <Element xsi:type="XTextTableCell" StyleIndex="1">
                           <Attributes />
                           <Expressions />
                           <ScriptItems />
                           <XElements>
                              <Element xsi:type="XParagraphFlag" />
                           </XElements>
                           <RuntimeMoveFocusHotKey>Tab</RuntimeMoveFocusHotKey>
                        </Element>
                     </XElements>
                  </Element>
                  <Element xsi:type="XTextTableRow">
                     <Attributes />
                     <Expressions />
                     <ScriptItems />
                     <XElements>
                        <Element xsi:type="XTextTableCell" StyleIndex="1">
                           <Attributes />
                           <Expressions />
                           <ScriptItems />
                           <XElements>
                              <Element xsi:type="XParagraphFlag" />
                           </XElements>
                           <RuntimeMoveFocusHotKey>Tab</RuntimeMoveFocusHotKey>
                        </Element>
                        <Element xsi:type="XTextTableCell" StyleIndex="1">
                           <Attributes />
                           <Expressions />
                           <ScriptItems />
                           <XElements>
                              <Element xsi:type="XParagraphFlag" />
                           </XElements>
                           <RuntimeMoveFocusHotKey>Tab</RuntimeMoveFocusHotKey>
                        </Element>
                        <Element xsi:type="XTextTableCell" StyleIndex="1">
                           <Attributes />
                           <Expressions />
                           <ScriptItems />
                           <XElements>
                              <Element xsi:type="XString">
                                 <Text>0000000000</Text>
                              </Element>
                              <Element xsi:type="XParagraphFlag" />
                           </XElements>
                           <RuntimeMoveFocusHotKey>Tab</RuntimeMoveFocusHotKey>
                        </Element>
                     </XElements>
                  </Element>
                  <Element xsi:type="XTextTableRow">
                     <Attributes />
                     <Expressions />
                     <ScriptItems />
                     <XElements>
                        <Element xsi:type="XTextTableCell" StyleIndex="1">
                           <Attributes />
                           <Expressions />
                           <ScriptItems />
                           <XElements>
                              <Element xsi:type="XString">
                                 <Text>11111111111</Text>
                              </Element>
                              <Element xsi:type="XParagraphFlag" />
                           </XElements>
                           <RuntimeMoveFocusHotKey>Tab</RuntimeMoveFocusHotKey>
                        </Element>
                        <Element xsi:type="XTextTableCell" StyleIndex="1">
                           <Attributes />
                           <Expressions />
                           <ScriptItems />
                           <XElements>
                              <Element xsi:type="XParagraphFlag" />
                           </XElements>
                           <RuntimeMoveFocusHotKey>Tab</RuntimeMoveFocusHotKey>
                        </Element>
                        <Element xsi:type="XTextTableCell" StyleIndex="1">
                           <Attributes />
                           <Expressions />
                           <ScriptItems />
                           <XElements>
                              <Element xsi:type="XParagraphFlag" />
                           </XElements>
                           <RuntimeMoveFocusHotKey>Tab</RuntimeMoveFocusHotKey>
                        </Element>
                     </XElements>
                  </Element>
                  <Element xsi:type="XTextTableRow">
                     <Attributes />
                     <Expressions />
                     <ScriptItems />
                     <XElements>
                        <Element xsi:type="XTextTableCell" StyleIndex="1">
                           <Attributes />
                           <Expressions />
                           <ScriptItems />
                           <XElements>
                              <Element xsi:type="XParagraphFlag" />
                           </XElements>
                           <RuntimeMoveFocusHotKey>Tab</RuntimeMoveFocusHotKey>
                        </Element>
                        <Element xsi:type="XTextTableCell" StyleIndex="1">
                           <Attributes />
                           <Expressions />
                           <ScriptItems />
                           <XElements>
                              <Element xsi:type="XString">
                                 <Text>222222222</Text>
                              </Element>
                              <Element xsi:type="XParagraphFlag" />
                           </XElements>
                           <RuntimeMoveFocusHotKey>Tab</RuntimeMoveFocusHotKey>
                        </Element>
                        <Element xsi:type="XTextTableCell" StyleIndex="1">
                           <Attributes />
                           <Expressions />
                           <ScriptItems />
                           <XElements>
                              <Element xsi:type="XParagraphFlag" />
                           </XElements>
                           <RuntimeMoveFocusHotKey>Tab</RuntimeMoveFocusHotKey>
                        </Element>
                     </XElements>
                  </Element>
                  <Element xsi:type="XTextTableRow">
                     <Attributes />
                     <Expressions />
                     <ScriptItems />
                     <XElements>
                        <Element xsi:type="XTextTableCell" StyleIndex="1">
                           <Attributes />
                           <Expressions />
                           <ScriptItems />
                           <XElements>
                              <Element xsi:type="XParagraphFlag" />
                           </XElements>
                           <RuntimeMoveFocusHotKey>Tab</RuntimeMoveFocusHotKey>
                        </Element>
                        <Element xsi:type="XTextTableCell" StyleIndex="1">
                           <Attributes />
                           <Expressions />
                           <ScriptItems />
                           <XElements>
                              <Element xsi:type="XParagraphFlag" />
                           </XElements>
                           <RuntimeMoveFocusHotKey>Tab</RuntimeMoveFocusHotKey>
                        </Element>
                        <Element xsi:type="XTextTableCell" StyleIndex="1">
                           <Attributes />
                           <Expressions />
                           <ScriptItems />
                           <XElements>
                              <Element xsi:type="XString">
                                 <Text>3333333333</Text>
                              </Element>
                              <Element xsi:type="XParagraphFlag" />
                           </XElements>
                           <RuntimeMoveFocusHotKey>Tab</RuntimeMoveFocusHotKey>
                        </Element>
                     </XElements>
                  </Element>
                  <Element xsi:type="XTextTableRow">
                     <Attributes />
                     <Expressions />
                     <ScriptItems />
                     <XElements>
                        <Element xsi:type="XTextTableCell" StyleIndex="1">
                           <Attributes />
                           <Expressions />
                           <ScriptItems />
                           <XElements>
                              <Element xsi:type="XString">
                                 <Text>4444444</Text>
                              </Element>
                              <Element xsi:type="XParagraphFlag" />
                           </XElements>
                           <RuntimeMoveFocusHotKey>Tab</RuntimeMoveFocusHotKey>
                        </Element>
                        <Element xsi:type="XTextTableCell" StyleIndex="1">
                           <Attributes />
                           <Expressions />
                           <ScriptItems />
                           <XElements>
                              <Element xsi:type="XParagraphFlag" />
                           </XElements>
                           <RuntimeMoveFocusHotKey>Tab</RuntimeMoveFocusHotKey>
                        </Element>
                        <Element xsi:type="XTextTableCell" StyleIndex="1">
                           <Attributes />
                           <Expressions />
                           <ScriptItems />
                           <XElements>
                              <Element xsi:type="XParagraphFlag" />
                           </XElements>
                           <RuntimeMoveFocusHotKey>Tab</RuntimeMoveFocusHotKey>
                        </Element>
                     </XElements>
                  </Element>
                  <Element xsi:type="XTextTableRow">
                     <Attributes />
                     <Expressions />
                     <ScriptItems />
                     <XElements>
                        <Element xsi:type="XTextTableCell" StyleIndex="1">
                           <Attributes />
                           <Expressions />
                           <ScriptItems />
                           <XElements>
                              <Element xsi:type="XParagraphFlag" />
                           </XElements>
                           <RuntimeMoveFocusHotKey>Tab</RuntimeMoveFocusHotKey>
                        </Element>
                        <Element xsi:type="XTextTableCell" StyleIndex="1">
                           <Attributes />
                           <Expressions />
                           <ScriptItems />
                           <XElements>
                              <Element xsi:type="XParagraphFlag" />
                           </XElements>
                           <RuntimeMoveFocusHotKey>Tab</RuntimeMoveFocusHotKey>
                        </Element>
                        <Element xsi:type="XTextTableCell" StyleIndex="1">
                           <Attributes />
                           <Expressions />
                           <ScriptItems />
                           <XElements>
                              <Element xsi:type="XParagraphFlag" />
                           </XElements>
                           <RuntimeMoveFocusHotKey>Tab</RuntimeMoveFocusHotKey>
                        </Element>
                     </XElements>
                  </Element>
               </XElements>
               <CompressOwnerLineSpacing>true</CompressOwnerLineSpacing>
               <Columns>
                  <Element xsi:type="XTextTableColumn">
                     <Attributes />
                     <Width>966.9167</Width>
                  </Element>
                  <Element xsi:type="XTextTableColumn">
                     <Attributes />
                     <Width>966.9167</Width>
                  </Element>
                  <Element xsi:type="XTextTableColumn">
                     <Attributes />
                     <Width>966.9167</Width>
                  </Element>
               </Columns>
            </Element>
            <Element xsi:type="XParagraphFlag" />
         </XElements>
      </Element>
      <Element xsi:type="XTextHeader">
         <Attributes />
         <Expressions />
         <ScriptItems />
         <XElements>
            <Element xsi:type="XString">
               <Text>H</Text>
            </Element>
            <Element xsi:type="XString" StyleIndex="0">
               <Text>HHHHHHHHHHHHHHHHHH</Text>
            </Element>
            <Element xsi:type="XParagraphFlag" StyleIndex="0" />
         </XElements>
      </Element>
      <Element xsi:type="XTextFooter">
         <Attributes />
         <Expressions />
         <ScriptItems />
         <XElements>
            <Element xsi:type="XParagraphFlag" />
         </XElements>
      </Element>
   </XElements>
   <FileName>E:\Source\DCSoft\08代码\DCSoft\DCSoft.Writer\DCSoft.Writer.Demo\WebDemo\DemoFile_20150903\a.xml</FileName>
   <FileFormat>XML</FileFormat>
   <RepeatedImages />
   <Info>
      <LicenseText>青岛美迪康数字工程有限公司:Medcare</LicenseText>
      <CreationTime>1980-01-01T00:00:00</CreationTime>
      <LastModifiedTime>2015-09-03T15:52:24.4018894+08:00</LastModifiedTime>
      <LastPrintTime>1980-01-01T00:00:00</LastPrintTime>
      <Operator>DCSoft.Writer Version:1.2014.4.30</Operator>
      <NumOfPage>2</NumOfPage>
   </Info>
   <BodyText>11111111111     
  22222222   
    33333333333 
      
      
      
      
      
      
      
      
      
      
      
      
      
      
      
aaaaaaa     
    0000000000 
11111111111     
  222222222   
    3333333333 
4444444     
      </BodyText>
   <Comments />
   <LocalConfig />
   <PageSettings>
      <PageIndexsForHideHeaderFooter />
      <PrinterName />
      <PaperSource />
      <TopMargin>196</TopMargin>
      <Landscape>true</Landscape>
   </PageSettings>
   <Parameters>
      <Parameter Name="当前时间" />
   </Parameters>
   <ContentStyles>
      <Default xsi:type="DocumentContentStyle">
         <FontName>宋体</FontName>
         <FontSize>12</FontSize>
      </Default>
      <Styles>
         <Style Index="0">
            <FontName>宋体</FontName>
            <FontSize>12</FontSize>
            <Align>Center</Align>
         </Style>
         <Style Index="1">
            <FontName>宋体</FontName>
            <FontSize>12</FontSize>
            <BorderWidth>1</BorderWidth>
            <BorderLeft>true</BorderLeft>
            <BorderBottom>true</BorderBottom>
            <BorderTop>true</BorderTop>
            <BorderRight>true</BorderRight>
            <PaddingLeft>15</PaddingLeft>
            <PaddingTop>10</PaddingTop>
            <PaddingRight>15</PaddingRight>
            <PaddingBottom>10</PaddingBottom>
         </Style>
      </Styles>
   </ContentStyles>
   <UserHistories />
</XTextDocument>