﻿<?xml version="1.0" encoding="utf-8"?>
<XTextDocument xmlns:xsi="http://www.w3.org/2001/XMLSchema-instance" xmlns:xsd="http://www.w3.org/2001/XMLSchema" EditorVersionString="1.2014.4.30">
   <Attributes />
   <XElements>
      <Element xsi:type="XTextBody">
         <Attributes />
         <XElements>
            <Element xsi:type="XTextTable" NumOfRows="7" NumOfColumns="2">
               <Attributes />
               <ID>table1</ID>
               <XElements>
                  <Element xsi:type="XTextTableRow">
                     <Attributes />
                     <XElements>
                        <Element xsi:type="XTextTableCell" StyleIndex="1">
                           <Attributes />
                           <XElements>
                              <Element xsi:type="XString">
                                 <Text>表达式1</Text>
                              </Element>
                              <Element xsi:type="XParagraphFlag" />
                           </XElements>
                        </Element>
                        <Element xsi:type="XTextTableCell" StyleIndex="1">
                           <Attributes />
                           <XElements>
                              <Element xsi:type="XMedicalExpressionField">
                                 <Attributes />
                                 <ID>exp1</ID>
                                 <EnableValueValidate>true</EnableValueValidate>
                                 <XElements>
                                    <Element xsi:type="XString">
                                       <Text>Value1,Value2,Value3,Value4,Value5,Value6,Value7,Value8,Value9</Text>
                                    </Element>
                                 </XElements>
                                 <BorderElementColor />
                                 <RuntimeBackgroundTextColor />
                                 <Name />
                                 <EnableHighlight>Disabled</EnableHighlight>
                                 <Width>514.062439</Width>
                                 <Height>151.868744</Height>
                              </Element>
                              <Element xsi:type="XParagraphFlag" />
                           </XElements>
                        </Element>
                     </XElements>
                  </Element>
                  <Element xsi:type="XTextTableRow">
                     <Attributes />
                     <XElements>
                        <Element xsi:type="XTextTableCell" StyleIndex="1">
                           <Attributes />
                           <XElements>
                              <Element xsi:type="XString">
                                 <Text>表达式2</Text>
                              </Element>
                              <Element xsi:type="XParagraphFlag" />
                           </XElements>
                        </Element>
                        <Element xsi:type="XTextTableCell" StyleIndex="1">
                           <Attributes />
                           <XElements>
                              <Element xsi:type="XMedicalExpressionField">
                                 <Attributes />
                                 <ID>exp2</ID>
                                 <EnableValueValidate>true</EnableValueValidate>
                                 <XElements>
                                    <Element xsi:type="XString">
                                       <Text>Value1,Value2,Value3,Value4,Value5,Value6,Value7,Value8,Value9</Text>
                                    </Element>
                                 </XElements>
                                 <BorderElementColor />
                                 <RuntimeBackgroundTextColor />
                                 <Name />
                                 <EnableHighlight>Disabled</EnableHighlight>
                                 <Width>359.8437</Width>
                                 <Height>151.868744</Height>
                                 <ExpressionStyle>FourValues1</ExpressionStyle>
                              </Element>
                              <Element xsi:type="XParagraphFlag" />
                           </XElements>
                        </Element>
                     </XElements>
                  </Element>
                  <Element xsi:type="XTextTableRow">
                     <Attributes />
                     <XElements>
                        <Element xsi:type="XTextTableCell" StyleIndex="1">
                           <Attributes />
                           <XElements>
                              <Element xsi:type="XString">
                                 <Text>表达式3</Text>
                              </Element>
                              <Element xsi:type="XParagraphFlag" />
                           </XElements>
                        </Element>
                        <Element xsi:type="XTextTableCell" StyleIndex="1">
                           <Attributes />
                           <XElements>
                              <Element xsi:type="XMedicalExpressionField">
                                 <Attributes />
                                 <ID>exp3</ID>
                                 <EnableValueValidate>true</EnableValueValidate>
                                 <XElements>
                                    <Element xsi:type="XString">
                                       <Text>Value1,Value2,Value3,Value4,Value5,Value6,Value7,Value8,Value9</Text>
                                    </Element>
                                 </XElements>
                                 <BorderElementColor />
                                 <RuntimeBackgroundTextColor />
                                 <Name />
                                 <EnableHighlight>Disabled</EnableHighlight>
                                 <Width>514.062439</Width>
                                 <Height>207.093719</Height>
                                 <ExpressionStyle>FourValues2</ExpressionStyle>
                              </Element>
                              <Element xsi:type="XParagraphFlag" />
                           </XElements>
                        </Element>
                     </XElements>
                  </Element>
                  <Element xsi:type="XTextTableRow">
                     <Attributes />
                     <XElements>
                        <Element xsi:type="XTextTableCell" StyleIndex="1">
                           <Attributes />
                           <XElements>
                              <Element xsi:type="XString">
                                 <Text>表达式4</Text>
                              </Element>
                              <Element xsi:type="XParagraphFlag" />
                           </XElements>
                        </Element>
                        <Element xsi:type="XTextTableCell" StyleIndex="1">
                           <Attributes />
                           <XElements>
                              <Element xsi:type="XMedicalExpressionField">
                                 <Attributes />
                                 <ID>exp4</ID>
                                 <EnableValueValidate>true</EnableValueValidate>
                                 <XElements>
                                    <Element xsi:type="XString">
                                       <Text>Value1,Value2,Value3,Value4,Value5,Value6,Value7,Value8,Value9</Text>
                                    </Element>
                                 </XElements>
                                 <BorderElementColor />
                                 <RuntimeBackgroundTextColor />
                                 <Name />
                                 <EnableHighlight>Disabled</EnableHighlight>
                                 <Width>368.489532</Width>
                                 <Height>151.868744</Height>
                                 <ExpressionStyle>ThreeValues</ExpressionStyle>
                              </Element>
                              <Element xsi:type="XParagraphFlag" />
                           </XElements>
                        </Element>
                     </XElements>
                  </Element>
                  <Element xsi:type="XTextTableRow">
                     <Attributes />
                     <XElements>
                        <Element xsi:type="XTextTableCell" StyleIndex="1">
                           <Attributes />
                           <XElements>
                              <Element xsi:type="XString">
                                 <Text>表达式5</Text>
                              </Element>
                              <Element xsi:type="XParagraphFlag" />
                           </XElements>
                        </Element>
                        <Element xsi:type="XTextTableCell" StyleIndex="1">
                           <Attributes />
                           <XElements>
                              <Element xsi:type="XMedicalExpressionField">
                                 <Attributes />
                                 <ID>exp5</ID>
                                 <EnableValueValidate>true</EnableValueValidate>
                                 <XElements>
                                    <Element xsi:type="XString">
                                       <Text>Value1,Value2,Value3,Value4,Value5,Value6,Value7,Value8,Value9</Text>
                                    </Element>
                                 </XElements>
                                 <BorderElementColor />
                                 <RuntimeBackgroundTextColor />
                                 <Name />
                                 <EnableHighlight>Disabled</EnableHighlight>
                                 <Width>515.77594</Width>
                                 <Height>207.784042</Height>
                                 <ExpressionStyle>Pupil</ExpressionStyle>
                              </Element>
                              <Element xsi:type="XParagraphFlag" />
                           </XElements>
                        </Element>
                     </XElements>
                  </Element>
                  <Element xsi:type="XTextTableRow">
                     <Attributes />
                     <XElements>
                        <Element xsi:type="XTextTableCell" StyleIndex="1">
                           <Attributes />
                           <XElements>
                              <Element xsi:type="XString">
                                 <Text>表达式6</Text>
                              </Element>
                              <Element xsi:type="XParagraphFlag" />
                           </XElements>
                        </Element>
                        <Element xsi:type="XTextTableCell" StyleIndex="1">
                           <Attributes />
                           <XElements>
                              <Element xsi:type="XMedicalExpressionField">
                                 <Attributes />
                                 <ID>exp6</ID>
                                 <EnableValueValidate>true</EnableValueValidate>
                                 <XElements>
                                    <Element xsi:type="XString">
                                       <Text>Value1,Value2,Value3,Value4,Value5,Value6,Value7,Value8,Value9</Text>
                                    </Element>
                                 </XElements>
                                 <BorderElementColor />
                                 <RuntimeBackgroundTextColor />
                                 <Name />
                                 <EnableHighlight>Disabled</EnableHighlight>
                                 <Width>515.77594</Width>
                                 <Height>207.784042</Height>
                                 <ExpressionStyle>LightPositioning</ExpressionStyle>
                              </Element>
                              <Element xsi:type="XParagraphFlag" />
                           </XElements>
                        </Element>
                     </XElements>
                  </Element>
                  <Element xsi:type="XTextTableRow">
                     <Attributes />
                     <XElements>
                        <Element xsi:type="XTextTableCell" StyleIndex="1">
                           <Attributes />
                           <XElements>
                              <Element xsi:type="XString">
                                 <Text>表达式7</Text>
                              </Element>
                              <Element xsi:type="XParagraphFlag" />
                           </XElements>
                        </Element>
                        <Element xsi:type="XTextTableCell" StyleIndex="1">
                           <Attributes />
                           <XElements>
                              <Element xsi:type="XMedicalExpressionField">
                                 <Attributes />
                                 <ID>exp7</ID>
                                 <EnableValueValidate>true</EnableValueValidate>
                                 <XElements>
                                    <Element xsi:type="XString">
                                       <Text>Value1,Value2,Value3,Value4,Value5,Value6,Value7,Value8,Value9</Text>
                                    </Element>
                                 </XElements>
                                 <BorderElementColor />
                                 <RuntimeBackgroundTextColor />
                                 <Name />
                                 <EnableHighlight>Disabled</EnableHighlight>
                                 <Width>531.1978</Width>
                                 <Height>213.996841</Height>
                                 <ExpressionStyle>FetalHeart</ExpressionStyle>
                              </Element>
                              <Element xsi:type="XParagraphFlag" />
                           </XElements>
                        </Element>
                     </XElements>
                  </Element>
               </XElements>
               <CompressOwnerLineSpacing>true</CompressOwnerLineSpacing>
               <Columns>
                  <Element xsi:type="XTextTableColumn">
                     <Width>937.375</Width>
                  </Element>
                  <Element xsi:type="XTextTableColumn">
                     <Width>937.375</Width>
                  </Element>
               </Columns>
            </Element>
            <Element xsi:type="XParagraphFlag" />
         </XElements>
      </Element>
      <Element xsi:type="XTextHeader">
         <Attributes />
         <XElements>
            <Element xsi:type="XParagraphFlag" StyleIndex="0" />
         </XElements>
      </Element>
      <Element xsi:type="XTextFooter">
         <Attributes />
         <XElements>
            <Element xsi:type="XParagraphFlag" />
         </XElements>
      </Element>
   </XElements>
   <FileName>C:\Users\dcsoft\Desktop\表达式.xml</FileName>
   <FileFormat>XML</FileFormat>
   <RepeatedImages />
   <Info>
      <LicenseText>南京都昌信息科技有限公司:南京都昌信息科技有限公司内部测试注册,www.dcwriter.cn。</LicenseText>
      <CreationTime>1980-01-01T00:00:00</CreationTime>
      <LastModifiedTime>2015-07-08T10:33:16.1196221+08:00</LastModifiedTime>
      <LastPrintTime>1980-01-01T00:00:00</LastPrintTime>
      <Operator>DCSoft.Writer Version:1.2014.4.30</Operator>
      <NumOfPage>1</NumOfPage>
   </Info>
   <BodyText>表达式1 Value1,Value2,Value3,Value4,Value5,Value6,Value7,Value8,Value9 
表达式2 Value1,Value2,Value3,Value4,Value5,Value6,Value7,Value8,Value9 
表达式3 Value1,Value2,Value3,Value4,Value5,Value6,Value7,Value8,Value9 
表达式4 Value1,Value2,Value3,Value4,Value5,Value6,Value7,Value8,Value9 
表达式5 Value1,Value2,Value3,Value4,Value5,Value6,Value7,Value8,Value9 
表达式6 Value1,Value2,Value3,Value4,Value5,Value6,Value7,Value8,Value9 
表达式7 Value1,Value2,Value3,Value4,Value5,Value6,Value7,Value8,Value9 </BodyText>
   <Comments />
   <LocalConfig />
   <PageSettings />
   <ContentStyles>
      <Default xsi:type="DocumentContentStyle">
         <FontName>宋体</FontName>
         <FontSize>12</FontSize>
      </Default>
      <Styles>
         <Style Index="0">
            <FontName>宋体</FontName>
            <FontSize>12</FontSize>
            <Align>Center</Align>
         </Style>
         <Style Index="1">
            <FontName>宋体</FontName>
            <FontSize>12</FontSize>
            <BorderWidth>1</BorderWidth>
            <BorderLeft>true</BorderLeft>
            <BorderBottom>true</BorderBottom>
            <BorderTop>true</BorderTop>
            <BorderRight>true</BorderRight>
            <PaddingLeft>15</PaddingLeft>
            <PaddingTop>10</PaddingTop>
            <PaddingRight>15</PaddingRight>
            <PaddingBottom>10</PaddingBottom>
         </Style>
      </Styles>
   </ContentStyles>
   <UserHistories />
</XTextDocument>