﻿<?xml version="1.0" encoding="utf-8"?>
<publishData>
  <publishProfile publishUrl="D:\测试网站" deleteExistingFiles="False" ftpAnonymousLogin="False" ftpPassiveMode="True" msdeploySite="" msdeploySiteID="" msdeployRemoteSitePhysicalPath="" msdeployAllowUntrustedCertificate="False" msdeploySkipExtraFilesOnServer="True" msdeployMarkAsApp="False" profileName="配置文件1" publishMethod="FileSystem" replaceMatchingFiles="True" userName="" savePWD="False" userPWD="" SelectedForPublish="True">
    <file relUrl="KBLibrary/0000000157.xml" publishTime="12/07/2015 16:30:37" />
    <file relUrl="IEActiveXTest/DCAXWriterControl.html" publishTime="12/07/2015 16:30:20" />
    <file relUrl="KBLibrary/0000000017.xml" publishTime="12/07/2015 16:30:34" />
    <file relUrl="KBLibrary/0000000118.xml" publishTime="12/07/2015 16:30:37" />
    <file relUrl="KBLibrary/0000000421.xml" publishTime="12/07/2015 16:30:35" />
    <file relUrl="TimeLineTest/Files/TPRDemo.xml" publishTime="12/07/2015 16:31:39" />
    <file relUrl="KBLibrary/0000000014.xml" publishTime="12/07/2015 16:30:35" />
    <file relUrl="KBLibrary/0000000057.xml" publishTime="12/07/2015 16:30:35" />
    <file relUrl="DemoFile/web不加密显示.xml" publishTime="12/07/2015 16:32:26" />
    <file relUrl="KBLibrary/0000000220.xml" publishTime="12/07/2015 16:30:35" />
    <file relUrl="KBLibrary/0000000317.xml" publishTime="12/07/2015 16:30:34" />
    <file relUrl="KBLibrary/0000000186.xml" publishTime="12/07/2015 16:30:36" />
    <file relUrl="TimeLineTest/TimeLineTestService.aspx" publishTime="12/07/2015 16:31:39" />
    <file relUrl="KBLibrary/0000000245.xml" publishTime="12/07/2015 16:30:35" />
    <file relUrl="KBLibrary/0000000054.xml" publishTime="12/07/2015 16:30:36" />
    <file relUrl="KBLibrary/0000000391.xml" publishTime="12/07/2015 16:30:34" />
    <file relUrl="DemoFile/限速器校验报告（委托检验）.xml" publishTime="12/07/2015 16:32:25" />
    <file relUrl="DemoFile/病程记录内容/病程记录2015年10月05日 10时59分42秒.xml" publishTime="12/07/2015 16:32:26" />
    <file relUrl="KBLibrary/0000000407.xml" publishTime="12/07/2015 16:30:35" />
    <file relUrl="KBLibrary/0000000009.xml" publishTime="12/07/2015 16:30:35" />
    <file relUrl="PatientList.aspx" publishTime="12/07/2015 16:31:40" />
    <file relUrl="KBLibrary/0000000205.xml" publishTime="12/07/2015 16:30:33" />
    <file relUrl="KBLibrary/0000000228.xml" publishTime="12/07/2015 16:30:35" />
    <file relUrl="DemoFile/天津人民入院记录.xml" publishTime="12/07/2015 16:32:29" />
    <file relUrl="DemoFile/住院病历_亿通.xml" publishTime="12/07/2015 16:32:26" />
    <file relUrl="DemoFile/医学表达式.xml" publishTime="12/07/2015 16:32:25" />
    <file relUrl="KBLibrary/0000000068.xml" publishTime="12/07/2015 16:30:33" />
    <file relUrl="KBLibrary/0000000023.xml" publishTime="12/07/2015 16:30:35" />
    <file relUrl="KBLibrary/0000000116.xml" publishTime="12/07/2015 16:30:34" />
    <file relUrl="KBLibrary/0000000004.xml" publishTime="12/07/2015 16:30:33" />
    <file relUrl="KBLibrary/0000000164.xml" publishTime="12/07/2015 16:30:35" />
    <file relUrl="KBLibrary/0000000396.xml" publishTime="12/07/2015 16:30:36" />
    <file relUrl="KBLibrary/0000000335.xml" publishTime="12/07/2015 16:30:35" />
    <file relUrl="KBLibrary/0000000236.xml" publishTime="12/07/2015 16:30:34" />
    <file relUrl="KBLibrary/0000000143.xml" publishTime="12/07/2015 16:30:35" />
    <file relUrl="KBLibrary/0000000156.xml" publishTime="12/07/2015 16:30:36" />
    <file relUrl="Test/InsertFile.aspx" publishTime="12/07/2015 16:31:40" />
    <file relUrl="DemoFile/病程记录内容/病程记录1.xml" publishTime="12/07/2015 16:32:26" />
    <file relUrl="demo2.mp4" publishTime="12/07/2015 16:31:33" />
    <file relUrl="images/ie.png" publishTime="12/07/2015 16:31:46" />
    <file relUrl="KBLibrary/0000000375.xml" publishTime="12/07/2015 16:30:37" />
    <file relUrl="KBLibrary/0000000433.xml" publishTime="12/07/2015 16:30:34" />
    <file relUrl="KBLibrary/0000000075.xml" publishTime="12/07/2015 16:30:36" />
    <file relUrl="Test/SaveSelectionPage.aspx" publishTime="12/07/2015 16:31:40" />
    <file relUrl="KBLibrary/0000000015.xml" publishTime="12/07/2015 16:30:36" />
    <file relUrl="debugjs/ueditor_all.js" publishTime="12/14/2015 09:45:00" />
    <file relUrl="images/png-0460.png" publishTime="12/07/2015 16:31:46" />
    <file relUrl="KBLibrary/0000000316.xml" publishTime="12/07/2015 16:30:33" />
    <file relUrl="DCLib/DCSoft.Writer.ClientConfig.exe" publishTime="12/05/2015 19:20:17" />
    <file relUrl="KBLibrary/0000000341.xml" publishTime="12/07/2015 16:30:37" />
    <file relUrl="KBLibrary/0000000320.xml" publishTime="12/07/2015 16:30:37" />
    <file relUrl="DemoFile/南京机关医院医嘱单.xml" publishTime="12/07/2015 16:32:25" />
    <file relUrl="DemoFile/麻醉护理记录单.xml" publishTime="12/07/2015 16:32:25" />
    <file relUrl="KBLibrary/0000000055.xml" publishTime="12/07/2015 16:30:38" />
    <file relUrl="images/ios.jpg" publishTime="12/07/2015 16:31:46" />
    <file relUrl="KBLibrary/0000000343.xml" publishTime="12/07/2015 16:30:34" />
    <file relUrl="KBLibrary/0000000018.xml" publishTime="12/07/2015 16:30:35" />
    <file relUrl="DemoFile/某医院入院记录（冠心病）.xml" publishTime="12/07/2015 16:32:26" />
    <file relUrl="KBLibrary/0000000182.xml" publishTime="12/07/2015 16:30:35" />
    <file relUrl="KBLibrary/0000000395.xml" publishTime="12/07/2015 16:30:35" />
    <file relUrl="KBLibrary/0000000355.xml" publishTime="12/07/2015 16:30:33" />
    <file relUrl="DemoFile/温州医科大学附属眼视光医院眼部彩超检查报告单.xml" publishTime="12/07/2015 16:32:26" />
    <file relUrl="DemoFile/佛山市南海区中医院住院病历.xml" publishTime="12/07/2015 16:32:26" />
    <file relUrl="DemoFile/税收优惠政策管理.xml" publishTime="12/07/2015 16:32:26" />
    <file relUrl="DemoFile/天津人民医院入院记录.xml" publishTime="12/07/2015 16:32:26" />
    <file relUrl="KBLibrary/0000000405.xml" publishTime="12/07/2015 16:30:38" />
    <file relUrl="DemoFile/某医院手术安排表.xml" publishTime="12/07/2015 16:32:26" />
    <file relUrl="KBLibrary/0000000254.xml" publishTime="12/07/2015 16:30:35" />
    <file relUrl="KBLibrary/0000000027.xml" publishTime="12/07/2015 16:30:35" />
    <file relUrl="KBLibrary/0000000419.xml" publishTime="12/07/2015 16:30:34" />
    <file relUrl="KBLibrary/0000000074.xml" publishTime="12/07/2015 16:30:34" />
    <file relUrl="KBLibrary/0000000151.xml" publishTime="12/07/2015 16:30:34" />
    <file relUrl="KBLibrary/0000000442.xml" publishTime="12/07/2015 16:30:35" />
    <file relUrl="KBLibrary/0000000128.xml" publishTime="12/07/2015 16:30:33" />
    <file relUrl="IEActiveXTest/DCAXWriterControl2.aspx" publishTime="12/07/2015 16:30:20" />
    <file relUrl="KBLibrary/0000000284.xml" publishTime="12/07/2015 16:30:35" />
    <file relUrl="KBLibrary/0000000247.xml" publishTime="12/07/2015 16:30:38" />
    <file relUrl="KBLibrary/0000000388.xml" publishTime="12/07/2015 16:30:37" />
    <file relUrl="AjaxOpenPrint.aspx" publishTime="12/14/2015 09:44:55" />
    <file relUrl="KBLibrary/0000000008.xml" publishTime="12/07/2015 16:30:33" />
    <file relUrl="KBLibrary/0000000436.xml" publishTime="12/07/2015 16:30:33" />
    <file relUrl="KBLibrary/0000000374.xml" publishTime="12/07/2015 16:30:35" />
    <file relUrl="KBLibrary/0000000125.xml" publishTime="12/07/2015 16:30:35" />
    <file relUrl="KBLibrary/0000000083.xml" publishTime="12/07/2015 16:30:35" />
    <file relUrl="KBLibrary/0000000403.xml" publishTime="12/07/2015 16:30:35" />
    <file relUrl="DemoFile/某某医院临床检查化验申请单.xml" publishTime="12/07/2015 16:32:26" />
    <file relUrl="KBLibrary/0000000439.xml" publishTime="12/07/2015 16:30:37" />
    <file relUrl="IEActiveXTest/DCAXWriterControl3.aspx" publishTime="12/07/2015 16:30:20" />
    <file relUrl="KBLibrary/0000000230.xml" publishTime="12/07/2015 16:30:37" />
    <file relUrl="KBLibrary/0000000165.xml" publishTime="12/07/2015 16:30:36" />
    <file relUrl="KBLibrary/0000000259.xml" publishTime="12/07/2015 16:30:37" />
    <file relUrl="KBLibrary/0000000345.xml" publishTime="12/07/2015 16:30:37" />
    <file relUrl="KBLibrary/0000000412.xml" publishTime="12/07/2015 16:30:35" />
    <file relUrl="KBLibrary/0000000019.xml" publishTime="12/07/2015 16:30:36" />
    <file relUrl="KBLibrary/0000000148.xml" publishTime="12/07/2015 16:30:37" />
    <file relUrl="DemoFile/InpatientInfo.xml" publishTime="12/07/2015 16:32:29" />
    <file relUrl="KBLibrary/0000000372.xml" publishTime="12/07/2015 16:30:38" />
    <file relUrl="KBLibrary/0000000369.xml" publishTime="12/07/2015 16:30:35" />
    <file relUrl="KBLibrary/0000000035.xml" publishTime="12/07/2015 16:30:34" />
    <file relUrl="KBLibrary/0000000034.xml" publishTime="12/07/2015 16:30:33" />
    <file relUrl="Test/DataBindingPage.aspx" publishTime="12/07/2015 16:31:40" />
    <file relUrl="KBLibrary/0000000021.xml" publishTime="12/07/2015 16:30:32" />
    <file relUrl="KBLibrary/0000000162.xml" publishTime="12/07/2015 16:30:38" />
    <file relUrl="KBLibrary/0000000208.xml" publishTime="12/07/2015 16:30:38" />
    <file relUrl="KBLibrary/0000000180.xml" publishTime="12/07/2015 16:30:33" />
    <file relUrl="KBLibrary/0000000255.xml" publishTime="12/07/2015 16:30:37" />
    <file relUrl="KBLibrary/0000000006.xml" publishTime="12/07/2015 16:30:36" />
    <file relUrl="KBLibrary/0000000136.xml" publishTime="12/07/2015 16:30:38" />
    <file relUrl="KBLibrary/0000000150.xml" publishTime="12/07/2015 16:30:33" />
    <file relUrl="KBLibrary/0000000038.xml" publishTime="12/07/2015 16:30:33" />
    <file relUrl="KBLibrary/0000000428.xml" publishTime="12/07/2015 16:30:34" />
    <file relUrl="KBLibrary/0000000256.xml" publishTime="12/07/2015 16:30:38" />
    <file relUrl="KBLibrary/0000000440.xml" publishTime="12/07/2015 16:30:38" />
    <file relUrl="KBLibrary/0000000361.xml" publishTime="12/07/2015 16:30:35" />
    <file relUrl="KBLibrary/0000000052.xml" publishTime="12/07/2015 16:30:34" />
    <file relUrl="debugjs/DCDragResizeManager.js" publishTime="12/07/2015 16:32:07" />
    <file relUrl="DemoFile/南京都昌科技量表_PDQ39评分量表.xml" publishTime="12/07/2015 16:32:26" />
    <file relUrl="KBLibrary/0000000120.xml" publishTime="12/07/2015 16:30:33" />
    <file relUrl="KBLibrary/0000000401.xml" publishTime="12/07/2015 16:30:37" />
    <file relUrl="KBLibrary/0000000338.xml" publishTime="12/07/2015 16:30:34" />
    <file relUrl="KBLibrary/0000000049.xml" publishTime="12/07/2015 16:30:36" />
    <file relUrl="DemoFile/01税收优惠政策管理规定1209.xml" publishTime="12/07/2015 16:32:26" />
    <file relUrl="images/360.png" publishTime="12/07/2015 16:31:46" />
    <file relUrl="KBLibrary/0000000404.xml" publishTime="12/07/2015 16:30:36" />
    <file relUrl="KBLibrary/0000000178.xml" publishTime="12/07/2015 16:30:37" />
    <file relUrl="DemoFile/珠海市妇幼保健院电子胃镜诊疗报告.xml" publishTime="12/07/2015 16:32:26" />
    <file relUrl="OnlineWriterLocal.aspx" publishTime="12/07/2015 16:31:39" />
    <file relUrl="KBLibrary/0000000231.xml" publishTime="12/07/2015 16:30:33" />
    <file relUrl="KBLibrary/0000000127.xml" publishTime="12/07/2015 16:30:38" />
    <file relUrl="KBLibrary/0000000081.xml" publishTime="12/07/2015 16:30:38" />
    <file relUrl="KBLibrary/0000000129.xml" publishTime="12/07/2015 16:30:35" />
    <file relUrl="KBLibrary/0000000124.xml" publishTime="12/07/2015 16:30:33" />
    <file relUrl="IEActiveXTest/DCAXWriterControl1.aspx" publishTime="12/07/2015 16:30:20" />
    <file relUrl="KBLibrary/0000000246.xml" publishTime="12/07/2015 16:30:36" />
    <file relUrl="KBLibrary/0000000410.xml" publishTime="12/07/2015 16:30:38" />
    <file relUrl="KBLibrary/0000000319.xml" publishTime="12/07/2015 16:30:37" />
    <file relUrl="KBLibrary/0000000167.xml" publishTime="12/07/2015 16:30:33" />
    <file relUrl="test20140819.html" publishTime="12/07/2015 16:31:34" />
    <file relUrl="KBLibrary/0000000406.xml" publishTime="12/07/2015 16:30:33" />
    <file relUrl="KBLibrary/0000000072.xml" publishTime="12/07/2015 16:30:37" />
    <file relUrl="KBLibrary/0000000415.xml" publishTime="12/07/2015 16:30:34" />
    <file relUrl="KBLibrary/0000000085.xml" publishTime="12/07/2015 16:30:38" />
    <file relUrl="KBLibrary/0000000269.xml" publishTime="12/07/2015 16:30:33" />
    <file relUrl="KBLibrary/0000000373.xml" publishTime="12/07/2015 16:30:34" />
    <file relUrl="DemoFile/病程记录内容/病程记录2015年10月05日 10时56分38秒.xml" publishTime="12/07/2015 16:32:26" />
    <file relUrl="KBLibrary/0000000153.xml" publishTime="12/07/2015 16:30:37" />
    <file relUrl="KBLibrary/0000000348.xml" publishTime="12/07/2015 16:30:36" />
    <file relUrl="DemoFile/常州市中医医院超声检查诊断书.xml" publishTime="12/07/2015 16:32:26" />
    <file relUrl="KBLibrary/0000000039.xml" publishTime="12/07/2015 16:30:34" />
    <file relUrl="KBLibrary/0000000438.xml" publishTime="12/07/2015 16:30:36" />
    <file relUrl="DemoFile/中山醫學大學附設醫院-初診基本資料暨個人資料同意書.xml" publishTime="12/07/2015 16:32:25" />
    <file relUrl="KBLibrary/0000000257.xml" publishTime="12/07/2015 16:30:34" />
    <file relUrl="images/firefox.png" publishTime="12/07/2015 16:31:46" />
    <file relUrl="KBLibrary/0000000380.xml" publishTime="12/07/2015 16:30:37" />
    <file relUrl="KBLibrary/0000000053.xml" publishTime="12/07/2015 16:30:35" />
    <file relUrl="KBLibrary/0000000429.xml" publishTime="12/07/2015 16:30:36" />
    <file relUrl="IEActiveXTest/DCWriter.cab" publishTime="12/07/2015 16:30:20" />
    <file relUrl="KBLibrary/0000000301.xml" publishTime="12/07/2015 16:30:35" />
    <file relUrl="KBLibrary/0000000371.xml" publishTime="12/07/2015 16:30:36" />
    <file relUrl="KBLibrary/0000000377.xml" publishTime="12/07/2015 16:30:34" />
    <file relUrl="KBLibrary/0000000029.xml" publishTime="12/07/2015 16:30:33" />
    <file relUrl="KBLibrary/0000000336.xml" publishTime="12/07/2015 16:30:37" />
    <file relUrl="DemoFile/中铁一局咸阳中心医院护理记录单.xml" publishTime="12/07/2015 16:32:26" />
    <file relUrl="KBLibrary/0000000020.xml" publishTime="12/07/2015 16:30:37" />
    <file relUrl="KBLibrary/0000000050.xml" publishTime="12/07/2015 16:30:36" />
    <file relUrl="KBLibrary/0000000181.xml" publishTime="12/07/2015 16:30:34" />
    <file relUrl="bin/DCSoft.Writer.WebDemo.pdb" publishTime="12/14/2015 09:46:24" />
    <file relUrl="KBLibrary/0000000232.xml" publishTime="12/07/2015 16:30:34" />
    <file relUrl="KBLibrary/0000000353.xml" publishTime="12/07/2015 16:30:36" />
    <file relUrl="SmartClientDemo.aspx" publishTime="12/07/2015 16:31:33" />
    <file relUrl="KBLibrary/0000000326.xml" publishTime="12/07/2015 16:30:35" />
    <file relUrl="KBLibrary/0000000214.xml" publishTime="12/07/2015 16:30:34" />
    <file relUrl="OnlineWriter.aspx" publishTime="12/07/2015 16:31:34" />
    <file relUrl="KBLibrary/0000000318.xml" publishTime="12/07/2015 16:30:36" />
    <file relUrl="DemoFile/病程记录内容/病程记录2.xml" publishTime="12/07/2015 16:32:26" />
    <file relUrl="KBLibrary/0000000241.xml" publishTime="12/07/2015 16:30:35" />
    <file relUrl="KBLibrary/0000000414.xml" publishTime="12/07/2015 16:30:38" />
    <file relUrl="KBLibrary/0000000073.xml" publishTime="12/07/2015 16:30:33" />
    <file relUrl="KBLibrary/0000000048.xml" publishTime="12/07/2015 16:30:35" />
    <file relUrl="KBLibrary/0000000278.xml" publishTime="12/07/2015 16:30:33" />
    <file relUrl="KBLibrary/0000000152.xml" publishTime="12/07/2015 16:30:36" />
    <file relUrl="KBLibrary/0000000327.xml" publishTime="12/07/2015 16:30:36" />
    <file relUrl="DemoFile/某医院血液净化记录单.xml" publishTime="12/07/2015 16:32:26" />
    <file relUrl="KBLibrary/0000000323.xml" publishTime="12/07/2015 16:30:36" />
    <file relUrl="DemoFile/病程记录内容/病程记录2013年02月16日 12时03分12秒.xml" publishTime="12/07/2015 16:32:26" />
    <file relUrl="OnlineWriterPC.aspx" publishTime="12/14/2015 09:44:55" />
    <file relUrl="debugjs/combin/jsmin.exe" publishTime="12/07/2015 16:32:07" />
    <file relUrl="KBLibrary/0000000358.xml" publishTime="12/07/2015 16:30:37" />
    <file relUrl="ShowDocumentImageService.aspx" publishTime="12/07/2015 16:32:30" />
    <file relUrl="KBLibrary/0000000179.xml" publishTime="12/07/2015 16:30:38" />
    <file relUrl="KBLibrary/0000000324.xml" publishTime="12/07/2015 16:30:38" />
    <file relUrl="DemoFile/陕西省第二人民医院手术知情同意书.xml" publishTime="12/07/2015 16:32:25" />
    <file relUrl="KBLibrary/0000000221.xml" publishTime="12/07/2015 16:30:37" />
    <file relUrl="KBLibrary/0000000051.xml" publishTime="12/07/2015 16:30:38" />
    <file relUrl="KBLibrary/0000000204.xml" publishTime="12/07/2015 16:30:38" />
    <file relUrl="App_Data/EMR.mdb" publishTime="12/07/2015 16:31:33" />
    <file relUrl="KBLibrary/0000000233.xml" publishTime="12/07/2015 16:30:36" />
    <file relUrl="KBLibraryTemplate.aspx" publishTime="12/07/2015 16:31:34" />
    <file relUrl="PatientEdtior.aspx" publishTime="12/07/2015 16:31:45" />
    <file relUrl="KBLibrary/0000000022.xml" publishTime="12/07/2015 16:30:34" />
    <file relUrl="bin/DCSoft.Writer.xml" publishTime="12/14/2015 09:20:34" />
    <file relUrl="DemoFile/某医院中医首次护理记录单.xml" publishTime="12/07/2015 16:32:25" />
    <file relUrl="KBLibrary/0000000244.xml" publishTime="12/07/2015 16:30:33" />
    <file relUrl="KBLibrary/0000000392.xml" publishTime="12/07/2015 16:30:36" />
    <file relUrl="KBLibrary/0000000082.xml" publishTime="12/07/2015 16:30:33" />
    <file relUrl="KBLibrary/0000000216.xml" publishTime="12/07/2015 16:30:36" />
    <file relUrl="KBLibrary/0000000352.xml" publishTime="12/07/2015 16:30:34" />
    <file relUrl="KBLibrary/0000000042.xml" publishTime="12/07/2015 16:30:38" />
    <file relUrl="KBLibrary/0000000070.xml" publishTime="12/07/2015 16:30:34" />
    <file relUrl="OnlineWriterFast.aspx" publishTime="12/07/2015 16:31:46" />
    <file relUrl="KBLibrary/0000000298.xml" publishTime="12/07/2015 16:30:37" />
    <file relUrl="KBLibrary/0000000243.xml" publishTime="12/07/2015 16:30:38" />
    <file relUrl="KBLibrary/0000000131.xml" publishTime="12/07/2015 16:30:36" />
    <file relUrl="KBLibrary/0000000432.xml" publishTime="12/07/2015 16:30:33" />
    <file relUrl="KBLibrary/0000000368.xml" publishTime="12/07/2015 16:30:34" />
    <file relUrl="DemoFile/扬州市XX中医院中医院住院病案首页.xml" publishTime="12/07/2015 16:32:29" />
    <file relUrl="Global.asax" publishTime="12/07/2015 16:31:34" />
    <file relUrl="DemoFile/病程记录内容/病程记录2013年06月04日 10时17分28秒.xml" publishTime="12/07/2015 16:32:26" />
    <file relUrl="KBLibrary/0000000437.xml" publishTime="12/07/2015 16:30:34" />
    <file relUrl="DemoFile/84 艾滋病抗体初筛阳性标本相关信息收集表.xml" publishTime="12/07/2015 16:32:25" />
    <file relUrl="KBLibrary/0000000321.xml" publishTime="12/07/2015 16:30:33" />
    <file relUrl="KBLibrary/0000000234.xml" publishTime="12/07/2015 16:30:37" />
    <file relUrl="KBLibrary/0000000315.xml" publishTime="12/07/2015 16:30:37" />
    <file relUrl="DemoFile/计算年龄.xml" publishTime="12/07/2015 16:32:29" />
    <file relUrl="KBLibrary/0000000350.xml" publishTime="12/07/2015 16:30:37" />
    <file relUrl="KBLibrary/0000000183.xml" publishTime="12/07/2015 16:30:37" />
    <file relUrl="KBLibrary/0000000413.xml" publishTime="12/07/2015 16:30:36" />
    <file relUrl="KBLibrary/0000000135.xml" publishTime="12/07/2015 16:30:36" />
    <file relUrl="DemoFile/昆明市五华区国家税务局标准新办增值税一般纳税人资格认定管理.xml" publishTime="12/07/2015 16:32:25" />
    <file relUrl="KBLibrary/0000000274.xml" publishTime="12/07/2015 16:30:33" />
    <file relUrl="Workspace-Background.jpg" publishTime="12/07/2015 16:31:34" />
    <file relUrl="Test/QueryListItemsPage.aspx" publishTime="12/07/2015 16:31:40" />
    <file relUrl="KBLibrary/0000000267.xml" publishTime="12/07/2015 16:30:36" />
    <file relUrl="DocumentMain.aspx" publishTime="12/07/2015 16:31:33" />
    <file relUrl="KBLibrary/0000000328.xml" publishTime="12/07/2015 16:30:38" />
    <file relUrl="KBLibrary/0000000025.xml" publishTime="12/07/2015 16:30:33" />
    <file relUrl="KBLibrary/0000000399.xml" publishTime="12/07/2015 16:30:35" />
    <file relUrl="KBLibrary/0000000184.xml" publishTime="12/07/2015 16:30:33" />
    <file relUrl="KBLibrary/0000000251.xml" publishTime="12/07/2015 16:30:36" />
    <file relUrl="KBLibrary/0000000240.xml" publishTime="12/07/2015 16:30:33" />
    <file relUrl="KBLibrary/0000000002.xml" publishTime="12/07/2015 16:30:36" />
    <file relUrl="KBLibrary/0000000071.xml" publishTime="12/07/2015 16:30:36" />
    <file relUrl="KBLibrary/0000000356.xml" publishTime="12/07/2015 16:30:34" />
    <file relUrl="KBLibrary/0000000065.xml" publishTime="12/07/2015 16:30:34" />
    <file relUrl="DemoFile/药品不良反映报告单.xml" publishTime="12/07/2015 16:32:26" />
    <file relUrl="KBLibrary/0000000206.xml" publishTime="12/07/2015 16:30:35" />
    <file relUrl="KBLibrary/0000000299.xml" publishTime="12/07/2015 16:30:38" />
    <file relUrl="SmartClientDemo2.aspx" publishTime="12/07/2015 16:32:29" />
    <file relUrl="KBLibrary/0000000266.xml" publishTime="12/07/2015 16:30:34" />
    <file relUrl="flag.png" publishTime="12/07/2015 16:32:29" />
    <file relUrl="KBLibrary/0000000159.xml" publishTime="12/07/2015 16:30:34" />
    <file relUrl="KBLibrary/0000000362.xml" publishTime="12/07/2015 16:30:36" />
    <file relUrl="KBLibrary/0000000427.xml" publishTime="12/07/2015 16:30:33" />
    <file relUrl="images/uc.png" publishTime="12/07/2015 16:31:46" />
    <file relUrl="KBLibrary/0000000133.xml" publishTime="12/07/2015 16:30:34" />
    <file relUrl="KBLibrary/0000000305.xml" publishTime="12/07/2015 16:30:35" />
    <file relUrl="KBLibrary/0000000400.xml" publishTime="12/07/2015 16:30:36" />
    <file relUrl="DemoFile/444 中华人民共和国传染病报告卡.xml" publishTime="12/07/2015 16:32:26" />
    <file relUrl="test999.htm" publishTime="12/07/2015 16:31:34" />
    <file relUrl="KBLibrary/0000000191.xml" publishTime="12/07/2015 16:30:36" />
    <file relUrl="images/safari.png" publishTime="12/07/2015 16:31:46" />
    <file relUrl="KBLibrary/0000000235.xml" publishTime="12/07/2015 16:30:33" />
    <file relUrl="DemoFile/_广州医科大学附属第一医院入院记录.xml" publishTime="12/07/2015 16:32:29" />
    <file relUrl="SmartClientDemo3.aspx" publishTime="12/07/2015 16:31:33" />
    <file relUrl="KBLibrary/0000000219.xml" publishTime="12/07/2015 16:30:35" />
    <file relUrl="DCLib/DCSoft.Writer.dll" publishTime="12/14/2015 09:31:51" />
    <file relUrl="DemoFile/天津人民医院病程记录.xml" publishTime="12/07/2015 16:32:29" />
    <file relUrl="AjaxOpenDocument.aspx" publishTime="12/14/2015 09:44:55" />
    <file relUrl="KBLibrary/0000000300.xml" publishTime="12/07/2015 16:30:34" />
    <file relUrl="DemoFile/某医院影像申请单.xml" publishTime="12/07/2015 16:32:26" />
    <file relUrl="KBLibrary/0000000275.xml" publishTime="12/07/2015 16:30:34" />
    <file relUrl="DemoFile/病程记录内容/模板-病程记录.xml" publishTime="12/07/2015 16:32:26" />
    <file relUrl="KBLibrary/0000000149.xml" publishTime="12/07/2015 16:30:33" />
    <file relUrl="TimeLineTest/Files/术前讨论.xml" publishTime="12/07/2015 16:31:39" />
    <file relUrl="KBLibrary/0000000253.xml" publishTime="12/07/2015 16:30:34" />
    <file relUrl="KBLibraryListItem.aspx" publishTime="12/07/2015 16:32:30" />
    <file relUrl="images/android.jpg" publishTime="12/07/2015 16:31:46" />
    <file relUrl="DemoFile/常州市第一人民医院护理记录单.xml" publishTime="12/14/2015 09:45:00" />
    <file relUrl="KBLibrary/0000000322.xml" publishTime="12/07/2015 16:30:35" />
    <file relUrl="KBLibrary/0000000416.xml" publishTime="12/07/2015 16:30:35" />
    <file relUrl="KBLibrary/0000000115.xml" publishTime="12/07/2015 16:30:33" />
    <file relUrl="WriterControlWebService.asmx" publishTime="12/07/2015 16:31:39" />
    <file relUrl="TestRecordEditor.aspx" publishTime="12/07/2015 16:31:45" />
    <file relUrl="KBLibrary/0000000384.xml" publishTime="12/07/2015 16:30:37" />
    <file relUrl="KBLibrary/0000000280.xml" publishTime="12/07/2015 16:30:35" />
    <file relUrl="KBLibrary/0000000158.xml" publishTime="12/07/2015 16:30:33" />
    <file relUrl="bin/DCSoft.Writer.WebDemo.dll" publishTime="12/14/2015 09:46:24" />
    <file relUrl="KBLibrary/0000000132.xml" publishTime="12/07/2015 16:30:38" />
    <file relUrl="KBLibrary/0000000024.xml" publishTime="12/07/2015 16:30:37" />
    <file relUrl="KBLibrary/0000000185.xml" publishTime="12/07/2015 16:30:34" />
    <file relUrl="DemoFile/陕西省第二人民医院全院通用入院记录.xml" publishTime="12/07/2015 16:32:25" />
    <file relUrl="KBLibrary/0000000190.xml" publishTime="12/07/2015 16:30:34" />
    <file relUrl="KBLibrary/0000000398.xml" publishTime="12/07/2015 16:30:33" />
    <file relUrl="DocumentSchema.xml" publishTime="12/07/2015 16:32:29" />
    <file relUrl="KBLibrary/0000000064.xml" publishTime="12/07/2015 16:30:33" />
    <file relUrl="KBLibrary/0000000434.xml" publishTime="12/07/2015 16:30:36" />
    <file relUrl="KBLibrary/0000000292.xml" publishTime="12/07/2015 16:30:34" />
    <file relUrl="RecordEditor.aspx" publishTime="12/07/2015 16:31:33" />
    <file relUrl="Test/CourseRecords2.aspx" publishTime="12/07/2015 16:31:40" />
    <file relUrl="KBLibrary/0000000276.xml" publishTime="12/07/2015 16:30:36" />
    <file relUrl="KBLibrary/0000000360.xml" publishTime="12/07/2015 16:30:33" />
    <file relUrl="KBLibrary/0000000268.xml" publishTime="12/07/2015 16:30:37" />
    <file relUrl="KBLibrary/0000000239.xml" publishTime="12/07/2015 16:30:33" />
    <file relUrl="KBLibrary/0000000417.xml" publishTime="12/07/2015 16:30:37" />
    <file relUrl="debugjs/DCMedicalExpressionManager.js" publishTime="12/07/2015 16:32:07" />
    <file relUrl="KBLibrary/0000000349.xml" publishTime="12/07/2015 16:30:37" />
    <file relUrl="KBLibrary/0000000302.xml" publishTime="12/07/2015 16:30:37" />
    <file relUrl="KBLibrary/0000000334.xml" publishTime="12/07/2015 16:30:34" />
    <file relUrl="DemoFile/陕西省肿瘤医院CT检查报告单.xml" publishTime="12/07/2015 16:32:26" />
    <file relUrl="ShowDocument.aspx" publishTime="12/07/2015 16:32:29" />
    <file relUrl="images/qq.png" publishTime="12/07/2015 16:31:46" />
    <file relUrl="KBLibrary/0000000337.xml" publishTime="12/07/2015 16:30:38" />
    <file relUrl="KBLibrary/0000000381.xml" publishTime="12/07/2015 16:30:33" />
    <file relUrl="KBLibrary/0000000084.xml" publishTime="12/07/2015 16:30:36" />
    <file relUrl="Default.aspx" publishTime="12/14/2015 09:44:55" />
    <file relUrl="KBLibrary/0000000193.xml" publishTime="12/07/2015 16:30:33" />
    <file relUrl="DemoFile/沈阳军区总医院急诊医学部急诊病历.xml" publishTime="12/07/2015 16:32:26" />
    <file relUrl="KBLibrary/0000000367.xml" publishTime="12/07/2015 16:30:38" />
    <file relUrl="KBLibrary/0000000425.xml" publishTime="12/07/2015 16:30:35" />
    <file relUrl="KBLibrary/0000000312.xml" publishTime="12/07/2015 16:30:33" />
    <file relUrl="KBLibrary/0000000397.xml" publishTime="12/07/2015 16:30:37" />
    <file relUrl="KBLibrary/0000000227.xml" publishTime="12/07/2015 16:30:34" />
    <file relUrl="KBLibrary/0000000402.xml" publishTime="12/07/2015 16:30:33" />
    <file relUrl="KBLibrary/0000000386.xml" publishTime="12/07/2015 16:30:34" />
    <file relUrl="KBLibrary/0000000389.xml" publishTime="12/07/2015 16:30:33" />
    <file relUrl="KBLibrary/0000000387.xml" publishTime="12/07/2015 16:30:36" />
    <file relUrl="DemoFile/某医院临时医嘱单.xml" publishTime="12/07/2015 16:32:25" />
    <file relUrl="DemoFile/贵阳市白云区第一人民医院胃镜检查报告单.xml" publishTime="12/07/2015 16:32:26" />
    <file relUrl="KBLibrary/0000000237.xml" publishTime="12/07/2015 16:30:36" />
    <file relUrl="KBLibrary/0000000223.xml" publishTime="12/07/2015 16:30:34" />
    <file relUrl="KBLibrary/0000000026.xml" publishTime="12/07/2015 16:30:34" />
    <file relUrl="DemoFile/病程记录内容/病程记录2013年02月17日 12时03分32秒.xml" publishTime="12/07/2015 16:32:26" />
    <file relUrl="DemoFile/中铁一局咸阳中心医院入院记录.xml" publishTime="12/07/2015 16:32:25" />
    <file relUrl="KBLibrary/0000000028.xml" publishTime="12/07/2015 16:30:37" />
    <file relUrl="KBLibrary/0000000058.xml" publishTime="12/07/2015 16:30:37" />
    <file relUrl="KBLibrary/0000000277.xml" publishTime="12/07/2015 16:30:37" />
    <file relUrl="TimeLineTest/ShowEMRDocument.aspx" publishTime="12/07/2015 16:31:39" />
    <file relUrl="kblibrary.xml" publishTime="12/07/2015 16:31:45" />
    <file relUrl="KBLibrary/0000000357.xml" publishTime="12/07/2015 16:30:36" />
    <file relUrl="KBLibrary/0000000066.xml" publishTime="12/07/2015 16:30:35" />
    <file relUrl="KBLibrary/0000000364.xml" publishTime="12/07/2015 16:30:33" />
    <file relUrl="KBLibrary/0000000288.xml" publishTime="12/07/2015 16:30:35" />
    <file relUrl="KBLibrary/0000000047.xml" publishTime="12/07/2015 16:30:33" />
    <file relUrl="XML2RTF.aspx" publishTime="12/07/2015 16:31:46" />
    <file relUrl="KBLibrary/0000000393.xml" publishTime="12/07/2015 16:30:37" />
    <file relUrl="KBLibrary/0000000249.xml" publishTime="12/07/2015 16:30:35" />
    <file relUrl="TimeLineTest/Files/首次病程.xml" publishTime="12/07/2015 16:31:39" />
    <file relUrl="KBLibrary/0000000168.xml" publishTime="12/07/2015 16:30:35" />
    <file relUrl="OnlineWriterPrint.aspx" publishTime="12/14/2015 09:44:55" />
    <file relUrl="KBLibrary/0000000175.xml" publishTime="12/07/2015 16:30:38" />
    <file relUrl="Test/Workspace-Background.jpg" publishTime="12/07/2015 16:31:40" />
    <file relUrl="KBLibrary/0000000281.xml" publishTime="12/07/2015 16:30:36" />
    <file relUrl="KBLibrary/0000000325.xml" publishTime="12/07/2015 16:30:33" />
    <file relUrl="TimeLineTest/Files/CT.JPG" publishTime="12/07/2015 16:31:39" />
    <file relUrl="blue96.png" publishTime="12/07/2015 16:31:33" />
    <file relUrl="KBLibrary/0000000379.xml" publishTime="12/07/2015 16:30:37" />
    <file relUrl="KBLibrary/0000000187.xml" publishTime="12/07/2015 16:30:37" />
    <file relUrl="KBLibrary/0000000144.xml" publishTime="12/07/2015 16:30:37" />
    <file relUrl="KBLibrary/0000000303.xml" publishTime="12/07/2015 16:30:33" />
    <file relUrl="KBLibrary/0000000192.xml" publishTime="12/07/2015 16:30:37" />
    <file relUrl="KBLibrary/0000000365.xml" publishTime="12/07/2015 16:30:35" />
    <file relUrl="DemoFile/病程记录内容/病程记录2013年02月20日 20时49分41秒.xml" publishTime="12/07/2015 16:32:26" />
    <file relUrl="KBLibrary/0000000270.xml" publishTime="12/07/2015 16:30:33" />
    <file relUrl="KBLibrary/0000000430.xml" publishTime="12/07/2015 16:30:36" />
    <file relUrl="test6.htm" publishTime="12/07/2015 16:31:45" />
    <file relUrl="KBLibrary/0000000351.xml" publishTime="12/07/2015 16:30:33" />
    <file relUrl="KBLibrary/kblibrary.xml" publishTime="12/07/2015 16:30:35" />
    <file relUrl="KBLibrary/0000000059.xml" publishTime="12/07/2015 16:30:38" />
    <file relUrl="KBLibrary/0000000293.xml" publishTime="12/07/2015 16:30:35" />
    <file relUrl="images/opera.png" publishTime="12/07/2015 16:31:46" />
    <file relUrl="DemoFile/南京市市级机关医院妇科入院记录.xml" publishTime="12/07/2015 16:32:25" />
    <file relUrl="KBLibrary/0000000111.xml" publishTime="12/07/2015 16:30:33" />
    <file relUrl="KBLibrary/0000000424.xml" publishTime="12/07/2015 16:30:34" />
    <file relUrl="KBLibrary/0000000061.xml" publishTime="12/07/2015 16:30:34" />
    <file relUrl="KBLibrary/0000000342.xml" publishTime="12/07/2015 16:30:33" />
    <file relUrl="KBLibrary/0000000409.xml" publishTime="12/07/2015 16:30:38" />
    <file relUrl="KBLibrary/0000000134.xml" publishTime="12/07/2015 16:30:35" />
    <file relUrl="KBLibrary/0000000258.xml" publishTime="12/07/2015 16:30:35" />
    <file relUrl="KBLibrary/0000000297.xml" publishTime="12/07/2015 16:30:35" />
    <file relUrl="KBLibrary/0000000003.xml" publishTime="12/07/2015 16:30:37" />
    <file relUrl="KBLibrary/0000000078.xml" publishTime="12/07/2015 16:30:34" />
    <file relUrl="KBLibrary/0000000045.xml" publishTime="12/07/2015 16:30:36" />
    <file relUrl="KBLibrary/0000000423.xml" publishTime="12/07/2015 16:30:33" />
    <file relUrl="KBLibrary/0000000077.xml" publishTime="12/07/2015 16:30:33" />
    <file relUrl="KBLibrary/0000000137.xml" publishTime="12/07/2015 16:30:34" />
    <file relUrl="KBLibrary/0000000174.xml" publishTime="12/07/2015 16:30:37" />
    <file relUrl="KBLibrary/0000000290.xml" publishTime="12/07/2015 16:30:36" />
    <file relUrl="KBLibrary/0000000209.xml" publishTime="12/07/2015 16:30:33" />
    <file relUrl="KBLibrary/0000000139.xml" publishTime="12/07/2015 16:30:37" />
    <file relUrl="KBLibrary/0000000383.xml" publishTime="12/07/2015 16:30:36" />
    <file relUrl="KBLibrary/0000000195.xml" publishTime="12/07/2015 16:30:36" />
    <file relUrl="KBLibrary/0000000207.xml" publishTime="12/07/2015 16:30:36" />
    <file relUrl="TimeLineTest/TimeLineTest.aspx" publishTime="12/07/2015 16:31:39" />
    <file relUrl="DemoFile/某医院病案首页.xml" publishTime="12/07/2015 16:32:25" />
    <file relUrl="KBLibrary/0000000177.xml" publishTime="12/07/2015 16:30:35" />
    <file relUrl="KBLibrary/0000000225.xml" publishTime="12/07/2015 16:30:37" />
    <file relUrl="KBLibrary/0000000112.xml" publishTime="12/07/2015 16:30:34" />
    <file relUrl="KBLibrary/0000000283.xml" publishTime="12/07/2015 16:30:33" />
    <file relUrl="IEActiveXTest/DCAXTimeLine.html" publishTime="12/07/2015 16:30:20" />
    <file relUrl="KBLibrary/0000000304.xml" publishTime="12/07/2015 16:30:34" />
    <file relUrl="testalign.html" publishTime="12/07/2015 16:32:29" />
    <file relUrl="KBLibrary/0000000271.xml" publishTime="12/07/2015 16:30:34" />
    <file relUrl="KBLibrary/0000000265.xml" publishTime="12/07/2015 16:30:33" />
    <file relUrl="KBLibrary/0000000169.xml" publishTime="12/07/2015 16:30:36" />
    <file relUrl="KBLibrary/0000000122.xml" publishTime="12/07/2015 16:30:36" />
    <file relUrl="KBLibrary/0000000242.xml" publishTime="12/07/2015 16:30:36" />
    <file relUrl="TimeLineTest/Files/麻醉护理记录单.xml" publishTime="12/07/2015 16:31:39" />
    <file relUrl="KBLibrary/0000000344.xml" publishTime="12/07/2015 16:30:35" />
    <file relUrl="KBLibrary/0000000200.xml" publishTime="12/07/2015 16:30:37" />
    <file relUrl="KBLibrary/0000000226.xml" publishTime="12/07/2015 16:30:33" />
    <file relUrl="KBLibrary/0000000110.xml" publishTime="12/07/2015 16:30:37" />
    <file relUrl="DemoFile/江西省泰和县人民医院分娩进行记录.xml" publishTime="12/07/2015 16:32:25" />
    <file relUrl="KBLibrary/0000000329.xml" publishTime="12/07/2015 16:30:33" />
    <file relUrl="KBLibrary/0000000289.xml" publishTime="12/07/2015 16:30:36" />
    <file relUrl="KBLibrary/0000000418.xml" publishTime="12/07/2015 16:30:38" />
    <file relUrl="KBLibrary/0000000145.xml" publishTime="12/07/2015 16:30:33" />
    <file relUrl="KBLibrary/0000000163.xml" publishTime="12/07/2015 16:30:33" />
    <file relUrl="KBLibrary/0000000126.xml" publishTime="12/07/2015 16:30:36" />
    <file relUrl="KBLibrary/0000000012.xml" publishTime="12/07/2015 16:30:38" />
    <file relUrl="KBLibrary/0000000426.xml" publishTime="12/07/2015 16:30:37" />
    <file relUrl="DemoFile/血生化报告单.xml" publishTime="12/07/2015 16:32:26" />
    <file relUrl="KBLibrary/0000000079.xml" publishTime="12/07/2015 16:30:36" />
    <file relUrl="DemoFile/模板-病程记录.xml" publishTime="12/07/2015 16:32:25" />
    <file relUrl="DemoFile/南京市市级机关医院脑血管病入院记录.xml" publishTime="12/07/2015 16:32:26" />
    <file relUrl="KBLibrary/0000000431.xml" publishTime="12/07/2015 16:30:37" />
    <file relUrl="KBLibrary/0000000291.xml" publishTime="12/07/2015 16:30:38" />
    <file relUrl="KBLibrary/0000000138.xml" publishTime="12/07/2015 16:30:35" />
    <file relUrl="KBLibrary/0000000194.xml" publishTime="12/07/2015 16:30:34" />
    <file relUrl="TimeLineTest/Files/护理记录单.xml" publishTime="12/07/2015 16:31:39" />
    <file relUrl="KBLibrary/0000000176.xml" publishTime="12/07/2015 16:30:34" />
    <file relUrl="KBLibrary/0000000060.xml" publishTime="12/07/2015 16:30:32" />
    <file relUrl="KBLibrary/0000000408.xml" publishTime="12/07/2015 16:30:36" />
    <file relUrl="KBLibrary/0000000272.xml" publishTime="12/07/2015 16:30:36" />
    <file relUrl="DemoFile/病程记录内容/病程记录2013年02月19日 12时05分22秒.xml" publishTime="12/07/2015 16:32:26" />
    <file relUrl="DemoFile/病程记录内容/病程记录2013年02月14日 12时01分54秒.xml" publishTime="12/07/2015 16:32:26" />
    <file relUrl="KBLibrary/0000000032.xml" publishTime="12/07/2015 16:30:36" />
    <file relUrl="KBLibrary/0000000044.xml" publishTime="12/07/2015 16:30:35" />
    <file relUrl="KBLibrary/0000000229.xml" publishTime="12/07/2015 16:30:37" />
    <file relUrl="KBLibrary/0000000333.xml" publishTime="12/07/2015 16:30:38" />
    <file relUrl="KBLibrary/0000000306.xml" publishTime="12/07/2015 16:30:37" />
    <file relUrl="debugjs/ueditor_zhcn.js" publishTime="12/14/2015 09:45:00" />
    <file relUrl="DemoFile/病程记录内容/病程记录2013年02月18日 12时04分21秒.xml" publishTime="12/07/2015 16:32:26" />
    <file relUrl="KBLibrary/0000000308.xml" publishTime="12/07/2015 16:30:34" />
    <file relUrl="images/baidu.png" publishTime="12/07/2015 16:31:46" />
    <file relUrl="KBLibrary/0000000222.xml" publishTime="12/07/2015 16:30:32" />
    <file relUrl="debugjs/combin/命令行.txt" publishTime="12/14/2015 09:44:59" />
    <file relUrl="KBLibrary/0000000359.xml" publishTime="12/07/2015 16:30:33" />
    <file relUrl="KBLibrary/0000000385.xml" publishTime="12/07/2015 16:30:33" />
    <file relUrl="KBLibrary/0000000346.xml" publishTime="12/07/2015 16:30:33" />
    <file relUrl="KBLibrary/0000000309.xml" publishTime="12/07/2015 16:30:36" />
    <file relUrl="KBLibrary/0000000390.xml" publishTime="12/07/2015 16:30:33" />
    <file relUrl="KBLibrary/0000000282.xml" publishTime="12/07/2015 16:30:38" />
    <file relUrl="KBLibrary/0000000146.xml" publishTime="12/07/2015 16:30:34" />
    <file relUrl="KBLibrary/0000000013.xml" publishTime="12/07/2015 16:30:34" />
    <file relUrl="KBLibrary/0000000142.xml" publishTime="12/07/2015 16:30:34" />
    <file relUrl="DemoFile/某医院待产记录.xml" publishTime="12/07/2015 16:32:26" />
    <file relUrl="DemoFile/病程记录内容/CascadeTemplate.xml" publishTime="12/07/2015 16:32:26" />
    <file relUrl="KBLibrary/0000000160.xml" publishTime="12/07/2015 16:30:35" />
    <file relUrl="Test.htm" publishTime="12/07/2015 16:32:30" />
    <file relUrl="DemoFile/天津人民医院病患者入院评估表.xml" publishTime="12/07/2015 16:32:26" />
    <file relUrl="KBLibrary/0000000010.xml" publishTime="12/07/2015 16:30:35" />
    <file relUrl="KBLibrary/0000000016.xml" publishTime="12/07/2015 16:30:38" />
    <file relUrl="KBLibrary/0000000435.xml" publishTime="12/07/2015 16:30:37" />
    <file relUrl="KBLibrary/0000000197.xml" publishTime="12/07/2015 16:30:33" />
    <file relUrl="DemoFile/63cb9432-79f4-4b4f-b753-65ecdff68247-1.xml" publishTime="12/07/2015 16:32:26" />
    <file relUrl="KBLibrary/0000000313.xml" publishTime="12/07/2015 16:30:34" />
    <file relUrl="DemoFile/福建孟超肝胆医院血糖录入.xml" publishTime="12/07/2015 16:32:25" />
    <file relUrl="debugjs/ueditor_config.js" publishTime="12/14/2015 09:45:00" />
    <file relUrl="DemoFile/南京市市级机关医院病人入院护理评估单.xml" publishTime="12/07/2015 16:32:26" />
    <file relUrl="DCLib/DCSoft.ORM.dll" publishTime="12/07/2015 16:32:06" />
    <file relUrl="images/chrome.png" publishTime="12/07/2015 16:31:46" />
    <file relUrl="TimeLineTest/Files/门诊病历.xml" publishTime="12/07/2015 16:31:39" />
    <file relUrl="KBLibrary/0000000273.xml" publishTime="12/07/2015 16:30:37" />
    <file relUrl="KBLibrary/0000000201.xml" publishTime="12/07/2015 16:30:33" />
    <file relUrl="DemoFile/福建孟超肝胆医院护理记录录入.xml" publishTime="12/07/2015 16:32:26" />
    <file relUrl="KBLibrary/0000000161.xml" publishTime="12/07/2015 16:30:36" />
    <file relUrl="KBLibrary/0000000062.xml" publishTime="12/07/2015 16:30:35" />
    <file relUrl="KBLibrary/0000000033.xml" publishTime="12/07/2015 16:30:37" />
    <file relUrl="KBLibrary/0000000119.xml" publishTime="12/07/2015 16:30:33" />
    <file relUrl="temp.xml" publishTime="12/07/2015 16:32:30" />
    <file relUrl="OnlineWriterClientEvent.aspx" publishTime="12/07/2015 16:31:45" />
    <file relUrl="KBLibrary/0000000043.xml" publishTime="12/07/2015 16:30:33" />
    <file relUrl="TimeLineTest/Files/病理分析.JPG" publishTime="12/07/2015 16:31:39" />
    <file relUrl="debugjs/DCMultiDocumentManager.js" publishTime="12/14/2015 09:44:59" />
    <file relUrl="demo.mp4" publishTime="12/07/2015 16:31:45" />
    <file relUrl="KBLibrary/0000000354.xml" publishTime="12/07/2015 16:30:37" />
    <file relUrl="DemoFile/病程记录内容/病程记录2013年02月11日 .xml" publishTime="12/07/2015 16:32:26" />
    <file relUrl="test2.html" publishTime="12/07/2015 16:31:45" />
    <file relUrl="KBLibrary/0000000147.xml" publishTime="12/07/2015 16:30:36" />
    <file relUrl="KBLibrary/0000000378.xml" publishTime="12/07/2015 16:30:35" />
    <file relUrl="debugjs/combin/dcwriter.js" publishTime="12/14/2015 09:44:59" />
    <file relUrl="KBLibrary/0000000171.xml" publishTime="12/07/2015 16:30:38" />
    <file relUrl="KBLibrary/0000000007.xml" publishTime="12/07/2015 16:30:38" />
    <file relUrl="KBLibrary/0000000285.xml" publishTime="12/07/2015 16:30:36" />
    <file relUrl="TimeLineTest/Files/血透记录2.xml" publishTime="12/07/2015 16:31:39" />
    <file relUrl="KBLibrary/0000000331.xml" publishTime="12/07/2015 16:30:35" />
    <file relUrl="Test/CourseRecords.aspx" publishTime="12/07/2015 16:31:40" />
    <file relUrl="KBLibrary/0000000332.xml" publishTime="12/07/2015 16:30:36" />
    <file relUrl="DemoFile/广东省惠亚-病案首页西医.xml" publishTime="12/07/2015 16:32:26" />
    <file relUrl="KBLibrary/0000000011.xml" publishTime="12/07/2015 16:30:36" />
    <file relUrl="KBLibrary/0000000140.xml" publishTime="12/07/2015 16:30:37" />
    <file relUrl="KBLibrary/0000000307.xml" publishTime="12/07/2015 16:30:33" />
    <file relUrl="KBLibrary/0000000196.xml" publishTime="12/07/2015 16:30:37" />
    <file relUrl="KBLibrary/0000000199.xml" publishTime="12/07/2015 16:30:36" />
    <file relUrl="PagePrintPreview.aspx" publishTime="12/07/2015 16:31:33" />
    <file relUrl="DemoFile/福建孟超肝胆医院住院志.xml" publishTime="12/07/2015 16:32:26" />
    <file relUrl="KBLibrary/0000000188.xml" publishTime="12/07/2015 16:30:33" />
    <file relUrl="KBLibrary/0000000347.xml" publishTime="12/07/2015 16:30:34" />
    <file relUrl="KBLibrary/0000000441.xml" publishTime="12/07/2015 16:30:33" />
    <file relUrl="TimeLineTest/Files/割掉老肾.jpg" publishTime="12/07/2015 16:31:39" />
    <file relUrl="DemoFile/横向打印测试.xml" publishTime="12/07/2015 16:32:26" />
    <file relUrl="DemoFile/陕西省第二人民医院深静脉穿刺留置拔管指征评估表.xml" publishTime="12/07/2015 16:32:26" />
    <file relUrl="KBLibrary/0000000030.xml" publishTime="12/07/2015 16:30:33" />
    <file relUrl="KBLibrary/0000000046.xml" publishTime="12/07/2015 16:30:38" />
    <file relUrl="KBLibrary/TST0000001.xml" publishTime="12/07/2015 16:30:37" />
    <file relUrl="debugjs/DCInputFieldManager.js" publishTime="12/14/2015 09:44:59" />
    <file relUrl="bin/DCSoft.Writer.dll" publishTime="12/14/2015 09:31:51" />
    <file relUrl="testflash.htm" publishTime="12/07/2015 16:31:45" />
    <file relUrl="KBLibrary/0000000248.xml" publishTime="12/07/2015 16:30:33" />
    <file relUrl="KBLibrary/0000000203.xml" publishTime="12/07/2015 16:30:36" />
    <file relUrl="data.xml" publishTime="12/07/2015 16:31:40" />
    <file relUrl="KBLibrary/0000000155.xml" publishTime="12/07/2015 16:30:34" />
    <file relUrl="DemoFile/病程记录内容/病程记录2013年02月15日 12时02分30秒.xml" publishTime="12/07/2015 16:32:26" />
    <file relUrl="DemoFile/三门县人民医院住院病历.xml" publishTime="12/07/2015 16:32:26" />
    <file relUrl="KBLibrary/0000000330.xml" publishTime="12/07/2015 16:30:34" />
    <file relUrl="KBLibrary/0000000041.xml" publishTime="12/07/2015 16:30:36" />
    <file relUrl="DemoFile/病程记录内容/病程记录2015年10月05日 11时00分00秒.xml" publishTime="12/07/2015 16:32:26" />
    <file relUrl="IEActiveXTest/DCAXTimeLine2.html" publishTime="12/07/2015 16:30:20" />
    <file relUrl="KBLibrary/0000000170.xml" publishTime="12/07/2015 16:30:36" />
    <file relUrl="KBLibrary/0000000294.xml" publishTime="12/07/2015 16:30:37" />
    <file relUrl="KBLibrary/0000000376.xml" publishTime="12/07/2015 16:30:38" />
    <file relUrl="KBLibrary/0000000314.xml" publishTime="12/07/2015 16:30:36" />
    <file relUrl="Template/ShowDocumentImageService2.aspx" publishTime="12/07/2015 16:31:46" />
    <file relUrl="KBLibrary/0000000189.xml" publishTime="12/07/2015 16:30:34" />
    <file relUrl="KBLibrary/0000000121.xml" publishTime="12/07/2015 16:30:35" />
    <file relUrl="KBLibrary/0000000173.xml" publishTime="12/07/2015 16:30:35" />
    <file relUrl="KBLibrary/0000000411.xml" publishTime="12/07/2015 16:30:34" />
    <file relUrl="KBLibrary/0000000287.xml" publishTime="12/07/2015 16:30:33" />
    <file relUrl="KBLibrary/0000000311.xml" publishTime="12/07/2015 16:30:37" />
    <file relUrl="TimeLineTest/Files/血透记录1.xml" publishTime="12/07/2015 16:31:39" />
    <file relUrl="DCLib/DCSoft.Writer.xml" publishTime="12/14/2015 09:20:34" />
    <file relUrl="KBLibrary/0000000067.xml" publishTime="12/07/2015 16:30:37" />
    <file relUrl="KBLibrary/0000000420.xml" publishTime="12/07/2015 16:30:34" />
    <file relUrl="Template/InpatientInfo.xml" publishTime="12/07/2015 16:31:46" />
    <file relUrl="web.config" publishTime="12/14/2015 10:02:16" />
    <file relUrl="KBLibrary/0000000080.xml" publishTime="12/07/2015 16:30:36" />
    <file relUrl="KBLibrary/0000000211.xml" publishTime="12/07/2015 16:30:35" />
    <file relUrl="KBLibrary/0000000340.xml" publishTime="12/07/2015 16:30:35" />
    <file relUrl="TimeLineTest/Files/入院记录.xml" publishTime="12/07/2015 16:31:39" />
    <file relUrl="KBLibrary/0000000031.xml" publishTime="12/07/2015 16:30:34" />
    <file relUrl="KBLibrary/0000000114.xml" publishTime="12/07/2015 16:30:37" />
    <file relUrl="KBLibrary/0000000130.xml" publishTime="12/07/2015 16:30:35" />
    <file relUrl="KBLibrary/0000000250.xml" publishTime="12/07/2015 16:30:35" />
    <file relUrl="KBLibrary/0000000166.xml" publishTime="12/07/2015 16:30:38" />
    <file relUrl="KBLibrary/0000000339.xml" publishTime="12/07/2015 16:30:35" />
    <file relUrl="KBLibrary/0000000212.xml" publishTime="12/07/2015 16:30:36" />
    <file relUrl="KBLibrary/0000000037.xml" publishTime="12/07/2015 16:30:37" />
    <file relUrl="DemoFile/温州医科大学附属眼视光医院眼部B超检查报告单.xml" publishTime="12/07/2015 16:32:25" />
    <file relUrl="KBLibrary/0000000141.xml" publishTime="12/07/2015 16:30:33" />
    <file relUrl="debugjs/WriterCommandModuleFormat.js" publishTime="12/14/2015 09:44:59" />
    <file relUrl="KBLibrary/0000000154.xml" publishTime="12/07/2015 16:30:33" />
    <file relUrl="KBLibrary/0000000422.xml" publishTime="12/07/2015 16:30:37" />
    <file relUrl="DemoFile/太钢集团总医院胃镜检查报告单.xml" publishTime="12/07/2015 16:32:26" />
    <file relUrl="KBLibrary/0000000069.xml" publishTime="12/07/2015 16:30:34" />
    <file relUrl="TimeLineTest/Files/血生化报告单.xml" publishTime="12/07/2015 16:31:39" />
    <file relUrl="KBLibrary/0000000113.xml" publishTime="12/07/2015 16:30:36" />
    <file relUrl="KBLibrary/0000000363.xml" publishTime="12/07/2015 16:30:38" />
    <file relUrl="KBLibrary/0000000295.xml" publishTime="12/07/2015 16:30:38" />
    <file relUrl="KBLibrary/0000000056.xml" publishTime="12/07/2015 16:30:34" />
    <file relUrl="KBLibrary/0000000005.xml" publishTime="12/07/2015 16:30:35" />
    <file relUrl="KBLibrary/0000000198.xml" publishTime="12/07/2015 16:30:35" />
    <file relUrl="KBLibrary/0000000224.xml" publishTime="12/07/2015 16:30:35" />
    <file relUrl="KBLibrary/0000000382.xml" publishTime="12/07/2015 16:30:34" />
    <file relUrl="debugjs/WriterCommandModuleTable.js" publishTime="12/07/2015 16:32:07" />
    <file relUrl="KBLibrary/0000000172.xml" publishTime="12/07/2015 16:30:34" />
    <file relUrl="KBLibrary/0000000296.xml" publishTime="12/07/2015 16:30:34" />
    <file relUrl="KBLibrary/0000000310.xml" publishTime="12/07/2015 16:30:36" />
    <file relUrl="KBLibrary/0000000202.xml" publishTime="12/07/2015 16:30:35" />
    <file relUrl="KBLibrary/0000000123.xml" publishTime="12/07/2015 16:30:38" />
    <file relUrl="KBLibrary/0000000370.xml" publishTime="12/07/2015 16:30:35" />
    <file relUrl="KBLibrary/0000000036.xml" publishTime="12/07/2015 16:30:36" />
    <file relUrl="KBLibrary/0000000040.xml" publishTime="12/07/2015 16:30:35" />
    <file relUrl="DemoFile/病程记录内容/病程记录2013年02月13日 12时01分03秒.xml" publishTime="12/07/2015 16:32:26" />
    <file relUrl="TimeLineTest/Files/手术记录.xml" publishTime="12/07/2015 16:31:39" />
    <file relUrl="bin/DCSoft.ORM.dll" publishTime="12/07/2015 16:32:06" />
    <file relUrl="KBLibrary/0000000117.xml" publishTime="12/07/2015 16:30:36" />
    <file relUrl="KBLibrary/0000000279.xml" publishTime="12/07/2015 16:30:35" />
    <file relUrl="KBLibrary/0000000076.xml" publishTime="12/07/2015 16:30:37" />
    <file relUrl="KBLibrary/0000000366.xml" publishTime="12/07/2015 16:30:36" />
    <file relUrl="TimeLineTest/Files/超声诊断书.xml" publishTime="12/07/2015 16:31:39" />
    <file relUrl="KBLibrary/0000000252.xml" publishTime="12/07/2015 16:30:38" />
    <file relUrl="KBLibrary/0000000213.xml" publishTime="12/07/2015 16:30:38" />
    <file relUrl="KBLibrary/0000000215.xml" publishTime="12/07/2015 16:30:35" />
    <file relUrl="KBLibrary/0000000286.xml" publishTime="12/07/2015 16:30:38" />
    <file relUrl="KBLibrary/0000000394.xml" publishTime="12/07/2015 16:30:33" />
  </publishProfile>
</publishData>