﻿<?xml version="1.0" encoding="utf-8" ?>
<DocumentSchema verion="1.0">
  <Document >
    <Name>病案首页</Name>
    <Text>病案首页</Text>
    <Template>Template\blank.xml</Template>
    <DocumentType>Home</DocumentType>
  </Document>
  <Folder>
    <Text>病程记录</Text>
    <Document>
      <Text>首次病程记录</Text>
      <Template>Template\blank.xml</Template>
      <DocumentType>FirstCourseRecord</DocumentType>
    </Document>
    <Document>
      <Text>病程记录</Text>
      <Template>Temlate\blank.xml</Template>
      <DocumentType>CourseRecord</DocumentType>
    </Document>
  </Folder>
  <Foler>
    <Text>手术记录</Text>
    <Document>
      <Text>手术记录</Text>
      <Template>Temlate\blank.xml</Template>
      <DocumentType>OperationRecord</DocumentType>
    </Document>
  </Foler>
</DocumentSchema>