﻿<?xml version="1.0" encoding="utf-8"?>
<XTextDocument xmlns:xsi="http://www.w3.org/2001/XMLSchema-instance" xmlns:xsd="http://www.w3.org/2001/XMLSchema" EditorVersionString="1.1.1111.29376">
  <Attributes />
  <XElements>
    <Element xsi:type="XTextBody">
      <Attributes />
      <XElements>
        <Element xsi:type="XInputField">
          <ID>kb0000000998</ID>
          <Attributes />
          <XElements>
            <Element xsi:type="XString">
              <Text>日</Text>
            </Element>
          </XElements>
          <TextValue>日</TextValue>
          <Name>时间单位</Name>
          <ValueBinding />
          <InnerValue>日</InnerValue>
          <BackgroundText>时间单位</BackgroundText>
          <FieldSettings>
            <EditStyle>DropdownList</EditStyle>
            <ListSource>
              <SourceName>0000000998</SourceName>
              <Items />
            </ListSource>
          </FieldSettings>
        </Element>
        <Element xsi:type="XString">
          <Text>前</Text>
        </Element>
        <Element xsi:type="XInputField">
          <ID>kb0000002655</ID>
          <Attributes />
          <XElements>
            <Element xsi:type="XString">
              <Text>外伤</Text>
            </Element>
          </XElements>
          <TextValue>外伤</TextValue>
          <Name>鼻出血诱因</Name>
          <ValueBinding />
          <InnerValue>外伤</InnerValue>
          <BackgroundText>鼻出血诱因</BackgroundText>
          <FieldSettings>
            <EditStyle>DropdownList</EditStyle>
            <ListSource>
              <SourceName>0000002655</SourceName>
              <Items />
            </ListSource>
          </FieldSettings>
        </Element>
        <Element xsi:type="XString">
          <Text>开始出现</Text>
        </Element>
        <Element xsi:type="XInputField">
          <ID>kb0000002635</ID>
          <Attributes />
          <XElements>
            <Element xsi:type="XString">
              <Text>左侧</Text>
            </Element>
          </XElements>
          <TextValue>左侧</TextValue>
          <Name>鼻出血部位</Name>
          <ValueBinding />
          <InnerValue>左侧</InnerValue>
          <BackgroundText>鼻出血部位</BackgroundText>
          <FieldSettings>
            <EditStyle>DropdownList</EditStyle>
            <ListSource>
              <SourceName>0000002635</SourceName>
              <Items />
            </ListSource>
          </FieldSettings>
        </Element>
        <Element xsi:type="XString">
          <Text>鼻出血，鼻出血为</Text>
        </Element>
        <Element xsi:type="XInputField">
          <ID>kb0000002656</ID>
          <Attributes />
          <XElements>
            <Element xsi:type="XString">
              <Text>前鼻孔流出</Text>
            </Element>
          </XElements>
          <TextValue>前鼻孔流出</TextValue>
          <Name>鼻出血性质</Name>
          <ValueBinding />
          <InnerValue>前鼻孔流出</InnerValue>
          <BackgroundText>鼻出血性质</BackgroundText>
          <FieldSettings>
            <EditStyle>DropdownList</EditStyle>
            <ListSource>
              <SourceName>0000002656</SourceName>
              <Items />
            </ListSource>
          </FieldSettings>
        </Element>
        <Element xsi:type="XString">
          <Text>，量</Text>
        </Element>
        <Element xsi:type="XInputField">
          <ID>kb0000002657</ID>
          <Attributes />
          <XElements>
            <Element xsi:type="XString">
              <Text>中等</Text>
            </Element>
          </XElements>
          <TextValue>中等</TextValue>
          <Name>鼻出血量</Name>
          <ValueBinding />
          <InnerValue>中等</InnerValue>
          <BackgroundText>鼻出血量</BackgroundText>
          <FieldSettings>
            <EditStyle>DropdownList</EditStyle>
            <ListSource>
              <SourceName>0000002657</SourceName>
              <Items />
            </ListSource>
          </FieldSettings>
        </Element>
        <Element xsi:type="XString">
          <Text>，</Text>
        </Element>
        <Element xsi:type="XInputField">
          <ID>kb0000002658</ID>
          <Attributes />
          <XElements>
            <Element xsi:type="XString">
              <Text>压迫</Text>
            </Element>
          </XElements>
          <TextValue>压迫</TextValue>
          <Name>出血可自行停止的方式</Name>
          <ValueBinding />
          <InnerValue>压迫</InnerValue>
          <BackgroundText>出血可自行停止的方式</BackgroundText>
          <FieldSettings>
            <EditStyle>DropdownList</EditStyle>
            <MultiSelect>true</MultiSelect>
            <ListSource>
              <SourceName>0000002658</SourceName>
              <Items />
            </ListSource>
          </FieldSettings>
        </Element>
        <Element xsi:type="XString">
          <Text>后出血可自行停止。曾于    </Text>
        </Element>
        <Element xsi:type="XInputField">
          <ID>kb0000000998</ID>
          <Attributes />
          <XElements>
            <Element xsi:type="XString">
              <Text>日</Text>
            </Element>
          </XElements>
          <TextValue>日</TextValue>
          <Name>时间单位</Name>
          <ValueBinding />
          <InnerValue>日</InnerValue>
          <BackgroundText>时间单位</BackgroundText>
          <FieldSettings>
            <EditStyle>DropdownList</EditStyle>
            <ListSource>
              <SourceName>0000000998</SourceName>
              <Items />
            </ListSource>
          </FieldSettings>
        </Element>
        <Element xsi:type="XString">
          <Text>前行</Text>
        </Element>
        <Element xsi:type="XInputField">
          <ID>kb0000002659</ID>
          <Attributes />
          <XElements>
            <Element xsi:type="XString">
              <Text>前鼻孔填塞</Text>
            </Element>
          </XElements>
          <TextValue>前鼻孔填塞</TextValue>
          <Name>鼻出血治疗</Name>
          <ValueBinding />
          <InnerValue>前鼻孔填塞</InnerValue>
          <BackgroundText>鼻出血治疗</BackgroundText>
          <FieldSettings>
            <EditStyle>DropdownList</EditStyle>
            <MultiSelect>true</MultiSelect>
            <ListSource>
              <SourceName>0000002659</SourceName>
              <Items />
            </ListSource>
          </FieldSettings>
        </Element>
        <Element xsi:type="XString">
          <Text>治疗，出血</Text>
        </Element>
        <Element xsi:type="XInputField">
          <ID>kb0000002660</ID>
          <Attributes />
          <XElements>
            <Element xsi:type="XString">
              <Text>停止</Text>
            </Element>
          </XElements>
          <TextValue>停止</TextValue>
          <Name>鼻出血治疗效果</Name>
          <ValueBinding />
          <InnerValue>停止</InnerValue>
          <BackgroundText>鼻出血治疗效果</BackgroundText>
          <FieldSettings>
            <EditStyle>DropdownList</EditStyle>
            <ListSource>
              <SourceName>0000002660</SourceName>
              <Items />
            </ListSource>
          </FieldSettings>
        </Element>
        <Element xsi:type="XString">
          <Text>。</Text>
        </Element>
        <Element xsi:type="XParagraphFlag" />
      </XElements>
      <Sections />
    </Element>
    <Element xsi:type="XTextHeader">
      <Attributes />
      <XElements>
        <Element xsi:type="XParagraphFlag" StyleIndex="0">
          <AutoCreate>true</AutoCreate>
        </Element>
      </XElements>
    </Element>
    <Element xsi:type="XTextFooter">
      <Attributes />
      <XElements>
        <Element xsi:type="XParagraphFlag">
          <AutoCreate>true</AutoCreate>
        </Element>
      </XElements>
    </Element>
  </XElements>
  <ScriptText />
  <Info>
    <CreationTime>2013-04-02T17:19:56.0552574+08:00</CreationTime>
    <LastModifiedTime>2013-04-02T17:19:56.0552574+08:00</LastModifiedTime>
    <LastPrintTime>1980-01-01T00:00:00</LastPrintTime>
    <Operator>DCSoft.Writer Version:1.1.1111.29376</Operator>
  </Info>
  <BodyText>
  </BodyText>
  <UserHistories>
    <History>
      <ID />
      <Name />
      <SavedTime>2005-04-22T10:03:08</SavedTime>
    </History>
    <History>
      <ID />
      <Name />
      <SavedTime>2005-04-22T13:33:17</SavedTime>
    </History>
  </UserHistories>
  <ContentStyles>
    <Default xsi:type="DocumentContentStyle">
      <FontName>宋体</FontName>
    </Default>
    <Styles>
      <Style Index="0">
        <Align>Center</Align>
      </Style>
    </Styles>
  </ContentStyles>
  <MeasureMode>OldCompatibility</MeasureMode>
  <PageSettings>
    <LeftMargin>50</LeftMargin>
    <TopMargin>50</TopMargin>
    <RightMargin>50</RightMargin>
    <BottomMargin>50</BottomMargin>
    <ViewLeftMargin>150</ViewLeftMargin>
    <ViewTopMargin>150</ViewTopMargin>
    <ViewRightMargin>150</ViewRightMargin>
    <ViewBottomMargin>150</ViewBottomMargin>
    <ViewPaperWidth>2481</ViewPaperWidth>
    <ViewPaperHeight>3507</ViewPaperHeight>
  </PageSettings>
</XTextDocument>