﻿<?xml version="1.0" encoding="utf-8"?>
<XTextDocument xmlns:xsi="http://www.w3.org/2001/XMLSchema-instance" xmlns:xsd="http://www.w3.org/2001/XMLSchema" EditorVersionString="1.1.1111.29376">
  <Attributes />
  <XElements>
    <Element xsi:type="XTextBody">
      <Attributes />
      <XElements>
        <Element xsi:type="XString">
          <Text>视力</Text>
        </Element>
        <Element xsi:type="XInputField">
          <ID>kb0000001756</ID>
          <Attributes />
          <XElements>
            <Element xsi:type="XString">
              <Text>近视力正常</Text>
            </Element>
          </XElements>
          <TextValue>近视力正常</TextValue>
          <Name>视力</Name>
          <ValueBinding />
          <InnerValue>近视力正常</InnerValue>
          <BackgroundText>视力</BackgroundText>
          <FieldSettings>
            <EditStyle>DropdownList</EditStyle>
            <ListSource>
              <SourceName>0000001756</SourceName>
              <Items />
            </ListSource>
          </FieldSettings>
        </Element>
        <Element xsi:type="XString">
          <Text>；视野</Text>
        </Element>
        <Element xsi:type="XInputField">
          <ID>kb0000001757</ID>
          <Attributes />
          <XElements>
            <Element xsi:type="XString">
              <Text>无缺损</Text>
            </Element>
          </XElements>
          <TextValue>无缺损</TextValue>
          <Name>视野</Name>
          <ValueBinding />
          <InnerValue>无缺损</InnerValue>
          <BackgroundText>视野</BackgroundText>
          <FieldSettings>
            <EditStyle>DropdownList</EditStyle>
            <ListSource>
              <SourceName>0000001757</SourceName>
              <Items />
            </ListSource>
          </FieldSettings>
        </Element>
        <Element xsi:type="XString">
          <Text>；眼底</Text>
        </Element>
        <Element xsi:type="XInputField">
          <ID>kb0000001758</ID>
          <Attributes />
          <XElements>
            <Element xsi:type="XString">
              <Text>双眼视乳头边界清晰</Text>
            </Element>
          </XElements>
          <TextValue>双眼视乳头边界清晰</TextValue>
          <Name>眼底</Name>
          <ValueBinding />
          <InnerValue>双眼视乳头边界清晰</InnerValue>
          <BackgroundText>眼底</BackgroundText>
          <FieldSettings>
            <EditStyle>DropdownList</EditStyle>
            <MultiSelect>true</MultiSelect>
            <ListSource>
              <SourceName>0000001758</SourceName>
              <Items />
            </ListSource>
          </FieldSettings>
        </Element>
        <Element xsi:type="XString" StyleIndex="1">
          <Text>。</Text>
        </Element>
        <Element xsi:type="XParagraphFlag" />
      </XElements>
      <Sections />
    </Element>
    <Element xsi:type="XTextHeader">
      <Attributes />
      <XElements>
        <Element xsi:type="XParagraphFlag" StyleIndex="0">
          <AutoCreate>true</AutoCreate>
        </Element>
      </XElements>
    </Element>
    <Element xsi:type="XTextFooter">
      <Attributes />
      <XElements>
        <Element xsi:type="XParagraphFlag">
          <AutoCreate>true</AutoCreate>
        </Element>
      </XElements>
    </Element>
  </XElements>
  <Info>
    <CreationTime>2013-04-02T17:19:54.3121577+08:00</CreationTime>
    <LastModifiedTime>2013-04-02T17:19:54.3121577+08:00</LastModifiedTime>
    <LastPrintTime>1980-01-01T00:00:00</LastPrintTime>
    <Operator>DCSoft.Writer Version:1.1.1111.29376</Operator>
  </Info>
  <BodyText>
  </BodyText>
  <UserHistories>
    <History>
      <ID />
      <Name />
      <SavedTime>2005-01-07T13:58:48</SavedTime>
    </History>
    <History>
      <ID />
      <Name />
      <SavedTime>2005-01-07T14:01:06</SavedTime>
    </History>
  </UserHistories>
  <ContentStyles>
    <Default xsi:type="DocumentContentStyle">
      <FontName>宋体</FontName>
    </Default>
    <Styles>
      <Style Index="0">
        <Align>Center</Align>
      </Style>
      <Style Index="1">
        <CreatorIndex>1</CreatorIndex>
      </Style>
    </Styles>
  </ContentStyles>
  <MeasureMode>OldCompatibility</MeasureMode>
  <PageSettings>
    <LeftMargin>50</LeftMargin>
    <TopMargin>50</TopMargin>
    <RightMargin>50</RightMargin>
    <BottomMargin>50</BottomMargin>
    <ViewLeftMargin>150</ViewLeftMargin>
    <ViewTopMargin>150</ViewTopMargin>
    <ViewRightMargin>150</ViewRightMargin>
    <ViewBottomMargin>150</ViewBottomMargin>
    <ViewPaperWidth>2481</ViewPaperWidth>
    <ViewPaperHeight>3507</ViewPaperHeight>
  </PageSettings>
</XTextDocument>