﻿<?xml version="1.0" encoding="utf-8"?>
<XTextDocument xmlns:xsi="http://www.w3.org/2001/XMLSchema-instance" xmlns:xsd="http://www.w3.org/2001/XMLSchema" EditorVersionString="1.1.1111.29376">
  <Attributes />
  <XElements>
    <Element xsi:type="XTextBody">
      <Attributes />
      <XElements>
        <Element xsi:type="XString" StyleIndex="1">
          <Text>患者</Text>
        </Element>
        <Element xsi:type="XString" StyleIndex="2">
          <Text>腰痛</Text>
        </Element>
        <Element xsi:type="XInputField" StyleIndex="3">
          <ID>kb0000000000</ID>
          <Attributes />
          <XElements />
          <TextValue />
          <UnitText />
          <Name>腰痛持续时间</Name>
          <InnerValue />
          <BackgroundText>腰痛持续时间</BackgroundText>
        </Element>
        <Element xsi:type="XInputField">
          <ID>kb0000001673</ID>
          <Attributes />
          <XElements>
            <Element xsi:type="XString">
              <Text>月</Text>
            </Element>
          </XElements>
          <TextValue>月</TextValue>
          <Name>时间</Name>
          <ValueBinding />
          <InnerValue>月</InnerValue>
          <BackgroundText>时间</BackgroundText>
          <FieldSettings>
            <EditStyle>DropdownList</EditStyle>
            <ListSource>
              <SourceName>0000001673</SourceName>
              <Items />
            </ListSource>
          </FieldSettings>
        </Element>
        <Element xsi:type="XString" StyleIndex="1">
          <Text>，伴</Text>
        </Element>
        <Element xsi:type="XInputField">
          <ID>kb0000001880</ID>
          <Attributes />
          <XElements>
            <Element xsi:type="XString">
              <Text>左侧</Text>
            </Element>
          </XElements>
          <TextValue>左侧</TextValue>
          <Name>症状出现部位</Name>
          <ValueBinding />
          <InnerValue>左侧</InnerValue>
          <BackgroundText>症状出现部位</BackgroundText>
          <FieldSettings>
            <EditStyle>DropdownList</EditStyle>
            <ListSource>
              <SourceName>0000001880</SourceName>
              <Items />
            </ListSource>
          </FieldSettings>
        </Element>
        <Element xsi:type="XInputField">
          <ID>kb0000001928</ID>
          <Attributes />
          <XElements>
            <Element xsi:type="XString">
              <Text>大腿</Text>
            </Element>
          </XElements>
          <TextValue>大腿</TextValue>
          <Name>腰椎间盘突出症出现部位</Name>
          <ValueBinding />
          <InnerValue>大腿</InnerValue>
          <BackgroundText>腰椎间盘突出症出现部位</BackgroundText>
          <FieldSettings>
            <EditStyle>DropdownList</EditStyle>
            <ListSource>
              <SourceName>0000001928</SourceName>
              <Items />
            </ListSource>
          </FieldSettings>
        </Element>
        <Element xsi:type="XInputField">
          <ID>kb0000001929</ID>
          <Attributes />
          <XElements>
            <Element xsi:type="XString">
              <Text>疼痛</Text>
            </Element>
          </XElements>
          <TextValue>疼痛</TextValue>
          <Name>腰椎间盘突出症症状</Name>
          <ValueBinding />
          <InnerValue>疼痛</InnerValue>
          <BackgroundText>腰椎间盘突出症症状</BackgroundText>
          <FieldSettings>
            <EditStyle>DropdownList</EditStyle>
            <ListSource>
              <SourceName>0000001929</SourceName>
              <Items />
            </ListSource>
          </FieldSettings>
        </Element>
        <Element xsi:type="XString" StyleIndex="1">
          <Text>，</Text>
        </Element>
        <Element xsi:type="XInputField">
          <ID>kb0000001930</ID>
          <Attributes />
          <XElements>
            <Element xsi:type="XString">
              <Text>无夜间痛</Text>
            </Element>
          </XElements>
          <TextValue>无夜间痛</TextValue>
          <Name>腰椎间盘突出症夜间腰痛</Name>
          <ValueBinding />
          <InnerValue>无夜间痛</InnerValue>
          <BackgroundText>腰椎间盘突出症夜间腰痛</BackgroundText>
          <FieldSettings>
            <EditStyle>DropdownList</EditStyle>
            <ListSource>
              <SourceName>0000001930</SourceName>
              <Items />
            </ListSource>
          </FieldSettings>
        </Element>
        <Element xsi:type="XString" StyleIndex="1">
          <Text>；卧床休息后</Text>
        </Element>
        <Element xsi:type="XInputField">
          <ID>kb0000001931</ID>
          <Attributes />
          <XElements>
            <Element xsi:type="XString">
              <Text>缓解</Text>
            </Element>
          </XElements>
          <TextValue>缓解</TextValue>
          <Name>腰痛卧床休息后情况</Name>
          <ValueBinding />
          <InnerValue>缓解</InnerValue>
          <BackgroundText>腰痛卧床休息后情况</BackgroundText>
          <FieldSettings>
            <EditStyle>DropdownList</EditStyle>
            <ListSource>
              <SourceName>0000001931</SourceName>
              <Items />
            </ListSource>
          </FieldSettings>
        </Element>
        <Element xsi:type="XString" StyleIndex="1">
          <Text>；</Text>
        </Element>
        <Element xsi:type="XInputField">
          <ID>kb0000001932</ID>
          <Attributes />
          <XElements>
            <Element xsi:type="XString">
              <Text>无间隙跛行</Text>
            </Element>
          </XElements>
          <TextValue>无间隙跛行</TextValue>
          <Name>间隙跛行</Name>
          <ValueBinding />
          <InnerValue>无间隙跛行</InnerValue>
          <BackgroundText>间隙跛行</BackgroundText>
          <FieldSettings>
            <EditStyle>DropdownList</EditStyle>
            <ListSource>
              <SourceName>0000001932</SourceName>
              <Items />
            </ListSource>
          </FieldSettings>
        </Element>
        <Element xsi:type="XString" StyleIndex="1">
          <Text>；</Text>
        </Element>
        <Element xsi:type="XInputField">
          <ID>kb0000001933</ID>
          <Attributes />
          <XElements>
            <Element xsi:type="XString">
              <Text>无大小便功能障碍</Text>
            </Element>
          </XElements>
          <TextValue>无大小便功能障碍</TextValue>
          <Name>二便功能障碍</Name>
          <ValueBinding />
          <InnerValue>无大小便功能障碍</InnerValue>
          <BackgroundText>二便功能障碍</BackgroundText>
          <FieldSettings>
            <EditStyle>DropdownList</EditStyle>
            <ListSource>
              <SourceName>0000001933</SourceName>
              <Items />
            </ListSource>
          </FieldSettings>
        </Element>
        <Element xsi:type="XString" StyleIndex="1">
          <Text>；</Text>
        </Element>
        <Element xsi:type="XInputField">
          <ID>kb0000001934</ID>
          <Attributes />
          <XElements>
            <Element xsi:type="XString">
              <Text>会阴部无感觉减退</Text>
            </Element>
          </XElements>
          <TextValue>会阴部无感觉减退</TextValue>
          <Name>会阴部感觉减退</Name>
          <ValueBinding />
          <InnerValue>会阴部无感觉减退</InnerValue>
          <BackgroundText>会阴部感觉减退</BackgroundText>
          <FieldSettings>
            <EditStyle>DropdownList</EditStyle>
            <ListSource>
              <SourceName>0000001934</SourceName>
              <Items />
            </ListSource>
          </FieldSettings>
        </Element>
        <Element xsi:type="XString" StyleIndex="1">
          <Text>。</Text>
        </Element>
        <Element xsi:type="XParagraphFlag" />
        <Element xsi:type="XString" StyleIndex="1">
          <Text>查体：患者</Text>
        </Element>
        <Element xsi:type="XInputField">
          <ID>kb0000001932</ID>
          <Attributes />
          <XElements>
            <Element xsi:type="XString">
              <Text>无间隙跛行</Text>
            </Element>
          </XElements>
          <TextValue>无间隙跛行</TextValue>
          <Name>间隙跛行</Name>
          <ValueBinding />
          <InnerValue>无间隙跛行</InnerValue>
          <BackgroundText>间隙跛行</BackgroundText>
          <FieldSettings>
            <EditStyle>DropdownList</EditStyle>
            <ListSource>
              <SourceName>0000001932</SourceName>
              <Items />
            </ListSource>
          </FieldSettings>
        </Element>
        <Element xsi:type="XString" StyleIndex="1">
          <Text>；</Text>
        </Element>
        <Element xsi:type="XInputField">
          <ID>kb0000001935</ID>
          <Attributes />
          <XElements>
            <Element xsi:type="XString">
              <Text>无</Text>
            </Element>
          </XElements>
          <TextValue>无</TextValue>
          <Name>腰肌痉挛</Name>
          <ValueBinding />
          <InnerValue>无</InnerValue>
          <BackgroundText>腰肌痉挛</BackgroundText>
          <FieldSettings>
            <EditStyle>DropdownList</EditStyle>
            <ListSource>
              <SourceName>0000001935</SourceName>
              <Items />
            </ListSource>
          </FieldSettings>
        </Element>
        <Element xsi:type="XString" StyleIndex="1">
          <Text>腰肌痉挛；</Text>
        </Element>
        <Element xsi:type="XInputField">
          <ID>kb0000001936</ID>
          <Attributes />
          <XElements>
            <Element xsi:type="XString">
              <Text>无</Text>
            </Element>
          </XElements>
          <TextValue>无</TextValue>
          <Name>脊柱畸形</Name>
          <ValueBinding />
          <InnerValue>无</InnerValue>
          <BackgroundText>脊柱畸形</BackgroundText>
          <FieldSettings>
            <EditStyle>DropdownList</EditStyle>
            <ListSource>
              <SourceName>0000001936</SourceName>
              <Items />
            </ListSource>
          </FieldSettings>
        </Element>
        <Element xsi:type="XString" StyleIndex="1">
          <Text>脊柱畸形；</Text>
        </Element>
        <Element xsi:type="XInputField">
          <ID>kb0000001937</ID>
          <Attributes />
          <XElements>
            <Element xsi:type="XString">
              <Text>无</Text>
            </Element>
          </XElements>
          <TextValue>无</TextValue>
          <Name>脊突间旁侧压痛</Name>
          <ValueBinding />
          <InnerValue>无</InnerValue>
          <BackgroundText>脊突间旁侧压痛</BackgroundText>
          <FieldSettings>
            <EditStyle>DropdownList</EditStyle>
            <ListSource>
              <SourceName>0000001937</SourceName>
              <Items />
            </ListSource>
          </FieldSettings>
        </Element>
        <Element xsi:type="XString" StyleIndex="1">
          <Text>脊突间旁侧压痛；</Text>
        </Element>
        <Element xsi:type="XInputField">
          <ID>kb0000001938</ID>
          <Attributes />
          <XElements>
            <Element xsi:type="XString">
              <Text>无</Text>
            </Element>
          </XElements>
          <TextValue>无</TextValue>
          <Name>股四头肌萎缩</Name>
          <ValueBinding />
          <InnerValue>无</InnerValue>
          <BackgroundText>股四头肌萎缩</BackgroundText>
          <FieldSettings>
            <EditStyle>DropdownList</EditStyle>
            <ListSource>
              <SourceName>0000001938</SourceName>
              <Items />
            </ListSource>
          </FieldSettings>
        </Element>
        <Element xsi:type="XString" StyleIndex="1">
          <Text>股四头肌萎缩；</Text>
        </Element>
        <Element xsi:type="XInputField" StyleIndex="4">
          <ID>kb0000001939</ID>
          <Attributes />
          <XElements>
            <Element xsi:type="XString">
              <Text>无肌力减退</Text>
            </Element>
          </XElements>
          <TextValue>无肌力减退</TextValue>
          <Name>肌力减退</Name>
          <ValueBinding />
          <InnerValue>无肌力减退</InnerValue>
          <BackgroundText>肌力减退</BackgroundText>
          <FieldSettings>
            <EditStyle>DropdownList</EditStyle>
            <ListSource>
              <SourceName>0000001939</SourceName>
              <Items />
            </ListSource>
          </FieldSettings>
        </Element>
        <Element xsi:type="XString" StyleIndex="5">
          <Text>；</Text>
        </Element>
        <Element xsi:type="XInputField" StyleIndex="4">
          <ID>kb0000001880</ID>
          <Attributes />
          <XElements>
            <Element xsi:type="XString">
              <Text>左侧</Text>
            </Element>
          </XElements>
          <TextValue>左侧</TextValue>
          <Name>症状出现部位</Name>
          <ValueBinding />
          <InnerValue>左侧</InnerValue>
          <BackgroundText>症状出现部位</BackgroundText>
          <FieldSettings>
            <EditStyle>DropdownList</EditStyle>
            <ListSource>
              <SourceName>0000001880</SourceName>
              <Items />
            </ListSource>
          </FieldSettings>
        </Element>
        <Element xsi:type="XInputField" StyleIndex="4">
          <ID>kb0000001941</ID>
          <Attributes />
          <XElements>
            <Element xsi:type="XString">
              <Text>小腿前外侧</Text>
            </Element>
          </XElements>
          <TextValue>小腿前外侧</TextValue>
          <Name>腰椎间盘突出症致感觉减退部位</Name>
          <ValueBinding />
          <InnerValue>小腿前外侧</InnerValue>
          <BackgroundText>腰椎间盘突出症致感觉减退部位</BackgroundText>
          <FieldSettings>
            <EditStyle>DropdownList</EditStyle>
            <ListSource>
              <SourceName>0000001941</SourceName>
              <Items />
            </ListSource>
          </FieldSettings>
        </Element>
        <Element xsi:type="XString" StyleIndex="5">
          <Text>感觉减退；</Text>
        </Element>
        <Element xsi:type="XInputField" StyleIndex="4">
          <ID>kb0000001880</ID>
          <Attributes />
          <XElements>
            <Element xsi:type="XString">
              <Text>左侧</Text>
            </Element>
          </XElements>
          <TextValue>左侧</TextValue>
          <Name>症状出现部位</Name>
          <ValueBinding />
          <InnerValue>左侧</InnerValue>
          <BackgroundText>症状出现部位</BackgroundText>
          <FieldSettings>
            <EditStyle>DropdownList</EditStyle>
            <ListSource>
              <SourceName>0000001880</SourceName>
              <Items />
            </ListSource>
          </FieldSettings>
        </Element>
        <Element xsi:type="XInputField" StyleIndex="4">
          <ID>kb0000001942</ID>
          <Attributes />
          <XElements>
            <Element xsi:type="XString">
              <Text>跟腱反射</Text>
            </Element>
          </XElements>
          <TextValue>跟腱反射</TextValue>
          <Name>反射类型</Name>
          <ValueBinding />
          <InnerValue>跟腱反射</InnerValue>
          <BackgroundText>反射类型</BackgroundText>
          <FieldSettings>
            <EditStyle>DropdownList</EditStyle>
            <MultiSelect>true</MultiSelect>
            <ListSource>
              <SourceName>0000001942</SourceName>
              <Items />
            </ListSource>
          </FieldSettings>
        </Element>
        <Element xsi:type="XInputField" StyleIndex="6">
          <ID>kb0000001945</ID>
          <Attributes />
          <XElements>
            <Element xsi:type="XString">
              <Text>减弱</Text>
            </Element>
          </XElements>
          <TextValue>减弱</TextValue>
          <Name>反射性状</Name>
          <ValueBinding />
          <InnerValue>减弱</InnerValue>
          <BackgroundText>反射性状</BackgroundText>
          <FieldSettings>
            <EditStyle>DropdownList</EditStyle>
            <ListSource>
              <SourceName>0000001945</SourceName>
              <Items />
            </ListSource>
          </FieldSettings>
        </Element>
        <Element xsi:type="XString" StyleIndex="7">
          <Text>；</Text>
        </Element>
        <Element xsi:type="XInputField" StyleIndex="6">
          <ID>kb0000001880</ID>
          <Attributes />
          <XElements>
            <Element xsi:type="XString">
              <Text>左侧</Text>
            </Element>
          </XElements>
          <TextValue>左侧</TextValue>
          <Name>症状出现部位</Name>
          <ValueBinding />
          <InnerValue>左侧</InnerValue>
          <BackgroundText>症状出现部位</BackgroundText>
          <FieldSettings>
            <EditStyle>DropdownList</EditStyle>
            <ListSource>
              <SourceName>0000001880</SourceName>
              <Items />
            </ListSource>
          </FieldSettings>
        </Element>
        <Element xsi:type="XInputField" StyleIndex="6">
          <ID>kb0000001943</ID>
          <Attributes />
          <XElements>
            <Element xsi:type="XString">
              <Text>股神经牵拉试验</Text>
            </Element>
          </XElements>
          <TextValue>股神经牵拉试验</TextValue>
          <Name>试验类型</Name>
          <ValueBinding />
          <InnerValue>股神经牵拉试验</InnerValue>
          <BackgroundText>试验类型</BackgroundText>
          <FieldSettings>
            <EditStyle>DropdownList</EditStyle>
            <MultiSelect>true</MultiSelect>
            <ListSource>
              <SourceName>0000001943</SourceName>
              <Items />
            </ListSource>
          </FieldSettings>
        </Element>
        <Element xsi:type="XInputField" StyleIndex="6">
          <ID>kb0000001944</ID>
          <Attributes />
          <XElements>
            <Element xsi:type="XString">
              <Text>阳性</Text>
            </Element>
          </XElements>
          <TextValue>阳性</TextValue>
          <Name>试验性状</Name>
          <ValueBinding />
          <InnerValue>阳性</InnerValue>
          <BackgroundText>试验性状</BackgroundText>
          <FieldSettings>
            <EditStyle>DropdownList</EditStyle>
            <ListSource>
              <SourceName>0000001944</SourceName>
              <Items />
            </ListSource>
          </FieldSettings>
        </Element>
        <Element xsi:type="XString" StyleIndex="7">
          <Text>。</Text>
        </Element>
        <Element xsi:type="XParagraphFlag" />
      </XElements>
      <Sections />
    </Element>
    <Element xsi:type="XTextHeader">
      <Attributes />
      <XElements>
        <Element xsi:type="XParagraphFlag" StyleIndex="0">
          <AutoCreate>true</AutoCreate>
        </Element>
      </XElements>
    </Element>
    <Element xsi:type="XTextFooter">
      <Attributes />
      <XElements>
        <Element xsi:type="XParagraphFlag">
          <AutoCreate>true</AutoCreate>
        </Element>
      </XElements>
    </Element>
  </XElements>
  <Info>
    <CreationTime>2013-04-02T17:19:54.7121806+08:00</CreationTime>
    <LastModifiedTime>2013-04-02T17:19:54.7121806+08:00</LastModifiedTime>
    <LastPrintTime>1980-01-01T00:00:00</LastPrintTime>
    <Operator>DCSoft.Writer Version:1.1.1111.29376</Operator>
  </Info>
  <BodyText>
  </BodyText>
  <UserHistories>
    <History>
      <ID />
      <Name />
      <SavedTime>2005-01-31T16:26:32</SavedTime>
    </History>
    <History>
      <ID />
      <Name />
      <SavedTime>2005-01-31T16:27:32</SavedTime>
    </History>
    <History>
      <ID />
      <Name />
      <SavedTime>2005-01-31T17:15:35</SavedTime>
    </History>
    <History>
      <ID />
      <Name />
      <SavedTime>2005-01-31T17:18:05</SavedTime>
    </History>
    <History>
      <ID />
      <Name />
      <SavedTime>2005-03-24T13:53:14</SavedTime>
    </History>
  </UserHistories>
  <ContentStyles>
    <Default xsi:type="DocumentContentStyle">
      <FontName>宋体</FontName>
    </Default>
    <Styles>
      <Style Index="0">
        <Align>Center</Align>
      </Style>
      <Style Index="1">
        <FontSize>10</FontSize>
      </Style>
      <Style Index="2">
        <FontSize>10</FontSize>
        <CreatorIndex>4</CreatorIndex>
      </Style>
      <Style Index="3">
        <CreatorIndex>4</CreatorIndex>
      </Style>
      <Style Index="4">
        <CreatorIndex>2</CreatorIndex>
      </Style>
      <Style Index="5">
        <FontSize>10</FontSize>
        <CreatorIndex>2</CreatorIndex>
      </Style>
      <Style Index="6">
        <CreatorIndex>3</CreatorIndex>
      </Style>
      <Style Index="7">
        <FontSize>10</FontSize>
        <CreatorIndex>3</CreatorIndex>
      </Style>
    </Styles>
  </ContentStyles>
  <MeasureMode>OldCompatibility</MeasureMode>
  <PageSettings>
    <LeftMargin>50</LeftMargin>
    <TopMargin>50</TopMargin>
    <RightMargin>50</RightMargin>
    <BottomMargin>50</BottomMargin>
    <ViewLeftMargin>150</ViewLeftMargin>
    <ViewTopMargin>150</ViewTopMargin>
    <ViewRightMargin>150</ViewRightMargin>
    <ViewBottomMargin>150</ViewBottomMargin>
    <ViewPaperWidth>2481</ViewPaperWidth>
    <ViewPaperHeight>3507</ViewPaperHeight>
  </PageSettings>
</XTextDocument>