﻿<?xml version="1.0" encoding="utf-8"?>
<XTextDocument xmlns:xsi="http://www.w3.org/2001/XMLSchema-instance" xmlns:xsd="http://www.w3.org/2001/XMLSchema" EditorVersionString="1.1.1111.29376">
  <Attributes />
  <XElements>
    <Element xsi:type="XTextBody">
      <Attributes />
      <XElements>
        <Element xsi:type="XString" StyleIndex="1">
          <Text>患者</Text>
        </Element>
        <Element xsi:type="XInputField" StyleIndex="2">
          <ID>kb0000001880</ID>
          <Attributes />
          <XElements>
            <Element xsi:type="XString">
              <Text>左侧</Text>
            </Element>
          </XElements>
          <TextValue>左侧</TextValue>
          <Name>症状出现部位</Name>
          <ValueBinding />
          <InnerValue>左侧</InnerValue>
          <BackgroundText>症状出现部位</BackgroundText>
          <FieldSettings>
            <EditStyle>DropdownList</EditStyle>
            <ListSource>
              <SourceName>0000001880</SourceName>
              <Items />
            </ListSource>
          </FieldSettings>
        </Element>
        <Element xsi:type="XInputField" StyleIndex="2">
          <ID>kb0000001914</ID>
          <Attributes />
          <XElements>
            <Element xsi:type="XString">
              <Text>手</Text>
            </Element>
          </XElements>
          <TextValue>手</TextValue>
          <Name>肿瘤症状出现部位</Name>
          <ValueBinding />
          <InnerValue>手</InnerValue>
          <BackgroundText>肿瘤症状出现部位</BackgroundText>
          <FieldSettings>
            <EditStyle>DropdownList</EditStyle>
            <ListSource>
              <SourceName>0000001914</SourceName>
              <Items />
            </ListSource>
          </FieldSettings>
        </Element>
        <Element xsi:type="XString" StyleIndex="1">
          <Text>出现</Text>
        </Element>
        <Element xsi:type="XInputField" StyleIndex="2">
          <ID>kb0000001915</ID>
          <Attributes />
          <XElements>
            <Element xsi:type="XString">
              <Text>包块</Text>
            </Element>
          </XElements>
          <TextValue>包块</TextValue>
          <Name>肿瘤症状</Name>
          <ValueBinding />
          <InnerValue>包块</InnerValue>
          <BackgroundText>肿瘤症状</BackgroundText>
          <FieldSettings>
            <EditStyle>DropdownList</EditStyle>
            <ListSource>
              <SourceName>0000001915</SourceName>
              <Items />
            </ListSource>
          </FieldSettings>
        </Element>
        <Element xsi:type="XInputField" StyleIndex="3">
          <ID>kb0000000000</ID>
          <Attributes />
          <XElements />
          <TextValue />
          <UnitText />
          <Name>肿瘤出现时间</Name>
          <InnerValue />
          <BackgroundText>肿瘤出现时间</BackgroundText>
        </Element>
        <Element xsi:type="XInputField" StyleIndex="2">
          <ID>kb0000001673</ID>
          <Attributes />
          <XElements>
            <Element xsi:type="XString">
              <Text>日</Text>
            </Element>
          </XElements>
          <TextValue>日</TextValue>
          <Name>时间</Name>
          <ValueBinding />
          <InnerValue>日</InnerValue>
          <BackgroundText>时间</BackgroundText>
          <FieldSettings>
            <EditStyle>DropdownList</EditStyle>
            <ListSource>
              <SourceName>0000001673</SourceName>
              <Items />
            </ListSource>
          </FieldSettings>
        </Element>
        <Element xsi:type="XString" StyleIndex="1">
          <Text>。</Text>
        </Element>
        <Element xsi:type="XInputField" StyleIndex="2">
          <ID>kb0000001916</ID>
          <Attributes />
          <XElements>
            <Element xsi:type="XString">
              <Text>无夜间痛</Text>
            </Element>
          </XElements>
          <TextValue>无夜间痛</TextValue>
          <Name>夜间痛</Name>
          <ValueBinding />
          <InnerValue>无夜间痛</InnerValue>
          <BackgroundText>夜间痛</BackgroundText>
          <FieldSettings>
            <EditStyle>DropdownList</EditStyle>
            <ListSource>
              <SourceName>0000001916</SourceName>
              <Items />
            </ListSource>
          </FieldSettings>
        </Element>
        <Element xsi:type="XString" StyleIndex="1">
          <Text>。</Text>
        </Element>
        <Element xsi:type="XParagraphFlag" StyleIndex="2" />
        <Element xsi:type="XString" StyleIndex="1">
          <Text>查体：</Text>
        </Element>
        <Element xsi:type="XInputField" StyleIndex="2">
          <ID>kb0000001880</ID>
          <Attributes />
          <XElements>
            <Element xsi:type="XString">
              <Text>左侧</Text>
            </Element>
          </XElements>
          <TextValue>左侧</TextValue>
          <Name>症状出现部位</Name>
          <ValueBinding />
          <InnerValue>左侧</InnerValue>
          <BackgroundText>症状出现部位</BackgroundText>
          <FieldSettings>
            <EditStyle>DropdownList</EditStyle>
            <ListSource>
              <SourceName>0000001880</SourceName>
              <Items />
            </ListSource>
          </FieldSettings>
        </Element>
        <Element xsi:type="XInputField" StyleIndex="2">
          <ID>kb0000001914</ID>
          <Attributes />
          <XElements>
            <Element xsi:type="XString">
              <Text>手</Text>
            </Element>
          </XElements>
          <TextValue>手</TextValue>
          <Name>肿瘤症状出现部位</Name>
          <ValueBinding />
          <InnerValue>手</InnerValue>
          <BackgroundText>肿瘤症状出现部位</BackgroundText>
          <FieldSettings>
            <EditStyle>DropdownList</EditStyle>
            <ListSource>
              <SourceName>0000001914</SourceName>
              <Items />
            </ListSource>
          </FieldSettings>
        </Element>
        <Element xsi:type="XInputField" StyleIndex="4">
          <ID>kb0000001918</ID>
          <Attributes />
          <XElements>
            <Element xsi:type="XString">
              <Text>无肿胀</Text>
            </Element>
          </XElements>
          <TextValue>无肿胀</TextValue>
          <Name>肿胀</Name>
          <ValueBinding />
          <InnerValue>无肿胀</InnerValue>
          <BackgroundText>肿胀</BackgroundText>
          <FieldSettings>
            <EditStyle>DropdownList</EditStyle>
            <ListSource>
              <SourceName>0000001918</SourceName>
              <Items />
            </ListSource>
          </FieldSettings>
        </Element>
        <Element xsi:type="XString" StyleIndex="5">
          <Text>，</Text>
        </Element>
        <Element xsi:type="XInputField" StyleIndex="4">
          <ID>kb0000001919</ID>
          <Attributes />
          <XElements>
            <Element xsi:type="XString">
              <Text>无皮温升高</Text>
            </Element>
          </XElements>
          <TextValue>无皮温升高</TextValue>
          <Name>皮温升高</Name>
          <ValueBinding />
          <InnerValue>无皮温升高</InnerValue>
          <BackgroundText>皮温升高</BackgroundText>
          <FieldSettings>
            <EditStyle>DropdownList</EditStyle>
            <ListSource>
              <SourceName>0000001919</SourceName>
              <Items />
            </ListSource>
          </FieldSettings>
        </Element>
        <Element xsi:type="XString" StyleIndex="5">
          <Text>，</Text>
        </Element>
        <Element xsi:type="XInputField" StyleIndex="4">
          <ID>kb0000001920</ID>
          <Attributes />
          <XElements>
            <Element xsi:type="XString">
              <Text>无静脉怒张</Text>
            </Element>
          </XElements>
          <TextValue>无静脉怒张</TextValue>
          <Name>静脉怒张</Name>
          <ValueBinding />
          <InnerValue>无静脉怒张</InnerValue>
          <BackgroundText>静脉怒张</BackgroundText>
          <FieldSettings>
            <EditStyle>DropdownList</EditStyle>
            <ListSource>
              <SourceName>0000001920</SourceName>
              <Items />
            </ListSource>
          </FieldSettings>
        </Element>
        <Element xsi:type="XString" StyleIndex="5">
          <Text>，</Text>
        </Element>
        <Element xsi:type="XInputField" StyleIndex="4">
          <ID>kb0000001921</ID>
          <Attributes />
          <XElements>
            <Element xsi:type="XString">
              <Text>无包块</Text>
            </Element>
          </XElements>
          <TextValue>无包块</TextValue>
          <Name>包块</Name>
          <ValueBinding />
          <InnerValue>无包块</InnerValue>
          <BackgroundText>包块</BackgroundText>
          <FieldSettings>
            <EditStyle>DropdownList</EditStyle>
            <ListSource>
              <SourceName>0000001921</SourceName>
              <Items />
            </ListSource>
          </FieldSettings>
        </Element>
        <Element xsi:type="XString" StyleIndex="6">
          <Text>。曾在</Text>
        </Element>
        <Element xsi:type="XInputField" StyleIndex="3">
          <ID>kb0000000000</ID>
          <Attributes />
          <XElements />
          <TextValue />
          <UnitText />
          <Name>肿瘤曾就诊医院</Name>
          <InnerValue />
          <BackgroundText>肿瘤曾就诊医院</BackgroundText>
        </Element>
        <Element xsi:type="XString" StyleIndex="6">
          <Text>医院就诊，</Text>
        </Element>
        <Element xsi:type="XInputField" StyleIndex="7">
          <ID>kb0000001926</ID>
          <Attributes />
          <XElements>
            <Element xsi:type="XString">
              <Text>未</Text>
            </Element>
          </XElements>
          <TextValue>未</TextValue>
          <Name>检查</Name>
          <ValueBinding />
          <InnerValue>未</InnerValue>
          <BackgroundText>检查</BackgroundText>
          <FieldSettings>
            <EditStyle>DropdownList</EditStyle>
            <ListSource>
              <SourceName>0000001926</SourceName>
              <Items />
            </ListSource>
          </FieldSettings>
        </Element>
        <Element xsi:type="XString" StyleIndex="8">
          <Text>检查，考虑诊断为</Text>
        </Element>
        <Element xsi:type="XInputField" StyleIndex="3">
          <ID>kb0000000000</ID>
          <Attributes />
          <XElements />
          <TextValue />
          <UnitText />
          <Name>肿瘤曾诊断</Name>
          <InnerValue />
          <BackgroundText>肿瘤曾诊断</BackgroundText>
        </Element>
        <Element xsi:type="XString" StyleIndex="8">
          <Text>。</Text>
        </Element>
        <Element xsi:type="XParagraphFlag" />
      </XElements>
      <Sections />
    </Element>
    <Element xsi:type="XTextHeader">
      <Attributes />
      <XElements>
        <Element xsi:type="XParagraphFlag" StyleIndex="0">
          <AutoCreate>true</AutoCreate>
        </Element>
      </XElements>
    </Element>
    <Element xsi:type="XTextFooter">
      <Attributes />
      <XElements>
        <Element xsi:type="XParagraphFlag">
          <AutoCreate>true</AutoCreate>
        </Element>
      </XElements>
    </Element>
  </XElements>
  <Info>
    <CreationTime>2013-04-02T17:19:54.6881792+08:00</CreationTime>
    <LastModifiedTime>2013-04-02T17:19:54.6881792+08:00</LastModifiedTime>
    <LastPrintTime>1980-01-01T00:00:00</LastPrintTime>
    <Operator>DCSoft.Writer Version:1.1.1111.29376</Operator>
  </Info>
  <BodyText>
  </BodyText>
  <UserHistories>
    <History>
      <ID />
      <Name />
      <SavedTime>2005-01-31T15:51:21</SavedTime>
    </History>
    <History>
      <ID />
      <Name />
      <SavedTime>2005-01-31T15:53:37</SavedTime>
    </History>
    <History>
      <ID />
      <Name />
      <SavedTime>2005-01-31T16:00:08</SavedTime>
    </History>
    <History>
      <ID />
      <Name />
      <SavedTime>2005-01-31T16:01:21</SavedTime>
    </History>
    <History>
      <ID />
      <Name />
      <SavedTime>2005-01-31T16:03:46</SavedTime>
    </History>
    <History>
      <ID />
      <Name />
      <SavedTime>2005-03-24T13:51:51</SavedTime>
    </History>
  </UserHistories>
  <ContentStyles>
    <Default xsi:type="DocumentContentStyle">
      <FontName>宋体</FontName>
    </Default>
    <Styles>
      <Style Index="0">
        <Align>Center</Align>
      </Style>
      <Style Index="1">
        <FontSize>11</FontSize>
        <CreatorIndex>1</CreatorIndex>
      </Style>
      <Style Index="2">
        <CreatorIndex>1</CreatorIndex>
      </Style>
      <Style Index="3">
        <CreatorIndex>5</CreatorIndex>
      </Style>
      <Style Index="4">
        <CreatorIndex>2</CreatorIndex>
      </Style>
      <Style Index="5">
        <FontSize>11</FontSize>
        <CreatorIndex>2</CreatorIndex>
      </Style>
      <Style Index="6">
        <FontSize>11</FontSize>
        <CreatorIndex>3</CreatorIndex>
      </Style>
      <Style Index="7">
        <CreatorIndex>4</CreatorIndex>
      </Style>
      <Style Index="8">
        <FontSize>11</FontSize>
        <CreatorIndex>4</CreatorIndex>
      </Style>
    </Styles>
  </ContentStyles>
  <MeasureMode>OldCompatibility</MeasureMode>
  <PageSettings>
    <LeftMargin>50</LeftMargin>
    <TopMargin>50</TopMargin>
    <RightMargin>50</RightMargin>
    <BottomMargin>50</BottomMargin>
    <ViewLeftMargin>150</ViewLeftMargin>
    <ViewTopMargin>150</ViewTopMargin>
    <ViewRightMargin>150</ViewRightMargin>
    <ViewBottomMargin>150</ViewBottomMargin>
    <ViewPaperWidth>2481</ViewPaperWidth>
    <ViewPaperHeight>3507</ViewPaperHeight>
  </PageSettings>
</XTextDocument>