﻿<?xml version="1.0" encoding="utf-8"?>
<XTextDocument xmlns:xsi="http://www.w3.org/2001/XMLSchema-instance" xmlns:xsd="http://www.w3.org/2001/XMLSchema" EditorVersionString="1.1.1111.29376">
  <Attributes />
  <XElements>
    <Element xsi:type="XTextBody">
      <Attributes />
      <XElements>
        <Element xsi:type="XInputField">
          <ID>kb0000000998</ID>
          <Attributes />
          <XElements>
            <Element xsi:type="XString">
              <Text>年</Text>
            </Element>
          </XElements>
          <TextValue>年</TextValue>
          <Name>时间单位</Name>
          <ValueBinding />
          <InnerValue>年</InnerValue>
          <BackgroundText>时间单位</BackgroundText>
          <FieldSettings>
            <EditStyle>DropdownList</EditStyle>
            <ListSource>
              <SourceName>0000000998</SourceName>
              <Items />
            </ListSource>
          </FieldSettings>
        </Element>
        <Element xsi:type="XString">
          <Text>前</Text>
        </Element>
        <Element xsi:type="XInputField">
          <ID>kb0000002645</ID>
          <Attributes />
          <XElements>
            <Element xsi:type="XString">
              <Text>无明显诱因</Text>
            </Element>
          </XElements>
          <TextValue>无明显诱因</TextValue>
          <Name>鼻中隔偏曲诱因</Name>
          <ValueBinding />
          <InnerValue>无明显诱因</InnerValue>
          <BackgroundText>鼻中隔偏曲诱因</BackgroundText>
          <FieldSettings>
            <EditStyle>DropdownList</EditStyle>
            <ListSource>
              <SourceName>0000002645</SourceName>
              <Items />
            </ListSource>
          </FieldSettings>
        </Element>
        <Element xsi:type="XString">
          <Text>开始出现</Text>
        </Element>
        <Element xsi:type="XInputField">
          <ID>kb0000002633</ID>
          <Attributes />
          <XElements>
            <Element xsi:type="XString">
              <Text>鼻塞、头痛、鼻出血</Text>
            </Element>
          </XElements>
          <TextValue>鼻塞、头痛、鼻出血</TextValue>
          <Name>鼻中隔偏曲症状</Name>
          <ValueBinding />
          <InnerValue>鼻塞、头痛、鼻出血</InnerValue>
          <BackgroundText>鼻中隔偏曲症状</BackgroundText>
          <FieldSettings>
            <EditStyle>DropdownList</EditStyle>
            <MultiSelect>true</MultiSelect>
            <ListSource>
              <SourceName>0000002633</SourceName>
              <Items />
            </ListSource>
          </FieldSettings>
        </Element>
        <Element xsi:type="XString">
          <Text>，鼻塞为</Text>
        </Element>
        <Element xsi:type="XInputField">
          <ID>kb0000002638</ID>
          <Attributes />
          <XElements>
            <Element xsi:type="XString">
              <Text>交替性</Text>
            </Element>
          </XElements>
          <TextValue>交替性</TextValue>
          <Name>鼻塞性质</Name>
          <ValueBinding />
          <InnerValue>交替性</InnerValue>
          <BackgroundText>鼻塞性质</BackgroundText>
          <FieldSettings>
            <EditStyle>DropdownList</EditStyle>
            <ListSource>
              <SourceName>0000002638</SourceName>
              <Items />
            </ListSource>
          </FieldSettings>
        </Element>
        <Element xsi:type="XString">
          <Text>，头痛</Text>
        </Element>
        <Element xsi:type="XInputField">
          <ID>kb0000002646</ID>
          <Attributes />
          <XElements>
            <Element xsi:type="XString">
              <Text>间断</Text>
            </Element>
          </XElements>
          <TextValue>间断</TextValue>
          <Name>头痛性质</Name>
          <ValueBinding />
          <InnerValue>间断</InnerValue>
          <BackgroundText>头痛性质</BackgroundText>
          <FieldSettings>
            <EditStyle>DropdownList</EditStyle>
            <ListSource>
              <SourceName>0000002646</SourceName>
              <Items />
            </ListSource>
          </FieldSettings>
        </Element>
        <Element xsi:type="XString">
          <Text>，部位为</Text>
        </Element>
        <Element xsi:type="XInputField">
          <ID>kb0000002647</ID>
          <Attributes />
          <XElements>
            <Element xsi:type="XString">
              <Text>枕部</Text>
            </Element>
          </XElements>
          <TextValue>枕部</TextValue>
          <Name>头痛部位</Name>
          <ValueBinding />
          <InnerValue>枕部</InnerValue>
          <BackgroundText>头痛部位</BackgroundText>
          <FieldSettings>
            <EditStyle>DropdownList</EditStyle>
            <MultiSelect>true</MultiSelect>
            <ListSource>
              <SourceName>0000002647</SourceName>
              <Items />
            </ListSource>
          </FieldSettings>
        </Element>
        <Element xsi:type="XString">
          <Text>，鼻出血</Text>
        </Element>
        <Element xsi:type="XInputField">
          <ID>kb0000002640</ID>
          <Attributes />
          <XElements>
            <Element xsi:type="XString">
              <Text>量少可自止</Text>
            </Element>
          </XElements>
          <TextValue>量少可自止</TextValue>
          <Name>鼻出血性状</Name>
          <ValueBinding />
          <InnerValue>量少可自止</InnerValue>
          <BackgroundText>鼻出血性状</BackgroundText>
          <FieldSettings>
            <EditStyle>DropdownList</EditStyle>
            <ListSource>
              <SourceName>0000002640</SourceName>
              <Items />
            </ListSource>
          </FieldSettings>
        </Element>
        <Element xsi:type="XString">
          <Text>。</Text>
        </Element>
        <Element xsi:type="XInputField">
          <ID>kb0000002648</ID>
          <Attributes />
          <XElements>
            <Element xsi:type="XString">
              <Text>无</Text>
            </Element>
          </XElements>
          <TextValue>无</TextValue>
          <Name>鼻痒</Name>
          <ValueBinding />
          <InnerValue>无</InnerValue>
          <BackgroundText>鼻痒</BackgroundText>
          <FieldSettings>
            <EditStyle>DropdownList</EditStyle>
            <ListSource>
              <SourceName>0000002648</SourceName>
              <Items />
            </ListSource>
          </FieldSettings>
        </Element>
        <Element xsi:type="XString">
          <Text>鼻痒、</Text>
        </Element>
        <Element xsi:type="XInputField">
          <ID>kb0000002649</ID>
          <Attributes />
          <XElements>
            <Element xsi:type="XString">
              <Text>无</Text>
            </Element>
          </XElements>
          <TextValue>无</TextValue>
          <Name>鼻漏</Name>
          <ValueBinding />
          <InnerValue>无</InnerValue>
          <BackgroundText>鼻漏</BackgroundText>
          <FieldSettings>
            <EditStyle>DropdownList</EditStyle>
            <ListSource>
              <SourceName>0000002649</SourceName>
              <Items />
            </ListSource>
          </FieldSettings>
        </Element>
        <Element xsi:type="XString" StyleIndex="1">
          <Text>鼻漏</Text>
        </Element>
        <Element xsi:type="XString">
          <Text>、</Text>
        </Element>
        <Element xsi:type="XInputField">
          <ID>kb0000002650</ID>
          <Attributes />
          <XElements>
            <Element xsi:type="XString">
              <Text>无</Text>
            </Element>
          </XElements>
          <TextValue>无</TextValue>
          <Name>打喷嚏</Name>
          <ValueBinding />
          <InnerValue>无</InnerValue>
          <BackgroundText>打喷嚏</BackgroundText>
          <FieldSettings>
            <EditStyle>DropdownList</EditStyle>
            <ListSource>
              <SourceName>0000002650</SourceName>
              <Items />
            </ListSource>
          </FieldSettings>
        </Element>
        <Element xsi:type="XString">
          <Text>连续打喷嚏，</Text>
        </Element>
        <Element xsi:type="XInputField">
          <ID>kb0000002642</ID>
          <Attributes />
          <XElements>
            <Element xsi:type="XString">
              <Text>无</Text>
            </Element>
          </XElements>
          <TextValue>无</TextValue>
          <Name>嗅觉减退</Name>
          <ValueBinding />
          <InnerValue>无</InnerValue>
          <BackgroundText>嗅觉减退</BackgroundText>
          <FieldSettings>
            <EditStyle>DropdownList</EditStyle>
            <ListSource>
              <SourceName>0000002642</SourceName>
              <Items />
            </ListSource>
          </FieldSettings>
        </Element>
        <Element xsi:type="XString">
          <Text>嗅觉减退。曾行药物治疗，</Text>
        </Element>
        <Element xsi:type="XString" StyleIndex="1">
          <Text>行</Text>
        </Element>
        <Element xsi:type="XInputField">
          <ID>kb0000002651</ID>
          <Attributes />
          <XElements>
            <Element xsi:type="XString">
              <Text>激光</Text>
            </Element>
          </XElements>
          <TextValue>激光</TextValue>
          <Name>鼻中隔偏曲手术</Name>
          <ValueBinding />
          <InnerValue>激光</InnerValue>
          <BackgroundText>鼻中隔偏曲手术</BackgroundText>
          <FieldSettings>
            <EditStyle>DropdownList</EditStyle>
            <ListSource>
              <SourceName>0000002651</SourceName>
              <Items />
            </ListSource>
          </FieldSettings>
        </Element>
        <Element xsi:type="XString">
          <Text>手术，效果</Text>
        </Element>
        <Element xsi:type="XInputField">
          <ID>kb0000002644</ID>
          <Attributes />
          <XElements>
            <Element xsi:type="XString">
              <Text>欠佳</Text>
            </Element>
          </XElements>
          <TextValue>欠佳</TextValue>
          <Name>治疗效果</Name>
          <ValueBinding />
          <InnerValue>欠佳</InnerValue>
          <BackgroundText>治疗效果</BackgroundText>
          <FieldSettings>
            <EditStyle>DropdownList</EditStyle>
            <ListSource>
              <SourceName>0000002644</SourceName>
              <Items />
            </ListSource>
          </FieldSettings>
        </Element>
        <Element xsi:type="XString">
          <Text>。</Text>
        </Element>
        <Element xsi:type="XParagraphFlag" />
      </XElements>
      <Sections />
    </Element>
    <Element xsi:type="XTextHeader">
      <Attributes />
      <XElements>
        <Element xsi:type="XParagraphFlag" StyleIndex="0">
          <AutoCreate>true</AutoCreate>
        </Element>
      </XElements>
    </Element>
    <Element xsi:type="XTextFooter">
      <Attributes />
      <XElements>
        <Element xsi:type="XParagraphFlag">
          <AutoCreate>true</AutoCreate>
        </Element>
      </XElements>
    </Element>
  </XElements>
  <ScriptText />
  <Info>
    <CreationTime>2013-04-02T17:19:56.0352562+08:00</CreationTime>
    <LastModifiedTime>2013-04-02T17:19:56.0352562+08:00</LastModifiedTime>
    <LastPrintTime>1980-01-01T00:00:00</LastPrintTime>
    <Operator>DCSoft.Writer Version:1.1.1111.29376</Operator>
  </Info>
  <BodyText>
  </BodyText>
  <UserHistories>
    <History>
      <ID />
      <Name />
      <SavedTime>2005-04-21T09:40:28</SavedTime>
    </History>
    <History>
      <ID />
      <Name />
      <SavedTime>2005-04-21T09:44:02</SavedTime>
    </History>
    <History>
      <ID />
      <Name />
      <SavedTime>2005-04-22T09:42:09</SavedTime>
    </History>
  </UserHistories>
  <ContentStyles>
    <Default xsi:type="DocumentContentStyle">
      <FontName>宋体</FontName>
    </Default>
    <Styles>
      <Style Index="0">
        <Align>Center</Align>
      </Style>
      <Style Index="1">
        <CreatorIndex>1</CreatorIndex>
      </Style>
    </Styles>
  </ContentStyles>
  <MeasureMode>OldCompatibility</MeasureMode>
  <PageSettings>
    <LeftMargin>50</LeftMargin>
    <TopMargin>50</TopMargin>
    <RightMargin>50</RightMargin>
    <BottomMargin>50</BottomMargin>
    <ViewLeftMargin>150</ViewLeftMargin>
    <ViewTopMargin>150</ViewTopMargin>
    <ViewRightMargin>150</ViewRightMargin>
    <ViewBottomMargin>150</ViewBottomMargin>
    <ViewPaperWidth>2481</ViewPaperWidth>
    <ViewPaperHeight>3507</ViewPaperHeight>
  </PageSettings>
</XTextDocument>