﻿<?xml version="1.0" encoding="utf-8"?>
<XTextDocument xmlns:xsi="http://www.w3.org/2001/XMLSchema-instance" xmlns:xsd="http://www.w3.org/2001/XMLSchema" EditorVersionString="1.1.1111.29376">
  <Attributes />
  <XElements>
    <Element xsi:type="XTextBody">
      <Attributes />
      <XElements>
        <Element xsi:type="XInputField">
          <ID>kb0000000998</ID>
          <Attributes />
          <XElements>
            <Element xsi:type="XString">
              <Text>年</Text>
            </Element>
          </XElements>
          <TextValue>年</TextValue>
          <Name>时间单位</Name>
          <ValueBinding />
          <InnerValue>年</InnerValue>
          <BackgroundText>时间单位</BackgroundText>
          <FieldSettings>
            <EditStyle>DropdownList</EditStyle>
            <ListSource>
              <SourceName>0000000998</SourceName>
              <Items />
            </ListSource>
          </FieldSettings>
        </Element>
        <Element xsi:type="XString">
          <Text>前</Text>
        </Element>
        <Element xsi:type="XInputField">
          <ID>kb0000002637</ID>
          <Attributes />
          <XElements>
            <Element xsi:type="XString">
              <Text>无明显诱因</Text>
            </Element>
          </XElements>
          <TextValue>无明显诱因</TextValue>
          <Name>慢性鼻炎、过敏性鼻炎诱因</Name>
          <ValueBinding />
          <InnerValue>无明显诱因</InnerValue>
          <BackgroundText>慢性鼻炎、过敏性鼻炎诱因</BackgroundText>
          <FieldSettings>
            <EditStyle>DropdownList</EditStyle>
            <ListSource>
              <SourceName>0000002637</SourceName>
              <Items />
            </ListSource>
          </FieldSettings>
        </Element>
        <Element xsi:type="XString">
          <Text>开始出现</Text>
        </Element>
        <Element xsi:type="XInputField">
          <ID>kb0000002632</ID>
          <Attributes />
          <XElements>
            <Element xsi:type="XString">
              <Text>鼻塞、鼻漏、打喷嚏</Text>
            </Element>
          </XElements>
          <TextValue>鼻塞、鼻漏、打喷嚏</TextValue>
          <Name>慢性鼻炎、过敏性鼻炎症状</Name>
          <ValueBinding />
          <InnerValue>鼻塞、鼻漏、打喷嚏</InnerValue>
          <BackgroundText>慢性鼻炎、过敏性鼻炎症状</BackgroundText>
          <FieldSettings>
            <EditStyle>DropdownList</EditStyle>
            <MultiSelect>true</MultiSelect>
            <ListSource>
              <SourceName>0000002632</SourceName>
              <Items />
            </ListSource>
          </FieldSettings>
        </Element>
        <Element xsi:type="XString">
          <Text>，鼻塞为</Text>
        </Element>
        <Element xsi:type="XInputField">
          <ID>kb0000002638</ID>
          <Attributes />
          <XElements>
            <Element xsi:type="XString">
              <Text>交替性</Text>
            </Element>
          </XElements>
          <TextValue>交替性</TextValue>
          <Name>鼻塞性质</Name>
          <ValueBinding />
          <InnerValue>交替性</InnerValue>
          <BackgroundText>鼻塞性质</BackgroundText>
          <FieldSettings>
            <EditStyle>DropdownList</EditStyle>
            <ListSource>
              <SourceName>0000002638</SourceName>
              <Items />
            </ListSource>
          </FieldSettings>
        </Element>
        <Element xsi:type="XString">
          <Text>，鼻漏为</Text>
        </Element>
        <Element xsi:type="XInputField">
          <ID>kb0000002639</ID>
          <Attributes />
          <XElements>
            <Element xsi:type="XString">
              <Text>清水样涕</Text>
            </Element>
          </XElements>
          <TextValue>清水样涕</TextValue>
          <Name>鼻漏性质</Name>
          <ValueBinding />
          <InnerValue>清水样涕</InnerValue>
          <BackgroundText>鼻漏性质</BackgroundText>
          <FieldSettings>
            <EditStyle>DropdownList</EditStyle>
            <ListSource>
              <SourceName>0000002639</SourceName>
              <Items />
            </ListSource>
          </FieldSettings>
        </Element>
        <Element xsi:type="XString">
          <Text>，打喷嚏可连续打  个；曾有鼻出血，</Text>
        </Element>
        <Element xsi:type="XInputField">
          <ID>kb0000002640</ID>
          <Attributes />
          <XElements>
            <Element xsi:type="XString">
              <Text>为鼻涕带血</Text>
            </Element>
          </XElements>
          <TextValue>为鼻涕带血</TextValue>
          <Name>鼻出血性状</Name>
          <ValueBinding />
          <InnerValue>为鼻涕带血</InnerValue>
          <BackgroundText>鼻出血性状</BackgroundText>
          <FieldSettings>
            <EditStyle>DropdownList</EditStyle>
            <ListSource>
              <SourceName>0000002640</SourceName>
              <Items />
            </ListSource>
          </FieldSettings>
        </Element>
        <Element xsi:type="XString">
          <Text>。上述症状</Text>
        </Element>
        <Element xsi:type="XInputField">
          <ID>kb0000002641</ID>
          <Attributes />
          <XElements>
            <Element xsi:type="XString">
              <Text>冷热交替、受凉</Text>
            </Element>
          </XElements>
          <TextValue>冷热交替、受凉</TextValue>
          <Name>慢性鼻炎、过敏性鼻炎症状明显的诱因</Name>
          <ValueBinding />
          <InnerValue>冷热交替、受凉</InnerValue>
          <BackgroundText>慢性鼻炎、过敏性鼻炎症状明显的诱因</BackgroundText>
          <FieldSettings>
            <EditStyle>DropdownList</EditStyle>
            <MultiSelect>true</MultiSelect>
            <ListSource>
              <SourceName>0000002641</SourceName>
              <Items />
            </ListSource>
          </FieldSettings>
        </Element>
        <Element xsi:type="XString">
          <Text>时明显。</Text>
        </Element>
        <Element xsi:type="XInputField">
          <ID>kb0000002642</ID>
          <Attributes />
          <XElements>
            <Element xsi:type="XString">
              <Text>无</Text>
            </Element>
          </XElements>
          <TextValue>无</TextValue>
          <Name>嗅觉减退</Name>
          <ValueBinding />
          <InnerValue>无</InnerValue>
          <BackgroundText>嗅觉减退</BackgroundText>
          <FieldSettings>
            <EditStyle>DropdownList</EditStyle>
            <ListSource>
              <SourceName>0000002642</SourceName>
              <Items />
            </ListSource>
          </FieldSettings>
        </Element>
        <Element xsi:type="XString">
          <Text>嗅觉减退。曾行     药物治疗，行</Text>
        </Element>
        <Element xsi:type="XInputField">
          <ID>kb0000002643</ID>
          <Attributes />
          <XElements>
            <Element xsi:type="XString">
              <Text>激光</Text>
            </Element>
          </XElements>
          <TextValue>激光</TextValue>
          <Name>慢性鼻炎、过敏性鼻炎手术</Name>
          <ValueBinding />
          <InnerValue>激光</InnerValue>
          <BackgroundText>慢性鼻炎、过敏性鼻炎手术</BackgroundText>
          <FieldSettings>
            <EditStyle>DropdownList</EditStyle>
            <MultiSelect>true</MultiSelect>
            <ListSource>
              <SourceName>0000002643</SourceName>
              <Items />
            </ListSource>
          </FieldSettings>
        </Element>
        <Element xsi:type="XString">
          <Text>手术，</Text>
        </Element>
        <Element xsi:type="XInputField">
          <ID>kb0000002644</ID>
          <Attributes />
          <XElements>
            <Element xsi:type="XString">
              <Text>症状缓解</Text>
            </Element>
          </XElements>
          <TextValue>症状缓解</TextValue>
          <Name>慢性鼻炎、过敏性鼻炎治疗效果</Name>
          <ValueBinding />
          <InnerValue>症状缓解</InnerValue>
          <BackgroundText>慢性鼻炎、过敏性鼻炎治疗效果</BackgroundText>
          <FieldSettings>
            <EditStyle>DropdownList</EditStyle>
            <ListSource>
              <SourceName>0000002644</SourceName>
              <Items />
            </ListSource>
          </FieldSettings>
        </Element>
        <Element xsi:type="XString">
          <Text>。</Text>
        </Element>
        <Element xsi:type="XParagraphFlag" />
      </XElements>
      <Sections />
    </Element>
    <Element xsi:type="XTextHeader">
      <Attributes />
      <XElements>
        <Element xsi:type="XParagraphFlag" StyleIndex="0">
          <AutoCreate>true</AutoCreate>
        </Element>
      </XElements>
    </Element>
    <Element xsi:type="XTextFooter">
      <Attributes />
      <XElements>
        <Element xsi:type="XParagraphFlag">
          <AutoCreate>true</AutoCreate>
        </Element>
      </XElements>
    </Element>
  </XElements>
  <ScriptText />
  <Info>
    <CreationTime>2013-04-02T17:19:56.0262557+08:00</CreationTime>
    <LastModifiedTime>2013-04-02T17:19:56.0262557+08:00</LastModifiedTime>
    <LastPrintTime>1980-01-01T00:00:00</LastPrintTime>
    <Operator>DCSoft.Writer Version:1.1.1111.29376</Operator>
  </Info>
  <BodyText>
  </BodyText>
  <UserHistories>
    <History>
      <ID />
      <Name />
      <SavedTime>2005-04-21T09:33:06</SavedTime>
    </History>
    <History>
      <ID />
      <Name />
      <SavedTime>2005-04-21T09:33:38</SavedTime>
    </History>
    <History>
      <ID />
      <Name />
      <SavedTime>2005-04-21T09:44:37</SavedTime>
    </History>
    <History>
      <ID />
      <Name />
      <SavedTime>2005-04-22T09:41:40</SavedTime>
    </History>
  </UserHistories>
  <ContentStyles>
    <Default xsi:type="DocumentContentStyle">
      <FontName>宋体</FontName>
    </Default>
    <Styles>
      <Style Index="0">
        <Align>Center</Align>
      </Style>
    </Styles>
  </ContentStyles>
  <MeasureMode>OldCompatibility</MeasureMode>
  <PageSettings>
    <LeftMargin>50</LeftMargin>
    <TopMargin>50</TopMargin>
    <RightMargin>50</RightMargin>
    <BottomMargin>50</BottomMargin>
    <ViewLeftMargin>150</ViewLeftMargin>
    <ViewTopMargin>150</ViewTopMargin>
    <ViewRightMargin>150</ViewRightMargin>
    <ViewBottomMargin>150</ViewBottomMargin>
    <ViewPaperWidth>2481</ViewPaperWidth>
    <ViewPaperHeight>3507</ViewPaperHeight>
  </PageSettings>
</XTextDocument>