﻿<?xml version="1.0" encoding="utf-8"?>
<XTextDocument xmlns:xsi="http://www.w3.org/2001/XMLSchema-instance" xmlns:xsd="http://www.w3.org/2001/XMLSchema" EditorVersionString="1.1.1111.29376">
  <Attributes />
  <XElements>
    <Element xsi:type="XTextBody">
      <Attributes />
      <XElements>
        <Element xsi:type="XString">
          <Text>患者</Text>
        </Element>
        <Element xsi:type="XInputField">
          <ID>kb0000002347</ID>
          <Attributes />
          <XElements>
            <Element xsi:type="XString">
              <Text>年</Text>
            </Element>
          </XElements>
          <TextValue>年</TextValue>
          <Name>时间单位</Name>
          <ValueBinding />
          <InnerValue>年</InnerValue>
          <BackgroundText>时间单位</BackgroundText>
          <FieldSettings>
            <EditStyle>DropdownList</EditStyle>
            <ListSource>
              <SourceName>0000002347</SourceName>
              <Items />
            </ListSource>
          </FieldSettings>
        </Element>
        <Element xsi:type="XString">
          <Text>前无明显诱因出现双脚踝水肿，按之可凹陷，伴</Text>
        </Element>
        <Element xsi:type="XInputField">
          <ID>kb0000002515</ID>
          <Attributes />
          <XElements>
            <Element xsi:type="XString">
              <Text>乏力</Text>
            </Element>
          </XElements>
          <TextValue>乏力</TextValue>
          <Name>双脚踝水肿伴随症状</Name>
          <ValueBinding />
          <InnerValue>乏力</InnerValue>
          <BackgroundText>双脚踝水肿伴随症状</BackgroundText>
          <FieldSettings>
            <EditStyle>DropdownList</EditStyle>
            <MultiSelect>true</MultiSelect>
            <ListSource>
              <SourceName>0000002515</SourceName>
              <Items />
            </ListSource>
          </FieldSettings>
        </Element>
        <Element xsi:type="XString">
          <Text>，活动后明显。后症状逐渐加重，到外院查：，予</Text>
        </Element>
        <Element xsi:type="XInputField">
          <ID>kb0000002517</ID>
          <Attributes />
          <XElements>
            <Element xsi:type="XString">
              <Text>双氢克尿噻</Text>
            </Element>
          </XElements>
          <TextValue>双氢克尿噻</TextValue>
          <Name>外院治疗药物</Name>
          <ValueBinding />
          <InnerValue>双氢克尿噻</InnerValue>
          <BackgroundText>外院治疗药物</BackgroundText>
          <FieldSettings>
            <EditStyle>DropdownList</EditStyle>
            <MultiSelect>true</MultiSelect>
            <ListSource>
              <SourceName>0000002517</SourceName>
              <Items />
            </ListSource>
          </FieldSettings>
        </Element>
        <Element xsi:type="XString">
          <Text>利尿后消肿。</Text>
        </Element>
        <Element xsi:type="XInputField">
          <ID>kb0000002347</ID>
          <Attributes />
          <XElements>
            <Element xsi:type="XString">
              <Text>天</Text>
            </Element>
          </XElements>
          <TextValue>天</TextValue>
          <Name>时间单位</Name>
          <ValueBinding />
          <InnerValue>天</InnerValue>
          <BackgroundText>时间单位</BackgroundText>
          <FieldSettings>
            <EditStyle>DropdownList</EditStyle>
            <ListSource>
              <SourceName>0000002347</SourceName>
              <Items />
            </ListSource>
          </FieldSettings>
        </Element>
        <Element xsi:type="XString">
          <Text>前</Text>
        </Element>
        <Element xsi:type="XInputField">
          <ID>kb0000002478</ID>
          <Attributes />
          <XElements>
            <Element xsi:type="XString">
              <Text>无明显诱因</Text>
            </Element>
          </XElements>
          <TextValue>无明显诱因</TextValue>
          <Name>心衰症状加重原因</Name>
          <ValueBinding />
          <InnerValue>无明显诱因</InnerValue>
          <BackgroundText>心衰症状加重原因</BackgroundText>
          <FieldSettings>
            <EditStyle>DropdownList</EditStyle>
            <ListSource>
              <SourceName>0000002478</SourceName>
              <Items />
            </ListSource>
          </FieldSettings>
        </Element>
        <Element xsi:type="XString">
          <Text>双下肢水肿加重，并于</Text>
        </Element>
        <Element xsi:type="XInputField" StyleIndex="1">
          <ID>kb0000002347</ID>
          <Attributes />
          <XElements>
            <Element xsi:type="XString">
              <Text>天</Text>
            </Element>
          </XElements>
          <TextValue>天</TextValue>
          <Name>时间单位</Name>
          <ValueBinding />
          <InnerValue>天</InnerValue>
          <BackgroundText>时间单位</BackgroundText>
          <FieldSettings>
            <EditStyle>DropdownList</EditStyle>
            <ListSource>
              <SourceName>0000002347</SourceName>
              <Items />
            </ListSource>
          </FieldSettings>
        </Element>
        <Element xsi:type="XString" StyleIndex="1">
          <Text>前</Text>
        </Element>
        <Element xsi:type="XString">
          <Text>出现</Text>
        </Element>
        <Element xsi:type="XInputField">
          <ID>kb0000002518</ID>
          <Attributes />
          <XElements>
            <Element xsi:type="XString">
              <Text>夜间憋醒</Text>
            </Element>
          </XElements>
          <TextValue>夜间憋醒</TextValue>
          <Name>水肿近期就诊原因</Name>
          <ValueBinding />
          <InnerValue>夜间憋醒</InnerValue>
          <BackgroundText>水肿近期就诊原因</BackgroundText>
          <FieldSettings>
            <EditStyle>DropdownList</EditStyle>
            <ListSource>
              <SourceName>0000002518</SourceName>
              <Items />
            </ListSource>
          </FieldSettings>
        </Element>
        <Element xsi:type="XString">
          <Text>来诊。平时夜间喜高枕，夜尿多，尿量较前明显减少。</Text>
        </Element>
        <Element xsi:type="XParagraphFlag" />
      </XElements>
      <Sections />
    </Element>
    <Element xsi:type="XTextHeader">
      <Attributes />
      <XElements>
        <Element xsi:type="XParagraphFlag" StyleIndex="0">
          <AutoCreate>true</AutoCreate>
        </Element>
      </XElements>
    </Element>
    <Element xsi:type="XTextFooter">
      <Attributes />
      <XElements>
        <Element xsi:type="XParagraphFlag">
          <AutoCreate>true</AutoCreate>
        </Element>
      </XElements>
    </Element>
  </XElements>
  <ScriptText />
  <Info>
    <CreationTime>2013-04-02T17:19:55.4762243+08:00</CreationTime>
    <LastModifiedTime>2013-04-02T17:19:55.4762243+08:00</LastModifiedTime>
    <LastPrintTime>1980-01-01T00:00:00</LastPrintTime>
    <Operator>DCSoft.Writer Version:1.1.1111.29376</Operator>
  </Info>
  <BodyText>
  </BodyText>
  <UserHistories>
    <History>
      <ID />
      <Name />
      <SavedTime>2005-03-30T11:08:24</SavedTime>
    </History>
    <History>
      <ID />
      <Name />
      <SavedTime>2005-03-30T11:09:48</SavedTime>
    </History>
    <History>
      <ID />
      <Name />
      <SavedTime>2005-04-02T11:35:55</SavedTime>
    </History>
  </UserHistories>
  <ContentStyles>
    <Default xsi:type="DocumentContentStyle">
      <FontName>宋体</FontName>
    </Default>
    <Styles>
      <Style Index="0">
        <Align>Center</Align>
      </Style>
      <Style Index="1">
        <CreatorIndex>1</CreatorIndex>
      </Style>
    </Styles>
  </ContentStyles>
  <MeasureMode>OldCompatibility</MeasureMode>
  <PageSettings>
    <LeftMargin>50</LeftMargin>
    <TopMargin>50</TopMargin>
    <RightMargin>50</RightMargin>
    <BottomMargin>50</BottomMargin>
    <ViewLeftMargin>150</ViewLeftMargin>
    <ViewTopMargin>150</ViewTopMargin>
    <ViewRightMargin>150</ViewRightMargin>
    <ViewBottomMargin>150</ViewBottomMargin>
    <ViewPaperWidth>2481</ViewPaperWidth>
    <ViewPaperHeight>3507</ViewPaperHeight>
  </PageSettings>
</XTextDocument>