﻿<?xml version="1.0" encoding="utf-8"?>
<XTextDocument xmlns:xsi="http://www.w3.org/2001/XMLSchema-instance" xmlns:xsd="http://www.w3.org/2001/XMLSchema" EditorVersionString="1.1.1111.29376">
  <Attributes />
  <XElements>
    <Element xsi:type="XTextBody">
      <Attributes />
      <XElements>
        <Element xsi:type="XString">
          <Text>临床症候群：</Text>
        </Element>
        <Element xsi:type="XParagraphFlag" StyleIndex="1" />
        <Element xsi:type="XInputField">
          <ID>kb0000001998</ID>
          <Attributes />
          <XElements>
            <Element xsi:type="XString">
              <Text>不明原因肾脏损害临床症候群</Text>
            </Element>
          </XElements>
          <TextValue>不明原因肾脏损害临床症候群</TextValue>
          <Name>不明原因肾脏损害临床症候群</Name>
          <ValueBinding />
          <InnerValue>不明原因肾脏损害临床症候群</InnerValue>
          <BackgroundText>不明原因肾脏损害临床症候群</BackgroundText>
          <FieldSettings>
            <EditStyle>DropdownList</EditStyle>
            <MultiSelect>true</MultiSelect>
            <ListSource>
              <SourceName>0000001998</SourceName>
              <Items />
            </ListSource>
          </FieldSettings>
        </Element>
        <Element xsi:type="XString">
          <Text>，病程：</Text>
        </Element>
        <Element xsi:type="XInputField">
          <ID>kb0000002041</ID>
          <Attributes />
          <XElements />
          <TextValue />
          <UnitText />
          <Name>不明原因肾脏病损害病程时间</Name>
          <InnerValue />
          <BackgroundText>不明原因肾脏病损害病程时间</BackgroundText>
        </Element>
        <Element xsi:type="XInputField">
          <ID>kb0000001999</ID>
          <Attributes />
          <XElements>
            <Element xsi:type="XString">
              <Text>时间单位</Text>
            </Element>
          </XElements>
          <TextValue>时间单位</TextValue>
          <Name>时间单位</Name>
          <ValueBinding />
          <InnerValue>时间单位</InnerValue>
          <BackgroundText>时间单位</BackgroundText>
          <FieldSettings>
            <EditStyle>DropdownList</EditStyle>
            <ListSource>
              <SourceName>0000001999</SourceName>
              <Items />
            </ListSource>
          </FieldSettings>
        </Element>
        <Element xsi:type="XString">
          <Text>，诱因为</Text>
        </Element>
        <Element xsi:type="XInputField">
          <ID>kb0000002000</ID>
          <Attributes />
          <XElements>
            <Element xsi:type="XString">
              <Text>不明原因肾脏损害诱因</Text>
            </Element>
          </XElements>
          <TextValue>不明原因肾脏损害诱因</TextValue>
          <Name>不明原因肾脏损害诱因</Name>
          <ValueBinding />
          <InnerValue>不明原因肾脏损害诱因</InnerValue>
          <BackgroundText>不明原因肾脏损害诱因</BackgroundText>
          <FieldSettings>
            <EditStyle>DropdownList</EditStyle>
            <MultiSelect>true</MultiSelect>
            <ListSource>
              <SourceName>0000002000</SourceName>
              <Items />
            </ListSource>
          </FieldSettings>
        </Element>
        <Element xsi:type="XString">
          <Text>，起病症状</Text>
        </Element>
        <Element xsi:type="XInputField">
          <ID>kb0000002001</ID>
          <Attributes />
          <XElements>
            <Element xsi:type="XString">
              <Text>不明原因肾脏损害起病症状</Text>
            </Element>
          </XElements>
          <TextValue>不明原因肾脏损害起病症状</TextValue>
          <Name>不明原因肾脏损害起病症状</Name>
          <ValueBinding />
          <InnerValue>不明原因肾脏损害起病症状</InnerValue>
          <BackgroundText>不明原因肾脏损害起病症状</BackgroundText>
          <FieldSettings>
            <EditStyle>DropdownList</EditStyle>
            <MultiSelect>true</MultiSelect>
            <ListSource>
              <SourceName>0000002001</SourceName>
              <Items />
            </ListSource>
          </FieldSettings>
        </Element>
        <Element xsi:type="XString">
          <Text>；浮肿</Text>
        </Element>
        <Element xsi:type="XInputField">
          <ID>kb0000002002</ID>
          <Attributes />
          <XElements>
            <Element xsi:type="XString">
              <Text>浮肿</Text>
            </Element>
          </XElements>
          <TextValue>浮肿</TextValue>
          <Name>浮肿</Name>
          <ValueBinding />
          <InnerValue>浮肿</InnerValue>
          <BackgroundText>浮肿</BackgroundText>
          <FieldSettings>
            <EditStyle>DropdownList</EditStyle>
            <ListSource>
              <SourceName>0000002002</SourceName>
              <Items />
            </ListSource>
          </FieldSettings>
        </Element>
        <Element xsi:type="XString">
          <Text>，蛋白尿</Text>
        </Element>
        <Element xsi:type="XInputField">
          <ID>kb0000002003</ID>
          <Attributes />
          <XElements>
            <Element xsi:type="XString">
              <Text>蛋白尿</Text>
            </Element>
          </XElements>
          <TextValue>蛋白尿</TextValue>
          <Name>蛋白尿</Name>
          <ValueBinding />
          <InnerValue>蛋白尿</InnerValue>
          <BackgroundText>蛋白尿</BackgroundText>
          <FieldSettings>
            <EditStyle>DropdownList</EditStyle>
            <ListSource>
              <SourceName>0000002003</SourceName>
              <Items />
            </ListSource>
          </FieldSettings>
        </Element>
        <Element xsi:type="XString">
          <Text>，</Text>
        </Element>
        <Element xsi:type="XInputField">
          <ID>kb0000002042</ID>
          <Attributes />
          <XElements>
            <Element xsi:type="XString">
              <Text>镜下血尿</Text>
            </Element>
          </XElements>
          <TextValue>镜下血尿</TextValue>
          <Name>镜下血尿</Name>
          <ValueBinding />
          <InnerValue>镜下血尿</InnerValue>
          <BackgroundText>镜下血尿</BackgroundText>
          <FieldSettings>
            <EditStyle>DropdownList</EditStyle>
            <ListSource>
              <SourceName>0000002042</SourceName>
              <Items />
            </ListSource>
          </FieldSettings>
        </Element>
        <Element xsi:type="XString">
          <Text>，</Text>
        </Element>
        <Element xsi:type="XInputField">
          <ID>kb0000002043</ID>
          <Attributes />
          <XElements>
            <Element xsi:type="XString">
              <Text>肉眼血尿</Text>
            </Element>
          </XElements>
          <TextValue>肉眼血尿</TextValue>
          <Name>肉眼血尿</Name>
          <ValueBinding />
          <InnerValue>肉眼血尿</InnerValue>
          <BackgroundText>肉眼血尿</BackgroundText>
          <FieldSettings>
            <EditStyle>DropdownList</EditStyle>
            <ListSource>
              <SourceName>0000002043</SourceName>
              <Items />
            </ListSource>
          </FieldSettings>
        </Element>
        <Element xsi:type="XString">
          <Text>；尿量</Text>
        </Element>
        <Element xsi:type="XInputField">
          <ID>kb0000002009</ID>
          <Attributes />
          <XElements>
            <Element xsi:type="XString">
              <Text>尿量</Text>
            </Element>
          </XElements>
          <TextValue>尿量</TextValue>
          <Name>尿量</Name>
          <ValueBinding />
          <InnerValue>尿量</InnerValue>
          <BackgroundText>尿量</BackgroundText>
          <FieldSettings>
            <EditStyle>DropdownList</EditStyle>
            <ListSource>
              <SourceName>0000002009</SourceName>
              <Items />
            </ListSource>
          </FieldSettings>
        </Element>
        <Element xsi:type="XString">
          <Text>，</Text>
        </Element>
        <Element xsi:type="XInputField">
          <ID>kb0000002010</ID>
          <Attributes />
          <XElements />
          <TextValue />
          <UnitText>ml/日</UnitText>
          <Name>每日尿量</Name>
          <InnerValue />
          <BackgroundText>每日尿量</BackgroundText>
        </Element>
        <Element xsi:type="XString">
          <Text>；夜尿</Text>
        </Element>
        <Element xsi:type="XInputField">
          <ID>kb0000002011</ID>
          <Attributes />
          <XElements />
          <TextValue />
          <UnitText>次/晚</UnitText>
          <Name>夜尿次数</Name>
          <InnerValue />
          <BackgroundText>夜尿次数</BackgroundText>
        </Element>
        <Element xsi:type="XString">
          <Text>。</Text>
        </Element>
        <Element xsi:type="XInputField">
          <ID>kb0000002012</ID>
          <Attributes />
          <XElements>
            <Element xsi:type="XString">
              <Text>恶性高血压</Text>
            </Element>
          </XElements>
          <TextValue>恶性高血压</TextValue>
          <Name>恶性高血压</Name>
          <ValueBinding />
          <InnerValue>恶性高血压</InnerValue>
          <BackgroundText>恶性高血压</BackgroundText>
          <FieldSettings>
            <EditStyle>DropdownList</EditStyle>
            <ListSource>
              <SourceName>0000002012</SourceName>
              <Items />
            </ListSource>
          </FieldSettings>
        </Element>
        <Element xsi:type="XString">
          <Text>，血压</Text>
        </Element>
        <Element xsi:type="XInputField">
          <ID>kb0000002013</ID>
          <Attributes />
          <XElements />
          <TextValue />
          <UnitText>mmHg</UnitText>
          <Name>血压</Name>
          <InnerValue />
          <BackgroundText>血压</BackgroundText>
        </Element>
        <Element xsi:type="XString">
          <Text>；</Text>
        </Element>
        <Element xsi:type="XInputField">
          <ID>kb0000002014</ID>
          <Attributes />
          <XElements>
            <Element xsi:type="XString">
              <Text>低钾性麻痹</Text>
            </Element>
          </XElements>
          <TextValue>低钾性麻痹</TextValue>
          <Name>低钾性麻痹</Name>
          <ValueBinding />
          <InnerValue>低钾性麻痹</InnerValue>
          <BackgroundText>低钾性麻痹</BackgroundText>
          <FieldSettings>
            <EditStyle>DropdownList</EditStyle>
            <ListSource>
              <SourceName>0000002014</SourceName>
              <Items />
            </ListSource>
          </FieldSettings>
        </Element>
        <Element xsi:type="XString">
          <Text>；</Text>
        </Element>
        <Element xsi:type="XInputField">
          <ID>kb0000002015</ID>
          <Attributes />
          <XElements>
            <Element xsi:type="XString">
              <Text>肾性糖尿</Text>
            </Element>
          </XElements>
          <TextValue>肾性糖尿</TextValue>
          <Name>肾性糖尿</Name>
          <ValueBinding />
          <InnerValue>肾性糖尿</InnerValue>
          <BackgroundText>肾性糖尿</BackgroundText>
          <FieldSettings>
            <EditStyle>DropdownList</EditStyle>
            <ListSource>
              <SourceName>0000002015</SourceName>
              <Items />
            </ListSource>
          </FieldSettings>
        </Element>
        <Element xsi:type="XString">
          <Text>；</Text>
        </Element>
        <Element xsi:type="XInputField">
          <ID>kb0000002016</ID>
          <Attributes />
          <XElements>
            <Element xsi:type="XString">
              <Text>尿路刺激征</Text>
            </Element>
          </XElements>
          <TextValue>尿路刺激征</TextValue>
          <Name>尿路刺激征</Name>
          <ValueBinding />
          <InnerValue>尿路刺激征</InnerValue>
          <BackgroundText>尿路刺激征</BackgroundText>
          <FieldSettings>
            <EditStyle>DropdownList</EditStyle>
            <ListSource>
              <SourceName>0000002016</SourceName>
              <Items />
            </ListSource>
          </FieldSettings>
        </Element>
        <Element xsi:type="XString">
          <Text>；</Text>
        </Element>
        <Element xsi:type="XInputField">
          <ID>kb0000002017</ID>
          <Attributes />
          <XElements>
            <Element xsi:type="XString">
              <Text>腰酸腰痛</Text>
            </Element>
          </XElements>
          <TextValue>腰酸腰痛</TextValue>
          <Name>腰酸腰痛</Name>
          <ValueBinding />
          <InnerValue>腰酸腰痛</InnerValue>
          <BackgroundText>腰酸腰痛</BackgroundText>
          <FieldSettings>
            <EditStyle>DropdownList</EditStyle>
            <ListSource>
              <SourceName>0000002017</SourceName>
              <Items />
            </ListSource>
          </FieldSettings>
        </Element>
        <Element xsi:type="XString">
          <Text>。</Text>
        </Element>
        <Element xsi:type="XParagraphFlag" StyleIndex="2" />
        <Element xsi:type="XString" StyleIndex="2">
          <Text>既往治疗：</Text>
        </Element>
        <Element xsi:type="XParagraphFlag" StyleIndex="2" />
        <Element xsi:type="XString" StyleIndex="2">
          <Text>免疫抑制剂治疗</Text>
        </Element>
        <Element xsi:type="XInputField" StyleIndex="2">
          <ID>kb0000002018</ID>
          <Attributes />
          <XElements>
            <Element xsi:type="XString">
              <Text>免疫抑制剂治疗不明原因肾脏损害疗效</Text>
            </Element>
          </XElements>
          <TextValue>免疫抑制剂治疗不明原因肾脏损害疗效</TextValue>
          <Name>免疫抑制剂治疗不明原因肾脏损害疗效</Name>
          <ValueBinding />
          <InnerValue>免疫抑制剂治疗不明原因肾脏损害疗效</InnerValue>
          <BackgroundText>免疫抑制剂治疗不明原因肾脏损害疗效</BackgroundText>
          <FieldSettings>
            <EditStyle>DropdownList</EditStyle>
            <ListSource>
              <SourceName>0000002018</SourceName>
              <Items />
            </ListSource>
          </FieldSettings>
        </Element>
        <Element xsi:type="XString" StyleIndex="2">
          <Text>。强的松剂量</Text>
        </Element>
        <Element xsi:type="XInputField" StyleIndex="2">
          <ID>kb0000002019</ID>
          <Attributes />
          <XElements />
          <TextValue />
          <UnitText>mg/日</UnitText>
          <Name>强的松剂量</Name>
          <InnerValue />
          <BackgroundText>强的松剂量</BackgroundText>
        </Element>
        <Element xsi:type="XString" StyleIndex="1">
          <Text>，持续</Text>
        </Element>
        <Element xsi:type="XInputField" StyleIndex="1">
          <ID>kb0000002020</ID>
          <Attributes />
          <XElements />
          <TextValue />
          <UnitText>月</UnitText>
          <Name>强的松治疗时间</Name>
          <InnerValue />
          <BackgroundText>强的松治疗时间</BackgroundText>
        </Element>
        <Element xsi:type="XString" StyleIndex="1">
          <Text>；雷公藤多甙剂量</Text>
        </Element>
        <Element xsi:type="XInputField" StyleIndex="1">
          <ID>kb0000002021</ID>
          <Attributes />
          <XElements />
          <TextValue />
          <UnitText>mg/日</UnitText>
          <Name>雷公藤多甙剂量</Name>
          <InnerValue />
          <BackgroundText>雷公藤多甙剂量</BackgroundText>
        </Element>
        <Element xsi:type="XString" StyleIndex="1">
          <Text>，</Text>
        </Element>
        <Element xsi:type="XString" StyleIndex="2">
          <Text>持续</Text>
        </Element>
        <Element xsi:type="XInputField" StyleIndex="2">
          <ID>kb0000002022</ID>
          <Attributes />
          <XElements />
          <TextValue />
          <UnitText>月</UnitText>
          <Name>雷公藤治疗时间</Name>
          <InnerValue />
          <BackgroundText>雷公藤治疗时间</BackgroundText>
        </Element>
        <Element xsi:type="XString" StyleIndex="2">
          <Text>；骁悉剂量</Text>
        </Element>
        <Element xsi:type="XInputField" StyleIndex="2">
          <ID>kb0000002023</ID>
          <Attributes />
          <XElements />
          <TextValue />
          <UnitText>mg/日</UnitText>
          <Name>骁悉剂量</Name>
          <InnerValue />
          <BackgroundText>骁悉剂量</BackgroundText>
        </Element>
        <Element xsi:type="XString" StyleIndex="2">
          <Text>，持续</Text>
        </Element>
        <Element xsi:type="XInputField" StyleIndex="2">
          <ID>kb0000002024</ID>
          <Attributes />
          <XElements />
          <TextValue />
          <UnitText>月</UnitText>
          <Name>骁悉治疗时间</Name>
          <InnerValue />
          <BackgroundText>骁悉治疗时间</BackgroundText>
        </Element>
        <Element xsi:type="XString" StyleIndex="2">
          <Text>；FK506剂量</Text>
        </Element>
        <Element xsi:type="XInputField" StyleIndex="2">
          <ID>kb0000002025</ID>
          <Attributes />
          <XElements />
          <TextValue />
          <UnitText>mg/日</UnitText>
          <Name>FK506剂量</Name>
          <InnerValue />
          <BackgroundText>FK506剂量</BackgroundText>
        </Element>
        <Element xsi:type="XString" StyleIndex="2">
          <Text>，持续</Text>
        </Element>
        <Element xsi:type="XInputField" StyleIndex="2">
          <ID>kb0000002026</ID>
          <Attributes />
          <XElements />
          <TextValue />
          <UnitText>月</UnitText>
          <Name>FK506治疗时间</Name>
          <InnerValue />
          <BackgroundText>FK506治疗时间</BackgroundText>
        </Element>
        <Element xsi:type="XString" StyleIndex="2">
          <Text>；CTX剂量</Text>
        </Element>
        <Element xsi:type="XInputField" StyleIndex="2">
          <ID>kb0000002027</ID>
          <Attributes />
          <XElements />
          <TextValue />
          <UnitText>mg/日</UnitText>
          <Name>CTX剂量</Name>
          <InnerValue />
          <BackgroundText>CTX剂量</BackgroundText>
        </Element>
        <Element xsi:type="XString" StyleIndex="2">
          <Text>，持续</Text>
        </Element>
        <Element xsi:type="XInputField" StyleIndex="2">
          <ID>kb0000002028</ID>
          <Attributes />
          <XElements />
          <TextValue />
          <UnitText>月</UnitText>
          <Name>CTX治疗时间</Name>
          <InnerValue />
          <BackgroundText>CTX治疗时间</BackgroundText>
        </Element>
        <Element xsi:type="XString" StyleIndex="2">
          <Text>。</Text>
        </Element>
        <Element xsi:type="XParagraphFlag" StyleIndex="2" />
        <Element xsi:type="XString" StyleIndex="2">
          <Text>      降压药治疗</Text>
        </Element>
        <Element xsi:type="XInputField" StyleIndex="2">
          <ID>kb0000002029</ID>
          <Attributes />
          <XElements>
            <Element xsi:type="XString">
              <Text>降压药治疗不明原因肾脏损害疗效</Text>
            </Element>
          </XElements>
          <TextValue>降压药治疗不明原因肾脏损害疗效</TextValue>
          <Name>降压药治疗不明原因肾脏损害疗效</Name>
          <ValueBinding />
          <InnerValue>降压药治疗不明原因肾脏损害疗效</InnerValue>
          <BackgroundText>降压药治疗不明原因肾脏损害疗效</BackgroundText>
          <FieldSettings>
            <EditStyle>DropdownList</EditStyle>
            <ListSource>
              <SourceName>0000002029</SourceName>
              <Items />
            </ListSource>
          </FieldSettings>
        </Element>
        <Element xsi:type="XString" StyleIndex="3">
          <Text>。</Text>
        </Element>
        <Element xsi:type="XString" StyleIndex="1">
          <Text>ACEI剂量</Text>
        </Element>
        <Element xsi:type="XInputField" StyleIndex="1">
          <ID>kb0000002030</ID>
          <Attributes />
          <XElements />
          <TextValue />
          <UnitText>mg/日</UnitText>
          <Name>ACEI剂量</Name>
          <InnerValue />
          <BackgroundText>ACEI剂量</BackgroundText>
        </Element>
        <Element xsi:type="XString" StyleIndex="1">
          <Text>，持续</Text>
        </Element>
        <Element xsi:type="XInputField" StyleIndex="1">
          <ID>kb0000002031</ID>
          <Attributes />
          <XElements />
          <TextValue />
          <UnitText>月</UnitText>
          <Name>ACEI治疗时间</Name>
          <InnerValue />
          <BackgroundText>ACEI治疗时间</BackgroundText>
        </Element>
        <Element xsi:type="XString" StyleIndex="1">
          <Text>；ARB剂量</Text>
        </Element>
        <Element xsi:type="XInputField" StyleIndex="1">
          <ID>kb0000002032</ID>
          <Attributes />
          <XElements />
          <TextValue />
          <UnitText>mg/日</UnitText>
          <Name>ARB剂量</Name>
          <InnerValue />
          <BackgroundText>ARB剂量</BackgroundText>
        </Element>
        <Element xsi:type="XString" StyleIndex="1">
          <Text>，持续</Text>
        </Element>
        <Element xsi:type="XInputField" StyleIndex="1">
          <ID>kb0000002033</ID>
          <Attributes />
          <XElements />
          <TextValue />
          <UnitText>月</UnitText>
          <Name>ARB治疗时间</Name>
          <InnerValue />
          <BackgroundText>ARB治疗时间</BackgroundText>
        </Element>
        <Element xsi:type="XString" StyleIndex="1">
          <Text>；CBB剂量</Text>
        </Element>
        <Element xsi:type="XInputField" StyleIndex="1">
          <ID>kb0000002034</ID>
          <Attributes />
          <XElements />
          <TextValue />
          <UnitText>mg/日</UnitText>
          <Name>CBB剂量</Name>
          <InnerValue />
          <BackgroundText>CBB剂量</BackgroundText>
        </Element>
        <Element xsi:type="XString" StyleIndex="1">
          <Text>，持续</Text>
        </Element>
        <Element xsi:type="XInputField" StyleIndex="1">
          <ID>kb0000002035</ID>
          <Attributes />
          <XElements />
          <TextValue />
          <UnitText>月</UnitText>
          <Name>CBB治疗时间</Name>
          <InnerValue />
          <BackgroundText>CBB治疗时间</BackgroundText>
        </Element>
        <Element xsi:type="XString" StyleIndex="1">
          <Text>。</Text>
        </Element>
        <Element xsi:type="XParagraphFlag" StyleIndex="1" />
        <Element xsi:type="XString" StyleIndex="1">
          <Text>       大黄制剂治疗</Text>
        </Element>
        <Element xsi:type="XInputField" StyleIndex="1">
          <ID>kb0000002036</ID>
          <Attributes />
          <XElements>
            <Element xsi:type="XString">
              <Text>大黄制剂治疗不明原因肾脏损害疗效</Text>
            </Element>
          </XElements>
          <TextValue>大黄制剂治疗不明原因肾脏损害疗效</TextValue>
          <Name>大黄制剂治疗不明原因肾脏损害疗效</Name>
          <ValueBinding />
          <InnerValue>大黄制剂治疗不明原因肾脏损害疗效</InnerValue>
          <BackgroundText>大黄制剂治疗不明原因肾脏损害疗效</BackgroundText>
          <FieldSettings>
            <EditStyle>DropdownList</EditStyle>
            <ListSource>
              <SourceName>0000002036</SourceName>
              <Items />
            </ListSource>
          </FieldSettings>
        </Element>
        <Element xsi:type="XString" StyleIndex="1">
          <Text>。曾使用</Text>
        </Element>
        <Element xsi:type="XInputField" StyleIndex="1">
          <ID>kb0000002037</ID>
          <Attributes />
          <XElements>
            <Element xsi:type="XString">
              <Text>大黄制剂类药物</Text>
            </Element>
          </XElements>
          <TextValue>大黄制剂类药物</TextValue>
          <Name>大黄制剂类药物</Name>
          <ValueBinding />
          <InnerValue>大黄制剂类药物</InnerValue>
          <BackgroundText>大黄制剂类药物</BackgroundText>
          <FieldSettings>
            <EditStyle>DropdownList</EditStyle>
            <MultiSelect>true</MultiSelect>
            <ListSource>
              <SourceName>0000002037</SourceName>
              <Items />
            </ListSource>
          </FieldSettings>
        </Element>
        <Element xsi:type="XString" StyleIndex="1">
          <Text>。</Text>
        </Element>
        <Element xsi:type="XParagraphFlag" StyleIndex="1" />
        <Element xsi:type="XString" StyleIndex="1">
          <Text>副反应有</Text>
        </Element>
        <Element xsi:type="XInputField" StyleIndex="1">
          <ID>kb0000002038</ID>
          <Attributes />
          <XElements>
            <Element xsi:type="XString">
              <Text>副反应</Text>
            </Element>
          </XElements>
          <TextValue>副反应</TextValue>
          <Name>副反应</Name>
          <ValueBinding />
          <InnerValue>副反应</InnerValue>
          <BackgroundText>副反应</BackgroundText>
          <FieldSettings>
            <EditStyle>DropdownList</EditStyle>
            <MultiSelect>true</MultiSelect>
            <ListSource>
              <SourceName>0000002038</SourceName>
              <Items />
            </ListSource>
          </FieldSettings>
        </Element>
        <Element xsi:type="XString" StyleIndex="1">
          <Text>。</Text>
        </Element>
        <Element xsi:type="XParagraphFlag" StyleIndex="1" />
        <Element xsi:type="XString" StyleIndex="1">
          <Text>治疗方案：</Text>
        </Element>
        <Element xsi:type="XInputField" StyleIndex="1">
          <ID>kb0000002039</ID>
          <Attributes />
          <XElements>
            <Element xsi:type="XString">
              <Text>不明原因肾脏损害治疗方案</Text>
            </Element>
          </XElements>
          <TextValue>不明原因肾脏损害治疗方案</TextValue>
          <Name>不明原因肾脏损害治疗方案</Name>
          <ValueBinding />
          <InnerValue>不明原因肾脏损害治疗方案</InnerValue>
          <BackgroundText>不明原因肾脏损害治疗方案</BackgroundText>
          <FieldSettings>
            <EditStyle>DropdownList</EditStyle>
            <MultiSelect>true</MultiSelect>
            <ListSource>
              <SourceName>0000002039</SourceName>
              <Items />
            </ListSource>
          </FieldSettings>
        </Element>
        <Element xsi:type="XString" StyleIndex="1">
          <Text>。</Text>
        </Element>
        <Element xsi:type="XInputField" StyleIndex="1">
          <ID>kb0000002040</ID>
          <Attributes />
          <XElements />
          <TextValue />
          <UnitText />
          <Name>不明原因肾脏损害补充病史</Name>
          <InnerValue />
          <BackgroundText>不明原因肾脏损害补充病史</BackgroundText>
        </Element>
        <Element xsi:type="XString" StyleIndex="1">
          <Text>。</Text>
        </Element>
        <Element xsi:type="XParagraphFlag" />
      </XElements>
      <Sections />
    </Element>
    <Element xsi:type="XTextHeader">
      <Attributes />
      <XElements>
        <Element xsi:type="XParagraphFlag" StyleIndex="0">
          <AutoCreate>true</AutoCreate>
        </Element>
      </XElements>
    </Element>
    <Element xsi:type="XTextFooter">
      <Attributes />
      <XElements>
        <Element xsi:type="XParagraphFlag">
          <AutoCreate>true</AutoCreate>
        </Element>
      </XElements>
    </Element>
  </XElements>
  <Info>
    <CreationTime>2013-04-02T17:19:54.7841847+08:00</CreationTime>
    <LastModifiedTime>2013-04-02T17:19:54.7841847+08:00</LastModifiedTime>
    <LastPrintTime>1980-01-01T00:00:00</LastPrintTime>
    <Operator>DCSoft.Writer Version:1.1.1111.29376</Operator>
  </Info>
  <BodyText>
  </BodyText>
  <UserHistories>
    <History>
      <ID />
      <Name />
      <SavedTime>2005-02-28T13:16:41</SavedTime>
    </History>
    <History>
      <ID />
      <Name />
      <SavedTime>2005-02-28T13:46:27</SavedTime>
    </History>
    <History>
      <ID />
      <Name />
      <SavedTime>2005-02-28T13:47:15</SavedTime>
    </History>
    <History>
      <ID />
      <Name />
      <SavedTime>2005-02-28T13:52:47</SavedTime>
    </History>
  </UserHistories>
  <ContentStyles>
    <Default xsi:type="DocumentContentStyle">
      <FontName>宋体</FontName>
    </Default>
    <Styles>
      <Style Index="0">
        <Align>Center</Align>
      </Style>
      <Style Index="1">
        <CreatorIndex>3</CreatorIndex>
      </Style>
      <Style Index="2">
        <CreatorIndex>1</CreatorIndex>
      </Style>
      <Style Index="3">
        <CreatorIndex>2</CreatorIndex>
      </Style>
    </Styles>
  </ContentStyles>
  <MeasureMode>OldCompatibility</MeasureMode>
  <PageSettings>
    <LeftMargin>50</LeftMargin>
    <TopMargin>50</TopMargin>
    <RightMargin>50</RightMargin>
    <BottomMargin>50</BottomMargin>
    <ViewLeftMargin>150</ViewLeftMargin>
    <ViewTopMargin>150</ViewTopMargin>
    <ViewRightMargin>150</ViewRightMargin>
    <ViewBottomMargin>150</ViewBottomMargin>
    <ViewPaperWidth>2481</ViewPaperWidth>
    <ViewPaperHeight>3507</ViewPaperHeight>
  </PageSettings>
</XTextDocument>