﻿<?xml version="1.0" encoding="utf-8"?>
<XTextDocument xmlns:xsi="http://www.w3.org/2001/XMLSchema-instance" xmlns:xsd="http://www.w3.org/2001/XMLSchema" EditorVersionString="1.1.1111.29376">
  <Attributes />
  <XElements>
    <Element xsi:type="XTextBody">
      <Attributes />
      <XElements>
        <Element xsi:type="XString" StyleIndex="1">
          <Text>患者</Text>
        </Element>
        <Element xsi:type="XInputField" StyleIndex="2">
          <ID>kb0000000000</ID>
          <Attributes />
          <XElements />
          <TextValue />
          <UnitText />
          <Name>腕疼出现时间</Name>
          <InnerValue />
          <BackgroundText>腕疼出现时间</BackgroundText>
        </Element>
        <Element xsi:type="XInputField">
          <ID>kb0000001673</ID>
          <Attributes />
          <XElements>
            <Element xsi:type="XString">
              <Text>月</Text>
            </Element>
          </XElements>
          <TextValue>月</TextValue>
          <Name>时间</Name>
          <ValueBinding />
          <InnerValue>月</InnerValue>
          <BackgroundText>时间</BackgroundText>
          <FieldSettings>
            <EditStyle>DropdownList</EditStyle>
            <ListSource>
              <SourceName>0000001673</SourceName>
              <Items />
            </ListSource>
          </FieldSettings>
        </Element>
        <Element xsi:type="XString" StyleIndex="1">
          <Text>前出现</Text>
        </Element>
        <Element xsi:type="XInputField">
          <ID>kb0000001880</ID>
          <Attributes />
          <XElements>
            <Element xsi:type="XString">
              <Text>左侧</Text>
            </Element>
          </XElements>
          <TextValue>左侧</TextValue>
          <Name>症状出现部位</Name>
          <ValueBinding />
          <InnerValue>左侧</InnerValue>
          <BackgroundText>症状出现部位</BackgroundText>
          <FieldSettings>
            <EditStyle>DropdownList</EditStyle>
            <ListSource>
              <SourceName>0000001880</SourceName>
              <Items />
            </ListSource>
          </FieldSettings>
        </Element>
        <Element xsi:type="XString" StyleIndex="1">
          <Text>腕疼，活动受限。</Text>
        </Element>
        <Element xsi:type="XParagraphFlag" />
        <Element xsi:type="XString" StyleIndex="1">
          <Text>查体：</Text>
        </Element>
        <Element xsi:type="XInputField">
          <ID>kb0000001880</ID>
          <Attributes />
          <XElements>
            <Element xsi:type="XString">
              <Text>左侧</Text>
            </Element>
          </XElements>
          <TextValue>左侧</TextValue>
          <Name>症状出现部位</Name>
          <ValueBinding />
          <InnerValue>左侧</InnerValue>
          <BackgroundText>症状出现部位</BackgroundText>
          <FieldSettings>
            <EditStyle>DropdownList</EditStyle>
            <ListSource>
              <SourceName>0000001880</SourceName>
              <Items />
            </ListSource>
          </FieldSettings>
        </Element>
        <Element xsi:type="XString" StyleIndex="1">
          <Text>桡骨茎突压痛，握拳腕关节尺偏时加重。余无异常。</Text>
        </Element>
        <Element xsi:type="XParagraphFlag" />
      </XElements>
      <Sections />
    </Element>
    <Element xsi:type="XTextHeader">
      <Attributes />
      <XElements>
        <Element xsi:type="XParagraphFlag" StyleIndex="0">
          <AutoCreate>true</AutoCreate>
        </Element>
      </XElements>
    </Element>
    <Element xsi:type="XTextFooter">
      <Attributes />
      <XElements>
        <Element xsi:type="XParagraphFlag">
          <AutoCreate>true</AutoCreate>
        </Element>
      </XElements>
    </Element>
  </XElements>
  <Info>
    <CreationTime>2013-04-02T17:19:54.6511771+08:00</CreationTime>
    <LastModifiedTime>2013-04-02T17:19:54.6511771+08:00</LastModifiedTime>
    <LastPrintTime>1980-01-01T00:00:00</LastPrintTime>
    <Operator>DCSoft.Writer Version:1.1.1111.29376</Operator>
  </Info>
  <BodyText>
  </BodyText>
  <UserHistories>
    <History>
      <ID />
      <Name />
      <SavedTime>2005-01-31T15:32:46</SavedTime>
    </History>
    <History>
      <ID />
      <Name />
      <SavedTime>2005-03-24T13:46:42</SavedTime>
    </History>
  </UserHistories>
  <ContentStyles>
    <Default xsi:type="DocumentContentStyle">
      <FontName>宋体</FontName>
    </Default>
    <Styles>
      <Style Index="0">
        <Align>Center</Align>
      </Style>
      <Style Index="1">
        <FontSize>11</FontSize>
      </Style>
      <Style Index="2">
        <CreatorIndex>1</CreatorIndex>
      </Style>
    </Styles>
  </ContentStyles>
  <MeasureMode>OldCompatibility</MeasureMode>
  <PageSettings>
    <LeftMargin>50</LeftMargin>
    <TopMargin>50</TopMargin>
    <RightMargin>50</RightMargin>
    <BottomMargin>50</BottomMargin>
    <ViewLeftMargin>150</ViewLeftMargin>
    <ViewTopMargin>150</ViewTopMargin>
    <ViewRightMargin>150</ViewRightMargin>
    <ViewBottomMargin>150</ViewBottomMargin>
    <ViewPaperWidth>2481</ViewPaperWidth>
    <ViewPaperHeight>3507</ViewPaperHeight>
  </PageSettings>
</XTextDocument>