﻿<?xml version="1.0" encoding="utf-8"?>
<XTextDocument xmlns:xsi="http://www.w3.org/2001/XMLSchema-instance" xmlns:xsd="http://www.w3.org/2001/XMLSchema" EditorVersionString="1.1.1111.29376">
  <Attributes />
  <XElements>
    <Element xsi:type="XTextBody">
      <Attributes />
      <XElements>
        <Element xsi:type="XString">
          <Text>LMP - - ，</Text>
        </Element>
        <Element xsi:type="XInputField">
          <ID>kb0000002919</ID>
          <Attributes />
          <XElements>
            <Element xsi:type="XString">
              <Text>月经3-7/25-35天</Text>
            </Element>
          </XElements>
          <TextValue>月经3-7/25-35天</TextValue>
          <Name>多囊卵巢卵巢综合征表现</Name>
          <ValueBinding />
          <InnerValue>月经3-7/25-35天</InnerValue>
          <BackgroundText>多囊卵巢卵巢综合征表现</BackgroundText>
          <FieldSettings>
            <EditStyle>DropdownList</EditStyle>
            <ListSource>
              <SourceName>0000002919</SourceName>
              <Items />
            </ListSource>
          </FieldSettings>
        </Element>
        <Element xsi:type="XString">
          <Text>，结婚2年，夫妻同居一地，性生活正常，一直未孕。继发性不孕2年。近1年体重增加  公斤。 曾在外院行诊断性刮宫，输卵管</Text>
        </Element>
        <Element xsi:type="XInputField">
          <ID>kb0000002920</ID>
          <Attributes />
          <XElements>
            <Element xsi:type="XString">
              <Text>通液</Text>
            </Element>
          </XElements>
          <TextValue>通液</TextValue>
          <Name>输卵管检查方式</Name>
          <ValueBinding />
          <InnerValue>通液</InnerValue>
          <BackgroundText>输卵管检查方式</BackgroundText>
          <FieldSettings>
            <EditStyle>DropdownList</EditStyle>
            <ListSource>
              <SourceName>0000002920</SourceName>
              <Items />
            </ListSource>
          </FieldSettings>
        </Element>
        <Element xsi:type="XString">
          <Text>示 </Text>
        </Element>
        <Element xsi:type="XInputField">
          <ID>kb0000002921</ID>
          <Attributes />
          <XElements>
            <Element xsi:type="XString">
              <Text>不通</Text>
            </Element>
          </XElements>
          <TextValue>不通</TextValue>
          <Name>输卵管检查情况</Name>
          <ValueBinding />
          <InnerValue>不通</InnerValue>
          <BackgroundText>输卵管检查情况</BackgroundText>
          <FieldSettings>
            <EditStyle>DropdownList</EditStyle>
            <ListSource>
              <SourceName>0000002921</SourceName>
              <Items />
            </ListSource>
          </FieldSettings>
        </Element>
        <Element xsi:type="XString">
          <Text>，</Text>
        </Element>
        <Element xsi:type="XInputField">
          <ID>kb0000002922</ID>
          <Attributes />
          <XElements>
            <Element xsi:type="XString">
              <Text>两侧</Text>
            </Element>
          </XElements>
          <TextValue>两侧</TextValue>
          <Name>输卵管症状出现部位</Name>
          <ValueBinding />
          <InnerValue>两侧</InnerValue>
          <BackgroundText>输卵管症状出现部位</BackgroundText>
          <FieldSettings>
            <EditStyle>DropdownList</EditStyle>
            <ListSource>
              <SourceName>0000002922</SourceName>
              <Items />
            </ListSource>
          </FieldSettings>
        </Element>
        <Element xsi:type="XString">
          <Text>。</Text>
        </Element>
        <Element xsi:type="XParagraphFlag" />
      </XElements>
      <Sections />
    </Element>
    <Element xsi:type="XTextHeader">
      <Attributes />
      <XElements>
        <Element xsi:type="XParagraphFlag" StyleIndex="0">
          <AutoCreate>true</AutoCreate>
        </Element>
      </XElements>
    </Element>
    <Element xsi:type="XTextFooter">
      <Attributes />
      <XElements>
        <Element xsi:type="XParagraphFlag">
          <AutoCreate>true</AutoCreate>
        </Element>
      </XElements>
    </Element>
  </XElements>
  <ScriptText />
  <Info>
    <CreationTime>2013-04-02T17:19:56.5392851+08:00</CreationTime>
    <LastModifiedTime>2013-04-02T17:19:56.5392851+08:00</LastModifiedTime>
    <LastPrintTime>1980-01-01T00:00:00</LastPrintTime>
    <Operator>DCSoft.Writer Version:1.1.1111.29376</Operator>
  </Info>
  <BodyText>
  </BodyText>
  <UserHistories>
    <History>
      <ID />
      <Name />
      <SavedTime>2005-04-27T17:01:42</SavedTime>
    </History>
  </UserHistories>
  <ContentStyles>
    <Default xsi:type="DocumentContentStyle">
      <FontName>宋体</FontName>
    </Default>
    <Styles>
      <Style Index="0">
        <Align>Center</Align>
      </Style>
    </Styles>
  </ContentStyles>
  <MeasureMode>OldCompatibility</MeasureMode>
  <PageSettings>
    <LeftMargin>50</LeftMargin>
    <TopMargin>50</TopMargin>
    <RightMargin>50</RightMargin>
    <BottomMargin>50</BottomMargin>
    <ViewLeftMargin>150</ViewLeftMargin>
    <ViewTopMargin>150</ViewTopMargin>
    <ViewRightMargin>150</ViewRightMargin>
    <ViewBottomMargin>150</ViewBottomMargin>
    <ViewPaperWidth>2481</ViewPaperWidth>
    <ViewPaperHeight>3507</ViewPaperHeight>
  </PageSettings>
</XTextDocument>