﻿<?xml version="1.0" encoding="utf-8"?>
<XTextDocument xmlns:xsi="http://www.w3.org/2001/XMLSchema-instance" xmlns:xsd="http://www.w3.org/2001/XMLSchema" EditorVersionString="1.1.1111.29376">
  <Attributes />
  <XElements>
    <Element xsi:type="XTextBody">
      <Attributes />
      <XElements>
        <Element xsi:type="XString">
          <Text>睑裂</Text>
        </Element>
        <Element xsi:type="XInputField">
          <ID>kb0000001760</ID>
          <Attributes />
          <XElements>
            <Element xsi:type="XString">
              <Text>正常</Text>
            </Element>
          </XElements>
          <TextValue>正常</TextValue>
          <Name>睑裂</Name>
          <ValueBinding />
          <InnerValue>正常</InnerValue>
          <BackgroundText>睑裂</BackgroundText>
          <FieldSettings>
            <EditStyle>DropdownList</EditStyle>
            <ListSource>
              <SourceName>0000001760</SourceName>
              <Items />
            </ListSource>
          </FieldSettings>
        </Element>
        <Element xsi:type="XString">
          <Text>；眼睑下垂</Text>
        </Element>
        <Element xsi:type="XInputField">
          <ID>kb0000001761</ID>
          <Attributes />
          <XElements>
            <Element xsi:type="XString">
              <Text>无眼睑下垂</Text>
            </Element>
          </XElements>
          <TextValue>无眼睑下垂</TextValue>
          <Name>眼睑下垂</Name>
          <ValueBinding />
          <InnerValue>无眼睑下垂</InnerValue>
          <BackgroundText>眼睑下垂</BackgroundText>
          <FieldSettings>
            <EditStyle>DropdownList</EditStyle>
            <ListSource>
              <SourceName>0000001761</SourceName>
              <Items />
            </ListSource>
          </FieldSettings>
        </Element>
        <Element xsi:type="XString">
          <Text>；</Text>
        </Element>
        <Element xsi:type="XInputField" StyleIndex="1">
          <ID>kb0000001763</ID>
          <Attributes />
          <XElements>
            <Element xsi:type="XString">
              <Text>左眼</Text>
            </Element>
          </XElements>
          <TextValue>左眼</TextValue>
          <Name>眼球运动部位</Name>
          <ValueBinding />
          <InnerValue>左眼</InnerValue>
          <BackgroundText>眼球运动部位</BackgroundText>
          <FieldSettings>
            <EditStyle>DropdownList</EditStyle>
            <ListSource>
              <SourceName>0000001763</SourceName>
              <Items />
            </ListSource>
          </FieldSettings>
        </Element>
        <Element xsi:type="XInputField">
          <ID>kb0000001762</ID>
          <Attributes />
          <XElements>
            <Element xsi:type="XString">
              <Text>有</Text>
            </Element>
          </XElements>
          <TextValue>有</TextValue>
          <Name>眼球运动</Name>
          <ValueBinding />
          <InnerValue>有</InnerValue>
          <BackgroundText>眼球运动</BackgroundText>
          <FieldSettings>
            <EditStyle>DropdownList</EditStyle>
            <ListSource>
              <SourceName>0000001762</SourceName>
              <Items />
            </ListSource>
          </FieldSettings>
        </Element>
        <Element xsi:type="XString">
          <Text>眼球运动</Text>
        </Element>
        <Element xsi:type="XString" StyleIndex="1">
          <Text>，</Text>
        </Element>
        <Element xsi:type="XInputField" StyleIndex="1">
          <ID>kb0000001764</ID>
          <Attributes />
          <XElements>
            <Element xsi:type="XString">
              <Text>右视障碍</Text>
            </Element>
          </XElements>
          <TextValue>右视障碍</TextValue>
          <Name>眼球运动障碍方位</Name>
          <ValueBinding />
          <InnerValue>右视障碍</InnerValue>
          <BackgroundText>眼球运动障碍方位</BackgroundText>
          <FieldSettings>
            <EditStyle>DropdownList</EditStyle>
            <ListSource>
              <SourceName>0000001764</SourceName>
              <Items />
            </ListSource>
          </FieldSettings>
        </Element>
        <Element xsi:type="XString" StyleIndex="1">
          <Text>，同向偏斜</Text>
        </Element>
        <Element xsi:type="XInputField" StyleIndex="1">
          <ID>kb0000001765</ID>
          <Attributes />
          <XElements>
            <Element xsi:type="XString">
              <Text>向左</Text>
            </Element>
          </XElements>
          <TextValue>向左</TextValue>
          <Name>同向偏斜</Name>
          <ValueBinding />
          <InnerValue>向左</InnerValue>
          <BackgroundText>同向偏斜</BackgroundText>
          <FieldSettings>
            <EditStyle>DropdownList</EditStyle>
            <ListSource>
              <SourceName>0000001765</SourceName>
              <Items />
            </ListSource>
          </FieldSettings>
        </Element>
        <Element xsi:type="XString">
          <Text>。眼球震颤</Text>
        </Element>
        <Element xsi:type="XInputField">
          <ID>kb0000001766</ID>
          <Attributes />
          <XElements>
            <Element xsi:type="XString">
              <Text>无</Text>
            </Element>
          </XElements>
          <TextValue>无</TextValue>
          <Name>眼球震颤</Name>
          <ValueBinding />
          <InnerValue>无</InnerValue>
          <BackgroundText>眼球震颤</BackgroundText>
          <FieldSettings>
            <EditStyle>DropdownList</EditStyle>
            <ListSource>
              <SourceName>0000001766</SourceName>
              <Items />
            </ListSource>
          </FieldSettings>
        </Element>
        <Element xsi:type="XString">
          <Text>；复视</Text>
        </Element>
        <Element xsi:type="XInputField">
          <ID>kb0000001767</ID>
          <Attributes />
          <XElements>
            <Element xsi:type="XString">
              <Text>无</Text>
            </Element>
          </XElements>
          <TextValue>无</TextValue>
          <Name>复视</Name>
          <ValueBinding />
          <InnerValue>无</InnerValue>
          <BackgroundText>复视</BackgroundText>
          <FieldSettings>
            <EditStyle>DropdownList</EditStyle>
            <ListSource>
              <SourceName>0000001767</SourceName>
              <Items />
            </ListSource>
          </FieldSettings>
        </Element>
        <Element xsi:type="XString">
          <Text>，瞳孔</Text>
        </Element>
        <Element xsi:type="XInputField">
          <ID>kb0000001768</ID>
          <Attributes />
          <XElements>
            <Element xsi:type="XString">
              <Text>左=2.5mm、右=2.5mm</Text>
            </Element>
          </XElements>
          <TextValue>左=2.5mm、右=2.5mm</TextValue>
          <Name>瞳孔</Name>
          <ValueBinding />
          <InnerValue>左=2.5mm、右=2.5mm</InnerValue>
          <BackgroundText>瞳孔</BackgroundText>
          <FieldSettings>
            <EditStyle>DropdownList</EditStyle>
            <ListSource>
              <SourceName>0000001768</SourceName>
              <Items />
            </ListSource>
          </FieldSettings>
        </Element>
        <Element xsi:type="XString">
          <Text>；对光反射</Text>
        </Element>
        <Element xsi:type="XInputField">
          <ID>kb0000001769</ID>
          <Attributes />
          <XElements>
            <Element xsi:type="XString">
              <Text>灵敏</Text>
            </Element>
          </XElements>
          <TextValue>灵敏</TextValue>
          <Name>对光反射</Name>
          <ValueBinding />
          <InnerValue>灵敏</InnerValue>
          <BackgroundText>对光反射</BackgroundText>
          <FieldSettings>
            <EditStyle>DropdownList</EditStyle>
            <ListSource>
              <SourceName>0000001769</SourceName>
              <Items />
            </ListSource>
          </FieldSettings>
        </Element>
        <Element xsi:type="XString">
          <Text>；辐辏反射</Text>
        </Element>
        <Element xsi:type="XInputField">
          <ID>kb0000001770</ID>
          <Attributes />
          <XElements>
            <Element xsi:type="XString">
              <Text>正常</Text>
            </Element>
          </XElements>
          <TextValue>正常</TextValue>
          <Name>辐辏反射</Name>
          <ValueBinding />
          <InnerValue>正常</InnerValue>
          <BackgroundText>辐辏反射</BackgroundText>
          <FieldSettings>
            <EditStyle>DropdownList</EditStyle>
            <ListSource>
              <SourceName>0000001770</SourceName>
              <Items />
            </ListSource>
          </FieldSettings>
        </Element>
        <Element xsi:type="XString">
          <Text>。</Text>
        </Element>
        <Element xsi:type="XParagraphFlag" />
      </XElements>
      <Sections />
    </Element>
    <Element xsi:type="XTextHeader">
      <Attributes />
      <XElements>
        <Element xsi:type="XParagraphFlag" StyleIndex="0">
          <AutoCreate>true</AutoCreate>
        </Element>
      </XElements>
    </Element>
    <Element xsi:type="XTextFooter">
      <Attributes />
      <XElements>
        <Element xsi:type="XParagraphFlag">
          <AutoCreate>true</AutoCreate>
        </Element>
      </XElements>
    </Element>
  </XElements>
  <Info>
    <CreationTime>2013-04-02T17:19:54.317158+08:00</CreationTime>
    <LastModifiedTime>2013-04-02T17:19:54.317158+08:00</LastModifiedTime>
    <LastPrintTime>1980-01-01T00:00:00</LastPrintTime>
    <Operator>DCSoft.Writer Version:1.1.1111.29376</Operator>
  </Info>
  <BodyText>
  </BodyText>
  <UserHistories>
    <History>
      <ID />
      <Name />
      <SavedTime>2005-01-07T14:05:43</SavedTime>
    </History>
    <History>
      <ID />
      <Name />
      <SavedTime>2005-01-07T14:10:56</SavedTime>
    </History>
  </UserHistories>
  <ContentStyles>
    <Default xsi:type="DocumentContentStyle">
      <FontName>宋体</FontName>
    </Default>
    <Styles>
      <Style Index="0">
        <Align>Center</Align>
      </Style>
      <Style Index="1">
        <CreatorIndex>1</CreatorIndex>
      </Style>
    </Styles>
  </ContentStyles>
  <MeasureMode>OldCompatibility</MeasureMode>
  <PageSettings>
    <LeftMargin>50</LeftMargin>
    <TopMargin>50</TopMargin>
    <RightMargin>50</RightMargin>
    <BottomMargin>50</BottomMargin>
    <ViewLeftMargin>150</ViewLeftMargin>
    <ViewTopMargin>150</ViewTopMargin>
    <ViewRightMargin>150</ViewRightMargin>
    <ViewBottomMargin>150</ViewBottomMargin>
    <ViewPaperWidth>2481</ViewPaperWidth>
    <ViewPaperHeight>3507</ViewPaperHeight>
  </PageSettings>
</XTextDocument>