﻿<?xml version="1.0" encoding="utf-8"?>
<XTextDocument xmlns:xsi="http://www.w3.org/2001/XMLSchema-instance" xmlns:xsd="http://www.w3.org/2001/XMLSchema" EditorVersionString="1.1.1111.29376">
  <Attributes />
  <XElements>
    <Element xsi:type="XTextBody">
      <Attributes />
      <XElements>
        <Element xsi:type="XString">
          <Text>血生化：谷丙转氨酶</Text>
        </Element>
        <Element xsi:type="XInputField">
          <ID>kb0000002311</ID>
          <Attributes />
          <XElements />
          <TextValue />
          <UnitText>mmol/L</UnitText>
          <Name>谷丙转氨酶</Name>
          <InnerValue />
          <BackgroundText>谷丙转氨酶</BackgroundText>
        </Element>
        <Element xsi:type="XString">
          <Text>，谷草转氨酶</Text>
        </Element>
        <Element xsi:type="XInputField">
          <ID>kb0000002312</ID>
          <Attributes />
          <XElements />
          <TextValue />
          <UnitText>mmol/L</UnitText>
          <Name>谷草转氨酶</Name>
          <InnerValue />
          <BackgroundText>谷草转氨酶</BackgroundText>
        </Element>
        <Element xsi:type="XString">
          <Text>， LDH</Text>
        </Element>
        <Element xsi:type="XInputField">
          <ID>kb0000002313</ID>
          <Attributes />
          <XElements />
          <TextValue />
          <UnitText>mmol/L</UnitText>
          <Name>LDH</Name>
          <InnerValue />
          <BackgroundText>LDH</BackgroundText>
        </Element>
        <Element xsi:type="XString">
          <Text>，CPK</Text>
        </Element>
        <Element xsi:type="XInputField">
          <ID>kb0000002314</ID>
          <Attributes />
          <XElements />
          <TextValue />
          <UnitText>mmol/L</UnitText>
          <Name>CPK</Name>
          <InnerValue />
          <BackgroundText>CPK</BackgroundText>
        </Element>
        <Element xsi:type="XString">
          <Text>， CK-MB</Text>
        </Element>
        <Element xsi:type="XInputField">
          <ID>kb0000002315</ID>
          <Attributes />
          <XElements />
          <TextValue />
          <UnitText>mmol/L</UnitText>
          <Name>CK-MB</Name>
          <InnerValue />
          <BackgroundText>CK-MB</BackgroundText>
        </Element>
        <Element xsi:type="XString">
          <Text>， BUN</Text>
        </Element>
        <Element xsi:type="XInputField">
          <ID>kb0000002316</ID>
          <Attributes />
          <XElements />
          <TextValue />
          <UnitText>mmol/L</UnitText>
          <Name>BUN</Name>
          <InnerValue />
          <BackgroundText>BUN</BackgroundText>
        </Element>
        <Element xsi:type="XString">
          <Text>， Cr</Text>
        </Element>
        <Element xsi:type="XInputField">
          <ID>kb0000002320</ID>
          <Attributes />
          <XElements />
          <TextValue />
          <UnitText>μmol/L</UnitText>
          <Name>Cr</Name>
          <InnerValue />
          <BackgroundText>Cr</BackgroundText>
        </Element>
        <Element xsi:type="XString">
          <Text>， Ua</Text>
        </Element>
        <Element xsi:type="XInputField">
          <ID>kb0000002321</ID>
          <Attributes />
          <XElements />
          <TextValue />
          <UnitText>mmol/L</UnitText>
          <Name>Ua</Name>
          <InnerValue />
          <BackgroundText>Ua</BackgroundText>
        </Element>
        <Element xsi:type="XString">
          <Text>， K+</Text>
        </Element>
        <Element xsi:type="XInputField">
          <ID>kb0000002322</ID>
          <Attributes />
          <XElements />
          <TextValue />
          <UnitText>mmol/L</UnitText>
          <Name>K+</Name>
          <InnerValue />
          <BackgroundText>K+</BackgroundText>
        </Element>
        <Element xsi:type="XString">
          <Text>， Na+</Text>
        </Element>
        <Element xsi:type="XInputField">
          <ID>kb0000002323</ID>
          <Attributes />
          <XElements />
          <TextValue />
          <UnitText>mmol/L</UnitText>
          <Name>Na+</Name>
          <InnerValue />
          <BackgroundText>Na+</BackgroundText>
        </Element>
        <Element xsi:type="XString">
          <Text>，Cl-</Text>
        </Element>
        <Element xsi:type="XInputField">
          <ID>kb0000002324</ID>
          <Attributes />
          <XElements />
          <TextValue />
          <UnitText>mmol/L</UnitText>
          <Name>Cl-</Name>
          <InnerValue />
          <BackgroundText>Cl-</BackgroundText>
        </Element>
        <Element xsi:type="XString">
          <Text>，CO2</Text>
        </Element>
        <Element xsi:type="XInputField">
          <ID>kb0000002325</ID>
          <Attributes />
          <XElements />
          <TextValue />
          <UnitText>mmol/L</UnitText>
          <Name>CO2</Name>
          <InnerValue />
          <BackgroundText>CO2</BackgroundText>
        </Element>
        <Element xsi:type="XString">
          <Text>。</Text>
        </Element>
        <Element xsi:type="XParagraphFlag" />
      </XElements>
      <Sections />
    </Element>
    <Element xsi:type="XTextHeader">
      <Attributes />
      <XElements>
        <Element xsi:type="XParagraphFlag" StyleIndex="0">
          <AutoCreate>true</AutoCreate>
        </Element>
      </XElements>
    </Element>
    <Element xsi:type="XTextFooter">
      <Attributes />
      <XElements>
        <Element xsi:type="XParagraphFlag">
          <AutoCreate>true</AutoCreate>
        </Element>
      </XElements>
    </Element>
  </XElements>
  <Info>
    <CreationTime>2013-04-02T17:19:55.2142093+08:00</CreationTime>
    <LastModifiedTime>2013-04-02T17:19:55.2142093+08:00</LastModifiedTime>
    <LastPrintTime>1980-01-01T00:00:00</LastPrintTime>
    <Operator>DCSoft.Writer Version:1.1.1111.29376</Operator>
  </Info>
  <BodyText>
  </BodyText>
  <UserHistories>
    <History>
      <ID />
      <Name />
      <SavedTime>2005-03-15T08:36:14</SavedTime>
    </History>
  </UserHistories>
  <ContentStyles>
    <Default xsi:type="DocumentContentStyle">
      <FontName>宋体</FontName>
    </Default>
    <Styles>
      <Style Index="0">
        <Align>Center</Align>
      </Style>
    </Styles>
  </ContentStyles>
  <MeasureMode>OldCompatibility</MeasureMode>
  <PageSettings>
    <LeftMargin>50</LeftMargin>
    <TopMargin>50</TopMargin>
    <RightMargin>50</RightMargin>
    <BottomMargin>50</BottomMargin>
    <ViewLeftMargin>150</ViewLeftMargin>
    <ViewTopMargin>150</ViewTopMargin>
    <ViewRightMargin>150</ViewRightMargin>
    <ViewBottomMargin>150</ViewBottomMargin>
    <ViewPaperWidth>2481</ViewPaperWidth>
    <ViewPaperHeight>3507</ViewPaperHeight>
  </PageSettings>
</XTextDocument>