﻿<?xml version="1.0" encoding="utf-8"?>
<XTextDocument xmlns:xsi="http://www.w3.org/2001/XMLSchema-instance" xmlns:xsd="http://www.w3.org/2001/XMLSchema" EditorVersionString="1.1.1111.29376">
  <Attributes />
  <XElements>
    <Element xsi:type="XTextBody">
      <Attributes />
      <XElements>
        <Element xsi:type="XString" StyleIndex="1">
          <Text>最初</Text>
        </Element>
        <Element xsi:type="XInputField">
          <ID>kb0000002472</ID>
          <Attributes />
          <XElements>
            <Element xsi:type="XString">
              <Text>干重体力活</Text>
            </Element>
          </XElements>
          <TextValue>干重体力活</TextValue>
          <Name>心衰出现原因</Name>
          <ValueBinding />
          <InnerValue>干重体力活</InnerValue>
          <BackgroundText>心衰出现原因</BackgroundText>
          <FieldSettings>
            <EditStyle>DropdownList</EditStyle>
            <ListSource>
              <SourceName>0000002472</SourceName>
              <Items />
            </ListSource>
          </FieldSettings>
        </Element>
        <Element xsi:type="XString">
          <Text>时明显气促，伴</Text>
        </Element>
        <Element xsi:type="XInputField">
          <ID>kb0000002474</ID>
          <Attributes />
          <XElements>
            <Element xsi:type="XString">
              <Text>心慌</Text>
            </Element>
          </XElements>
          <TextValue>心慌</TextValue>
          <Name>气促伴随症状</Name>
          <ValueBinding />
          <InnerValue>心慌</InnerValue>
          <BackgroundText>气促伴随症状</BackgroundText>
          <FieldSettings>
            <EditStyle>DropdownList</EditStyle>
            <MultiSelect>true</MultiSelect>
            <ListSource>
              <SourceName>0000002474</SourceName>
              <Items />
            </ListSource>
          </FieldSettings>
        </Element>
        <Element xsi:type="XString">
          <Text>，后逐渐加重，</Text>
        </Element>
        <Element xsi:type="XInputField">
          <ID>kb0000002475</ID>
          <Attributes />
          <XElements>
            <Element xsi:type="XString">
              <Text>日常活动</Text>
            </Element>
          </XElements>
          <TextValue>日常活动</TextValue>
          <Name>加重症状出现原因</Name>
          <ValueBinding />
          <InnerValue>日常活动</InnerValue>
          <BackgroundText>加重症状出现原因</BackgroundText>
          <FieldSettings>
            <EditStyle>DropdownList</EditStyle>
            <ListSource>
              <SourceName>0000002475</SourceName>
              <Items />
            </ListSource>
          </FieldSettings>
        </Element>
        <Element xsi:type="XString" StyleIndex="2">
          <Text>即感</Text>
        </Element>
        <Element xsi:type="XInputField" StyleIndex="2">
          <ID>kb0000002481</ID>
          <Attributes />
          <XElements>
            <Element xsi:type="XString">
              <Text>气促</Text>
            </Element>
          </XElements>
          <TextValue>气促</TextValue>
          <Name>心衰症状</Name>
          <ValueBinding />
          <InnerValue>气促</InnerValue>
          <BackgroundText>心衰症状</BackgroundText>
          <FieldSettings>
            <EditStyle>DropdownList</EditStyle>
            <MultiSelect>true</MultiSelect>
            <ListSource>
              <SourceName>0000002481</SourceName>
              <Items />
            </ListSource>
          </FieldSettings>
        </Element>
        <Element xsi:type="XString" StyleIndex="2">
          <Text>。近</Text>
        </Element>
        <Element xsi:type="XInputField">
          <ID>kb0000002347</ID>
          <Attributes />
          <XElements>
            <Element xsi:type="XString">
              <Text>年</Text>
            </Element>
          </XElements>
          <TextValue>年</TextValue>
          <Name>时间单位</Name>
          <ValueBinding />
          <InnerValue>年</InnerValue>
          <BackgroundText>时间单位</BackgroundText>
          <FieldSettings>
            <EditStyle>DropdownList</EditStyle>
            <ListSource>
              <SourceName>0000002347</SourceName>
              <Items />
            </ListSource>
          </FieldSettings>
        </Element>
        <Element xsi:type="XString" StyleIndex="2">
          <Text>来</Text>
        </Element>
        <Element xsi:type="XInputField" StyleIndex="2">
          <ID>kb0000002478</ID>
          <Attributes />
          <XElements>
            <Element xsi:type="XString">
              <Text>无明显诱因</Text>
            </Element>
          </XElements>
          <TextValue>无明显诱因</TextValue>
          <Name>心衰症状加重原因</Name>
          <ValueBinding />
          <InnerValue>无明显诱因</InnerValue>
          <BackgroundText>心衰症状加重原因</BackgroundText>
          <FieldSettings>
            <EditStyle>DropdownList</EditStyle>
            <ListSource>
              <SourceName>0000002478</SourceName>
              <Items />
            </ListSource>
          </FieldSettings>
        </Element>
        <Element xsi:type="XString" StyleIndex="2">
          <Text>上述症状加重，伴</Text>
        </Element>
        <Element xsi:type="XInputField" StyleIndex="2">
          <ID>kb0000002479</ID>
          <Attributes />
          <XElements>
            <Element xsi:type="XString">
              <Text>双下肢水肿</Text>
            </Element>
          </XElements>
          <TextValue>双下肢水肿</TextValue>
          <Name>心衰加重伴随症状</Name>
          <ValueBinding />
          <InnerValue>双下肢水肿</InnerValue>
          <BackgroundText>心衰加重伴随症状</BackgroundText>
          <FieldSettings>
            <EditStyle>DropdownList</EditStyle>
            <MultiSelect>true</MultiSelect>
            <ListSource>
              <SourceName>0000002479</SourceName>
              <Items />
            </ListSource>
          </FieldSettings>
        </Element>
        <Element xsi:type="XString" StyleIndex="1">
          <Text>，尿量较前减少</Text>
        </Element>
        <Element xsi:type="XString" StyleIndex="2">
          <Text>。</Text>
        </Element>
        <Element xsi:type="XString" StyleIndex="1">
          <Text>平时</Text>
        </Element>
        <Element xsi:type="XInputField">
          <ID>kb0000002480</ID>
          <Attributes />
          <XElements>
            <Element xsi:type="XString">
              <Text>夜间喜高枕</Text>
            </Element>
          </XElements>
          <TextValue>夜间喜高枕</TextValue>
          <Name>心衰患者平时表现</Name>
          <ValueBinding />
          <InnerValue>夜间喜高枕</InnerValue>
          <BackgroundText>心衰患者平时表现</BackgroundText>
          <FieldSettings>
            <EditStyle>DropdownList</EditStyle>
            <MultiSelect>true</MultiSelect>
            <ListSource>
              <SourceName>0000002480</SourceName>
              <Items />
            </ListSource>
          </FieldSettings>
        </Element>
        <Element xsi:type="XString" StyleIndex="1">
          <Text>。</Text>
        </Element>
        <Element xsi:type="XString" StyleIndex="2">
          <Text>既往</Text>
        </Element>
        <Element xsi:type="XInputField">
          <ID>kb0000002522</ID>
          <Attributes />
          <XElements>
            <Element xsi:type="XString">
              <Text>有</Text>
            </Element>
          </XElements>
          <TextValue>有</TextValue>
          <Name>有无</Name>
          <ValueBinding />
          <InnerValue>有</InnerValue>
          <BackgroundText>有无</BackgroundText>
          <FieldSettings>
            <EditStyle>DropdownList</EditStyle>
            <ListSource>
              <SourceName>0000002522</SourceName>
              <Items />
            </ListSource>
          </FieldSettings>
        </Element>
        <Element xsi:type="XInputField" StyleIndex="2">
          <ID>kb0000002455</ID>
          <Attributes />
          <XElements>
            <Element xsi:type="XString">
              <Text>高血压病</Text>
            </Element>
          </XElements>
          <TextValue>高血压病</TextValue>
          <Name>既往病史</Name>
          <ValueBinding />
          <InnerValue>高血压病</InnerValue>
          <BackgroundText>既往病史</BackgroundText>
          <FieldSettings>
            <EditStyle>DropdownList</EditStyle>
            <MultiSelect>true</MultiSelect>
            <ListSource>
              <SourceName>0000002455</SourceName>
              <Items />
            </ListSource>
          </FieldSettings>
        </Element>
        <Element xsi:type="XString" StyleIndex="3">
          <Text>病史</Text>
        </Element>
        <Element xsi:type="XString" StyleIndex="2">
          <Text>。</Text>
        </Element>
        <Element xsi:type="XParagraphFlag" />
      </XElements>
      <Sections />
    </Element>
    <Element xsi:type="XTextHeader">
      <Attributes />
      <XElements>
        <Element xsi:type="XParagraphFlag" StyleIndex="0">
          <AutoCreate>true</AutoCreate>
        </Element>
      </XElements>
    </Element>
    <Element xsi:type="XTextFooter">
      <Attributes />
      <XElements>
        <Element xsi:type="XParagraphFlag">
          <AutoCreate>true</AutoCreate>
        </Element>
      </XElements>
    </Element>
  </XElements>
  <ScriptText />
  <Info>
    <CreationTime>2013-04-02T17:19:55.3802188+08:00</CreationTime>
    <LastModifiedTime>2013-04-02T17:19:55.3802188+08:00</LastModifiedTime>
    <LastPrintTime>1980-01-01T00:00:00</LastPrintTime>
    <Operator>DCSoft.Writer Version:1.1.1111.29376</Operator>
  </Info>
  <BodyText>
  </BodyText>
  <UserHistories>
    <History>
      <ID />
      <Name />
      <SavedTime>2005-03-29T17:07:08</SavedTime>
    </History>
    <History>
      <ID />
      <Name />
      <SavedTime>2005-03-29T17:16:40</SavedTime>
    </History>
    <History>
      <ID />
      <Name />
      <SavedTime>2005-04-02T10:33:04</SavedTime>
    </History>
    <History>
      <ID />
      <Name />
      <SavedTime>2005-04-02T10:45:31</SavedTime>
    </History>
    <History>
      <ID />
      <Name />
      <SavedTime>2005-04-22T14:00:47</SavedTime>
    </History>
  </UserHistories>
  <ContentStyles>
    <Default xsi:type="DocumentContentStyle">
      <FontName>宋体</FontName>
    </Default>
    <Styles>
      <Style Index="0">
        <Align>Center</Align>
      </Style>
      <Style Index="1">
        <CreatorIndex>4</CreatorIndex>
      </Style>
      <Style Index="2">
        <CreatorIndex>1</CreatorIndex>
      </Style>
      <Style Index="3">
        <CreatorIndex>2</CreatorIndex>
      </Style>
    </Styles>
  </ContentStyles>
  <MeasureMode>OldCompatibility</MeasureMode>
  <PageSettings>
    <LeftMargin>50</LeftMargin>
    <TopMargin>50</TopMargin>
    <RightMargin>50</RightMargin>
    <BottomMargin>50</BottomMargin>
    <ViewLeftMargin>150</ViewLeftMargin>
    <ViewTopMargin>150</ViewTopMargin>
    <ViewRightMargin>150</ViewRightMargin>
    <ViewBottomMargin>150</ViewBottomMargin>
    <ViewPaperWidth>2481</ViewPaperWidth>
    <ViewPaperHeight>3507</ViewPaperHeight>
  </PageSettings>
</XTextDocument>