﻿<?xml version="1.0" encoding="utf-8"?>
<XTextDocument xmlns:xsi="http://www.w3.org/2001/XMLSchema-instance" xmlns:xsd="http://www.w3.org/2001/XMLSchema" EditorVersionString="1.1.1111.29376">
  <Attributes />
  <XElements>
    <Element xsi:type="XTextBody">
      <Attributes />
      <XElements>
        <Element xsi:type="XString" StyleIndex="1">
          <Text>患者</Text>
        </Element>
        <Element xsi:type="XInputField" StyleIndex="2">
          <ID>kb0000000000</ID>
          <Attributes />
          <XElements />
          <TextValue />
          <UnitText />
          <Name>肩疼痛出现时间</Name>
          <InnerValue />
          <BackgroundText>肩疼痛出现时间</BackgroundText>
        </Element>
        <Element xsi:type="XInputField">
          <ID>kb0000001673</ID>
          <Attributes />
          <XElements>
            <Element xsi:type="XString">
              <Text>月</Text>
            </Element>
          </XElements>
          <TextValue>月</TextValue>
          <Name>时间</Name>
          <ValueBinding />
          <InnerValue>月</InnerValue>
          <BackgroundText>时间</BackgroundText>
          <FieldSettings>
            <EditStyle>DropdownList</EditStyle>
            <ListSource>
              <SourceName>0000001673</SourceName>
              <Items />
            </ListSource>
          </FieldSettings>
        </Element>
        <Element xsi:type="XString" StyleIndex="1">
          <Text>前出现</Text>
        </Element>
        <Element xsi:type="XInputField">
          <ID>kb0000001880</ID>
          <Attributes />
          <XElements>
            <Element xsi:type="XString">
              <Text>左侧</Text>
            </Element>
          </XElements>
          <TextValue>左侧</TextValue>
          <Name>症状出现部位</Name>
          <ValueBinding />
          <InnerValue>左侧</InnerValue>
          <BackgroundText>症状出现部位</BackgroundText>
          <FieldSettings>
            <EditStyle>DropdownList</EditStyle>
            <ListSource>
              <SourceName>0000001880</SourceName>
              <Items />
            </ListSource>
          </FieldSettings>
        </Element>
        <Element xsi:type="XString" StyleIndex="1">
          <Text>肩疼痛，活动受限。曾至</Text>
        </Element>
        <Element xsi:type="XInputField" StyleIndex="2">
          <ID>kb0000000000</ID>
          <Attributes />
          <XElements />
          <TextValue />
          <UnitText />
          <Name>肩疼痛曾就诊医院</Name>
          <InnerValue />
          <BackgroundText>肩疼痛曾就诊医院</BackgroundText>
        </Element>
        <Element xsi:type="XString" StyleIndex="1">
          <Text>就诊，诊断为</Text>
        </Element>
        <Element xsi:type="XInputField" StyleIndex="2">
          <ID>kb0000000000</ID>
          <Attributes />
          <XElements />
          <TextValue />
          <UnitText />
          <Name>肩疼痛曾诊断</Name>
          <InnerValue />
          <BackgroundText>肩疼痛曾诊断</BackgroundText>
        </Element>
        <Element xsi:type="XString" StyleIndex="1">
          <Text>，予</Text>
        </Element>
        <Element xsi:type="XInputField" StyleIndex="2">
          <ID>kb0000000000</ID>
          <Attributes />
          <XElements />
          <TextValue />
          <UnitText />
          <Name>肩疼痛曾给予的治疗</Name>
          <InnerValue />
          <BackgroundText>肩疼痛曾给予的治疗</BackgroundText>
        </Element>
        <Element xsi:type="XString" StyleIndex="1">
          <Text>治疗，</Text>
        </Element>
        <Element xsi:type="XInputField">
          <ID>kb0000001881</ID>
          <Attributes />
          <XElements />
          <TextValue />
          <Name>服药疗效</Name>
          <ValueBinding />
          <InnerValue />
          <BackgroundText>服药疗效</BackgroundText>
          <FieldSettings>
            <EditStyle>DropdownList</EditStyle>
            <ListSource>
              <SourceName>0000001881</SourceName>
              <Items />
            </ListSource>
          </FieldSettings>
        </Element>
        <Element xsi:type="XString" StyleIndex="1">
          <Text>。</Text>
        </Element>
        <Element xsi:type="XParagraphFlag" />
        <Element xsi:type="XString" StyleIndex="1">
          <Text>查体：</Text>
        </Element>
        <Element xsi:type="XInputField">
          <ID>kb0000001880</ID>
          <Attributes />
          <XElements>
            <Element xsi:type="XString">
              <Text>左侧</Text>
            </Element>
          </XElements>
          <TextValue>左侧</TextValue>
          <Name>症状出现部位</Name>
          <ValueBinding />
          <InnerValue>左侧</InnerValue>
          <BackgroundText>症状出现部位</BackgroundText>
          <FieldSettings>
            <EditStyle>DropdownList</EditStyle>
            <ListSource>
              <SourceName>0000001880</SourceName>
              <Items />
            </ListSource>
          </FieldSettings>
        </Element>
        <Element xsi:type="XString" StyleIndex="1">
          <Text>肩关节</Text>
        </Element>
        <Element xsi:type="XInputField" StyleIndex="3">
          <ID>kb0000001912</ID>
          <Attributes />
          <XElements>
            <Element xsi:type="XString">
              <Text>前</Text>
            </Element>
          </XElements>
          <TextValue>前</TextValue>
          <Name>肩关节压痛部位</Name>
          <ValueBinding />
          <InnerValue>前</InnerValue>
          <BackgroundText>肩关节压痛部位</BackgroundText>
          <FieldSettings>
            <EditStyle>DropdownList</EditStyle>
            <ListSource>
              <SourceName>0000001912</SourceName>
              <Items />
            </ListSource>
          </FieldSettings>
        </Element>
        <Element xsi:type="XString" StyleIndex="4">
          <Text>压痛，活动</Text>
        </Element>
        <Element xsi:type="XInputField" StyleIndex="5">
          <ID>kb0000001913</ID>
          <Attributes />
          <XElements>
            <Element xsi:type="XString">
              <Text>受限</Text>
            </Element>
          </XElements>
          <TextValue>受限</TextValue>
          <Name>肩关节活动情况</Name>
          <ValueBinding />
          <InnerValue>受限</InnerValue>
          <BackgroundText>肩关节活动情况</BackgroundText>
          <FieldSettings>
            <EditStyle>DropdownList</EditStyle>
            <ListSource>
              <SourceName>0000001913</SourceName>
              <Items />
            </ListSource>
          </FieldSettings>
        </Element>
        <Element xsi:type="XString" StyleIndex="6">
          <Text>，余无异常。</Text>
        </Element>
        <Element xsi:type="XParagraphFlag" />
      </XElements>
      <Sections />
    </Element>
    <Element xsi:type="XTextHeader">
      <Attributes />
      <XElements>
        <Element xsi:type="XParagraphFlag" StyleIndex="0">
          <AutoCreate>true</AutoCreate>
        </Element>
      </XElements>
    </Element>
    <Element xsi:type="XTextFooter">
      <Attributes />
      <XElements>
        <Element xsi:type="XParagraphFlag">
          <AutoCreate>true</AutoCreate>
        </Element>
      </XElements>
    </Element>
  </XElements>
  <Info>
    <CreationTime>2013-04-02T17:19:54.6651779+08:00</CreationTime>
    <LastModifiedTime>2013-04-02T17:19:54.6651779+08:00</LastModifiedTime>
    <LastPrintTime>1980-01-01T00:00:00</LastPrintTime>
    <Operator>DCSoft.Writer Version:1.1.1111.29376</Operator>
  </Info>
  <BodyText>
  </BodyText>
  <UserHistories>
    <History>
      <ID />
      <Name />
      <SavedTime>2005-01-31T15:40:55</SavedTime>
    </History>
    <History>
      <ID />
      <Name />
      <SavedTime>2005-01-31T15:41:48</SavedTime>
    </History>
    <History>
      <ID />
      <Name />
      <SavedTime>2005-01-31T15:42:58</SavedTime>
    </History>
    <History>
      <ID />
      <Name />
      <SavedTime>2005-03-24T13:49:11</SavedTime>
    </History>
  </UserHistories>
  <ContentStyles>
    <Default xsi:type="DocumentContentStyle">
      <FontName>宋体</FontName>
    </Default>
    <Styles>
      <Style Index="0">
        <Align>Center</Align>
      </Style>
      <Style Index="1">
        <FontSize>11</FontSize>
      </Style>
      <Style Index="2">
        <CreatorIndex>3</CreatorIndex>
      </Style>
      <Style Index="3">
        <CreatorIndex>1</CreatorIndex>
      </Style>
      <Style Index="4">
        <FontSize>11</FontSize>
        <CreatorIndex>1</CreatorIndex>
      </Style>
      <Style Index="5">
        <CreatorIndex>2</CreatorIndex>
      </Style>
      <Style Index="6">
        <FontSize>11</FontSize>
        <CreatorIndex>2</CreatorIndex>
      </Style>
    </Styles>
  </ContentStyles>
  <MeasureMode>OldCompatibility</MeasureMode>
  <PageSettings>
    <LeftMargin>50</LeftMargin>
    <TopMargin>50</TopMargin>
    <RightMargin>50</RightMargin>
    <BottomMargin>50</BottomMargin>
    <ViewLeftMargin>150</ViewLeftMargin>
    <ViewTopMargin>150</ViewTopMargin>
    <ViewRightMargin>150</ViewRightMargin>
    <ViewBottomMargin>150</ViewBottomMargin>
    <ViewPaperWidth>2481</ViewPaperWidth>
    <ViewPaperHeight>3507</ViewPaperHeight>
  </PageSettings>
</XTextDocument>