﻿<?xml version="1.0" encoding="utf-8"?>
<XTextDocument xmlns:xsi="http://www.w3.org/2001/XMLSchema-instance" xmlns:xsd="http://www.w3.org/2001/XMLSchema" EditorVersionString="1.1.1111.29376">
  <Attributes />
  <XElements>
    <Element xsi:type="XTextBody">
      <Attributes />
      <XElements>
        <Element xsi:type="XString">
          <Text>视力：右眼      左眼      。</Text>
        </Element>
        <Element xsi:type="XInputField">
          <ID>kb0000002589</ID>
          <Attributes />
          <XElements>
            <Element xsi:type="XString">
              <Text>左眼</Text>
            </Element>
          </XElements>
          <TextValue>左眼</TextValue>
          <Name>症状出现部位</Name>
          <ValueBinding />
          <InnerValue>左眼</InnerValue>
          <BackgroundText>症状出现部位</BackgroundText>
          <FieldSettings>
            <EditStyle>DropdownList</EditStyle>
            <ListSource>
              <SourceName>0000002589</SourceName>
              <Items />
            </ListSource>
          </FieldSettings>
        </Element>
        <Element xsi:type="XString">
          <Text>结膜混合性充血，角膜雾状水肿，前房浅，周边房角&lt;1/3CK，瞳孔大小     mm，对光反射迟钝，虹膜纹理不清，晶体</Text>
        </Element>
        <Element xsi:type="XInputField">
          <ID>kb0000002594</ID>
          <Attributes />
          <XElements>
            <Element xsi:type="XString">
              <Text>尚透明</Text>
            </Element>
          </XElements>
          <TextValue>尚透明</TextValue>
          <Name>晶体</Name>
          <ValueBinding />
          <InnerValue>尚透明</InnerValue>
          <BackgroundText>晶体</BackgroundText>
          <FieldSettings>
            <EditStyle>DropdownList</EditStyle>
            <ListSource>
              <SourceName>0000002594</SourceName>
              <Items />
            </ListSource>
          </FieldSettings>
        </Element>
        <Element xsi:type="XString">
          <Text>，眼底窥不清。眼压指测高。</Text>
        </Element>
        <Element xsi:type="XParagraphFlag" />
      </XElements>
      <Sections />
    </Element>
    <Element xsi:type="XTextHeader">
      <Attributes />
      <XElements>
        <Element xsi:type="XParagraphFlag" StyleIndex="0">
          <AutoCreate>true</AutoCreate>
        </Element>
      </XElements>
    </Element>
    <Element xsi:type="XTextFooter">
      <Attributes />
      <XElements>
        <Element xsi:type="XParagraphFlag">
          <AutoCreate>true</AutoCreate>
        </Element>
      </XElements>
    </Element>
  </XElements>
  <ScriptText />
  <Info>
    <CreationTime>2013-04-02T17:19:55.7652408+08:00</CreationTime>
    <LastModifiedTime>2013-04-02T17:19:55.7652408+08:00</LastModifiedTime>
    <LastPrintTime>1980-01-01T00:00:00</LastPrintTime>
    <Operator>DCSoft.Writer Version:1.1.1111.29376</Operator>
  </Info>
  <BodyText>
  </BodyText>
  <UserHistories>
    <History>
      <ID />
      <Name />
      <SavedTime>2005-04-12T18:12:31</SavedTime>
    </History>
    <History>
      <ID />
      <Name />
      <SavedTime>2005-04-12T18:13:31</SavedTime>
    </History>
  </UserHistories>
  <ContentStyles>
    <Default xsi:type="DocumentContentStyle">
      <FontName>宋体</FontName>
    </Default>
    <Styles>
      <Style Index="0">
        <Align>Center</Align>
      </Style>
    </Styles>
  </ContentStyles>
  <MeasureMode>OldCompatibility</MeasureMode>
  <PageSettings>
    <LeftMargin>50</LeftMargin>
    <TopMargin>50</TopMargin>
    <RightMargin>50</RightMargin>
    <BottomMargin>50</BottomMargin>
    <ViewLeftMargin>150</ViewLeftMargin>
    <ViewTopMargin>150</ViewTopMargin>
    <ViewRightMargin>150</ViewRightMargin>
    <ViewBottomMargin>150</ViewBottomMargin>
    <ViewPaperWidth>2481</ViewPaperWidth>
    <ViewPaperHeight>3507</ViewPaperHeight>
  </PageSettings>
</XTextDocument>