﻿<?xml version="1.0" encoding="utf-8"?>
<XTextDocument xmlns:xsi="http://www.w3.org/2001/XMLSchema-instance" xmlns:xsd="http://www.w3.org/2001/XMLSchema" EditorVersionString="1.1.1111.29376">
  <Attributes />
  <XElements>
    <Element xsi:type="XTextBody">
      <Attributes />
      <XElements>
        <Element xsi:type="XString">
          <Text>病程</Text>
        </Element>
        <Element xsi:type="XInputField">
          <ID>kb0000002171</ID>
          <Attributes />
          <XElements />
          <TextValue />
          <UnitText />
          <Name>肾移植后首次发病病程</Name>
          <InnerValue />
          <BackgroundText>肾移植后首次发病病程</BackgroundText>
        </Element>
        <Element xsi:type="XString">
          <Text>，起病</Text>
        </Element>
        <Element xsi:type="XInputField">
          <ID>kb0000002172</ID>
          <Attributes />
          <XElements>
            <Element xsi:type="XString">
              <Text>肾移植后首次发病情况</Text>
            </Element>
          </XElements>
          <TextValue>肾移植后首次发病情况</TextValue>
          <Name>肾移植后首次发病情况</Name>
          <ValueBinding />
          <InnerValue>肾移植后首次发病情况</InnerValue>
          <BackgroundText>肾移植后首次发病情况</BackgroundText>
          <FieldSettings>
            <EditStyle>DropdownList</EditStyle>
            <ListSource>
              <SourceName>0000002172</SourceName>
              <Items />
            </ListSource>
          </FieldSettings>
        </Element>
        <Element xsi:type="XString">
          <Text> ，起病诱因</Text>
        </Element>
        <Element xsi:type="XInputField">
          <ID>kb0000002173</ID>
          <Attributes />
          <XElements>
            <Element xsi:type="XString">
              <Text>肾移植后首次起病诱因</Text>
            </Element>
          </XElements>
          <TextValue>肾移植后首次起病诱因</TextValue>
          <Name>肾移植后首次起病诱因</Name>
          <ValueBinding />
          <InnerValue>肾移植后首次起病诱因</InnerValue>
          <BackgroundText>肾移植后首次起病诱因</BackgroundText>
          <FieldSettings>
            <EditStyle>DropdownList</EditStyle>
            <ListSource>
              <SourceName>0000002173</SourceName>
              <Items />
            </ListSource>
          </FieldSettings>
        </Element>
        <Element xsi:type="XString">
          <Text>。</Text>
        </Element>
        <Element xsi:type="XParagraphFlag" />
        <Element xsi:type="XString">
          <Text>首次肾移植时间</Text>
        </Element>
        <Element xsi:type="XInputField">
          <ID>kb0000002148</ID>
          <Attributes />
          <XElements />
          <TextValue />
          <UnitText />
          <Name>首次肾移植时间</Name>
          <InnerValue />
          <BackgroundText>首次肾移植时间</BackgroundText>
        </Element>
        <Element xsi:type="XString">
          <Text>，肾脏病距诱发疾病时间</Text>
        </Element>
        <Element xsi:type="XInputField">
          <ID>kb0000002174</ID>
          <Attributes />
          <XElements />
          <TextValue />
          <UnitText />
          <Name>肾脏病距诱发疾病时间</Name>
          <InnerValue />
          <BackgroundText>肾脏病距诱发疾病时间</BackgroundText>
        </Element>
        <Element xsi:type="XString">
          <Text>。</Text>
        </Element>
        <Element xsi:type="XParagraphFlag" />
        <Element xsi:type="XString">
          <Text>肾移植后口服药物包括</Text>
        </Element>
        <Element xsi:type="XInputField">
          <ID>kb0000002175</ID>
          <Attributes />
          <XElements>
            <Element xsi:type="XString">
              <Text>肾移植后口服药物</Text>
            </Element>
          </XElements>
          <TextValue>肾移植后口服药物</TextValue>
          <Name>肾移植后口服药物</Name>
          <ValueBinding />
          <InnerValue>肾移植后口服药物</InnerValue>
          <BackgroundText>肾移植后口服药物</BackgroundText>
          <FieldSettings>
            <EditStyle>DropdownList</EditStyle>
            <MultiSelect>true</MultiSelect>
            <ListSource>
              <SourceName>0000002175</SourceName>
              <Items />
            </ListSource>
          </FieldSettings>
        </Element>
        <Element xsi:type="XString">
          <Text>。起病首发症状为</Text>
        </Element>
        <Element xsi:type="XInputField">
          <ID>kb0000002176</ID>
          <Attributes />
          <XElements>
            <Element xsi:type="XString">
              <Text>肾移植后首次发病首发症状</Text>
            </Element>
          </XElements>
          <TextValue>肾移植后首次发病首发症状</TextValue>
          <Name>肾移植后首次发病首发症状</Name>
          <ValueBinding />
          <InnerValue>肾移植后首次发病首发症状</InnerValue>
          <BackgroundText>肾移植后首次发病首发症状</BackgroundText>
          <FieldSettings>
            <EditStyle>DropdownList</EditStyle>
            <MultiSelect>true</MultiSelect>
            <ListSource>
              <SourceName>0000002176</SourceName>
              <Items />
            </ListSource>
          </FieldSettings>
        </Element>
        <Element xsi:type="XString">
          <Text>。</Text>
        </Element>
        <Element xsi:type="XParagraphFlag" />
        <Element xsi:type="XInputField" StyleIndex="1">
          <ID>kb0000002177</ID>
          <Attributes />
          <XElements>
            <Element xsi:type="XString">
              <Text>浮肿</Text>
            </Element>
          </XElements>
          <TextValue>浮肿</TextValue>
          <Name>浮肿</Name>
          <ValueBinding />
          <InnerValue>浮肿</InnerValue>
          <BackgroundText>浮肿</BackgroundText>
          <FieldSettings>
            <EditStyle>DropdownList</EditStyle>
            <ListSource>
              <SourceName>0000002177</SourceName>
              <Items />
            </ListSource>
          </FieldSettings>
        </Element>
        <Element xsi:type="XString">
          <Text>，</Text>
        </Element>
        <Element xsi:type="XInputField" StyleIndex="1">
          <ID>kb0000002179</ID>
          <Attributes />
          <XElements>
            <Element xsi:type="XString">
              <Text>尿量改变</Text>
            </Element>
          </XElements>
          <TextValue>尿量改变</TextValue>
          <Name>尿量改变</Name>
          <ValueBinding />
          <InnerValue>尿量改变</InnerValue>
          <BackgroundText>尿量改变</BackgroundText>
          <FieldSettings>
            <EditStyle>DropdownList</EditStyle>
            <ListSource>
              <SourceName>0000002179</SourceName>
              <Items />
            </ListSource>
          </FieldSettings>
        </Element>
        <Element xsi:type="XString" StyleIndex="1">
          <Text>，</Text>
        </Element>
        <Element xsi:type="XString">
          <Text>尿量</Text>
        </Element>
        <Element xsi:type="XInputField" StyleIndex="1">
          <ID>kb0000002180</ID>
          <Attributes />
          <XElements />
          <TextValue />
          <UnitText>ml/日</UnitText>
          <Name>尿量</Name>
          <InnerValue />
          <BackgroundText>尿量</BackgroundText>
        </Element>
        <Element xsi:type="XString" StyleIndex="1">
          <Text>。</Text>
        </Element>
        <Element xsi:type="XInputField" StyleIndex="2">
          <ID>kb0000002181</ID>
          <Attributes />
          <XElements>
            <Element xsi:type="XString">
              <Text>肉眼血尿</Text>
            </Element>
          </XElements>
          <TextValue>肉眼血尿</TextValue>
          <Name>肉眼血尿</Name>
          <ValueBinding />
          <InnerValue>肉眼血尿</InnerValue>
          <BackgroundText>肉眼血尿</BackgroundText>
          <FieldSettings>
            <EditStyle>DropdownList</EditStyle>
            <ListSource>
              <SourceName>0000002181</SourceName>
              <Items />
            </ListSource>
          </FieldSettings>
        </Element>
        <Element xsi:type="XString" StyleIndex="2">
          <Text>，</Text>
        </Element>
        <Element xsi:type="XInputField" StyleIndex="2">
          <ID>kb0000002184</ID>
          <Attributes />
          <XElements>
            <Element xsi:type="XString">
              <Text>高血压</Text>
            </Element>
          </XElements>
          <TextValue>高血压</TextValue>
          <Name>高血压</Name>
          <ValueBinding />
          <InnerValue>高血压</InnerValue>
          <BackgroundText>高血压</BackgroundText>
          <FieldSettings>
            <EditStyle>DropdownList</EditStyle>
            <ListSource>
              <SourceName>0000002184</SourceName>
              <Items />
            </ListSource>
          </FieldSettings>
        </Element>
        <Element xsi:type="XString" StyleIndex="2">
          <Text>。</Text>
        </Element>
        <Element xsi:type="XParagraphFlag" />
        <Element xsi:type="XString">
          <Text>BUN</Text>
        </Element>
        <Element xsi:type="XInputField" StyleIndex="2">
          <ID>kb0000002187</ID>
          <Attributes />
          <XElements />
          <TextValue />
          <UnitText />
          <Name>BUN</Name>
          <InnerValue />
          <BackgroundText>BUN</BackgroundText>
        </Element>
        <Element xsi:type="XString" StyleIndex="2">
          <Text>，</Text>
        </Element>
        <Element xsi:type="XString">
          <Text>Cr</Text>
        </Element>
        <Element xsi:type="XInputField" StyleIndex="2">
          <ID>kb0000002188</ID>
          <Attributes />
          <XElements />
          <TextValue />
          <UnitText />
          <Name>Cr</Name>
          <InnerValue />
          <BackgroundText>Cr</BackgroundText>
        </Element>
        <Element xsi:type="XString" StyleIndex="2">
          <Text>，</Text>
        </Element>
        <Element xsi:type="XString">
          <Text>尿蛋白</Text>
        </Element>
        <Element xsi:type="XInputField" StyleIndex="3">
          <ID>kb0000002189</ID>
          <Attributes />
          <XElements>
            <Element xsi:type="XString">
              <Text>尿蛋白</Text>
            </Element>
          </XElements>
          <TextValue>尿蛋白</TextValue>
          <Name>尿蛋白</Name>
          <ValueBinding />
          <InnerValue>尿蛋白</InnerValue>
          <BackgroundText>尿蛋白</BackgroundText>
          <FieldSettings>
            <EditStyle>DropdownList</EditStyle>
            <ListSource>
              <SourceName>0000002189</SourceName>
              <Items />
            </ListSource>
          </FieldSettings>
        </Element>
        <Element xsi:type="XString" StyleIndex="3">
          <Text>。</Text>
        </Element>
        <Element xsi:type="XParagraphFlag" />
        <Element xsi:type="XString">
          <Text>尿RBC</Text>
        </Element>
        <Element xsi:type="XInputField" StyleIndex="3">
          <ID>kb0000002190</ID>
          <Attributes />
          <XElements />
          <TextValue />
          <UnitText />
          <Name>尿RBC</Name>
          <InnerValue />
          <BackgroundText>尿RBC</BackgroundText>
        </Element>
        <Element xsi:type="XString" StyleIndex="3">
          <Text>，</Text>
        </Element>
        <Element xsi:type="XString">
          <Text>形态</Text>
        </Element>
        <Element xsi:type="XInputField" StyleIndex="3">
          <ID>kb0000002191</ID>
          <Attributes />
          <XElements>
            <Element xsi:type="XString">
              <Text>尿RBC形态</Text>
            </Element>
          </XElements>
          <TextValue>尿RBC形态</TextValue>
          <Name>尿RBC形态</Name>
          <ValueBinding />
          <InnerValue>尿RBC形态</InnerValue>
          <BackgroundText>尿RBC形态</BackgroundText>
          <FieldSettings>
            <EditStyle>DropdownList</EditStyle>
            <ListSource>
              <SourceName>0000002191</SourceName>
              <Items />
            </ListSource>
          </FieldSettings>
        </Element>
        <Element xsi:type="XString" StyleIndex="3">
          <Text>，</Text>
        </Element>
        <Element xsi:type="XString">
          <Text>WBC</Text>
        </Element>
        <Element xsi:type="XInputField" StyleIndex="3">
          <ID>kb0000002192</ID>
          <Attributes />
          <XElements />
          <TextValue />
          <UnitText />
          <Name>尿WBC</Name>
          <InnerValue />
          <BackgroundText>尿WBC</BackgroundText>
        </Element>
        <Element xsi:type="XString" StyleIndex="3">
          <Text>，</Text>
        </Element>
        <Element xsi:type="XString">
          <Text>管形</Text>
        </Element>
        <Element xsi:type="XInputField" StyleIndex="3">
          <ID>kb0000002193</ID>
          <Attributes />
          <XElements />
          <TextValue />
          <UnitText />
          <Name>管型</Name>
          <InnerValue />
          <BackgroundText>管型</BackgroundText>
        </Element>
        <Element xsi:type="XString" StyleIndex="3">
          <Text>，</Text>
        </Element>
        <Element xsi:type="XInputField" StyleIndex="3">
          <ID>kb0000002194</ID>
          <Attributes />
          <XElements>
            <Element xsi:type="XString">
              <Text>尿糖</Text>
            </Element>
          </XElements>
          <TextValue>尿糖</TextValue>
          <Name>尿糖</Name>
          <ValueBinding />
          <InnerValue>尿糖</InnerValue>
          <BackgroundText>尿糖</BackgroundText>
          <FieldSettings>
            <EditStyle>DropdownList</EditStyle>
            <ListSource>
              <SourceName>0000002194</SourceName>
              <Items />
            </ListSource>
          </FieldSettings>
        </Element>
        <Element xsi:type="XString" StyleIndex="3">
          <Text>尿糖。</Text>
        </Element>
        <Element xsi:type="XParagraphFlag" />
      </XElements>
      <Sections />
    </Element>
    <Element xsi:type="XTextHeader">
      <Attributes />
      <XElements>
        <Element xsi:type="XParagraphFlag" StyleIndex="0">
          <AutoCreate>true</AutoCreate>
        </Element>
      </XElements>
    </Element>
    <Element xsi:type="XTextFooter">
      <Attributes />
      <XElements>
        <Element xsi:type="XParagraphFlag">
          <AutoCreate>true</AutoCreate>
        </Element>
      </XElements>
    </Element>
  </XElements>
  <Info>
    <CreationTime>2013-04-02T17:19:55.017198+08:00</CreationTime>
    <LastModifiedTime>2013-04-02T17:19:55.017198+08:00</LastModifiedTime>
    <LastPrintTime>1980-01-01T00:00:00</LastPrintTime>
    <Operator>DCSoft.Writer Version:1.1.1111.29376</Operator>
  </Info>
  <BodyText>
  </BodyText>
  <UserHistories>
    <History>
      <ID />
      <Name />
      <SavedTime>2005-03-02T09:20:29</SavedTime>
    </History>
    <History>
      <ID />
      <Name />
      <SavedTime>2005-03-02T09:24:01</SavedTime>
    </History>
    <History>
      <ID />
      <Name />
      <SavedTime>2005-03-02T09:54:50</SavedTime>
    </History>
    <History>
      <ID />
      <Name />
      <SavedTime>2005-03-02T09:57:59</SavedTime>
    </History>
  </UserHistories>
  <ContentStyles>
    <Default xsi:type="DocumentContentStyle">
      <FontName>宋体</FontName>
    </Default>
    <Styles>
      <Style Index="0">
        <Align>Center</Align>
      </Style>
      <Style Index="1">
        <CreatorIndex>1</CreatorIndex>
      </Style>
      <Style Index="2">
        <CreatorIndex>2</CreatorIndex>
      </Style>
      <Style Index="3">
        <CreatorIndex>3</CreatorIndex>
      </Style>
    </Styles>
  </ContentStyles>
  <MeasureMode>OldCompatibility</MeasureMode>
  <PageSettings>
    <LeftMargin>50</LeftMargin>
    <TopMargin>50</TopMargin>
    <RightMargin>50</RightMargin>
    <BottomMargin>50</BottomMargin>
    <ViewLeftMargin>150</ViewLeftMargin>
    <ViewTopMargin>150</ViewTopMargin>
    <ViewRightMargin>150</ViewRightMargin>
    <ViewBottomMargin>150</ViewBottomMargin>
    <ViewPaperWidth>2481</ViewPaperWidth>
    <ViewPaperHeight>3507</ViewPaperHeight>
  </PageSettings>
</XTextDocument>