﻿<?xml version="1.0" encoding="utf-8"?>
<XTextDocument xmlns:xsi="http://www.w3.org/2001/XMLSchema-instance" xmlns:xsd="http://www.w3.org/2001/XMLSchema" EditorVersionString="1.1.1111.29376">
  <Attributes />
  <XElements>
    <Element xsi:type="XTextBody">
      <Attributes />
      <XElements>
        <Element xsi:type="XString">
          <Text>患者    </Text>
        </Element>
        <Element xsi:type="XInputField">
          <ID>kb0000000998</ID>
          <Attributes />
          <XElements>
            <Element xsi:type="XString">
              <Text>周</Text>
            </Element>
          </XElements>
          <TextValue>周</TextValue>
          <Name>时间单位</Name>
          <ValueBinding />
          <InnerValue>周</InnerValue>
          <BackgroundText>时间单位</BackgroundText>
          <FieldSettings>
            <EditStyle>DropdownList</EditStyle>
            <ListSource>
              <SourceName>0000000998</SourceName>
              <Items />
            </ListSource>
          </FieldSettings>
        </Element>
        <Element xsi:type="XString">
          <Text>前因</Text>
        </Element>
        <Element xsi:type="XInputField">
          <ID>kb0000002678</ID>
          <Attributes />
          <XElements>
            <Element xsi:type="XString">
              <Text>受凉、感冒</Text>
            </Element>
          </XElements>
          <TextValue>受凉、感冒</TextValue>
          <Name>喉炎诱因</Name>
          <ValueBinding />
          <InnerValue>受凉、感冒</InnerValue>
          <BackgroundText>喉炎诱因</BackgroundText>
          <FieldSettings>
            <EditStyle>DropdownList</EditStyle>
            <MultiSelect>true</MultiSelect>
            <ListSource>
              <SourceName>0000002678</SourceName>
              <Items />
            </ListSource>
          </FieldSettings>
        </Element>
        <Element xsi:type="XString">
          <Text>后出现</Text>
        </Element>
        <Element xsi:type="XInputField">
          <ID>kb0000002679</ID>
          <Attributes />
          <XElements>
            <Element xsi:type="XString">
              <Text>声嘶、咽痛</Text>
            </Element>
          </XElements>
          <TextValue>声嘶、咽痛</TextValue>
          <Name>喉炎症状</Name>
          <ValueBinding />
          <InnerValue>声嘶、咽痛</InnerValue>
          <BackgroundText>喉炎症状</BackgroundText>
          <FieldSettings>
            <EditStyle>DropdownList</EditStyle>
            <MultiSelect>true</MultiSelect>
            <ListSource>
              <SourceName>0000002679</SourceName>
              <Items />
            </ListSource>
          </FieldSettings>
        </Element>
        <Element xsi:type="XString">
          <Text>，声嘶呈</Text>
        </Element>
        <Element xsi:type="XInputField">
          <ID>kb0000002680</ID>
          <Attributes />
          <XElements>
            <Element xsi:type="XString">
              <Text>持续性</Text>
            </Element>
          </XElements>
          <TextValue>持续性</TextValue>
          <Name>声嘶性质</Name>
          <ValueBinding />
          <InnerValue>持续性</InnerValue>
          <BackgroundText>声嘶性质</BackgroundText>
          <FieldSettings>
            <EditStyle>DropdownList</EditStyle>
            <ListSource>
              <SourceName>0000002680</SourceName>
              <Items />
            </ListSource>
          </FieldSettings>
        </Element>
        <Element xsi:type="XString">
          <Text>，休息、禁声后可好转，大声说话后加重。</Text>
        </Element>
        <Element xsi:type="XInputField">
          <ID>kb0000002663</ID>
          <Attributes />
          <XElements>
            <Element xsi:type="XString">
              <Text>不发热</Text>
            </Element>
          </XElements>
          <TextValue>不发热</TextValue>
          <Name>发热</Name>
          <ValueBinding />
          <InnerValue>不发热</InnerValue>
          <BackgroundText>发热</BackgroundText>
          <FieldSettings>
            <EditStyle>DropdownList</EditStyle>
            <ListSource>
              <SourceName>0000002663</SourceName>
              <Items />
            </ListSource>
          </FieldSettings>
        </Element>
        <Element xsi:type="XString">
          <Text>。</Text>
        </Element>
        <Element xsi:type="XInputField">
          <ID>kb0000002664</ID>
          <Attributes />
          <XElements>
            <Element xsi:type="XString">
              <Text>无</Text>
            </Element>
          </XElements>
          <TextValue>无</TextValue>
          <Name>咳嗽</Name>
          <ValueBinding />
          <InnerValue>无</InnerValue>
          <BackgroundText>咳嗽</BackgroundText>
          <FieldSettings>
            <EditStyle>DropdownList</EditStyle>
            <ListSource>
              <SourceName>0000002664</SourceName>
              <Items />
            </ListSource>
          </FieldSettings>
        </Element>
        <Element xsi:type="XString">
          <Text>咳嗽、</Text>
        </Element>
        <Element xsi:type="XInputField">
          <ID>kb0000002665</ID>
          <Attributes />
          <XElements>
            <Element xsi:type="XString">
              <Text>无</Text>
            </Element>
          </XElements>
          <TextValue>无</TextValue>
          <Name>咳痰</Name>
          <ValueBinding />
          <InnerValue>无</InnerValue>
          <BackgroundText>咳痰</BackgroundText>
          <FieldSettings>
            <EditStyle>DropdownList</EditStyle>
            <ListSource>
              <SourceName>0000002665</SourceName>
              <Items />
            </ListSource>
          </FieldSettings>
        </Element>
        <Element xsi:type="XString">
          <Text>咳痰等症状。经禁声、雾化吸入、口服</Text>
        </Element>
        <Element xsi:type="XInputField">
          <ID>kb0000002681</ID>
          <Attributes />
          <XElements>
            <Element xsi:type="XString">
              <Text>金嗓散结丸</Text>
            </Element>
          </XElements>
          <TextValue>金嗓散结丸</TextValue>
          <Name>喉炎口服药物</Name>
          <ValueBinding />
          <InnerValue>金嗓散结丸</InnerValue>
          <BackgroundText>喉炎口服药物</BackgroundText>
          <FieldSettings>
            <EditStyle>DropdownList</EditStyle>
            <MultiSelect>true</MultiSelect>
            <ListSource>
              <SourceName>0000002681</SourceName>
              <Items />
            </ListSource>
          </FieldSettings>
        </Element>
        <Element xsi:type="XString">
          <Text>等治疗后，</Text>
        </Element>
        <Element xsi:type="XInputField">
          <ID>kb0000002682</ID>
          <Attributes />
          <XElements>
            <Element xsi:type="XString">
              <Text>效不佳</Text>
            </Element>
          </XElements>
          <TextValue>效不佳</TextValue>
          <Name>喉炎治疗疗效</Name>
          <ValueBinding />
          <InnerValue>效不佳</InnerValue>
          <BackgroundText>喉炎治疗疗效</BackgroundText>
          <FieldSettings>
            <EditStyle>DropdownList</EditStyle>
            <ListSource>
              <SourceName>0000002682</SourceName>
              <Items />
            </ListSource>
          </FieldSettings>
        </Element>
        <Element xsi:type="XString">
          <Text>。</Text>
        </Element>
        <Element xsi:type="XParagraphFlag" />
      </XElements>
      <Sections />
    </Element>
    <Element xsi:type="XTextHeader">
      <Attributes />
      <XElements>
        <Element xsi:type="XParagraphFlag" StyleIndex="0">
          <AutoCreate>true</AutoCreate>
        </Element>
      </XElements>
    </Element>
    <Element xsi:type="XTextFooter">
      <Attributes />
      <XElements>
        <Element xsi:type="XParagraphFlag">
          <AutoCreate>true</AutoCreate>
        </Element>
      </XElements>
    </Element>
  </XElements>
  <ScriptText />
  <Info>
    <CreationTime>2013-04-02T17:19:56.0912594+08:00</CreationTime>
    <LastModifiedTime>2013-04-02T17:19:56.0912594+08:00</LastModifiedTime>
    <LastPrintTime>1980-01-01T00:00:00</LastPrintTime>
    <Operator>DCSoft.Writer Version:1.1.1111.29376</Operator>
  </Info>
  <BodyText>
  </BodyText>
  <UserHistories>
    <History>
      <ID />
      <Name />
      <SavedTime>2005-04-22T10:34:21</SavedTime>
    </History>
  </UserHistories>
  <ContentStyles>
    <Default xsi:type="DocumentContentStyle">
      <FontName>宋体</FontName>
    </Default>
    <Styles>
      <Style Index="0">
        <Align>Center</Align>
      </Style>
    </Styles>
  </ContentStyles>
  <MeasureMode>OldCompatibility</MeasureMode>
  <PageSettings>
    <LeftMargin>50</LeftMargin>
    <TopMargin>50</TopMargin>
    <RightMargin>50</RightMargin>
    <BottomMargin>50</BottomMargin>
    <ViewLeftMargin>150</ViewLeftMargin>
    <ViewTopMargin>150</ViewTopMargin>
    <ViewRightMargin>150</ViewRightMargin>
    <ViewBottomMargin>150</ViewBottomMargin>
    <ViewPaperWidth>2481</ViewPaperWidth>
    <ViewPaperHeight>3507</ViewPaperHeight>
  </PageSettings>
</XTextDocument>