﻿<?xml version="1.0" encoding="utf-8"?>
<XTextDocument xmlns:xsi="http://www.w3.org/2001/XMLSchema-instance" xmlns:xsd="http://www.w3.org/2001/XMLSchema" EditorVersionString="1.1.1111.29376">
  <Attributes />
  <XElements>
    <Element xsi:type="XTextBody">
      <Attributes />
      <XElements>
        <Element xsi:type="XString" StyleIndex="1">
          <Text>患者</Text>
        </Element>
        <Element xsi:type="XInputField">
          <ID>kb0000001880</ID>
          <Attributes />
          <XElements>
            <Element xsi:type="XString">
              <Text>左侧</Text>
            </Element>
          </XElements>
          <TextValue>左侧</TextValue>
          <Name>症状出现部位</Name>
          <ValueBinding />
          <InnerValue>左侧</InnerValue>
          <BackgroundText>症状出现部位</BackgroundText>
          <FieldSettings>
            <EditStyle>DropdownList</EditStyle>
            <ListSource>
              <SourceName>0000001880</SourceName>
              <Items />
            </ListSource>
          </FieldSettings>
        </Element>
        <Element xsi:type="XInputField">
          <ID>kb0000001946</ID>
          <Attributes />
          <XElements>
            <Element xsi:type="XString">
              <Text>腕关节</Text>
            </Element>
          </XElements>
          <TextValue>腕关节</TextValue>
          <Name>关节分类</Name>
          <ValueBinding />
          <InnerValue>腕关节</InnerValue>
          <BackgroundText>关节分类</BackgroundText>
          <FieldSettings>
            <EditStyle>DropdownList</EditStyle>
            <MultiSelect>true</MultiSelect>
            <ListSource>
              <SourceName>0000001946</SourceName>
              <Items />
            </ListSource>
          </FieldSettings>
        </Element>
        <Element xsi:type="XInputField">
          <ID>kb0000001947</ID>
          <Attributes />
          <XElements>
            <Element xsi:type="XString">
              <Text>疼痛</Text>
            </Element>
          </XElements>
          <TextValue>疼痛</TextValue>
          <Name>关节症状</Name>
          <ValueBinding />
          <InnerValue>疼痛</InnerValue>
          <BackgroundText>关节症状</BackgroundText>
          <FieldSettings>
            <EditStyle>DropdownList</EditStyle>
            <MultiSelect>true</MultiSelect>
            <ListSource>
              <SourceName>0000001947</SourceName>
              <Items />
            </ListSource>
          </FieldSettings>
        </Element>
        <Element xsi:type="XInputField" StyleIndex="2">
          <ID>kb0000000000</ID>
          <Attributes />
          <XElements />
          <TextValue />
          <UnitText />
          <Name>关节症状出现时间</Name>
          <InnerValue />
          <BackgroundText>关节症状出现时间</BackgroundText>
        </Element>
        <Element xsi:type="XInputField">
          <ID>kb0000001673</ID>
          <Attributes />
          <XElements>
            <Element xsi:type="XString">
              <Text>日</Text>
            </Element>
          </XElements>
          <TextValue>日</TextValue>
          <Name>时间</Name>
          <ValueBinding />
          <InnerValue>日</InnerValue>
          <BackgroundText>时间</BackgroundText>
          <FieldSettings>
            <EditStyle>DropdownList</EditStyle>
            <ListSource>
              <SourceName>0000001673</SourceName>
              <Items />
            </ListSource>
          </FieldSettings>
        </Element>
        <Element xsi:type="XString" StyleIndex="1">
          <Text>。</Text>
        </Element>
        <Element xsi:type="XInputField" StyleIndex="2">
          <ID>kb0000001948</ID>
          <Attributes />
          <XElements>
            <Element xsi:type="XString">
              <Text>行走困难</Text>
            </Element>
          </XElements>
          <TextValue>行走困难</TextValue>
          <Name>行走困难</Name>
          <ValueBinding />
          <InnerValue>行走困难</InnerValue>
          <BackgroundText>行走困难</BackgroundText>
          <FieldSettings>
            <EditStyle>DropdownList</EditStyle>
            <ListSource>
              <SourceName>0000001948</SourceName>
              <Items />
            </ListSource>
          </FieldSettings>
        </Element>
        <Element xsi:type="XString" StyleIndex="3">
          <Text>；</Text>
        </Element>
        <Element xsi:type="XInputField" StyleIndex="4">
          <ID>kb0000001949</ID>
          <Attributes />
          <XElements>
            <Element xsi:type="XString">
              <Text>休息能缓解</Text>
            </Element>
          </XElements>
          <TextValue>休息能缓解</TextValue>
          <Name>休息能缓解</Name>
          <ValueBinding />
          <InnerValue>休息能缓解</InnerValue>
          <BackgroundText>休息能缓解</BackgroundText>
          <FieldSettings>
            <EditStyle>DropdownList</EditStyle>
            <ListSource>
              <SourceName>0000001949</SourceName>
              <Items />
            </ListSource>
          </FieldSettings>
        </Element>
        <Element xsi:type="XString" StyleIndex="3">
          <Text>；</Text>
        </Element>
        <Element xsi:type="XInputField" StyleIndex="5">
          <ID>kb0000001951</ID>
          <Attributes />
          <XElements>
            <Element xsi:type="XString">
              <Text>有夜间痛</Text>
            </Element>
          </XElements>
          <TextValue>有夜间痛</TextValue>
          <Name>关节夜间痛</Name>
          <ValueBinding />
          <InnerValue>有夜间痛</InnerValue>
          <BackgroundText>关节夜间痛</BackgroundText>
          <FieldSettings>
            <EditStyle>DropdownList</EditStyle>
            <ListSource>
              <SourceName>0000001951</SourceName>
              <Items />
            </ListSource>
          </FieldSettings>
        </Element>
        <Element xsi:type="XString" StyleIndex="6">
          <Text>。</Text>
        </Element>
        <Element xsi:type="XParagraphFlag" StyleIndex="5" />
        <Element xsi:type="XString" StyleIndex="6">
          <Text>查体：患者</Text>
        </Element>
        <Element xsi:type="XInputField" StyleIndex="5">
          <ID>kb0000001880</ID>
          <Attributes />
          <XElements>
            <Element xsi:type="XString">
              <Text>左侧</Text>
            </Element>
          </XElements>
          <TextValue>左侧</TextValue>
          <Name>症状出现部位</Name>
          <ValueBinding />
          <InnerValue>左侧</InnerValue>
          <BackgroundText>症状出现部位</BackgroundText>
          <FieldSettings>
            <EditStyle>DropdownList</EditStyle>
            <ListSource>
              <SourceName>0000001880</SourceName>
              <Items />
            </ListSource>
          </FieldSettings>
        </Element>
        <Element xsi:type="XInputField" StyleIndex="5">
          <ID>kb0000001946</ID>
          <Attributes />
          <XElements>
            <Element xsi:type="XString">
              <Text>腕关节</Text>
            </Element>
          </XElements>
          <TextValue>腕关节</TextValue>
          <Name>关节分类</Name>
          <ValueBinding />
          <InnerValue>腕关节</InnerValue>
          <BackgroundText>关节分类</BackgroundText>
          <FieldSettings>
            <EditStyle>DropdownList</EditStyle>
            <MultiSelect>true</MultiSelect>
            <ListSource>
              <SourceName>0000001946</SourceName>
              <Items />
            </ListSource>
          </FieldSettings>
        </Element>
        <Element xsi:type="XInputField" StyleIndex="7">
          <ID>kb0000001952</ID>
          <Attributes />
          <XElements>
            <Element xsi:type="XString">
              <Text>萎缩</Text>
            </Element>
          </XElements>
          <TextValue>萎缩</TextValue>
          <Name>关节体征</Name>
          <ValueBinding />
          <InnerValue>萎缩</InnerValue>
          <BackgroundText>关节体征</BackgroundText>
          <FieldSettings>
            <EditStyle>DropdownList</EditStyle>
            <MultiSelect>true</MultiSelect>
            <ListSource>
              <SourceName>0000001952</SourceName>
              <Items />
            </ListSource>
          </FieldSettings>
        </Element>
        <Element xsi:type="XString" StyleIndex="8">
          <Text>；</Text>
        </Element>
        <Element xsi:type="XInputField" StyleIndex="7">
          <ID>kb0000001950</ID>
          <Attributes />
          <XElements>
            <Element xsi:type="XString">
              <Text>屈曲</Text>
            </Element>
          </XElements>
          <TextValue>屈曲</TextValue>
          <Name>关节活动受限</Name>
          <ValueBinding />
          <InnerValue>屈曲</InnerValue>
          <BackgroundText>关节活动受限</BackgroundText>
          <FieldSettings>
            <EditStyle>DropdownList</EditStyle>
            <MultiSelect>true</MultiSelect>
            <ListSource>
              <SourceName>0000001950</SourceName>
              <Items />
            </ListSource>
          </FieldSettings>
        </Element>
        <Element xsi:type="XString" StyleIndex="8">
          <Text>受限；“4”字试验</Text>
        </Element>
        <Element xsi:type="XInputField" StyleIndex="7">
          <ID>kb0000001944</ID>
          <Attributes />
          <XElements>
            <Element xsi:type="XString">
              <Text>阴性</Text>
            </Element>
          </XElements>
          <TextValue>阴性</TextValue>
          <Name>试验性状</Name>
          <ValueBinding />
          <InnerValue>阴性</InnerValue>
          <BackgroundText>试验性状</BackgroundText>
          <FieldSettings>
            <EditStyle>DropdownList</EditStyle>
            <ListSource>
              <SourceName>0000001944</SourceName>
              <Items />
            </ListSource>
          </FieldSettings>
        </Element>
        <Element xsi:type="XString" StyleIndex="8">
          <Text>；“Thomas征”</Text>
        </Element>
        <Element xsi:type="XInputField" StyleIndex="7">
          <ID>kb0000001944</ID>
          <Attributes />
          <XElements>
            <Element xsi:type="XString">
              <Text>阴性</Text>
            </Element>
          </XElements>
          <TextValue>阴性</TextValue>
          <Name>试验性状</Name>
          <ValueBinding />
          <InnerValue>阴性</InnerValue>
          <BackgroundText>试验性状</BackgroundText>
          <FieldSettings>
            <EditStyle>DropdownList</EditStyle>
            <ListSource>
              <SourceName>0000001944</SourceName>
              <Items />
            </ListSource>
          </FieldSettings>
        </Element>
        <Element xsi:type="XString" StyleIndex="8">
          <Text>；浮髌试验</Text>
        </Element>
        <Element xsi:type="XInputField" StyleIndex="7">
          <ID>kb0000001944</ID>
          <Attributes />
          <XElements>
            <Element xsi:type="XString">
              <Text>阴性</Text>
            </Element>
          </XElements>
          <TextValue>阴性</TextValue>
          <Name>试验性状</Name>
          <ValueBinding />
          <InnerValue>阴性</InnerValue>
          <BackgroundText>试验性状</BackgroundText>
          <FieldSettings>
            <EditStyle>DropdownList</EditStyle>
            <ListSource>
              <SourceName>0000001944</SourceName>
              <Items />
            </ListSource>
          </FieldSettings>
        </Element>
        <Element xsi:type="XString" StyleIndex="8">
          <Text>；Mcmurray试验</Text>
        </Element>
        <Element xsi:type="XInputField" StyleIndex="7">
          <ID>kb0000001944</ID>
          <Attributes />
          <XElements>
            <Element xsi:type="XString">
              <Text>阴性</Text>
            </Element>
          </XElements>
          <TextValue>阴性</TextValue>
          <Name>试验性状</Name>
          <ValueBinding />
          <InnerValue>阴性</InnerValue>
          <BackgroundText>试验性状</BackgroundText>
          <FieldSettings>
            <EditStyle>DropdownList</EditStyle>
            <ListSource>
              <SourceName>0000001944</SourceName>
              <Items />
            </ListSource>
          </FieldSettings>
        </Element>
        <Element xsi:type="XString" StyleIndex="8">
          <Text>；指压试验</Text>
        </Element>
        <Element xsi:type="XInputField" StyleIndex="7">
          <ID>kb0000001944</ID>
          <Attributes />
          <XElements>
            <Element xsi:type="XString">
              <Text>阴性</Text>
            </Element>
          </XElements>
          <TextValue>阴性</TextValue>
          <Name>试验性状</Name>
          <ValueBinding />
          <InnerValue>阴性</InnerValue>
          <BackgroundText>试验性状</BackgroundText>
          <FieldSettings>
            <EditStyle>DropdownList</EditStyle>
            <ListSource>
              <SourceName>0000001944</SourceName>
              <Items />
            </ListSource>
          </FieldSettings>
        </Element>
        <Element xsi:type="XString" StyleIndex="8">
          <Text>；伸直受限征</Text>
        </Element>
        <Element xsi:type="XInputField" StyleIndex="7">
          <ID>kb0000001944</ID>
          <Attributes />
          <XElements>
            <Element xsi:type="XString">
              <Text>阴性</Text>
            </Element>
          </XElements>
          <TextValue>阴性</TextValue>
          <Name>试验性状</Name>
          <ValueBinding />
          <InnerValue>阴性</InnerValue>
          <BackgroundText>试验性状</BackgroundText>
          <FieldSettings>
            <EditStyle>DropdownList</EditStyle>
            <ListSource>
              <SourceName>0000001944</SourceName>
              <Items />
            </ListSource>
          </FieldSettings>
        </Element>
        <Element xsi:type="XString" StyleIndex="8">
          <Text>；研磨试验</Text>
        </Element>
        <Element xsi:type="XInputField" StyleIndex="7">
          <ID>kb0000001944</ID>
          <Attributes />
          <XElements>
            <Element xsi:type="XString">
              <Text>阴性</Text>
            </Element>
          </XElements>
          <TextValue>阴性</TextValue>
          <Name>试验性状</Name>
          <ValueBinding />
          <InnerValue>阴性</InnerValue>
          <BackgroundText>试验性状</BackgroundText>
          <FieldSettings>
            <EditStyle>DropdownList</EditStyle>
            <ListSource>
              <SourceName>0000001944</SourceName>
              <Items />
            </ListSource>
          </FieldSettings>
        </Element>
        <Element xsi:type="XString" StyleIndex="8">
          <Text>；抽屉试验</Text>
        </Element>
        <Element xsi:type="XInputField" StyleIndex="7">
          <ID>kb0000001944</ID>
          <Attributes />
          <XElements>
            <Element xsi:type="XString">
              <Text>阴性</Text>
            </Element>
          </XElements>
          <TextValue>阴性</TextValue>
          <Name>试验性状</Name>
          <ValueBinding />
          <InnerValue>阴性</InnerValue>
          <BackgroundText>试验性状</BackgroundText>
          <FieldSettings>
            <EditStyle>DropdownList</EditStyle>
            <ListSource>
              <SourceName>0000001944</SourceName>
              <Items />
            </ListSource>
          </FieldSettings>
        </Element>
        <Element xsi:type="XString" StyleIndex="8">
          <Text>；侧位运动试验</Text>
        </Element>
        <Element xsi:type="XInputField" StyleIndex="7">
          <ID>kb0000001944</ID>
          <Attributes />
          <XElements>
            <Element xsi:type="XString">
              <Text>阴性</Text>
            </Element>
          </XElements>
          <TextValue>阴性</TextValue>
          <Name>试验性状</Name>
          <ValueBinding />
          <InnerValue>阴性</InnerValue>
          <BackgroundText>试验性状</BackgroundText>
          <FieldSettings>
            <EditStyle>DropdownList</EditStyle>
            <ListSource>
              <SourceName>0000001944</SourceName>
              <Items />
            </ListSource>
          </FieldSettings>
        </Element>
        <Element xsi:type="XString" StyleIndex="8">
          <Text>；过伸试验</Text>
        </Element>
        <Element xsi:type="XInputField" StyleIndex="7">
          <ID>kb0000001944</ID>
          <Attributes />
          <XElements>
            <Element xsi:type="XString">
              <Text>阴性</Text>
            </Element>
          </XElements>
          <TextValue>阴性</TextValue>
          <Name>试验性状</Name>
          <ValueBinding />
          <InnerValue>阴性</InnerValue>
          <BackgroundText>试验性状</BackgroundText>
          <FieldSettings>
            <EditStyle>DropdownList</EditStyle>
            <ListSource>
              <SourceName>0000001944</SourceName>
              <Items />
            </ListSource>
          </FieldSettings>
        </Element>
        <Element xsi:type="XString" StyleIndex="8">
          <Text>。</Text>
        </Element>
        <Element xsi:type="XParagraphFlag" />
      </XElements>
      <Sections />
    </Element>
    <Element xsi:type="XTextHeader">
      <Attributes />
      <XElements>
        <Element xsi:type="XParagraphFlag" StyleIndex="0">
          <AutoCreate>true</AutoCreate>
        </Element>
      </XElements>
    </Element>
    <Element xsi:type="XTextFooter">
      <Attributes />
      <XElements>
        <Element xsi:type="XParagraphFlag">
          <AutoCreate>true</AutoCreate>
        </Element>
      </XElements>
    </Element>
  </XElements>
  <Info>
    <CreationTime>2013-04-02T17:19:54.7271814+08:00</CreationTime>
    <LastModifiedTime>2013-04-02T17:19:54.7271814+08:00</LastModifiedTime>
    <LastPrintTime>1980-01-01T00:00:00</LastPrintTime>
    <Operator>DCSoft.Writer Version:1.1.1111.29376</Operator>
  </Info>
  <BodyText>
  </BodyText>
  <UserHistories>
    <History>
      <ID />
      <Name />
      <SavedTime>2005-02-01T08:59:10</SavedTime>
    </History>
    <History>
      <ID />
      <Name />
      <SavedTime>2005-02-01T09:02:32</SavedTime>
    </History>
    <History>
      <ID />
      <Name />
      <SavedTime>2005-02-01T09:04:40</SavedTime>
    </History>
    <History>
      <ID />
      <Name />
      <SavedTime>2005-02-01T09:05:15</SavedTime>
    </History>
    <History>
      <ID />
      <Name />
      <SavedTime>2005-02-01T09:10:20</SavedTime>
    </History>
    <History>
      <ID />
      <Name />
      <SavedTime>2005-03-24T13:54:59</SavedTime>
    </History>
  </UserHistories>
  <ContentStyles>
    <Default xsi:type="DocumentContentStyle">
      <FontName>宋体</FontName>
    </Default>
    <Styles>
      <Style Index="0">
        <Align>Center</Align>
      </Style>
      <Style Index="1">
        <FontSize>11</FontSize>
      </Style>
      <Style Index="2">
        <CreatorIndex>5</CreatorIndex>
      </Style>
      <Style Index="3">
        <FontSize>11</FontSize>
        <CreatorIndex>1</CreatorIndex>
      </Style>
      <Style Index="4">
        <CreatorIndex>1</CreatorIndex>
      </Style>
      <Style Index="5">
        <CreatorIndex>2</CreatorIndex>
      </Style>
      <Style Index="6">
        <FontSize>11</FontSize>
        <CreatorIndex>2</CreatorIndex>
      </Style>
      <Style Index="7">
        <CreatorIndex>4</CreatorIndex>
      </Style>
      <Style Index="8">
        <FontSize>11</FontSize>
        <CreatorIndex>4</CreatorIndex>
      </Style>
    </Styles>
  </ContentStyles>
  <MeasureMode>OldCompatibility</MeasureMode>
  <PageSettings>
    <LeftMargin>50</LeftMargin>
    <TopMargin>50</TopMargin>
    <RightMargin>50</RightMargin>
    <BottomMargin>50</BottomMargin>
    <ViewLeftMargin>150</ViewLeftMargin>
    <ViewTopMargin>150</ViewTopMargin>
    <ViewRightMargin>150</ViewRightMargin>
    <ViewBottomMargin>150</ViewBottomMargin>
    <ViewPaperWidth>2481</ViewPaperWidth>
    <ViewPaperHeight>3507</ViewPaperHeight>
  </PageSettings>
</XTextDocument>