﻿<?xml version="1.0" encoding="utf-8"?>
<XTextDocument xmlns:xsi="http://www.w3.org/2001/XMLSchema-instance" xmlns:xsd="http://www.w3.org/2001/XMLSchema" EditorVersionString="1.1.1111.29376">
  <Attributes />
  <XElements>
    <Element xsi:type="XTextBody">
      <Attributes />
      <XElements>
        <Element xsi:type="XParagraphFlag" />
        <Element xsi:type="XString">
          <Text>主诉</Text>
        </Element>
        <Element xsi:type="XInputField">
          <ID>MainTell</ID>
          <Attributes />
          <XElements>
            <Element xsi:type="XString" StyleIndex="1">
              <Text>浮肿、尿检异常40日</Text>
            </Element>
            <Element xsi:type="XParagraphFlag" />
          </XElements>
          <TextValue>浮肿、尿检异常40日
</TextValue>
          <Name>主诉</Name>
          <InnerValue>浮肿、尿检异常40日
</InnerValue>
          <EnableHighlight>Disabled</EnableHighlight>
        </Element>
        <Element xsi:type="XParagraphFlag" />
        <Element xsi:type="XString">
          <Text>病史</Text>
        </Element>
        <Element xsi:type="XInputField">
          <ID>History</ID>
          <Attributes />
          <XElements>
            <Element xsi:type="XString">
              <Text>患者自今年3月初开始发现面部浮肿伴午后双下肢浮肿，劳累时加重，并感腰膝酸软，体重增加，纳差、恶心，无厌油及右季肋部疼痛。尿少色深，无肉眼血尿及尿频、尿急、尿痛。诊断为“</Text>
            </Element>
            <Element xsi:type="XInputField">
              <ID>kb0000000002</ID>
              <Attributes />
              <XElements>
                <Element xsi:type="XString">
                  <Text>肾病综合征型</Text>
                </Element>
              </XElements>
              <TextValue>肾病综合征型</TextValue>
              <Name>诊断列表</Name>
              <ValueBinding />
              <InnerValue>肾病综合征型</InnerValue>
              <BackgroundText>诊断列表</BackgroundText>
              <FieldSettings>
                <EditStyle>DropdownList</EditStyle>
                <ListSource>
                  <SourceName>0000000002</SourceName>
                  <Items />
                </ListSource>
              </FieldSettings>
            </Element>
            <Element xsi:type="XString">
              <Text>”，间断服用</Text>
            </Element>
            <Element xsi:type="XInputField">
              <ID>kb0000000004</ID>
              <Attributes />
              <XElements>
                <Element xsi:type="XString">
                  <Text>花旗参片、藿蓉补肾颗粒剂、滑石粉</Text>
                </Element>
              </XElements>
              <TextValue>花旗参片、藿蓉补肾颗粒剂、滑石粉</TextValue>
              <Name>药品列表</Name>
              <ValueBinding />
              <InnerValue>花旗参片、藿蓉补肾颗粒剂、滑石粉</InnerValue>
              <BackgroundText>药品列表</BackgroundText>
              <FieldSettings>
                <EditStyle>DropdownList</EditStyle>
                <MultiSelect>true</MultiSelect>
                <ListSource>
                  <SourceName>0000000004</SourceName>
                  <Items />
                </ListSource>
              </FieldSettings>
            </Element>
            <Element xsi:type="XString">
              <Text>，效果不明显，浮肿逐渐加重。发病一月来无发热、咽痛或关节肿痛。平素体质一般，无特殊病史。</Text>
            </Element>
            <Element xsi:type="XParagraphFlag" />
          </XElements>
          <TextValue>患者自今年3月初开始发现面部浮肿伴午后双下肢浮肿，劳累时加重，并感腰膝酸软，体重增加，纳差、恶心，无厌油及右季肋部疼痛。尿少色深，无肉眼血尿及尿频、尿急、尿痛。诊断为“肾病综合征型”，间断服用花旗参片、藿蓉补肾颗粒剂、滑石粉，效果不明显，浮肿逐渐加重。发病一月来无发热、咽痛或关节肿痛。平素体质一般，无特殊病史。
</TextValue>
          <Name>病史</Name>
          <InnerValue>患者自今年3月初开始发现面部浮肿伴午后双下肢浮肿，劳累时加重，并感腰膝酸软，体重增加，纳差、恶心，无厌油及右季肋部疼痛。尿少色深，无肉眼血尿及尿频、尿急、尿痛。诊断为“肾病综合征型”，间断服用花旗参片、藿蓉补肾颗粒剂、滑石粉，效果不明显，浮肿逐渐加重。发病一月来无发热、咽痛或关节肿痛。平素体质一般，无特殊病史。
</InnerValue>
          <EnableHighlight>Disabled</EnableHighlight>
        </Element>
        <Element xsi:type="XParagraphFlag" />
        <Element xsi:type="XString">
          <Text>诊断</Text>
        </Element>
        <Element xsi:type="XInputField">
          <ID>diagose</ID>
          <Attributes />
          <XElements>
            <Element xsi:type="XInputField">
              <ID>kb0000000002</ID>
              <Attributes />
              <XElements>
                <Element xsi:type="XString">
                  <Text>肾病综合征型</Text>
                </Element>
              </XElements>
              <TextValue>肾病综合征型</TextValue>
              <Name>诊断列表</Name>
              <ValueBinding />
              <InnerValue>肾病综合征型</InnerValue>
              <BackgroundText>诊断列表</BackgroundText>
              <FieldSettings>
                <EditStyle>DropdownList</EditStyle>
                <ListSource>
                  <SourceName>0000000002</SourceName>
                  <Items />
                </ListSource>
              </FieldSettings>
            </Element>
            <Element xsi:type="XParagraphFlag" />
          </XElements>
          <TextValue>肾病综合征型
</TextValue>
          <Name>诊断</Name>
          <InnerValue>肾病综合征型
</InnerValue>
          <EnableHighlight>Disabled</EnableHighlight>
        </Element>
        <Element xsi:type="XParagraphFlag" />
        <Element xsi:type="XString">
          <Text>辅助检查</Text>
        </Element>
        <Element xsi:type="XInputField">
          <ID>acheck</ID>
          <Attributes />
          <XElements>
            <Element xsi:type="XString" StyleIndex="1">
              <Text>查Alb 34.7g/L，尿蛋白2.52g（一次性）、尿沉渣红细胞725万/ml</Text>
            </Element>
            <Element xsi:type="XString">
              <Text>血肌酐:</Text>
            </Element>
            <Element xsi:type="XInputField">
              <ID>kb0000000000</ID>
              <Attributes />
              <XElements>
                <Element xsi:type="XString">
                  <Text>200ummol/L</Text>
                </Element>
              </XElements>
              <TextValue>200ummol/L</TextValue>
              <UnitText />
              <Name>血肌酐</Name>
              <InnerValue>200ummol/L</InnerValue>
              <BackgroundText>血肌酐</BackgroundText>
            </Element>
            <Element xsi:type="XString">
              <Text>,血尿素氮:</Text>
            </Element>
            <Element xsi:type="XInputField">
              <ID>kb0000000000</ID>
              <Attributes />
              <XElements>
                <Element xsi:type="XString">
                  <Text>11 ummol/L</Text>
                </Element>
              </XElements>
              <TextValue>11 ummol/L</TextValue>
              <UnitText />
              <Name>血尿素氮</Name>
              <InnerValue>11 ummol/L</InnerValue>
              <BackgroundText>血尿素氮</BackgroundText>
            </Element>
            <Element xsi:type="XParagraphFlag" />
          </XElements>
          <TextValue>查Alb 34.7g/L，尿蛋白2.52g（一次性）、尿沉渣红细胞725万/ml血肌酐:200ummol/L,血尿素氮:11 ummol/L
</TextValue>
          <Name>辅助检查</Name>
          <InnerValue>查Alb 34.7g/L，尿蛋白2.52g（一次性）、尿沉渣红细胞725万/ml血肌酐:200ummol/L,血尿素氮:11 ummol/L
</InnerValue>
          <EnableHighlight>Disabled</EnableHighlight>
        </Element>
        <Element xsi:type="XParagraphFlag" />
        <Element xsi:type="XString">
          <Text>体格检查</Text>
        </Element>
        <Element xsi:type="XInputField">
          <ID>bodycheck</ID>
          <Attributes />
          <XElements>
            <Element xsi:type="XInputField">
              <ID>kb0000000024</ID>
              <Attributes />
              <XElements>
                <Element xsi:type="XString">
                  <Text>慢性面容</Text>
                </Element>
              </XElements>
              <TextValue>慢性面容</TextValue>
              <Name>面容与表情</Name>
              <ValueBinding />
              <InnerValue>慢性面容</InnerValue>
              <BackgroundText>面容与表情</BackgroundText>
              <FieldSettings>
                <EditStyle>DropdownList</EditStyle>
                <ListSource>
                  <SourceName>0000000024</SourceName>
                  <Items />
                </ListSource>
              </FieldSettings>
            </Element>
            <Element xsi:type="XString">
              <Text>，面部及双下肢浮肿，心率79次/分，律齐</Text>
            </Element>
            <Element xsi:type="XParagraphFlag" />
          </XElements>
          <TextValue>慢性面容，面部及双下肢浮肿，心率79次/分，律齐
</TextValue>
          <Name>体格检查</Name>
          <InnerValue>慢性面容，面部及双下肢浮肿，心率79次/分，律齐
</InnerValue>
          <EnableHighlight>Disabled</EnableHighlight>
        </Element>
        <Element xsi:type="XParagraphFlag" />
      </XElements>
      <Sections />
    </Element>
    <Element xsi:type="XTextHeader">
      <Attributes />
      <XElements>
        <Element xsi:type="XParagraphFlag" StyleIndex="0">
          <AutoCreate>true</AutoCreate>
        </Element>
      </XElements>
    </Element>
    <Element xsi:type="XTextFooter">
      <Attributes />
      <XElements>
        <Element xsi:type="XParagraphFlag">
          <AutoCreate>true</AutoCreate>
        </Element>
      </XElements>
    </Element>
  </XElements>
  <ScriptText />
  <Info>
    <CreationTime>2013-04-02T17:19:53.6791215+08:00</CreationTime>
    <LastModifiedTime>2013-04-02T17:19:53.6791215+08:00</LastModifiedTime>
    <LastPrintTime>1980-01-01T00:00:00</LastPrintTime>
    <Operator>DCSoft.Writer Version:1.1.1111.29376</Operator>
  </Info>
  <BodyText>
  </BodyText>
  <UserHistories>
    <History>
      <ID />
      <Name />
      <SavedTime>2005-05-12T13:20:07</SavedTime>
    </History>
    <History>
      <ID />
      <Name />
      <SavedTime>2005-05-16T10:41:58</SavedTime>
    </History>
    <History>
      <ID />
      <Name />
      <SavedTime>2005-05-16T13:24:05</SavedTime>
    </History>
  </UserHistories>
  <ContentStyles>
    <Default xsi:type="DocumentContentStyle">
      <FontName>宋体</FontName>
    </Default>
    <Styles>
      <Style Index="0">
        <Align>Center</Align>
      </Style>
      <Style Index="1">
        <CreatorIndex>2</CreatorIndex>
      </Style>
    </Styles>
  </ContentStyles>
  <MeasureMode>OldCompatibility</MeasureMode>
  <PageSettings>
    <LeftMargin>50</LeftMargin>
    <TopMargin>50</TopMargin>
    <RightMargin>50</RightMargin>
    <BottomMargin>50</BottomMargin>
    <ViewLeftMargin>150</ViewLeftMargin>
    <ViewTopMargin>150</ViewTopMargin>
    <ViewRightMargin>150</ViewRightMargin>
    <ViewBottomMargin>150</ViewBottomMargin>
    <ViewPaperWidth>2481</ViewPaperWidth>
    <ViewPaperHeight>3507</ViewPaperHeight>
  </PageSettings>
</XTextDocument>