﻿<?xml version="1.0" encoding="utf-8"?>
<XTextDocument xmlns:xsi="http://www.w3.org/2001/XMLSchema-instance" xmlns:xsd="http://www.w3.org/2001/XMLSchema" EditorVersionString="1.1.1111.29376">
  <Attributes />
  <XElements>
    <Element xsi:type="XTextBody">
      <Attributes />
      <XElements>
        <Element xsi:type="XString" StyleIndex="1">
          <Text>多</Text>
        </Element>
        <Element xsi:type="XString">
          <Text>发生于</Text>
        </Element>
        <Element xsi:type="XInputField">
          <ID>kb0000002457</ID>
          <Attributes />
          <XElements>
            <Element xsi:type="XString">
              <Text>劳力</Text>
            </Element>
          </XElements>
          <TextValue>劳力</TextValue>
          <Name>冠心病症状出现原因</Name>
          <ValueBinding />
          <InnerValue>劳力</InnerValue>
          <BackgroundText>冠心病症状出现原因</BackgroundText>
          <FieldSettings>
            <EditStyle>DropdownList</EditStyle>
            <MultiSelect>true</MultiSelect>
            <ListSource>
              <SourceName>0000002457</SourceName>
              <Items />
            </ListSource>
          </FieldSettings>
        </Element>
        <Element xsi:type="XString">
          <Text>时，位于</Text>
        </Element>
        <Element xsi:type="XInputField">
          <ID>kb0000002458</ID>
          <Attributes />
          <XElements>
            <Element xsi:type="XString">
              <Text>胸骨后</Text>
            </Element>
          </XElements>
          <TextValue>胸骨后</TextValue>
          <Name>冠心病症状出现部位</Name>
          <ValueBinding />
          <InnerValue>胸骨后</InnerValue>
          <BackgroundText>冠心病症状出现部位</BackgroundText>
          <FieldSettings>
            <EditStyle>DropdownList</EditStyle>
            <MultiSelect>true</MultiSelect>
            <ListSource>
              <SourceName>0000002458</SourceName>
              <Items />
            </ListSource>
          </FieldSettings>
        </Element>
        <Element xsi:type="XString">
          <Text>，范围约</Text>
        </Element>
        <Element xsi:type="XInputField">
          <ID>kb0000002459</ID>
          <Attributes />
          <XElements>
            <Element xsi:type="XString">
              <Text>手掌大小</Text>
            </Element>
          </XElements>
          <TextValue>手掌大小</TextValue>
          <Name>冠心病症状涉及范围</Name>
          <ValueBinding />
          <InnerValue>手掌大小</InnerValue>
          <BackgroundText>冠心病症状涉及范围</BackgroundText>
          <FieldSettings>
            <EditStyle>DropdownList</EditStyle>
            <ListSource>
              <SourceName>0000002459</SourceName>
              <Items />
            </ListSource>
          </FieldSettings>
        </Element>
        <Element xsi:type="XString">
          <Text>，呈</Text>
        </Element>
        <Element xsi:type="XInputField">
          <ID>kb0000002460</ID>
          <Attributes />
          <XElements>
            <Element xsi:type="XString">
              <Text>压榨样</Text>
            </Element>
          </XElements>
          <TextValue>压榨样</TextValue>
          <Name>冠心病症状性质</Name>
          <ValueBinding />
          <InnerValue>压榨样</InnerValue>
          <BackgroundText>冠心病症状性质</BackgroundText>
          <FieldSettings>
            <EditStyle>DropdownList</EditStyle>
            <ListSource>
              <SourceName>0000002460</SourceName>
              <Items />
            </ListSource>
          </FieldSettings>
        </Element>
        <Element xsi:type="XString">
          <Text>，向</Text>
        </Element>
        <Element xsi:type="XInputField">
          <ID>kb0000002461</ID>
          <Attributes />
          <XElements>
            <Element xsi:type="XString">
              <Text>左肩</Text>
            </Element>
          </XElements>
          <TextValue>左肩</TextValue>
          <Name>冠心病症状放射部位</Name>
          <ValueBinding />
          <InnerValue>左肩</InnerValue>
          <BackgroundText>冠心病症状放射部位</BackgroundText>
          <FieldSettings>
            <EditStyle>DropdownList</EditStyle>
            <MultiSelect>true</MultiSelect>
            <ListSource>
              <SourceName>0000002461</SourceName>
              <Items />
            </ListSource>
          </FieldSettings>
        </Element>
        <Element xsi:type="XString">
          <Text>放射，休息或含服</Text>
        </Element>
        <Element xsi:type="XInputField">
          <ID>kb0000002463</ID>
          <Attributes />
          <XElements>
            <Element xsi:type="XString">
              <Text>硝酸甘油</Text>
            </Element>
          </XElements>
          <TextValue>硝酸甘油</TextValue>
          <Name>冠心病症状缓解服用药物</Name>
          <ValueBinding />
          <InnerValue>硝酸甘油</InnerValue>
          <BackgroundText>冠心病症状缓解服用药物</BackgroundText>
          <FieldSettings>
            <EditStyle>DropdownList</EditStyle>
            <MultiSelect>true</MultiSelect>
            <ListSource>
              <SourceName>0000002463</SourceName>
              <Items />
            </ListSource>
          </FieldSettings>
        </Element>
        <Element xsi:type="XString">
          <Text>后</Text>
        </Element>
        <Element xsi:type="XInputField">
          <ID>kb0000002347</ID>
          <Attributes />
          <XElements>
            <Element xsi:type="XString">
              <Text>分钟</Text>
            </Element>
          </XElements>
          <TextValue>分钟</TextValue>
          <Name>时间单位</Name>
          <ValueBinding />
          <InnerValue>分钟</InnerValue>
          <BackgroundText>时间单位</BackgroundText>
          <FieldSettings>
            <EditStyle>DropdownList</EditStyle>
            <ListSource>
              <SourceName>0000002347</SourceName>
              <Items />
            </ListSource>
          </FieldSettings>
        </Element>
        <Element xsi:type="XInputField">
          <ID>kb0000002465</ID>
          <Attributes />
          <XElements>
            <Element xsi:type="XString">
              <Text>可缓解</Text>
            </Element>
          </XElements>
          <TextValue>可缓解</TextValue>
          <Name>冠心病症状缓解</Name>
          <ValueBinding />
          <InnerValue>可缓解</InnerValue>
          <BackgroundText>冠心病症状缓解</BackgroundText>
          <FieldSettings>
            <EditStyle>DropdownList</EditStyle>
            <ListSource>
              <SourceName>0000002465</SourceName>
              <Items />
            </ListSource>
          </FieldSettings>
        </Element>
        <Element xsi:type="XString">
          <Text>，伴</Text>
        </Element>
        <Element xsi:type="XInputField">
          <ID>kb0000002466</ID>
          <Attributes />
          <XElements>
            <Element xsi:type="XString">
              <Text>出汗</Text>
            </Element>
          </XElements>
          <TextValue>出汗</TextValue>
          <Name>冠心病伴随症状</Name>
          <ValueBinding />
          <InnerValue>出汗</InnerValue>
          <BackgroundText>冠心病伴随症状</BackgroundText>
          <FieldSettings>
            <EditStyle>DropdownList</EditStyle>
            <MultiSelect>true</MultiSelect>
            <ListSource>
              <SourceName>0000002466</SourceName>
              <Items />
            </ListSource>
          </FieldSettings>
        </Element>
        <Element xsi:type="XString">
          <Text>。近</Text>
        </Element>
        <Element xsi:type="XInputField">
          <ID>kb0000002347</ID>
          <Attributes />
          <XElements>
            <Element xsi:type="XString">
              <Text>年</Text>
            </Element>
          </XElements>
          <TextValue>年</TextValue>
          <Name>时间单位</Name>
          <ValueBinding />
          <InnerValue>年</InnerValue>
          <BackgroundText>时间单位</BackgroundText>
          <FieldSettings>
            <EditStyle>DropdownList</EditStyle>
            <ListSource>
              <SourceName>0000002347</SourceName>
              <Items />
            </ListSource>
          </FieldSettings>
        </Element>
        <Element xsi:type="XString">
          <Text>来</Text>
        </Element>
        <Element xsi:type="XInputField">
          <ID>kb0000002470</ID>
          <Attributes />
          <XElements>
            <Element xsi:type="XString">
              <Text>发作频繁</Text>
            </Element>
          </XElements>
          <TextValue>发作频繁</TextValue>
          <Name>近期冠心病发作情况</Name>
          <ValueBinding />
          <InnerValue>发作频繁</InnerValue>
          <BackgroundText>近期冠心病发作情况</BackgroundText>
          <FieldSettings>
            <EditStyle>DropdownList</EditStyle>
            <MultiSelect>true</MultiSelect>
            <ListSource>
              <SourceName>0000002470</SourceName>
              <Items />
            </ListSource>
          </FieldSettings>
        </Element>
        <Element xsi:type="XString">
          <Text>。既往</Text>
        </Element>
        <Element xsi:type="XInputField">
          <ID>kb0000002522</ID>
          <Attributes />
          <XElements>
            <Element xsi:type="XString">
              <Text>有</Text>
            </Element>
          </XElements>
          <TextValue>有</TextValue>
          <Name>有无</Name>
          <ValueBinding />
          <InnerValue>有</InnerValue>
          <BackgroundText>有无</BackgroundText>
          <FieldSettings>
            <EditStyle>DropdownList</EditStyle>
            <ListSource>
              <SourceName>0000002522</SourceName>
              <Items />
            </ListSource>
          </FieldSettings>
        </Element>
        <Element xsi:type="XInputField">
          <ID>kb0000002455</ID>
          <Attributes />
          <XElements>
            <Element xsi:type="XString">
              <Text>高血压病</Text>
            </Element>
          </XElements>
          <TextValue>高血压病</TextValue>
          <Name>既往病史</Name>
          <ValueBinding />
          <InnerValue>高血压病</InnerValue>
          <BackgroundText>既往病史</BackgroundText>
          <FieldSettings>
            <EditStyle>DropdownList</EditStyle>
            <MultiSelect>true</MultiSelect>
            <ListSource>
              <SourceName>0000002455</SourceName>
              <Items />
            </ListSource>
          </FieldSettings>
        </Element>
        <Element xsi:type="XString" StyleIndex="2">
          <Text>病史</Text>
        </Element>
        <Element xsi:type="XString">
          <Text>。</Text>
        </Element>
        <Element xsi:type="XParagraphFlag" />
      </XElements>
      <Sections />
    </Element>
    <Element xsi:type="XTextHeader">
      <Attributes />
      <XElements>
        <Element xsi:type="XParagraphFlag" StyleIndex="0">
          <AutoCreate>true</AutoCreate>
        </Element>
      </XElements>
    </Element>
    <Element xsi:type="XTextFooter">
      <Attributes />
      <XElements>
        <Element xsi:type="XParagraphFlag">
          <AutoCreate>true</AutoCreate>
        </Element>
      </XElements>
    </Element>
  </XElements>
  <ScriptText />
  <Info>
    <CreationTime>2013-04-02T17:19:55.3612177+08:00</CreationTime>
    <LastModifiedTime>2013-04-02T17:19:55.3612177+08:00</LastModifiedTime>
    <LastPrintTime>1980-01-01T00:00:00</LastPrintTime>
    <Operator>DCSoft.Writer Version:1.1.1111.29376</Operator>
  </Info>
  <BodyText>
  </BodyText>
  <UserHistories>
    <History>
      <ID />
      <Name />
      <SavedTime>2005-03-29T16:44:40</SavedTime>
    </History>
    <History>
      <ID />
      <Name />
      <SavedTime>2005-04-02T10:24:55</SavedTime>
    </History>
    <History>
      <ID />
      <Name />
      <SavedTime>2005-04-02T10:34:27</SavedTime>
    </History>
    <History>
      <ID />
      <Name />
      <SavedTime>2005-04-02T10:45:10</SavedTime>
    </History>
    <History>
      <ID />
      <Name />
      <SavedTime>2005-04-22T13:52:01</SavedTime>
    </History>
    <History>
      <ID />
      <Name />
      <SavedTime>2005-04-28T08:46:26</SavedTime>
    </History>
  </UserHistories>
  <ContentStyles>
    <Default xsi:type="DocumentContentStyle">
      <FontName>宋体</FontName>
    </Default>
    <Styles>
      <Style Index="0">
        <Align>Center</Align>
      </Style>
      <Style Index="1">
        <CreatorIndex>4</CreatorIndex>
      </Style>
      <Style Index="2">
        <CreatorIndex>1</CreatorIndex>
      </Style>
    </Styles>
  </ContentStyles>
  <MeasureMode>OldCompatibility</MeasureMode>
  <PageSettings>
    <LeftMargin>50</LeftMargin>
    <TopMargin>50</TopMargin>
    <RightMargin>50</RightMargin>
    <BottomMargin>50</BottomMargin>
    <ViewLeftMargin>150</ViewLeftMargin>
    <ViewTopMargin>150</ViewTopMargin>
    <ViewRightMargin>150</ViewRightMargin>
    <ViewBottomMargin>150</ViewBottomMargin>
    <ViewPaperWidth>2481</ViewPaperWidth>
    <ViewPaperHeight>3507</ViewPaperHeight>
  </PageSettings>
</XTextDocument>