﻿<?xml version="1.0" encoding="utf-8"?>
<XTextDocument xmlns:xsi="http://www.w3.org/2001/XMLSchema-instance" xmlns:xsd="http://www.w3.org/2001/XMLSchema" EditorVersionString="1.1.1111.29376">
  <Attributes />
  <XElements>
    <Element xsi:type="XTextBody">
      <Attributes />
      <XElements>
        <Element xsi:type="XInputField">
          <ID>kb0000002905</ID>
          <Attributes />
          <XElements>
            <Element xsi:type="XString">
              <Text>B超</Text>
            </Element>
          </XElements>
          <TextValue>B超</TextValue>
          <Name>子宫肌瘤发现方式</Name>
          <ValueBinding />
          <InnerValue>B超</InnerValue>
          <BackgroundText>子宫肌瘤发现方式</BackgroundText>
          <FieldSettings>
            <EditStyle>DropdownList</EditStyle>
            <ListSource>
              <SourceName>0000002905</SourceName>
              <Items />
            </ListSource>
          </FieldSettings>
        </Element>
        <Element xsi:type="XString">
          <Text>发现子宫肌瘤   </Text>
        </Element>
        <Element xsi:type="XInputField">
          <ID>kb0000002867</ID>
          <Attributes />
          <XElements>
            <Element xsi:type="XString">
              <Text>月</Text>
            </Element>
          </XElements>
          <TextValue>月</TextValue>
          <Name>时间单位</Name>
          <ValueBinding />
          <InnerValue>月</InnerValue>
          <BackgroundText>时间单位</BackgroundText>
          <FieldSettings>
            <EditStyle>DropdownList</EditStyle>
            <ListSource>
              <SourceName>0000002867</SourceName>
              <Items />
            </ListSource>
          </FieldSettings>
        </Element>
        <Element xsi:type="XString">
          <Text>，</Text>
        </Element>
        <Element xsi:type="XInputField">
          <ID>kb0000002906</ID>
          <Attributes />
          <XElements>
            <Element xsi:type="XString">
              <Text>无月经改变</Text>
            </Element>
          </XElements>
          <TextValue>无月经改变</TextValue>
          <Name>子宫肌瘤月经改变</Name>
          <ValueBinding />
          <InnerValue>无月经改变</InnerValue>
          <BackgroundText>子宫肌瘤月经改变</BackgroundText>
          <FieldSettings>
            <EditStyle>DropdownList</EditStyle>
            <ListSource>
              <SourceName>0000002906</SourceName>
              <Items />
            </ListSource>
          </FieldSettings>
        </Element>
        <Element xsi:type="XString">
          <Text>，</Text>
        </Element>
        <Element xsi:type="XInputField">
          <ID>kb0000002908</ID>
          <Attributes />
          <XElements>
            <Element xsi:type="XString">
              <Text>无</Text>
            </Element>
          </XElements>
          <TextValue>无</TextValue>
          <Name>子宫肌瘤痛经</Name>
          <ValueBinding />
          <InnerValue>无</InnerValue>
          <BackgroundText>子宫肌瘤痛经</BackgroundText>
          <FieldSettings>
            <EditStyle>DropdownList</EditStyle>
            <ListSource>
              <SourceName>0000002908</SourceName>
              <Items />
            </ListSource>
          </FieldSettings>
        </Element>
        <Element xsi:type="XString">
          <Text>痛经，白带</Text>
        </Element>
        <Element xsi:type="XInputField">
          <ID>kb0000002909</ID>
          <Attributes />
          <XElements>
            <Element xsi:type="XString">
              <Text>不多</Text>
            </Element>
          </XElements>
          <TextValue>不多</TextValue>
          <Name>子宫肌瘤白带</Name>
          <ValueBinding />
          <InnerValue>不多</InnerValue>
          <BackgroundText>子宫肌瘤白带</BackgroundText>
          <FieldSettings>
            <EditStyle>DropdownList</EditStyle>
            <ListSource>
              <SourceName>0000002909</SourceName>
              <Items />
            </ListSource>
          </FieldSettings>
        </Element>
        <Element xsi:type="XString">
          <Text>，</Text>
        </Element>
        <Element xsi:type="XInputField">
          <ID>kb0000002910</ID>
          <Attributes />
          <XElements>
            <Element xsi:type="XString">
              <Text>无</Text>
            </Element>
          </XElements>
          <TextValue>无</TextValue>
          <Name>子宫肌瘤白带异味</Name>
          <ValueBinding />
          <InnerValue>无</InnerValue>
          <BackgroundText>子宫肌瘤白带异味</BackgroundText>
          <FieldSettings>
            <EditStyle>DropdownList</EditStyle>
            <ListSource>
              <SourceName>0000002910</SourceName>
              <Items />
            </ListSource>
          </FieldSettings>
        </Element>
        <Element xsi:type="XString">
          <Text>异味，</Text>
        </Element>
        <Element xsi:type="XInputField">
          <ID>kb0000002911</ID>
          <Attributes />
          <XElements>
            <Element xsi:type="XString">
              <Text>无腹痛</Text>
            </Element>
          </XElements>
          <TextValue>无腹痛</TextValue>
          <Name>子宫肌瘤腹痛</Name>
          <ValueBinding />
          <InnerValue>无腹痛</InnerValue>
          <BackgroundText>子宫肌瘤腹痛</BackgroundText>
          <FieldSettings>
            <EditStyle>DropdownList</EditStyle>
            <ListSource>
              <SourceName>0000002911</SourceName>
              <Items />
            </ListSource>
          </FieldSettings>
        </Element>
        <Element xsi:type="XString">
          <Text>、</Text>
        </Element>
        <Element xsi:type="XInputField">
          <ID>kb0000002912</ID>
          <Attributes />
          <XElements>
            <Element xsi:type="XString">
              <Text>无腰酸</Text>
            </Element>
          </XElements>
          <TextValue>无腰酸</TextValue>
          <Name>子宫肌瘤腰酸</Name>
          <ValueBinding />
          <InnerValue>无腰酸</InnerValue>
          <BackgroundText>子宫肌瘤腰酸</BackgroundText>
          <FieldSettings>
            <EditStyle>DropdownList</EditStyle>
            <ListSource>
              <SourceName>0000002912</SourceName>
              <Items />
            </ListSource>
          </FieldSettings>
        </Element>
        <Element xsi:type="XString">
          <Text>、</Text>
        </Element>
        <Element xsi:type="XInputField">
          <ID>kb0000002913</ID>
          <Attributes />
          <XElements>
            <Element xsi:type="XString">
              <Text>无下腹坠胀</Text>
            </Element>
          </XElements>
          <TextValue>无下腹坠胀</TextValue>
          <Name>子宫肌瘤下腹坠胀</Name>
          <ValueBinding />
          <InnerValue>无下腹坠胀</InnerValue>
          <BackgroundText>子宫肌瘤下腹坠胀</BackgroundText>
          <FieldSettings>
            <EditStyle>DropdownList</EditStyle>
            <ListSource>
              <SourceName>0000002913</SourceName>
              <Items />
            </ListSource>
          </FieldSettings>
        </Element>
        <Element xsi:type="XString">
          <Text>，</Text>
        </Element>
        <Element xsi:type="XInputField">
          <ID>kb0000002915</ID>
          <Attributes />
          <XElements>
            <Element xsi:type="XString">
              <Text>无</Text>
            </Element>
          </XElements>
          <TextValue>无</TextValue>
          <Name>子宫肌瘤伴随症状</Name>
          <ValueBinding />
          <InnerValue>无</InnerValue>
          <BackgroundText>子宫肌瘤伴随症状</BackgroundText>
          <FieldSettings>
            <EditStyle>DropdownList</EditStyle>
            <ListSource>
              <SourceName>0000002915</SourceName>
              <Items />
            </ListSource>
          </FieldSettings>
        </Element>
        <Element xsi:type="XInputField">
          <ID>kb0000002916</ID>
          <Attributes />
          <XElements>
            <Element xsi:type="XString">
              <Text>尿频、排尿困难、气短、心悸</Text>
            </Element>
          </XElements>
          <TextValue>尿频、排尿困难、气短、心悸</TextValue>
          <Name>子宫肌瘤伴随症状描述</Name>
          <ValueBinding />
          <InnerValue>尿频、排尿困难、气短、心悸</InnerValue>
          <BackgroundText>子宫肌瘤伴随症状描述</BackgroundText>
          <FieldSettings>
            <EditStyle>DropdownList</EditStyle>
            <MultiSelect>true</MultiSelect>
            <ListSource>
              <SourceName>0000002916</SourceName>
              <Items />
            </ListSource>
          </FieldSettings>
        </Element>
        <Element xsi:type="XString">
          <Text>等症状。近   </Text>
        </Element>
        <Element xsi:type="XInputField">
          <ID>kb0000002867</ID>
          <Attributes />
          <XElements>
            <Element xsi:type="XString">
              <Text>日</Text>
            </Element>
          </XElements>
          <TextValue>日</TextValue>
          <Name>时间单位</Name>
          <ValueBinding />
          <InnerValue>日</InnerValue>
          <BackgroundText>时间单位</BackgroundText>
          <FieldSettings>
            <EditStyle>DropdownList</EditStyle>
            <ListSource>
              <SourceName>0000002867</SourceName>
              <Items />
            </ListSource>
          </FieldSettings>
        </Element>
        <Element xsi:type="XInputField">
          <ID>kb0000002917</ID>
          <Attributes />
          <XElements>
            <Element xsi:type="XString">
              <Text>复查</Text>
            </Element>
          </XElements>
          <TextValue>复查</TextValue>
          <Name>子宫肌瘤近期检查方式</Name>
          <ValueBinding />
          <InnerValue>复查</InnerValue>
          <BackgroundText>子宫肌瘤近期检查方式</BackgroundText>
          <FieldSettings>
            <EditStyle>DropdownList</EditStyle>
            <ListSource>
              <SourceName>0000002917</SourceName>
              <Items />
            </ListSource>
          </FieldSettings>
        </Element>
        <Element xsi:type="XInputField">
          <ID>kb0000002918</ID>
          <Attributes />
          <XElements>
            <Element xsi:type="XString">
              <Text>肌瘤明显增大</Text>
            </Element>
          </XElements>
          <TextValue>肌瘤明显增大</TextValue>
          <Name>子宫肌瘤复查情况</Name>
          <ValueBinding />
          <InnerValue>肌瘤明显增大</InnerValue>
          <BackgroundText>子宫肌瘤复查情况</BackgroundText>
          <FieldSettings>
            <EditStyle>DropdownList</EditStyle>
            <ListSource>
              <SourceName>0000002918</SourceName>
              <Items />
            </ListSource>
          </FieldSettings>
        </Element>
        <Element xsi:type="XString">
          <Text>。</Text>
        </Element>
        <Element xsi:type="XParagraphFlag" />
      </XElements>
      <Sections />
    </Element>
    <Element xsi:type="XTextHeader">
      <Attributes />
      <XElements>
        <Element xsi:type="XParagraphFlag" StyleIndex="0">
          <AutoCreate>true</AutoCreate>
        </Element>
      </XElements>
    </Element>
    <Element xsi:type="XTextFooter">
      <Attributes />
      <XElements>
        <Element xsi:type="XParagraphFlag">
          <AutoCreate>true</AutoCreate>
        </Element>
      </XElements>
    </Element>
  </XElements>
  <ScriptText />
  <Info>
    <CreationTime>2013-04-02T17:19:56.5292845+08:00</CreationTime>
    <LastModifiedTime>2013-04-02T17:19:56.5292845+08:00</LastModifiedTime>
    <LastPrintTime>1980-01-01T00:00:00</LastPrintTime>
    <Operator>DCSoft.Writer Version:1.1.1111.29376</Operator>
  </Info>
  <BodyText>
  </BodyText>
  <UserHistories>
    <History>
      <ID />
      <Name />
      <SavedTime>2005-04-27T16:56:27</SavedTime>
    </History>
  </UserHistories>
  <ContentStyles>
    <Default xsi:type="DocumentContentStyle">
      <FontName>宋体</FontName>
    </Default>
    <Styles>
      <Style Index="0">
        <Align>Center</Align>
      </Style>
    </Styles>
  </ContentStyles>
  <MeasureMode>OldCompatibility</MeasureMode>
  <PageSettings>
    <LeftMargin>50</LeftMargin>
    <TopMargin>50</TopMargin>
    <RightMargin>50</RightMargin>
    <BottomMargin>50</BottomMargin>
    <ViewLeftMargin>150</ViewLeftMargin>
    <ViewTopMargin>150</ViewTopMargin>
    <ViewRightMargin>150</ViewRightMargin>
    <ViewBottomMargin>150</ViewBottomMargin>
    <ViewPaperWidth>2481</ViewPaperWidth>
    <ViewPaperHeight>3507</ViewPaperHeight>
  </PageSettings>
</XTextDocument>