﻿<?xml version="1.0" encoding="utf-8"?>
<XTextDocument xmlns:xsi="http://www.w3.org/2001/XMLSchema-instance" xmlns:xsd="http://www.w3.org/2001/XMLSchema" EditorVersionString="1.1.1111.29376">
  <Attributes />
  <XElements>
    <Element xsi:type="XTextBody">
      <Attributes />
      <XElements>
        <Element xsi:type="XString">
          <Text>患者    </Text>
        </Element>
        <Element xsi:type="XInputField">
          <ID>kb0000002774</ID>
          <Attributes />
          <XElements>
            <Element xsi:type="XString">
              <Text>月</Text>
            </Element>
          </XElements>
          <TextValue>月</TextValue>
          <Name>时间单位</Name>
          <ValueBinding />
          <InnerValue>月</InnerValue>
          <BackgroundText>时间单位</BackgroundText>
          <FieldSettings>
            <EditStyle>DropdownList</EditStyle>
            <ListSource>
              <SourceName>0000002774</SourceName>
              <Items />
            </ListSource>
          </FieldSettings>
        </Element>
        <Element xsi:type="XString">
          <Text>前无意中发现</Text>
        </Element>
        <Element xsi:type="XInputField">
          <ID>kb0000002775</ID>
          <Attributes />
          <XElements>
            <Element xsi:type="XString">
              <Text>左颈部</Text>
            </Element>
          </XElements>
          <TextValue>左颈部</TextValue>
          <Name>颈部包块部位</Name>
          <ValueBinding />
          <InnerValue>左颈部</InnerValue>
          <BackgroundText>颈部包块部位</BackgroundText>
          <FieldSettings>
            <EditStyle>DropdownList</EditStyle>
            <ListSource>
              <SourceName>0000002775</SourceName>
              <Items />
            </ListSource>
          </FieldSettings>
        </Element>
        <Element xsi:type="XString">
          <Text>有一    ×   cm的质</Text>
        </Element>
        <Element xsi:type="XInputField">
          <ID>kb0000002776</ID>
          <Attributes />
          <XElements>
            <Element xsi:type="XString">
              <Text>硬</Text>
            </Element>
          </XElements>
          <TextValue>硬</TextValue>
          <Name>颈部包块质地</Name>
          <ValueBinding />
          <InnerValue>硬</InnerValue>
          <BackgroundText>颈部包块质地</BackgroundText>
          <FieldSettings>
            <EditStyle>DropdownList</EditStyle>
            <ListSource>
              <SourceName>0000002776</SourceName>
              <Items />
            </ListSource>
          </FieldSettings>
        </Element>
        <Element xsi:type="XString">
          <Text>包块，</Text>
        </Element>
        <Element xsi:type="XInputField">
          <ID>kb0000002777</ID>
          <Attributes />
          <XElements>
            <Element xsi:type="XString">
              <Text>无</Text>
            </Element>
          </XElements>
          <TextValue>无</TextValue>
          <Name>颈部包块触痛</Name>
          <ValueBinding />
          <InnerValue>无</InnerValue>
          <BackgroundText>颈部包块触痛</BackgroundText>
          <FieldSettings>
            <EditStyle>DropdownList</EditStyle>
            <ListSource>
              <SourceName>0000002777</SourceName>
              <Items />
            </ListSource>
          </FieldSettings>
        </Element>
        <Element xsi:type="XString">
          <Text>触痛，与周围界线</Text>
        </Element>
        <Element xsi:type="XInputField">
          <ID>kb0000002778</ID>
          <Attributes />
          <XElements>
            <Element xsi:type="XString">
              <Text>清</Text>
            </Element>
          </XElements>
          <TextValue>清</TextValue>
          <Name>颈部包块与周围界线</Name>
          <ValueBinding />
          <InnerValue>清</InnerValue>
          <BackgroundText>颈部包块与周围界线</BackgroundText>
          <FieldSettings>
            <EditStyle>DropdownList</EditStyle>
            <ListSource>
              <SourceName>0000002778</SourceName>
              <Items />
            </ListSource>
          </FieldSettings>
        </Element>
        <Element xsi:type="XString">
          <Text>。</Text>
        </Element>
        <Element xsi:type="XInputField">
          <ID>kb0000002779</ID>
          <Attributes />
          <XElements>
            <Element xsi:type="XString">
              <Text>无</Text>
            </Element>
          </XElements>
          <TextValue>无</TextValue>
          <Name>咳嗽、咳痰</Name>
          <ValueBinding />
          <InnerValue>无</InnerValue>
          <BackgroundText>咳嗽、咳痰</BackgroundText>
          <FieldSettings>
            <EditStyle>DropdownList</EditStyle>
            <ListSource>
              <SourceName>0000002779</SourceName>
              <Items />
            </ListSource>
          </FieldSettings>
        </Element>
        <Element xsi:type="XString">
          <Text>咳嗽、咳痰，</Text>
        </Element>
        <Element xsi:type="XInputField">
          <ID>kb0000002781</ID>
          <Attributes />
          <XElements>
            <Element xsi:type="XString">
              <Text>无</Text>
            </Element>
          </XElements>
          <TextValue>无</TextValue>
          <Name>鼻塞、血涕</Name>
          <ValueBinding />
          <InnerValue>无</InnerValue>
          <BackgroundText>鼻塞、血涕</BackgroundText>
          <FieldSettings>
            <EditStyle>DropdownList</EditStyle>
            <ListSource>
              <SourceName>0000002781</SourceName>
              <Items />
            </ListSource>
          </FieldSettings>
        </Element>
        <Element xsi:type="XString">
          <Text>鼻塞、血涕，</Text>
        </Element>
        <Element xsi:type="XInputField">
          <ID>kb0000002782</ID>
          <Attributes />
          <XElements>
            <Element xsi:type="XString">
              <Text>无</Text>
            </Element>
          </XElements>
          <TextValue>无</TextValue>
          <Name>吞咽困难</Name>
          <ValueBinding />
          <InnerValue>无</InnerValue>
          <BackgroundText>吞咽困难</BackgroundText>
          <FieldSettings>
            <EditStyle>DropdownList</EditStyle>
            <ListSource>
              <SourceName>0000002782</SourceName>
              <Items />
            </ListSource>
          </FieldSettings>
        </Element>
        <Element xsi:type="XString">
          <Text>吞咽困难，</Text>
        </Element>
        <Element xsi:type="XInputField">
          <ID>kb0000002783</ID>
          <Attributes />
          <XElements>
            <Element xsi:type="XString">
              <Text>无</Text>
            </Element>
          </XElements>
          <TextValue>无</TextValue>
          <Name>腹痛、腹泻</Name>
          <ValueBinding />
          <InnerValue>无</InnerValue>
          <BackgroundText>腹痛、腹泻</BackgroundText>
          <FieldSettings>
            <EditStyle>DropdownList</EditStyle>
            <ListSource>
              <SourceName>0000002783</SourceName>
              <Items />
            </ListSource>
          </FieldSettings>
        </Element>
        <Element xsi:type="XString">
          <Text>腹痛、腹泻。既往</Text>
        </Element>
        <Element xsi:type="XInputField">
          <ID>kb0000002784</ID>
          <Attributes />
          <XElements>
            <Element xsi:type="XString">
              <Text>无</Text>
            </Element>
          </XElements>
          <TextValue>无</TextValue>
          <Name>既往病史</Name>
          <ValueBinding />
          <InnerValue>无</InnerValue>
          <BackgroundText>既往病史</BackgroundText>
          <FieldSettings>
            <EditStyle>DropdownList</EditStyle>
            <ListSource>
              <SourceName>0000002784</SourceName>
              <Items />
            </ListSource>
          </FieldSettings>
        </Element>
        <Element xsi:type="XInputField">
          <ID>kb0000002785</ID>
          <Attributes />
          <XElements>
            <Element xsi:type="XString">
              <Text>糖尿病、高血压</Text>
            </Element>
          </XElements>
          <TextValue>糖尿病、高血压</TextValue>
          <Name>颈部包块既往病史描述</Name>
          <ValueBinding />
          <InnerValue>糖尿病、高血压</InnerValue>
          <BackgroundText>颈部包块既往病史描述</BackgroundText>
          <FieldSettings>
            <EditStyle>DropdownList</EditStyle>
            <MultiSelect>true</MultiSelect>
            <ListSource>
              <SourceName>0000002785</SourceName>
              <Items />
            </ListSource>
          </FieldSettings>
        </Element>
        <Element xsi:type="XString">
          <Text>病史。</Text>
        </Element>
        <Element xsi:type="XParagraphFlag" />
      </XElements>
      <Sections />
    </Element>
    <Element xsi:type="XTextHeader">
      <Attributes />
      <XElements>
        <Element xsi:type="XParagraphFlag" StyleIndex="0">
          <AutoCreate>true</AutoCreate>
        </Element>
      </XElements>
    </Element>
    <Element xsi:type="XTextFooter">
      <Attributes />
      <XElements>
        <Element xsi:type="XParagraphFlag">
          <AutoCreate>true</AutoCreate>
        </Element>
      </XElements>
    </Element>
  </XElements>
  <ScriptText />
  <Info>
    <CreationTime>2013-04-02T17:19:56.2282673+08:00</CreationTime>
    <LastModifiedTime>2013-04-02T17:19:56.2282673+08:00</LastModifiedTime>
    <LastPrintTime>1980-01-01T00:00:00</LastPrintTime>
    <Operator>DCSoft.Writer Version:1.1.1111.29376</Operator>
  </Info>
  <BodyText>
  </BodyText>
  <UserHistories>
    <History>
      <ID />
      <Name />
      <SavedTime>2005-04-22T14:40:32</SavedTime>
    </History>
  </UserHistories>
  <ContentStyles>
    <Default xsi:type="DocumentContentStyle">
      <FontName>宋体</FontName>
    </Default>
    <Styles>
      <Style Index="0">
        <Align>Center</Align>
      </Style>
    </Styles>
  </ContentStyles>
  <MeasureMode>OldCompatibility</MeasureMode>
  <PageSettings>
    <LeftMargin>50</LeftMargin>
    <TopMargin>50</TopMargin>
    <RightMargin>50</RightMargin>
    <BottomMargin>50</BottomMargin>
    <ViewLeftMargin>150</ViewLeftMargin>
    <ViewTopMargin>150</ViewTopMargin>
    <ViewRightMargin>150</ViewRightMargin>
    <ViewBottomMargin>150</ViewBottomMargin>
    <ViewPaperWidth>2481</ViewPaperWidth>
    <ViewPaperHeight>3507</ViewPaperHeight>
  </PageSettings>
</XTextDocument>