﻿<?xml version="1.0" encoding="utf-8"?>
<XTextDocument xmlns:xsi="http://www.w3.org/2001/XMLSchema-instance" xmlns:xsd="http://www.w3.org/2001/XMLSchema" EditorVersionString="1.1.1111.29376">
  <Attributes />
  <XElements>
    <Element xsi:type="XTextBody">
      <Attributes />
      <XElements>
        <Element xsi:type="XString">
          <Text>饮食控制</Text>
        </Element>
        <Element xsi:type="XInputField">
          <ID>kb0000002373</ID>
          <Attributes />
          <XElements />
          <TextValue />
          <UnitText>年</UnitText>
          <Name>饮食控制时间</Name>
          <InnerValue />
          <BackgroundText>饮食控制时间</BackgroundText>
        </Element>
        <Element xsi:type="XString">
          <Text>，口服降糖药</Text>
        </Element>
        <Element xsi:type="XInputField">
          <ID>kb0000002374</ID>
          <Attributes />
          <XElements />
          <TextValue />
          <UnitText>年</UnitText>
          <Name>口服降糖药时间</Name>
          <InnerValue />
          <BackgroundText>口服降糖药时间</BackgroundText>
        </Element>
        <Element xsi:type="XString">
          <Text>，胰岛素治疗</Text>
        </Element>
        <Element xsi:type="XInputField">
          <ID>kb0000002375</ID>
          <Attributes />
          <XElements />
          <TextValue />
          <UnitText>年</UnitText>
          <Name>使用胰岛素时间</Name>
          <InnerValue />
          <BackgroundText>使用胰岛素时间</BackgroundText>
        </Element>
        <Element xsi:type="XString">
          <Text>。</Text>
        </Element>
        <Element xsi:type="XParagraphFlag" />
      </XElements>
      <Sections />
    </Element>
    <Element xsi:type="XTextHeader">
      <Attributes />
      <XElements>
        <Element xsi:type="XParagraphFlag" StyleIndex="0">
          <AutoCreate>true</AutoCreate>
        </Element>
      </XElements>
    </Element>
    <Element xsi:type="XTextFooter">
      <Attributes />
      <XElements>
        <Element xsi:type="XParagraphFlag">
          <AutoCreate>true</AutoCreate>
        </Element>
      </XElements>
    </Element>
  </XElements>
  <Info>
    <CreationTime>2013-04-02T17:19:55.2782129+08:00</CreationTime>
    <LastModifiedTime>2013-04-02T17:19:55.2782129+08:00</LastModifiedTime>
    <LastPrintTime>1980-01-01T00:00:00</LastPrintTime>
    <Operator>DCSoft.Writer Version:1.1.1111.29376</Operator>
  </Info>
  <BodyText>
  </BodyText>
  <UserHistories>
    <History>
      <ID />
      <Name />
      <SavedTime>2005-03-24T10:19:29</SavedTime>
    </History>
  </UserHistories>
  <ContentStyles>
    <Default xsi:type="DocumentContentStyle">
      <FontName>宋体</FontName>
    </Default>
    <Styles>
      <Style Index="0">
        <Align>Center</Align>
      </Style>
    </Styles>
  </ContentStyles>
  <MeasureMode>OldCompatibility</MeasureMode>
  <PageSettings>
    <LeftMargin>50</LeftMargin>
    <TopMargin>50</TopMargin>
    <RightMargin>50</RightMargin>
    <BottomMargin>50</BottomMargin>
    <ViewLeftMargin>150</ViewLeftMargin>
    <ViewTopMargin>150</ViewTopMargin>
    <ViewRightMargin>150</ViewRightMargin>
    <ViewBottomMargin>150</ViewBottomMargin>
    <ViewPaperWidth>2481</ViewPaperWidth>
    <ViewPaperHeight>3507</ViewPaperHeight>
  </PageSettings>
</XTextDocument>