﻿<?xml version="1.0" encoding="utf-8"?>
<XTextDocument xmlns:xsi="http://www.w3.org/2001/XMLSchema-instance" xmlns:xsd="http://www.w3.org/2001/XMLSchema" EditorVersionString="1.1.1111.29376">
  <Attributes />
  <XElements>
    <Element xsi:type="XTextBody">
      <Attributes />
      <XElements>
        <Element xsi:type="XString">
          <Text>颈部皮肤</Text>
        </Element>
        <Element xsi:type="XInputField">
          <ID>kb0000002764</ID>
          <Attributes />
          <XElements>
            <Element xsi:type="XString">
              <Text>光滑</Text>
            </Element>
          </XElements>
          <TextValue>光滑</TextValue>
          <Name>颈部皮肤</Name>
          <ValueBinding />
          <InnerValue>光滑</InnerValue>
          <BackgroundText>颈部皮肤</BackgroundText>
          <FieldSettings>
            <EditStyle>DropdownList</EditStyle>
            <MultiSelect>true</MultiSelect>
            <ListSource>
              <SourceName>0000002764</SourceName>
              <Items />
            </ListSource>
          </FieldSettings>
        </Element>
        <Element xsi:type="XString">
          <Text>；喉体</Text>
        </Element>
        <Element xsi:type="XInputField">
          <ID>kb0000002765</ID>
          <Attributes />
          <XElements>
            <Element xsi:type="XString">
              <Text>正常</Text>
            </Element>
          </XElements>
          <TextValue>正常</TextValue>
          <Name>喉体</Name>
          <ValueBinding />
          <InnerValue>正常</InnerValue>
          <BackgroundText>喉体</BackgroundText>
          <FieldSettings>
            <EditStyle>DropdownList</EditStyle>
            <ListSource>
              <SourceName>0000002765</SourceName>
              <Items />
            </ListSource>
          </FieldSettings>
        </Element>
        <Element xsi:type="XString">
          <Text>，</Text>
        </Element>
        <Element xsi:type="XInputField">
          <ID>kb0000002766</ID>
          <Attributes />
          <XElements>
            <Element xsi:type="XString">
              <Text>无</Text>
            </Element>
          </XElements>
          <TextValue>无</TextValue>
          <Name>喉体触压痛</Name>
          <ValueBinding />
          <InnerValue>无</InnerValue>
          <BackgroundText>喉体触压痛</BackgroundText>
          <FieldSettings>
            <EditStyle>DropdownList</EditStyle>
            <ListSource>
              <SourceName>0000002766</SourceName>
              <Items />
            </ListSource>
          </FieldSettings>
        </Element>
        <Element xsi:type="XString">
          <Text>触压痛；</Text>
        </Element>
        <Element xsi:type="XInputField">
          <ID>kb0000002767</ID>
          <Attributes />
          <XElements>
            <Element xsi:type="XString">
              <Text>双侧</Text>
            </Element>
          </XElements>
          <TextValue>双侧</TextValue>
          <Name>甲状腺症状描述部位</Name>
          <ValueBinding />
          <InnerValue>双侧</InnerValue>
          <BackgroundText>甲状腺症状描述部位</BackgroundText>
          <FieldSettings>
            <EditStyle>DropdownList</EditStyle>
            <ListSource>
              <SourceName>0000002767</SourceName>
              <Items />
            </ListSource>
          </FieldSettings>
        </Element>
        <Element xsi:type="XString">
          <Text>甲状腺</Text>
        </Element>
        <Element xsi:type="XInputField">
          <ID>kb0000002768</ID>
          <Attributes />
          <XElements>
            <Element xsi:type="XString">
              <Text>无肿大</Text>
            </Element>
          </XElements>
          <TextValue>无肿大</TextValue>
          <Name>甲状腺症状</Name>
          <ValueBinding />
          <InnerValue>无肿大</InnerValue>
          <BackgroundText>甲状腺症状</BackgroundText>
          <FieldSettings>
            <EditStyle>DropdownList</EditStyle>
            <MultiSelect>true</MultiSelect>
            <ListSource>
              <SourceName>0000002768</SourceName>
              <Items />
            </ListSource>
          </FieldSettings>
        </Element>
        <Element xsi:type="XString">
          <Text>。颈部未扪及肿大淋巴结。</Text>
        </Element>
        <Element xsi:type="XParagraphFlag" />
      </XElements>
      <Sections />
    </Element>
    <Element xsi:type="XTextHeader">
      <Attributes />
      <XElements>
        <Element xsi:type="XParagraphFlag" StyleIndex="0">
          <AutoCreate>true</AutoCreate>
        </Element>
      </XElements>
    </Element>
    <Element xsi:type="XTextFooter">
      <Attributes />
      <XElements>
        <Element xsi:type="XParagraphFlag">
          <AutoCreate>true</AutoCreate>
        </Element>
      </XElements>
    </Element>
  </XElements>
  <ScriptText />
  <Info>
    <CreationTime>2013-04-02T17:19:56.189265+08:00</CreationTime>
    <LastModifiedTime>2013-04-02T17:19:56.189265+08:00</LastModifiedTime>
    <LastPrintTime>1980-01-01T00:00:00</LastPrintTime>
    <Operator>DCSoft.Writer Version:1.1.1111.29376</Operator>
  </Info>
  <BodyText>
  </BodyText>
  <UserHistories>
    <History>
      <ID />
      <Name />
      <SavedTime>2005-04-22T13:24:04</SavedTime>
    </History>
  </UserHistories>
  <ContentStyles>
    <Default xsi:type="DocumentContentStyle">
      <FontName>宋体</FontName>
    </Default>
    <Styles>
      <Style Index="0">
        <Align>Center</Align>
      </Style>
    </Styles>
  </ContentStyles>
  <MeasureMode>OldCompatibility</MeasureMode>
  <PageSettings>
    <LeftMargin>50</LeftMargin>
    <TopMargin>50</TopMargin>
    <RightMargin>50</RightMargin>
    <BottomMargin>50</BottomMargin>
    <ViewLeftMargin>150</ViewLeftMargin>
    <ViewTopMargin>150</ViewTopMargin>
    <ViewRightMargin>150</ViewRightMargin>
    <ViewBottomMargin>150</ViewBottomMargin>
    <ViewPaperWidth>2481</ViewPaperWidth>
    <ViewPaperHeight>3507</ViewPaperHeight>
  </PageSettings>
</XTextDocument>