﻿<?xml version="1.0" encoding="utf-8"?>
<XTextDocument xmlns:xsi="http://www.w3.org/2001/XMLSchema-instance" xmlns:xsd="http://www.w3.org/2001/XMLSchema" EditorVersionString="1.1.1111.29376">
  <Attributes />
  <XElements>
    <Element xsi:type="XTextBody">
      <Attributes />
      <XElements>
        <Element xsi:type="XString">
          <Text>外鼻</Text>
        </Element>
        <Element xsi:type="XInputField">
          <ID>kb0000002738</ID>
          <Attributes />
          <XElements>
            <Element xsi:type="XString">
              <Text>无畸形</Text>
            </Element>
          </XElements>
          <TextValue>无畸形</TextValue>
          <Name>外鼻症状</Name>
          <ValueBinding />
          <InnerValue>无畸形</InnerValue>
          <BackgroundText>外鼻症状</BackgroundText>
          <FieldSettings>
            <EditStyle>DropdownList</EditStyle>
            <MultiSelect>true</MultiSelect>
            <ListSource>
              <SourceName>0000002738</SourceName>
              <Items />
            </ListSource>
          </FieldSettings>
        </Element>
        <Element xsi:type="XString">
          <Text>；鼻前庭</Text>
        </Element>
        <Element xsi:type="XInputField">
          <ID>kb0000002739</ID>
          <Attributes />
          <XElements>
            <Element xsi:type="XString">
              <Text>正常</Text>
            </Element>
          </XElements>
          <TextValue>正常</TextValue>
          <Name>鼻前庭症状</Name>
          <ValueBinding />
          <InnerValue>正常</InnerValue>
          <BackgroundText>鼻前庭症状</BackgroundText>
          <FieldSettings>
            <EditStyle>DropdownList</EditStyle>
            <MultiSelect>true</MultiSelect>
            <ListSource>
              <SourceName>0000002739</SourceName>
              <Items />
            </ListSource>
          </FieldSettings>
        </Element>
        <Element xsi:type="XString">
          <Text>；</Text>
        </Element>
        <Element xsi:type="XInputField">
          <ID>kb0000002740</ID>
          <Attributes />
          <XElements>
            <Element xsi:type="XString">
              <Text>双侧</Text>
            </Element>
          </XElements>
          <TextValue>双侧</TextValue>
          <Name>鼻甲症状描述部位</Name>
          <ValueBinding />
          <InnerValue>双侧</InnerValue>
          <BackgroundText>鼻甲症状描述部位</BackgroundText>
          <FieldSettings>
            <EditStyle>DropdownList</EditStyle>
            <ListSource>
              <SourceName>0000002740</SourceName>
              <Items />
            </ListSource>
          </FieldSettings>
        </Element>
        <Element xsi:type="XInputField">
          <ID>kb0000002741</ID>
          <Attributes />
          <XElements>
            <Element xsi:type="XString">
              <Text>中</Text>
            </Element>
          </XElements>
          <TextValue>中</TextValue>
          <Name>鼻甲症状描述位置</Name>
          <ValueBinding />
          <InnerValue>中</InnerValue>
          <BackgroundText>鼻甲症状描述位置</BackgroundText>
          <FieldSettings>
            <EditStyle>DropdownList</EditStyle>
            <ListSource>
              <SourceName>0000002741</SourceName>
              <Items />
            </ListSource>
          </FieldSettings>
        </Element>
        <Element xsi:type="XString">
          <Text>鼻甲</Text>
        </Element>
        <Element xsi:type="XInputField">
          <ID>kb0000002742</ID>
          <Attributes />
          <XElements>
            <Element xsi:type="XString">
              <Text>粉红色</Text>
            </Element>
          </XElements>
          <TextValue>粉红色</TextValue>
          <Name>鼻甲症状</Name>
          <ValueBinding />
          <InnerValue>粉红色</InnerValue>
          <BackgroundText>鼻甲症状</BackgroundText>
          <FieldSettings>
            <EditStyle>DropdownList</EditStyle>
            <MultiSelect>true</MultiSelect>
            <ListSource>
              <SourceName>0000002742</SourceName>
              <Items />
            </ListSource>
          </FieldSettings>
        </Element>
        <Element xsi:type="XString">
          <Text>；鼻中隔</Text>
        </Element>
        <Element xsi:type="XInputField">
          <ID>kb0000002743</ID>
          <Attributes />
          <XElements>
            <Element xsi:type="XString">
              <Text>居中</Text>
            </Element>
          </XElements>
          <TextValue>居中</TextValue>
          <Name>鼻中隔</Name>
          <ValueBinding />
          <InnerValue>居中</InnerValue>
          <BackgroundText>鼻中隔</BackgroundText>
          <FieldSettings>
            <EditStyle>DropdownList</EditStyle>
            <ListSource>
              <SourceName>0000002743</SourceName>
              <Items />
            </ListSource>
          </FieldSettings>
        </Element>
        <Element xsi:type="XInputField">
          <ID>kb0000002744</ID>
          <Attributes />
          <XElements>
            <Element xsi:type="XString">
              <Text>前下端充血、糜烂</Text>
            </Element>
          </XElements>
          <TextValue>前下端充血、糜烂</TextValue>
          <Name>鼻中隔症状</Name>
          <ValueBinding />
          <InnerValue>前下端充血、糜烂</InnerValue>
          <BackgroundText>鼻中隔症状</BackgroundText>
          <FieldSettings>
            <EditStyle>DropdownList</EditStyle>
            <MultiSelect>true</MultiSelect>
            <ListSource>
              <SourceName>0000002744</SourceName>
              <Items />
            </ListSource>
          </FieldSettings>
        </Element>
        <Element xsi:type="XString">
          <Text>；复方利多卡因收缩</Text>
        </Element>
        <Element xsi:type="XInputField">
          <ID>kb0000002745</ID>
          <Attributes />
          <XElements>
            <Element xsi:type="XString">
              <Text>敏感</Text>
            </Element>
          </XElements>
          <TextValue>敏感</TextValue>
          <Name>复方利多卡因收缩</Name>
          <ValueBinding />
          <InnerValue>敏感</InnerValue>
          <BackgroundText>复方利多卡因收缩</BackgroundText>
          <FieldSettings>
            <EditStyle>DropdownList</EditStyle>
            <ListSource>
              <SourceName>0000002745</SourceName>
              <Items />
            </ListSource>
          </FieldSettings>
        </Element>
        <Element xsi:type="XString">
          <Text>；各鼻道及嗅裂</Text>
        </Element>
        <Element xsi:type="XInputField">
          <ID>kb0000002746</ID>
          <Attributes />
          <XElements>
            <Element xsi:type="XString">
              <Text>无分泌物</Text>
            </Element>
          </XElements>
          <TextValue>无分泌物</TextValue>
          <Name>各鼻道及嗅裂</Name>
          <ValueBinding />
          <InnerValue>无分泌物</InnerValue>
          <BackgroundText>各鼻道及嗅裂</BackgroundText>
          <FieldSettings>
            <EditStyle>DropdownList</EditStyle>
            <MultiSelect>true</MultiSelect>
            <ListSource>
              <SourceName>0000002746</SourceName>
              <Items />
            </ListSource>
          </FieldSettings>
        </Element>
        <Element xsi:type="XString">
          <Text>，鼻腔</Text>
        </Element>
        <Element xsi:type="XInputField">
          <ID>kb0000002747</ID>
          <Attributes />
          <XElements>
            <Element xsi:type="XString">
              <Text>通畅</Text>
            </Element>
          </XElements>
          <TextValue>通畅</TextValue>
          <Name>鼻腔</Name>
          <ValueBinding />
          <InnerValue>通畅</InnerValue>
          <BackgroundText>鼻腔</BackgroundText>
          <FieldSettings>
            <EditStyle>DropdownList</EditStyle>
            <ListSource>
              <SourceName>0000002747</SourceName>
              <Items />
            </ListSource>
          </FieldSettings>
        </Element>
        <Element xsi:type="XString">
          <Text>；各鼻窦区无压痛。</Text>
        </Element>
        <Element xsi:type="XParagraphFlag" />
      </XElements>
      <Sections />
    </Element>
    <Element xsi:type="XTextHeader">
      <Attributes />
      <XElements>
        <Element xsi:type="XParagraphFlag" StyleIndex="0">
          <AutoCreate>true</AutoCreate>
        </Element>
      </XElements>
    </Element>
    <Element xsi:type="XTextFooter">
      <Attributes />
      <XElements>
        <Element xsi:type="XParagraphFlag">
          <AutoCreate>true</AutoCreate>
        </Element>
      </XElements>
    </Element>
  </XElements>
  <ScriptText />
  <Info>
    <CreationTime>2013-04-02T17:19:56.1662637+08:00</CreationTime>
    <LastModifiedTime>2013-04-02T17:19:56.1662637+08:00</LastModifiedTime>
    <LastPrintTime>1980-01-01T00:00:00</LastPrintTime>
    <Operator>DCSoft.Writer Version:1.1.1111.29376</Operator>
  </Info>
  <BodyText>
  </BodyText>
  <UserHistories>
    <History>
      <ID />
      <Name />
      <SavedTime>2005-04-22T12:58:04</SavedTime>
    </History>
    <History>
      <ID />
      <Name />
      <SavedTime>2005-04-22T13:34:33</SavedTime>
    </History>
  </UserHistories>
  <ContentStyles>
    <Default xsi:type="DocumentContentStyle">
      <FontName>宋体</FontName>
    </Default>
    <Styles>
      <Style Index="0">
        <Align>Center</Align>
      </Style>
    </Styles>
  </ContentStyles>
  <MeasureMode>OldCompatibility</MeasureMode>
  <PageSettings>
    <LeftMargin>50</LeftMargin>
    <TopMargin>50</TopMargin>
    <RightMargin>50</RightMargin>
    <BottomMargin>50</BottomMargin>
    <ViewLeftMargin>150</ViewLeftMargin>
    <ViewTopMargin>150</ViewTopMargin>
    <ViewRightMargin>150</ViewRightMargin>
    <ViewBottomMargin>150</ViewBottomMargin>
    <ViewPaperWidth>2481</ViewPaperWidth>
    <ViewPaperHeight>3507</ViewPaperHeight>
  </PageSettings>
</XTextDocument>