﻿<?xml version="1.0" encoding="utf-8"?>
<XTextDocument xmlns:xsi="http://www.w3.org/2001/XMLSchema-instance" xmlns:xsd="http://www.w3.org/2001/XMLSchema" EditorVersionString="1.1.1111.29376">
  <Attributes />
  <XElements>
    <Element xsi:type="XTextBody">
      <Attributes />
      <XElements>
        <Element xsi:type="XString">
          <Text>患者末次月经  年  月  日，停经  </Text>
        </Element>
        <Element xsi:type="XInputField">
          <ID>kb0000002867</ID>
          <Attributes />
          <XElements>
            <Element xsi:type="XString">
              <Text>日</Text>
            </Element>
          </XElements>
          <TextValue>日</TextValue>
          <Name>时间单位</Name>
          <ValueBinding />
          <InnerValue>日</InnerValue>
          <BackgroundText>时间单位</BackgroundText>
          <FieldSettings>
            <EditStyle>DropdownList</EditStyle>
            <ListSource>
              <SourceName>0000002867</SourceName>
              <Items />
            </ListSource>
          </FieldSettings>
        </Element>
        <Element xsi:type="XString">
          <Text>开始阴道流血，量</Text>
        </Element>
        <Element xsi:type="XInputField">
          <ID>kb0000002883</ID>
          <Attributes />
          <XElements>
            <Element xsi:type="XString">
              <Text>多</Text>
            </Element>
          </XElements>
          <TextValue>多</TextValue>
          <Name>阴道流血量</Name>
          <ValueBinding />
          <InnerValue>多</InnerValue>
          <BackgroundText>阴道流血量</BackgroundText>
          <FieldSettings>
            <EditStyle>DropdownList</EditStyle>
            <ListSource>
              <SourceName>0000002883</SourceName>
              <Items />
            </ListSource>
          </FieldSettings>
        </Element>
        <Element xsi:type="XString">
          <Text>，</Text>
        </Element>
        <Element xsi:type="XInputField">
          <ID>kb0000002884</ID>
          <Attributes />
          <XElements>
            <Element xsi:type="XString">
              <Text>无</Text>
            </Element>
          </XElements>
          <TextValue>无</TextValue>
          <Name>肉样组织排除</Name>
          <ValueBinding />
          <InnerValue>无</InnerValue>
          <BackgroundText>肉样组织排除</BackgroundText>
          <FieldSettings>
            <EditStyle>DropdownList</EditStyle>
            <ListSource>
              <SourceName>0000002884</SourceName>
              <Items />
            </ListSource>
          </FieldSettings>
        </Element>
        <Element xsi:type="XString">
          <Text>肉样组织排除，</Text>
        </Element>
        <Element xsi:type="XInputField">
          <ID>kb0000002885</ID>
          <Attributes />
          <XElements>
            <Element xsi:type="XString">
              <Text>伴</Text>
            </Element>
          </XElements>
          <TextValue>伴</TextValue>
          <Name>阴道流血伴腹痛</Name>
          <ValueBinding />
          <InnerValue>伴</InnerValue>
          <BackgroundText>阴道流血伴腹痛</BackgroundText>
          <FieldSettings>
            <EditStyle>DropdownList</EditStyle>
            <ListSource>
              <SourceName>0000002885</SourceName>
              <Items />
            </ListSource>
          </FieldSettings>
        </Element>
        <Element xsi:type="XString">
          <Text>腹痛，</Text>
        </Element>
        <Element xsi:type="XInputField">
          <ID>kb0000002886</ID>
          <Attributes />
          <XElements>
            <Element xsi:type="XString">
              <Text>不伴</Text>
            </Element>
          </XElements>
          <TextValue>不伴</TextValue>
          <Name>阴道流血伴随症状</Name>
          <ValueBinding />
          <InnerValue>不伴</InnerValue>
          <BackgroundText>阴道流血伴随症状</BackgroundText>
          <FieldSettings>
            <EditStyle>DropdownList</EditStyle>
            <ListSource>
              <SourceName>0000002886</SourceName>
              <Items />
            </ListSource>
          </FieldSettings>
        </Element>
        <Element xsi:type="XInputField">
          <ID>kb0000002887</ID>
          <Attributes />
          <XElements>
            <Element xsi:type="XString">
              <Text>咳嗽、咳痰、咯血</Text>
            </Element>
          </XElements>
          <TextValue>咳嗽、咳痰、咯血</TextValue>
          <Name>阴道流血伴随症状描述</Name>
          <ValueBinding />
          <InnerValue>咳嗽、咳痰、咯血</InnerValue>
          <BackgroundText>阴道流血伴随症状描述</BackgroundText>
          <FieldSettings>
            <EditStyle>DropdownList</EditStyle>
            <MultiSelect>true</MultiSelect>
            <ListSource>
              <SourceName>0000002887</SourceName>
              <Items />
            </ListSource>
          </FieldSettings>
        </Element>
        <Element xsi:type="XString">
          <Text>等症状，曾于  年  月  日在</Text>
        </Element>
        <Element xsi:type="XInputField">
          <ID>kb0000002888</ID>
          <Attributes />
          <XElements>
            <Element xsi:type="XString">
              <Text>外院</Text>
            </Element>
          </XElements>
          <TextValue>外院</TextValue>
          <Name>诊刮术施行医院</Name>
          <ValueBinding />
          <InnerValue>外院</InnerValue>
          <BackgroundText>诊刮术施行医院</BackgroundText>
          <FieldSettings>
            <EditStyle>DropdownList</EditStyle>
            <ListSource>
              <SourceName>0000002888</SourceName>
              <Items />
            </ListSource>
          </FieldSettings>
        </Element>
        <Element xsi:type="XString">
          <Text>行诊刮术，刮出物病理报告为</Text>
        </Element>
        <Element xsi:type="XInputField">
          <ID>kb0000002889</ID>
          <Attributes />
          <XElements>
            <Element xsi:type="XString">
              <Text>胎盘绒毛变性</Text>
            </Element>
          </XElements>
          <TextValue>胎盘绒毛变性</TextValue>
          <Name>诊刮术病理报告</Name>
          <ValueBinding />
          <InnerValue>胎盘绒毛变性</InnerValue>
          <BackgroundText>诊刮术病理报告</BackgroundText>
          <FieldSettings>
            <EditStyle>DropdownList</EditStyle>
            <ListSource>
              <SourceName>0000002889</SourceName>
              <Items />
            </ListSource>
          </FieldSettings>
        </Element>
        <Element xsi:type="XString">
          <Text>，术后</Text>
        </Element>
        <Element xsi:type="XInputField">
          <ID>kb0000002890</ID>
          <Attributes />
          <XElements>
            <Element xsi:type="XString">
              <Text>未予化疗</Text>
            </Element>
          </XElements>
          <TextValue>未予化疗</TextValue>
          <Name>诊刮术术后化疗</Name>
          <ValueBinding />
          <InnerValue>未予化疗</InnerValue>
          <BackgroundText>诊刮术术后化疗</BackgroundText>
          <FieldSettings>
            <EditStyle>DropdownList</EditStyle>
            <ListSource>
              <SourceName>0000002890</SourceName>
              <Items />
            </ListSource>
          </FieldSettings>
        </Element>
        <Element xsi:type="XString" StyleIndex="1">
          <Text>。</Text>
        </Element>
        <Element xsi:type="XString">
          <Text>血HCG于刮宫术后   </Text>
        </Element>
        <Element xsi:type="XInputField">
          <ID>kb0000002867</ID>
          <Attributes />
          <XElements>
            <Element xsi:type="XString">
              <Text>日</Text>
            </Element>
          </XElements>
          <TextValue>日</TextValue>
          <Name>时间单位</Name>
          <ValueBinding />
          <InnerValue>日</InnerValue>
          <BackgroundText>时间单位</BackgroundText>
          <FieldSettings>
            <EditStyle>DropdownList</EditStyle>
            <ListSource>
              <SourceName>0000002867</SourceName>
              <Items />
            </ListSource>
          </FieldSettings>
        </Element>
        <Element xsi:type="XString">
          <Text>降至正常，于  年  月  日</Text>
        </Element>
        <Element xsi:type="XInputField">
          <ID>kb0000002892</ID>
          <Attributes />
          <XElements>
            <Element xsi:type="XString">
              <Text>外院</Text>
            </Element>
          </XElements>
          <TextValue>外院</TextValue>
          <Name>HCG检查医院</Name>
          <ValueBinding />
          <InnerValue>外院</InnerValue>
          <BackgroundText>HCG检查医院</BackgroundText>
          <FieldSettings>
            <EditStyle>DropdownList</EditStyle>
            <ListSource>
              <SourceName>0000002892</SourceName>
              <Items />
            </ListSource>
          </FieldSettings>
        </Element>
        <Element xsi:type="XString">
          <Text>查HCG</Text>
        </Element>
        <Element xsi:type="XInputField">
          <ID>kb0000002893</ID>
          <Attributes />
          <XElements>
            <Element xsi:type="XString">
              <Text>正常</Text>
            </Element>
          </XElements>
          <TextValue>正常</TextValue>
          <Name>HCG</Name>
          <ValueBinding />
          <InnerValue>正常</InnerValue>
          <BackgroundText>HCG</BackgroundText>
          <FieldSettings>
            <EditStyle>DropdownList</EditStyle>
            <ListSource>
              <SourceName>0000002893</SourceName>
              <Items />
            </ListSource>
          </FieldSettings>
        </Element>
        <Element xsi:type="XString">
          <Text>，具体值   ，外院体检发现        。于  年  月  日在</Text>
        </Element>
        <Element xsi:type="XInputField">
          <ID>kb0000002894</ID>
          <Attributes />
          <XElements>
            <Element xsi:type="XString">
              <Text>外院</Text>
            </Element>
          </XElements>
          <TextValue>外院</TextValue>
          <Name>人工流产术施行医院</Name>
          <ValueBinding />
          <InnerValue>外院</InnerValue>
          <BackgroundText>人工流产术施行医院</BackgroundText>
          <FieldSettings>
            <EditStyle>DropdownList</EditStyle>
            <ListSource>
              <SourceName>0000002894</SourceName>
              <Items />
            </ListSource>
          </FieldSettings>
        </Element>
        <Element xsi:type="XString">
          <Text>行人工流产术，于  年  月  日足月</Text>
        </Element>
        <Element xsi:type="XInputField">
          <ID>kb0000002895</ID>
          <Attributes />
          <XElements>
            <Element xsi:type="XString">
              <Text>顺产</Text>
            </Element>
          </XElements>
          <TextValue>顺产</TextValue>
          <Name>生产方式</Name>
          <ValueBinding />
          <InnerValue>顺产</InnerValue>
          <BackgroundText>生产方式</BackgroundText>
          <FieldSettings>
            <EditStyle>DropdownList</EditStyle>
            <ListSource>
              <SourceName>0000002895</SourceName>
              <Items />
            </ListSource>
          </FieldSettings>
        </Element>
        <Element xsi:type="XString">
          <Text>一</Text>
        </Element>
        <Element xsi:type="XInputField">
          <ID>kb0000002896</ID>
          <Attributes />
          <XElements>
            <Element xsi:type="XString">
              <Text>男婴</Text>
            </Element>
          </XElements>
          <TextValue>男婴</TextValue>
          <Name>婴儿性别</Name>
          <ValueBinding />
          <InnerValue>男婴</InnerValue>
          <BackgroundText>婴儿性别</BackgroundText>
          <FieldSettings>
            <EditStyle>DropdownList</EditStyle>
            <ListSource>
              <SourceName>0000002896</SourceName>
              <Items />
            </ListSource>
          </FieldSettings>
        </Element>
        <Element xsi:type="XString">
          <Text>。既往月经正常，前次月经</Text>
        </Element>
        <Element xsi:type="XString" StyleIndex="1">
          <Text> － － </Text>
        </Element>
        <Element xsi:type="XString">
          <Text>，生育史</Text>
        </Element>
        <Element xsi:type="XString" StyleIndex="1">
          <Text> － － － 。</Text>
        </Element>
        <Element xsi:type="XParagraphFlag" />
      </XElements>
      <Sections />
    </Element>
    <Element xsi:type="XTextHeader">
      <Attributes />
      <XElements>
        <Element xsi:type="XParagraphFlag" StyleIndex="0">
          <AutoCreate>true</AutoCreate>
        </Element>
      </XElements>
    </Element>
    <Element xsi:type="XTextFooter">
      <Attributes />
      <XElements>
        <Element xsi:type="XParagraphFlag">
          <AutoCreate>true</AutoCreate>
        </Element>
      </XElements>
    </Element>
  </XElements>
  <ScriptText />
  <Info>
    <CreationTime>2013-04-02T17:19:56.4762815+08:00</CreationTime>
    <LastModifiedTime>2013-04-02T17:19:56.4762815+08:00</LastModifiedTime>
    <LastPrintTime>1980-01-01T00:00:00</LastPrintTime>
    <Operator>DCSoft.Writer Version:1.1.1111.29376</Operator>
  </Info>
  <BodyText>
  </BodyText>
  <UserHistories>
    <History>
      <ID />
      <Name />
      <SavedTime>2005-04-27T16:11:16</SavedTime>
    </History>
    <History>
      <ID />
      <Name />
      <SavedTime>2005-04-27T16:16:05</SavedTime>
    </History>
  </UserHistories>
  <ContentStyles>
    <Default xsi:type="DocumentContentStyle">
      <FontName>宋体</FontName>
    </Default>
    <Styles>
      <Style Index="0">
        <Align>Center</Align>
      </Style>
      <Style Index="1">
        <CreatorIndex>1</CreatorIndex>
      </Style>
    </Styles>
  </ContentStyles>
  <MeasureMode>OldCompatibility</MeasureMode>
  <PageSettings>
    <LeftMargin>50</LeftMargin>
    <TopMargin>50</TopMargin>
    <RightMargin>50</RightMargin>
    <BottomMargin>50</BottomMargin>
    <ViewLeftMargin>150</ViewLeftMargin>
    <ViewTopMargin>150</ViewTopMargin>
    <ViewRightMargin>150</ViewRightMargin>
    <ViewBottomMargin>150</ViewBottomMargin>
    <ViewPaperWidth>2481</ViewPaperWidth>
    <ViewPaperHeight>3507</ViewPaperHeight>
  </PageSettings>
</XTextDocument>