﻿<?xml version="1.0" encoding="utf-8"?>
<XTextDocument xmlns:xsi="http://www.w3.org/2001/XMLSchema-instance" xmlns:xsd="http://www.w3.org/2001/XMLSchema" EditorVersionString="1.1.1111.29376">
  <Attributes />
  <XElements>
    <Element xsi:type="XTextBody">
      <Attributes />
      <XElements>
        <Element xsi:type="XString">
          <Text>神志清楚，气管</Text>
        </Element>
        <Element xsi:type="XInputField">
          <ID>kb0000002806</ID>
          <Attributes />
          <XElements>
            <Element xsi:type="XString">
              <Text>居中</Text>
            </Element>
          </XElements>
          <TextValue>居中</TextValue>
          <Name>气管</Name>
          <ValueBinding />
          <InnerValue>居中</InnerValue>
          <BackgroundText>气管</BackgroundText>
          <FieldSettings>
            <EditStyle>DropdownList</EditStyle>
            <ListSource>
              <SourceName>0000002806</SourceName>
              <Items />
            </ListSource>
          </FieldSettings>
        </Element>
        <Element xsi:type="XString">
          <Text>，两肺呼吸运动</Text>
        </Element>
        <Element xsi:type="XInputField">
          <ID>kb0000002807</ID>
          <Attributes />
          <XElements>
            <Element xsi:type="XString">
              <Text>对称</Text>
            </Element>
          </XElements>
          <TextValue>对称</TextValue>
          <Name>两肺呼吸运动</Name>
          <ValueBinding />
          <InnerValue>对称</InnerValue>
          <BackgroundText>两肺呼吸运动</BackgroundText>
          <FieldSettings>
            <EditStyle>DropdownList</EditStyle>
            <ListSource>
              <SourceName>0000002807</SourceName>
              <Items />
            </ListSource>
          </FieldSettings>
        </Element>
        <Element xsi:type="XString">
          <Text>，胸壁和肋骨</Text>
        </Element>
        <Element xsi:type="XInputField">
          <ID>kb0000002808</ID>
          <Attributes />
          <XElements>
            <Element xsi:type="XString">
              <Text>无</Text>
            </Element>
          </XElements>
          <TextValue>无</TextValue>
          <Name>胸壁和肋骨压痛</Name>
          <ValueBinding />
          <InnerValue>无</InnerValue>
          <BackgroundText>胸壁和肋骨压痛</BackgroundText>
          <FieldSettings>
            <EditStyle>DropdownList</EditStyle>
            <ListSource>
              <SourceName>0000002808</SourceName>
              <Items />
            </ListSource>
          </FieldSettings>
        </Element>
        <Element xsi:type="XString">
          <Text>压痛，双肺扣诊</Text>
        </Element>
        <Element xsi:type="XInputField">
          <ID>kb0000002809</ID>
          <Attributes />
          <XElements>
            <Element xsi:type="XString">
              <Text>清音</Text>
            </Element>
          </XElements>
          <TextValue>清音</TextValue>
          <Name>双肺扣诊音</Name>
          <ValueBinding />
          <InnerValue>清音</InnerValue>
          <BackgroundText>双肺扣诊音</BackgroundText>
          <FieldSettings>
            <EditStyle>DropdownList</EditStyle>
            <ListSource>
              <SourceName>0000002809</SourceName>
              <Items />
            </ListSource>
          </FieldSettings>
        </Element>
        <Element xsi:type="XString">
          <Text>，听诊呼吸音</Text>
        </Element>
        <Element xsi:type="XInputField">
          <ID>kb0000002810</ID>
          <Attributes />
          <XElements>
            <Element xsi:type="XString">
              <Text>清</Text>
            </Element>
          </XElements>
          <TextValue>清</TextValue>
          <Name>听诊呼吸音</Name>
          <ValueBinding />
          <InnerValue>清</InnerValue>
          <BackgroundText>听诊呼吸音</BackgroundText>
          <FieldSettings>
            <EditStyle>DropdownList</EditStyle>
            <ListSource>
              <SourceName>0000002810</SourceName>
              <Items />
            </ListSource>
          </FieldSettings>
        </Element>
        <Element xsi:type="XString">
          <Text>，</Text>
        </Element>
        <Element xsi:type="XInputField">
          <ID>kb0000002811</ID>
          <Attributes />
          <XElements>
            <Element xsi:type="XString">
              <Text>未闻及罗音</Text>
            </Element>
          </XElements>
          <TextValue>未闻及罗音</TextValue>
          <Name>罗音</Name>
          <ValueBinding />
          <InnerValue>未闻及罗音</InnerValue>
          <BackgroundText>罗音</BackgroundText>
          <FieldSettings>
            <EditStyle>DropdownList</EditStyle>
            <ListSource>
              <SourceName>0000002811</SourceName>
              <Items />
            </ListSource>
          </FieldSettings>
        </Element>
        <Element xsi:type="XString">
          <Text>。</Text>
        </Element>
        <Element xsi:type="XParagraphFlag" />
      </XElements>
      <Sections />
    </Element>
    <Element xsi:type="XTextHeader">
      <Attributes />
      <XElements>
        <Element xsi:type="XParagraphFlag" StyleIndex="0">
          <AutoCreate>true</AutoCreate>
        </Element>
      </XElements>
    </Element>
    <Element xsi:type="XTextFooter">
      <Attributes />
      <XElements>
        <Element xsi:type="XParagraphFlag">
          <AutoCreate>true</AutoCreate>
        </Element>
      </XElements>
    </Element>
  </XElements>
  <ScriptText />
  <Info>
    <CreationTime>2013-04-02T17:19:56.2622692+08:00</CreationTime>
    <LastModifiedTime>2013-04-02T17:19:56.2622692+08:00</LastModifiedTime>
    <LastPrintTime>1980-01-01T00:00:00</LastPrintTime>
    <Operator>DCSoft.Writer Version:1.1.1111.29376</Operator>
  </Info>
  <BodyText>
  </BodyText>
  <UserHistories>
    <History>
      <ID />
      <Name />
      <SavedTime>2005-04-22T15:11:09</SavedTime>
    </History>
  </UserHistories>
  <ContentStyles>
    <Default xsi:type="DocumentContentStyle">
      <FontName>宋体</FontName>
    </Default>
    <Styles>
      <Style Index="0">
        <Align>Center</Align>
      </Style>
    </Styles>
  </ContentStyles>
  <MeasureMode>OldCompatibility</MeasureMode>
  <PageSettings>
    <LeftMargin>50</LeftMargin>
    <TopMargin>50</TopMargin>
    <RightMargin>50</RightMargin>
    <BottomMargin>50</BottomMargin>
    <ViewLeftMargin>150</ViewLeftMargin>
    <ViewTopMargin>150</ViewTopMargin>
    <ViewRightMargin>150</ViewRightMargin>
    <ViewBottomMargin>150</ViewBottomMargin>
    <ViewPaperWidth>2481</ViewPaperWidth>
    <ViewPaperHeight>3507</ViewPaperHeight>
  </PageSettings>
</XTextDocument>