﻿<?xml version="1.0" encoding="utf-8"?>
<XTextDocument xmlns:xsi="http://www.w3.org/2001/XMLSchema-instance" xmlns:xsd="http://www.w3.org/2001/XMLSchema" EditorVersionString="1.1.1111.29376">
  <Attributes />
  <XElements>
    <Element xsi:type="XTextBody">
      <Attributes />
      <XElements>
        <Element xsi:type="XString" StyleIndex="1">
          <Text>心超：</Text>
        </Element>
        <Element xsi:type="XString">
          <Text>左房</Text>
        </Element>
        <Element xsi:type="XString" StyleIndex="2">
          <Text>   mm</Text>
        </Element>
        <Element xsi:type="XString">
          <Text>，左室</Text>
        </Element>
        <Element xsi:type="XString" StyleIndex="2">
          <Text>   mm</Text>
        </Element>
        <Element xsi:type="XString">
          <Text>，二尖瓣</Text>
        </Element>
        <Element xsi:type="XInputField">
          <ID>kb0000002319</ID>
          <Attributes />
          <XElements>
            <Element xsi:type="XString">
              <Text>启闭尚可</Text>
            </Element>
          </XElements>
          <TextValue>启闭尚可</TextValue>
          <Name>二尖瓣</Name>
          <ValueBinding />
          <InnerValue>启闭尚可</InnerValue>
          <BackgroundText>二尖瓣</BackgroundText>
          <FieldSettings>
            <EditStyle>DropdownList</EditStyle>
            <ListSource>
              <SourceName>0000002319</SourceName>
              <Items />
            </ListSource>
          </FieldSettings>
        </Element>
        <Element xsi:type="XString">
          <Text>，</Text>
        </Element>
        <Element xsi:type="XInputField">
          <ID>kb0000002523</ID>
          <Attributes />
          <XElements>
            <Element xsi:type="XString">
              <Text>主动脉瓣</Text>
            </Element>
          </XElements>
          <TextValue>主动脉瓣</TextValue>
          <Name>出现返流的瓣膜</Name>
          <ValueBinding />
          <InnerValue>主动脉瓣</InnerValue>
          <BackgroundText>出现返流的瓣膜</BackgroundText>
          <FieldSettings>
            <EditStyle>DropdownList</EditStyle>
            <MultiSelect>true</MultiSelect>
            <ListSource>
              <SourceName>0000002523</SourceName>
              <Items />
            </ListSource>
          </FieldSettings>
        </Element>
        <Element xsi:type="XInputField">
          <ID>kb0000002524</ID>
          <Attributes />
          <XElements>
            <Element xsi:type="XString">
              <Text>轻度</Text>
            </Element>
          </XElements>
          <TextValue>轻度</TextValue>
          <Name>返流程度</Name>
          <ValueBinding />
          <InnerValue>轻度</InnerValue>
          <BackgroundText>返流程度</BackgroundText>
          <FieldSettings>
            <EditStyle>DropdownList</EditStyle>
            <ListSource>
              <SourceName>0000002524</SourceName>
              <Items />
            </ListSource>
          </FieldSettings>
        </Element>
        <Element xsi:type="XString" StyleIndex="2">
          <Text>返流；</Text>
        </Element>
        <Element xsi:type="XInputField">
          <ID>kb0000002326</ID>
          <Attributes />
          <XElements>
            <Element xsi:type="XString">
              <Text>左室壁</Text>
            </Element>
          </XElements>
          <TextValue>左室壁</TextValue>
          <Name>节段运动描述部位</Name>
          <ValueBinding />
          <InnerValue>左室壁</InnerValue>
          <BackgroundText>节段运动描述部位</BackgroundText>
          <FieldSettings>
            <EditStyle>DropdownList</EditStyle>
            <ListSource>
              <SourceName>0000002326</SourceName>
              <Items />
            </ListSource>
          </FieldSettings>
        </Element>
        <Element xsi:type="XInputField">
          <ID>kb0000002327</ID>
          <Attributes />
          <XElements>
            <Element xsi:type="XString">
              <Text>节段运动尚可</Text>
            </Element>
          </XElements>
          <TextValue>节段运动尚可</TextValue>
          <Name>节段运动描述</Name>
          <ValueBinding />
          <InnerValue>节段运动尚可</InnerValue>
          <BackgroundText>节段运动描述</BackgroundText>
          <FieldSettings>
            <EditStyle>DropdownList</EditStyle>
            <ListSource>
              <SourceName>0000002327</SourceName>
              <Items />
            </ListSource>
          </FieldSettings>
        </Element>
        <Element xsi:type="XString" StyleIndex="2">
          <Text>；</Text>
        </Element>
        <Element xsi:type="XInputField">
          <ID>kb0000002525</ID>
          <Attributes />
          <XElements>
            <Element xsi:type="XString">
              <Text>少量</Text>
            </Element>
          </XElements>
          <TextValue>少量</TextValue>
          <Name>心包病变程度</Name>
          <ValueBinding />
          <InnerValue>少量</InnerValue>
          <BackgroundText>心包病变程度</BackgroundText>
          <FieldSettings>
            <EditStyle>DropdownList</EditStyle>
            <ListSource>
              <SourceName>0000002525</SourceName>
              <Items />
            </ListSource>
          </FieldSettings>
        </Element>
        <Element xsi:type="XString" StyleIndex="2">
          <Text>心包</Text>
        </Element>
        <Element xsi:type="XInputField">
          <ID>kb0000002526</ID>
          <Attributes />
          <XElements>
            <Element xsi:type="XString">
              <Text>积液</Text>
            </Element>
          </XElements>
          <TextValue>积液</TextValue>
          <Name>心包病变类型</Name>
          <ValueBinding />
          <InnerValue>积液</InnerValue>
          <BackgroundText>心包病变类型</BackgroundText>
          <FieldSettings>
            <EditStyle>DropdownList</EditStyle>
            <ListSource>
              <SourceName>0000002526</SourceName>
              <Items />
            </ListSource>
          </FieldSettings>
        </Element>
        <Element xsi:type="XString">
          <Text>。</Text>
        </Element>
        <Element xsi:type="XParagraphFlag" />
      </XElements>
      <Sections />
    </Element>
    <Element xsi:type="XTextHeader">
      <Attributes />
      <XElements>
        <Element xsi:type="XParagraphFlag" StyleIndex="0">
          <AutoCreate>true</AutoCreate>
        </Element>
      </XElements>
    </Element>
    <Element xsi:type="XTextFooter">
      <Attributes />
      <XElements>
        <Element xsi:type="XParagraphFlag">
          <AutoCreate>true</AutoCreate>
        </Element>
      </XElements>
    </Element>
  </XElements>
  <ScriptText />
  <Info>
    <CreationTime>2013-04-02T17:19:55.1692067+08:00</CreationTime>
    <LastModifiedTime>2013-04-02T17:19:55.1692067+08:00</LastModifiedTime>
    <LastPrintTime>1980-01-01T00:00:00</LastPrintTime>
    <Operator>DCSoft.Writer Version:1.1.1111.29376</Operator>
  </Info>
  <BodyText>
  </BodyText>
  <UserHistories>
    <History>
      <ID />
      <Name />
      <SavedTime>2005-03-14T16:54:45</SavedTime>
    </History>
    <History>
      <ID />
      <Name />
      <SavedTime>2005-04-02T11:23:18</SavedTime>
    </History>
    <History>
      <ID />
      <Name />
      <SavedTime>2005-04-28T10:38:51</SavedTime>
    </History>
  </UserHistories>
  <ContentStyles>
    <Default xsi:type="DocumentContentStyle">
      <FontName>宋体</FontName>
    </Default>
    <Styles>
      <Style Index="0">
        <Align>Center</Align>
      </Style>
      <Style Index="1">
        <CreatorIndex>2</CreatorIndex>
      </Style>
      <Style Index="2">
        <CreatorIndex>1</CreatorIndex>
      </Style>
    </Styles>
  </ContentStyles>
  <MeasureMode>OldCompatibility</MeasureMode>
  <PageSettings>
    <LeftMargin>50</LeftMargin>
    <TopMargin>50</TopMargin>
    <RightMargin>50</RightMargin>
    <BottomMargin>50</BottomMargin>
    <ViewLeftMargin>150</ViewLeftMargin>
    <ViewTopMargin>150</ViewTopMargin>
    <ViewRightMargin>150</ViewRightMargin>
    <ViewBottomMargin>150</ViewBottomMargin>
    <ViewPaperWidth>2481</ViewPaperWidth>
    <ViewPaperHeight>3507</ViewPaperHeight>
  </PageSettings>
</XTextDocument>