﻿<?xml version="1.0" encoding="utf-8"?>
<XTextDocument xmlns:xsi="http://www.w3.org/2001/XMLSchema-instance" xmlns:xsd="http://www.w3.org/2001/XMLSchema" EditorVersionString="1.1.1111.29376">
  <Attributes />
  <XElements>
    <Element xsi:type="XTextBody">
      <Attributes />
      <XElements>
        <Element xsi:type="XInputField">
          <ID>kb0000001866</ID>
          <Attributes />
          <XElements>
            <Element xsi:type="XString">
              <Text>患者</Text>
            </Element>
          </XElements>
          <TextValue>患者</TextValue>
          <Name>病史陈述者</Name>
          <ValueBinding />
          <InnerValue>患者</InnerValue>
          <BackgroundText>病史陈述者</BackgroundText>
          <FieldSettings>
            <EditStyle>DropdownList</EditStyle>
            <ListSource>
              <SourceName>0000001866</SourceName>
              <Items />
            </ListSource>
          </FieldSettings>
        </Element>
        <Element xsi:type="XString">
          <Text>述于     </Text>
        </Element>
        <Element xsi:type="XInputField">
          <ID>kb0000001829</ID>
          <Attributes />
          <XElements>
            <Element xsi:type="XString">
              <Text>周</Text>
            </Element>
          </XElements>
          <TextValue>周</TextValue>
          <Name>时间单位</Name>
          <ValueBinding />
          <InnerValue>周</InnerValue>
          <BackgroundText>时间单位</BackgroundText>
          <FieldSettings>
            <EditStyle>DropdownList</EditStyle>
            <ListSource>
              <SourceName>0000001829</SourceName>
              <Items />
            </ListSource>
          </FieldSettings>
        </Element>
        <Element xsi:type="XString">
          <Text>前因                          出现：</Text>
        </Element>
        <Element xsi:type="XInputField">
          <ID>kb0000001863</ID>
          <Attributes />
          <XElements>
            <Element xsi:type="XString">
              <Text>无心脏杂音</Text>
            </Element>
          </XElements>
          <TextValue>无心脏杂音</TextValue>
          <Name>心脏杂音</Name>
          <ValueBinding />
          <InnerValue>无心脏杂音</InnerValue>
          <BackgroundText>心脏杂音</BackgroundText>
          <FieldSettings>
            <EditStyle>DropdownList</EditStyle>
            <ListSource>
              <SourceName>0000001863</SourceName>
              <Items />
            </ListSource>
          </FieldSettings>
        </Element>
        <Element xsi:type="XString">
          <Text>，</Text>
        </Element>
        <Element xsi:type="XInputField">
          <ID>kb0000001858</ID>
          <Attributes />
          <XElements>
            <Element xsi:type="XString">
              <Text>无心悸</Text>
            </Element>
          </XElements>
          <TextValue>无心悸</TextValue>
          <Name>心悸</Name>
          <ValueBinding />
          <InnerValue>无心悸</InnerValue>
          <BackgroundText>心悸</BackgroundText>
          <FieldSettings>
            <EditStyle>DropdownList</EditStyle>
            <ListSource>
              <SourceName>0000001858</SourceName>
              <Items />
            </ListSource>
          </FieldSettings>
        </Element>
        <Element xsi:type="XString">
          <Text>，</Text>
        </Element>
        <Element xsi:type="XInputField">
          <ID>kb0000001859</ID>
          <Attributes />
          <XElements>
            <Element xsi:type="XString">
              <Text>无呼吸困难</Text>
            </Element>
          </XElements>
          <TextValue>无呼吸困难</TextValue>
          <Name>呼吸困难</Name>
          <ValueBinding />
          <InnerValue>无呼吸困难</InnerValue>
          <BackgroundText>呼吸困难</BackgroundText>
          <FieldSettings>
            <EditStyle>DropdownList</EditStyle>
            <ListSource>
              <SourceName>0000001859</SourceName>
              <Items />
            </ListSource>
          </FieldSettings>
        </Element>
        <Element xsi:type="XString">
          <Text>，</Text>
        </Element>
        <Element xsi:type="XInputField">
          <ID>kb0000001854</ID>
          <Attributes />
          <XElements>
            <Element xsi:type="XString">
              <Text>无发热</Text>
            </Element>
          </XElements>
          <TextValue>无发热</TextValue>
          <Name>发热</Name>
          <ValueBinding />
          <InnerValue>无发热</InnerValue>
          <BackgroundText>发热</BackgroundText>
          <FieldSettings>
            <EditStyle>DropdownList</EditStyle>
            <ListSource>
              <SourceName>0000001854</SourceName>
              <Items />
            </ListSource>
          </FieldSettings>
        </Element>
        <Element xsi:type="XString">
          <Text>，</Text>
        </Element>
        <Element xsi:type="XInputField">
          <ID>kb0000001855</ID>
          <Attributes />
          <XElements>
            <Element xsi:type="XString">
              <Text>无胸闷</Text>
            </Element>
          </XElements>
          <TextValue>无胸闷</TextValue>
          <Name>胸闷</Name>
          <ValueBinding />
          <InnerValue>无胸闷</InnerValue>
          <BackgroundText>胸闷</BackgroundText>
          <FieldSettings>
            <EditStyle>DropdownList</EditStyle>
            <ListSource>
              <SourceName>0000001855</SourceName>
              <Items />
            </ListSource>
          </FieldSettings>
        </Element>
        <Element xsi:type="XString">
          <Text>，</Text>
        </Element>
        <Element xsi:type="XInputField">
          <ID>kb0000001856</ID>
          <Attributes />
          <XElements>
            <Element xsi:type="XString">
              <Text>无胸痛</Text>
            </Element>
          </XElements>
          <TextValue>无胸痛</TextValue>
          <Name>胸痛</Name>
          <ValueBinding />
          <InnerValue>无胸痛</InnerValue>
          <BackgroundText>胸痛</BackgroundText>
          <FieldSettings>
            <EditStyle>DropdownList</EditStyle>
            <ListSource>
              <SourceName>0000001856</SourceName>
              <Items />
            </ListSource>
          </FieldSettings>
        </Element>
        <Element xsi:type="XString">
          <Text>，</Text>
        </Element>
        <Element xsi:type="XInputField">
          <ID>kb0000001864</ID>
          <Attributes />
          <XElements>
            <Element xsi:type="XString">
              <Text>无紫绀</Text>
            </Element>
          </XElements>
          <TextValue>无紫绀</TextValue>
          <Name>紫绀</Name>
          <ValueBinding />
          <InnerValue>无紫绀</InnerValue>
          <BackgroundText>紫绀</BackgroundText>
          <FieldSettings>
            <EditStyle>DropdownList</EditStyle>
            <ListSource>
              <SourceName>0000001864</SourceName>
              <Items />
            </ListSource>
          </FieldSettings>
        </Element>
        <Element xsi:type="XString">
          <Text>。曾在             医院就诊，诊断为                      。</Text>
        </Element>
        <Element xsi:type="XParagraphFlag" />
        <Element xsi:type="XString">
          <Text>发病以来，患者精神</Text>
        </Element>
        <Element xsi:type="XInputField">
          <ID>kb0000001816</ID>
          <Attributes />
          <XElements>
            <Element xsi:type="XString">
              <Text>欠佳</Text>
            </Element>
          </XElements>
          <TextValue>欠佳</TextValue>
          <Name>患者精神</Name>
          <ValueBinding />
          <InnerValue>欠佳</InnerValue>
          <BackgroundText>患者精神</BackgroundText>
          <FieldSettings>
            <EditStyle>DropdownList</EditStyle>
            <ListSource>
              <SourceName>0000001816</SourceName>
              <Items />
            </ListSource>
          </FieldSettings>
        </Element>
        <Element xsi:type="XString">
          <Text>，神志</Text>
        </Element>
        <Element xsi:type="XInputField">
          <ID>kb0000001817</ID>
          <Attributes />
          <XElements>
            <Element xsi:type="XString">
              <Text>清楚</Text>
            </Element>
          </XElements>
          <TextValue>清楚</TextValue>
          <Name>患者神志</Name>
          <ValueBinding />
          <InnerValue>清楚</InnerValue>
          <BackgroundText>患者神志</BackgroundText>
          <FieldSettings>
            <EditStyle>DropdownList</EditStyle>
            <ListSource>
              <SourceName>0000001817</SourceName>
              <Items />
            </ListSource>
          </FieldSettings>
        </Element>
        <Element xsi:type="XString">
          <Text>，胃纳</Text>
        </Element>
        <Element xsi:type="XInputField">
          <ID>kb0000001818</ID>
          <Attributes />
          <XElements>
            <Element xsi:type="XString">
              <Text>较多</Text>
            </Element>
          </XElements>
          <TextValue>较多</TextValue>
          <Name>患者胃纳</Name>
          <ValueBinding />
          <InnerValue>较多</InnerValue>
          <BackgroundText>患者胃纳</BackgroundText>
          <FieldSettings>
            <EditStyle>DropdownList</EditStyle>
            <ListSource>
              <SourceName>0000001818</SourceName>
              <Items />
            </ListSource>
          </FieldSettings>
        </Element>
        <Element xsi:type="XString">
          <Text>，</Text>
        </Element>
        <Element xsi:type="XInputField">
          <ID>kb0000001819</ID>
          <Attributes />
          <XElements>
            <Element xsi:type="XString">
              <Text>失眠</Text>
            </Element>
          </XElements>
          <TextValue>失眠</TextValue>
          <Name>睡眠情况</Name>
          <ValueBinding />
          <InnerValue>失眠</InnerValue>
          <BackgroundText>睡眠情况</BackgroundText>
          <FieldSettings>
            <EditStyle>DropdownList</EditStyle>
            <ListSource>
              <SourceName>0000001819</SourceName>
              <Items />
            </ListSource>
          </FieldSettings>
        </Element>
        <Element xsi:type="XString">
          <Text>，体重</Text>
        </Element>
        <Element xsi:type="XInputField">
          <ID>kb0000001820</ID>
          <Attributes />
          <XElements>
            <Element xsi:type="XString">
              <Text>无明显变化</Text>
            </Element>
          </XElements>
          <TextValue>无明显变化</TextValue>
          <Name>体重情况</Name>
          <ValueBinding />
          <InnerValue>无明显变化</InnerValue>
          <BackgroundText>体重情况</BackgroundText>
          <FieldSettings>
            <EditStyle>DropdownList</EditStyle>
            <ListSource>
              <SourceName>0000001820</SourceName>
              <Items />
            </ListSource>
          </FieldSettings>
        </Element>
        <Element xsi:type="XString">
          <Text>。</Text>
        </Element>
        <Element xsi:type="XParagraphFlag" />
      </XElements>
      <Sections />
    </Element>
    <Element xsi:type="XTextHeader">
      <Attributes />
      <XElements>
        <Element xsi:type="XParagraphFlag" StyleIndex="0">
          <AutoCreate>true</AutoCreate>
        </Element>
      </XElements>
    </Element>
    <Element xsi:type="XTextFooter">
      <Attributes />
      <XElements>
        <Element xsi:type="XParagraphFlag">
          <AutoCreate>true</AutoCreate>
        </Element>
      </XElements>
    </Element>
  </XElements>
  <Info>
    <CreationTime>2013-04-02T17:19:54.5731726+08:00</CreationTime>
    <LastModifiedTime>2013-04-02T17:19:54.5731726+08:00</LastModifiedTime>
    <LastPrintTime>1980-01-01T00:00:00</LastPrintTime>
    <Operator>DCSoft.Writer Version:1.1.1111.29376</Operator>
  </Info>
  <BodyText>
  </BodyText>
  <UserHistories>
    <History>
      <ID />
      <Name />
      <SavedTime>2005-01-12T14:09:34</SavedTime>
    </History>
    <History>
      <ID />
      <Name />
      <SavedTime>2005-01-12T14:10:23</SavedTime>
    </History>
  </UserHistories>
  <ContentStyles>
    <Default xsi:type="DocumentContentStyle">
      <FontName>宋体</FontName>
    </Default>
    <Styles>
      <Style Index="0">
        <Align>Center</Align>
      </Style>
    </Styles>
  </ContentStyles>
  <MeasureMode>OldCompatibility</MeasureMode>
  <PageSettings>
    <LeftMargin>50</LeftMargin>
    <TopMargin>50</TopMargin>
    <RightMargin>50</RightMargin>
    <BottomMargin>50</BottomMargin>
    <ViewLeftMargin>150</ViewLeftMargin>
    <ViewTopMargin>150</ViewTopMargin>
    <ViewRightMargin>150</ViewRightMargin>
    <ViewBottomMargin>150</ViewBottomMargin>
    <ViewPaperWidth>2481</ViewPaperWidth>
    <ViewPaperHeight>3507</ViewPaperHeight>
  </PageSettings>
</XTextDocument>