﻿<?xml version="1.0" encoding="utf-8"?>
<XTextDocument xmlns:xsi="http://www.w3.org/2001/XMLSchema-instance" xmlns:xsd="http://www.w3.org/2001/XMLSchema" EditorVersionString="1.1.1111.29376">
  <Attributes />
  <XElements>
    <Element xsi:type="XTextBody">
      <Attributes />
      <XElements>
        <Element xsi:type="XString">
          <Text>患者   </Text>
        </Element>
        <Element xsi:type="XInputField">
          <ID>kb0000000998</ID>
          <Attributes />
          <XElements>
            <Element xsi:type="XString">
              <Text>月</Text>
            </Element>
          </XElements>
          <TextValue>月</TextValue>
          <Name>时间单位</Name>
          <ValueBinding />
          <InnerValue>月</InnerValue>
          <BackgroundText>时间单位</BackgroundText>
          <FieldSettings>
            <EditStyle>DropdownList</EditStyle>
            <ListSource>
              <SourceName>0000000998</SourceName>
              <Items />
            </ListSource>
          </FieldSettings>
        </Element>
        <Element xsi:type="XString">
          <Text>前在</Text>
        </Element>
        <Element xsi:type="XInputField">
          <ID>kb0000002693</ID>
          <Attributes />
          <XElements>
            <Element xsi:type="XString">
              <Text>无明显诱因下</Text>
            </Element>
          </XElements>
          <TextValue>无明显诱因下</TextValue>
          <Name>分泌性中耳炎诱因</Name>
          <ValueBinding />
          <InnerValue>无明显诱因下</InnerValue>
          <BackgroundText>分泌性中耳炎诱因</BackgroundText>
          <FieldSettings>
            <EditStyle>DropdownList</EditStyle>
            <ListSource>
              <SourceName>0000002693</SourceName>
              <Items />
            </ListSource>
          </FieldSettings>
        </Element>
        <Element xsi:type="XString">
          <Text>出现</Text>
        </Element>
        <Element xsi:type="XInputField">
          <ID>kb0000002694</ID>
          <Attributes />
          <XElements>
            <Element xsi:type="XString">
              <Text>左耳</Text>
            </Element>
          </XElements>
          <TextValue>左耳</TextValue>
          <Name>耳闷胀感部位</Name>
          <ValueBinding />
          <InnerValue>左耳</InnerValue>
          <BackgroundText>耳闷胀感部位</BackgroundText>
          <FieldSettings>
            <EditStyle>DropdownList</EditStyle>
            <ListSource>
              <SourceName>0000002694</SourceName>
              <Items />
            </ListSource>
          </FieldSettings>
        </Element>
        <Element xsi:type="XString">
          <Text>闷胀感，</Text>
        </Element>
        <Element xsi:type="XInputField">
          <ID>kb0000002695</ID>
          <Attributes />
          <XElements>
            <Element xsi:type="XString">
              <Text>无</Text>
            </Element>
          </XElements>
          <TextValue>无</TextValue>
          <Name>耳鸣</Name>
          <ValueBinding />
          <InnerValue>无</InnerValue>
          <BackgroundText>耳鸣</BackgroundText>
          <FieldSettings>
            <EditStyle>DropdownList</EditStyle>
            <ListSource>
              <SourceName>0000002695</SourceName>
              <Items />
            </ListSource>
          </FieldSettings>
        </Element>
        <Element xsi:type="XString">
          <Text>耳鸣、</Text>
        </Element>
        <Element xsi:type="XInputField">
          <ID>kb0000002696</ID>
          <Attributes />
          <XElements>
            <Element xsi:type="XString">
              <Text>无</Text>
            </Element>
          </XElements>
          <TextValue>无</TextValue>
          <Name>听力下降</Name>
          <ValueBinding />
          <InnerValue>无</InnerValue>
          <BackgroundText>听力下降</BackgroundText>
          <FieldSettings>
            <EditStyle>DropdownList</EditStyle>
            <ListSource>
              <SourceName>0000002696</SourceName>
              <Items />
            </ListSource>
          </FieldSettings>
        </Element>
        <Element xsi:type="XString">
          <Text>听力下降、</Text>
        </Element>
        <Element xsi:type="XInputField">
          <ID>kb0000002697</ID>
          <Attributes />
          <XElements>
            <Element xsi:type="XString">
              <Text>无</Text>
            </Element>
          </XElements>
          <TextValue>无</TextValue>
          <Name>耳痛</Name>
          <ValueBinding />
          <InnerValue>无</InnerValue>
          <BackgroundText>耳痛</BackgroundText>
          <FieldSettings>
            <EditStyle>DropdownList</EditStyle>
            <ListSource>
              <SourceName>0000002697</SourceName>
              <Items />
            </ListSource>
          </FieldSettings>
        </Element>
        <Element xsi:type="XString">
          <Text>耳痛、</Text>
        </Element>
        <Element xsi:type="XInputField">
          <ID>kb0000002698</ID>
          <Attributes />
          <XElements>
            <Element xsi:type="XString">
              <Text>无</Text>
            </Element>
          </XElements>
          <TextValue>无</TextValue>
          <Name>耳漏</Name>
          <ValueBinding />
          <InnerValue>无</InnerValue>
          <BackgroundText>耳漏</BackgroundText>
          <FieldSettings>
            <EditStyle>DropdownList</EditStyle>
            <ListSource>
              <SourceName>0000002698</SourceName>
              <Items />
            </ListSource>
          </FieldSettings>
        </Element>
        <Element xsi:type="XString">
          <Text>耳漏、</Text>
        </Element>
        <Element xsi:type="XInputField">
          <ID>kb0000002699</ID>
          <Attributes />
          <XElements>
            <Element xsi:type="XString">
              <Text>无</Text>
            </Element>
          </XElements>
          <TextValue>无</TextValue>
          <Name>头昏</Name>
          <ValueBinding />
          <InnerValue>无</InnerValue>
          <BackgroundText>头昏</BackgroundText>
          <FieldSettings>
            <EditStyle>DropdownList</EditStyle>
            <ListSource>
              <SourceName>0000002699</SourceName>
              <Items />
            </ListSource>
          </FieldSettings>
        </Element>
        <Element xsi:type="XString">
          <Text>头昏、</Text>
        </Element>
        <Element xsi:type="XInputField">
          <ID>kb0000002700</ID>
          <Attributes />
          <XElements>
            <Element xsi:type="XString">
              <Text>无</Text>
            </Element>
          </XElements>
          <TextValue>无</TextValue>
          <Name>眩晕</Name>
          <ValueBinding />
          <InnerValue>无</InnerValue>
          <BackgroundText>眩晕</BackgroundText>
          <FieldSettings>
            <EditStyle>DropdownList</EditStyle>
            <ListSource>
              <SourceName>0000002700</SourceName>
              <Items />
            </ListSource>
          </FieldSettings>
        </Element>
        <Element xsi:type="XString">
          <Text>眩晕，无涕中带血。曾给予   治疗，</Text>
        </Element>
        <Element xsi:type="XInputField">
          <ID>kb0000002701</ID>
          <Attributes />
          <XElements>
            <Element xsi:type="XString">
              <Text>效不佳</Text>
            </Element>
          </XElements>
          <TextValue>效不佳</TextValue>
          <Name>分泌性中耳炎治疗效果</Name>
          <ValueBinding />
          <InnerValue>效不佳</InnerValue>
          <BackgroundText>分泌性中耳炎治疗效果</BackgroundText>
          <FieldSettings>
            <EditStyle>DropdownList</EditStyle>
            <ListSource>
              <SourceName>0000002701</SourceName>
              <Items />
            </ListSource>
          </FieldSettings>
        </Element>
        <Element xsi:type="XString">
          <Text>。</Text>
        </Element>
        <Element xsi:type="XParagraphFlag" />
      </XElements>
      <Sections />
    </Element>
    <Element xsi:type="XTextHeader">
      <Attributes />
      <XElements>
        <Element xsi:type="XParagraphFlag" StyleIndex="0">
          <AutoCreate>true</AutoCreate>
        </Element>
      </XElements>
    </Element>
    <Element xsi:type="XTextFooter">
      <Attributes />
      <XElements>
        <Element xsi:type="XParagraphFlag">
          <AutoCreate>true</AutoCreate>
        </Element>
      </XElements>
    </Element>
  </XElements>
  <ScriptText />
  <Info>
    <CreationTime>2013-04-02T17:19:56.1092605+08:00</CreationTime>
    <LastModifiedTime>2013-04-02T17:19:56.1092605+08:00</LastModifiedTime>
    <LastPrintTime>1980-01-01T00:00:00</LastPrintTime>
    <Operator>DCSoft.Writer Version:1.1.1111.29376</Operator>
  </Info>
  <BodyText>
  </BodyText>
  <UserHistories>
    <History>
      <ID />
      <Name />
      <SavedTime>2005-04-22T10:51:21</SavedTime>
    </History>
  </UserHistories>
  <ContentStyles>
    <Default xsi:type="DocumentContentStyle">
      <FontName>宋体</FontName>
    </Default>
    <Styles>
      <Style Index="0">
        <Align>Center</Align>
      </Style>
    </Styles>
  </ContentStyles>
  <MeasureMode>OldCompatibility</MeasureMode>
  <PageSettings>
    <LeftMargin>50</LeftMargin>
    <TopMargin>50</TopMargin>
    <RightMargin>50</RightMargin>
    <BottomMargin>50</BottomMargin>
    <ViewLeftMargin>150</ViewLeftMargin>
    <ViewTopMargin>150</ViewTopMargin>
    <ViewRightMargin>150</ViewRightMargin>
    <ViewBottomMargin>150</ViewBottomMargin>
    <ViewPaperWidth>2481</ViewPaperWidth>
    <ViewPaperHeight>3507</ViewPaperHeight>
  </PageSettings>
</XTextDocument>