﻿<?xml version="1.0" encoding="utf-8"?>
<XTextDocument xmlns:xsi="http://www.w3.org/2001/XMLSchema-instance" xmlns:xsd="http://www.w3.org/2001/XMLSchema" EditorVersionString="1.1.1111.29376">
  <Attributes />
  <XElements>
    <Element xsi:type="XTextBody">
      <Attributes />
      <XElements>
        <Element xsi:type="XString">
          <Text>糖尿病家族史</Text>
        </Element>
        <Element xsi:type="XInputField">
          <ID>kb0000002139</ID>
          <Attributes />
          <XElements>
            <Element xsi:type="XString">
              <Text>糖尿病家族史</Text>
            </Element>
          </XElements>
          <TextValue>糖尿病家族史</TextValue>
          <Name>糖尿病家族史</Name>
          <ValueBinding />
          <InnerValue>糖尿病家族史</InnerValue>
          <BackgroundText>糖尿病家族史</BackgroundText>
          <FieldSettings>
            <EditStyle>DropdownList</EditStyle>
            <ListSource>
              <SourceName>0000002139</SourceName>
              <Items />
            </ListSource>
          </FieldSettings>
        </Element>
        <Element xsi:type="XString">
          <Text>，高血压家族史</Text>
        </Element>
        <Element xsi:type="XInputField">
          <ID>kb0000002140</ID>
          <Attributes />
          <XElements>
            <Element xsi:type="XString">
              <Text>高血压家族史</Text>
            </Element>
          </XElements>
          <TextValue>高血压家族史</TextValue>
          <Name>高血压家族史</Name>
          <ValueBinding />
          <InnerValue>高血压家族史</InnerValue>
          <BackgroundText>高血压家族史</BackgroundText>
          <FieldSettings>
            <EditStyle>DropdownList</EditStyle>
            <ListSource>
              <SourceName>0000002140</SourceName>
              <Items />
            </ListSource>
          </FieldSettings>
        </Element>
        <Element xsi:type="XString">
          <Text>，血友病家族史</Text>
        </Element>
        <Element xsi:type="XInputField">
          <ID>kb0000002141</ID>
          <Attributes />
          <XElements>
            <Element xsi:type="XString">
              <Text>血友病家族史</Text>
            </Element>
          </XElements>
          <TextValue>血友病家族史</TextValue>
          <Name>血友病家族史</Name>
          <ValueBinding />
          <InnerValue>血友病家族史</InnerValue>
          <BackgroundText>血友病家族史</BackgroundText>
          <FieldSettings>
            <EditStyle>DropdownList</EditStyle>
            <ListSource>
              <SourceName>0000002141</SourceName>
              <Items />
            </ListSource>
          </FieldSettings>
        </Element>
        <Element xsi:type="XString">
          <Text>。</Text>
        </Element>
        <Element xsi:type="XParagraphFlag" />
        <Element xsi:type="XString">
          <Text>父亲</Text>
        </Element>
        <Element xsi:type="XInputField">
          <ID>kb0000002142</ID>
          <Attributes />
          <XElements>
            <Element xsi:type="XString">
              <Text>父亲情况</Text>
            </Element>
          </XElements>
          <TextValue>父亲情况</TextValue>
          <Name>父亲情况</Name>
          <ValueBinding />
          <InnerValue>父亲情况</InnerValue>
          <BackgroundText>父亲情况</BackgroundText>
          <FieldSettings>
            <EditStyle>DropdownList</EditStyle>
            <ListSource>
              <SourceName>0000002142</SourceName>
              <Items />
            </ListSource>
          </FieldSettings>
        </Element>
        <Element xsi:type="XString">
          <Text>，母亲</Text>
        </Element>
        <Element xsi:type="XInputField">
          <ID>kb0000002143</ID>
          <Attributes />
          <XElements>
            <Element xsi:type="XString">
              <Text>母亲情况</Text>
            </Element>
          </XElements>
          <TextValue>母亲情况</TextValue>
          <Name>母亲情况</Name>
          <ValueBinding />
          <InnerValue>母亲情况</InnerValue>
          <BackgroundText>母亲情况</BackgroundText>
          <FieldSettings>
            <EditStyle>DropdownList</EditStyle>
            <ListSource>
              <SourceName>0000002143</SourceName>
              <Items />
            </ListSource>
          </FieldSettings>
        </Element>
        <Element xsi:type="XString">
          <Text>，兄弟姐妹</Text>
        </Element>
        <Element xsi:type="XInputField">
          <ID>kb0000002144</ID>
          <Attributes />
          <XElements>
            <Element xsi:type="XString">
              <Text>兄弟姐妹情况</Text>
            </Element>
          </XElements>
          <TextValue>兄弟姐妹情况</TextValue>
          <Name>兄弟姐妹情况</Name>
          <ValueBinding />
          <InnerValue>兄弟姐妹情况</InnerValue>
          <BackgroundText>兄弟姐妹情况</BackgroundText>
          <FieldSettings>
            <EditStyle>DropdownList</EditStyle>
            <ListSource>
              <SourceName>0000002144</SourceName>
              <Items />
            </ListSource>
          </FieldSettings>
        </Element>
        <Element xsi:type="XString">
          <Text>，子女</Text>
        </Element>
        <Element xsi:type="XInputField">
          <ID>kb0000002145</ID>
          <Attributes />
          <XElements>
            <Element xsi:type="XString">
              <Text>子女情况</Text>
            </Element>
          </XElements>
          <TextValue>子女情况</TextValue>
          <Name>子女情况</Name>
          <ValueBinding />
          <InnerValue>子女情况</InnerValue>
          <BackgroundText>子女情况</BackgroundText>
          <FieldSettings>
            <EditStyle>DropdownList</EditStyle>
            <ListSource>
              <SourceName>0000002145</SourceName>
              <Items />
            </ListSource>
          </FieldSettings>
        </Element>
        <Element xsi:type="XString">
          <Text>。</Text>
        </Element>
        <Element xsi:type="XParagraphFlag" />
        <Element xsi:type="XInputField">
          <ID>kb0000002146</ID>
          <Attributes />
          <XElements>
            <Element xsi:type="XString">
              <Text>家人中是否有与患者症状相似的疾病</Text>
            </Element>
          </XElements>
          <TextValue>家人中是否有与患者症状相似的疾病</TextValue>
          <Name>家人中是否有与患者症状相似的疾病</Name>
          <ValueBinding />
          <InnerValue>家人中是否有与患者症状相似的疾病</InnerValue>
          <BackgroundText>家人中是否有与患者症状相似的疾病</BackgroundText>
          <FieldSettings>
            <EditStyle>DropdownList</EditStyle>
            <ListSource>
              <SourceName>0000002146</SourceName>
              <Items />
            </ListSource>
          </FieldSettings>
        </Element>
        <Element xsi:type="XString">
          <Text>，</Text>
        </Element>
        <Element xsi:type="XInputField">
          <ID>kb0000002147</ID>
          <Attributes />
          <XElements>
            <Element xsi:type="XString">
              <Text>家族遗传病</Text>
            </Element>
          </XElements>
          <TextValue>家族遗传病</TextValue>
          <Name>家族遗传病</Name>
          <ValueBinding />
          <InnerValue>家族遗传病</InnerValue>
          <BackgroundText>家族遗传病</BackgroundText>
          <FieldSettings>
            <EditStyle>DropdownList</EditStyle>
            <ListSource>
              <SourceName>0000002147</SourceName>
              <Items />
            </ListSource>
          </FieldSettings>
        </Element>
        <Element xsi:type="XString">
          <Text>。</Text>
        </Element>
        <Element xsi:type="XParagraphFlag" />
      </XElements>
      <Sections />
    </Element>
    <Element xsi:type="XTextHeader">
      <Attributes />
      <XElements>
        <Element xsi:type="XParagraphFlag" StyleIndex="0">
          <AutoCreate>true</AutoCreate>
        </Element>
      </XElements>
    </Element>
    <Element xsi:type="XTextFooter">
      <Attributes />
      <XElements>
        <Element xsi:type="XParagraphFlag">
          <AutoCreate>true</AutoCreate>
        </Element>
      </XElements>
    </Element>
  </XElements>
  <Info>
    <CreationTime>2013-04-02T17:19:54.9841961+08:00</CreationTime>
    <LastModifiedTime>2013-04-02T17:19:54.9841961+08:00</LastModifiedTime>
    <LastPrintTime>1980-01-01T00:00:00</LastPrintTime>
    <Operator>DCSoft.Writer Version:1.1.1111.29376</Operator>
  </Info>
  <BodyText>
  </BodyText>
  <UserHistories>
    <History>
      <ID />
      <Name />
      <SavedTime>2005-03-01T10:36:07</SavedTime>
    </History>
  </UserHistories>
  <ContentStyles>
    <Default xsi:type="DocumentContentStyle">
      <FontName>宋体</FontName>
    </Default>
    <Styles>
      <Style Index="0">
        <Align>Center</Align>
      </Style>
    </Styles>
  </ContentStyles>
  <MeasureMode>OldCompatibility</MeasureMode>
  <PageSettings>
    <LeftMargin>50</LeftMargin>
    <TopMargin>50</TopMargin>
    <RightMargin>50</RightMargin>
    <BottomMargin>50</BottomMargin>
    <ViewLeftMargin>150</ViewLeftMargin>
    <ViewTopMargin>150</ViewTopMargin>
    <ViewRightMargin>150</ViewRightMargin>
    <ViewBottomMargin>150</ViewBottomMargin>
    <ViewPaperWidth>2481</ViewPaperWidth>
    <ViewPaperHeight>3507</ViewPaperHeight>
  </PageSettings>
</XTextDocument>