﻿<?xml version="1.0" encoding="utf-8"?>
<XTextDocument xmlns:xsi="http://www.w3.org/2001/XMLSchema-instance" xmlns:xsd="http://www.w3.org/2001/XMLSchema" EditorVersionString="1.1.1111.29376">
  <Attributes />
  <XElements>
    <Element xsi:type="XTextBody">
      <Attributes />
      <XElements>
        <Element xsi:type="XString">
          <Text>二头肌：左</Text>
        </Element>
        <Element xsi:type="XInputField" StyleIndex="1">
          <ID>kb0000001805</ID>
          <Attributes />
          <XElements>
            <Element xsi:type="XString">
              <Text>-</Text>
            </Element>
          </XElements>
          <TextValue>-</TextValue>
          <Name>反射描述</Name>
          <ValueBinding />
          <InnerValue>-</InnerValue>
          <BackgroundText>反射描述</BackgroundText>
          <FieldSettings>
            <EditStyle>DropdownList</EditStyle>
            <ListSource>
              <SourceName>0000001805</SourceName>
              <Items />
            </ListSource>
          </FieldSettings>
        </Element>
        <Element xsi:type="XString" StyleIndex="1">
          <Text>、右</Text>
        </Element>
        <Element xsi:type="XInputField" StyleIndex="1">
          <ID>kb0000001805</ID>
          <Attributes />
          <XElements>
            <Element xsi:type="XString">
              <Text>-</Text>
            </Element>
          </XElements>
          <TextValue>-</TextValue>
          <Name>反射描述</Name>
          <ValueBinding />
          <InnerValue>-</InnerValue>
          <BackgroundText>反射描述</BackgroundText>
          <FieldSettings>
            <EditStyle>DropdownList</EditStyle>
            <ListSource>
              <SourceName>0000001805</SourceName>
              <Items />
            </ListSource>
          </FieldSettings>
        </Element>
        <Element xsi:type="XString" StyleIndex="1">
          <Text>，三头肌：左</Text>
        </Element>
        <Element xsi:type="XInputField" StyleIndex="1">
          <ID>kb0000001805</ID>
          <Attributes />
          <XElements>
            <Element xsi:type="XString">
              <Text>-</Text>
            </Element>
          </XElements>
          <TextValue>-</TextValue>
          <Name>反射描述</Name>
          <ValueBinding />
          <InnerValue>-</InnerValue>
          <BackgroundText>反射描述</BackgroundText>
          <FieldSettings>
            <EditStyle>DropdownList</EditStyle>
            <ListSource>
              <SourceName>0000001805</SourceName>
              <Items />
            </ListSource>
          </FieldSettings>
        </Element>
        <Element xsi:type="XString" StyleIndex="1">
          <Text>、右</Text>
        </Element>
        <Element xsi:type="XInputField" StyleIndex="1">
          <ID>kb0000001805</ID>
          <Attributes />
          <XElements>
            <Element xsi:type="XString">
              <Text>-</Text>
            </Element>
          </XElements>
          <TextValue>-</TextValue>
          <Name>反射描述</Name>
          <ValueBinding />
          <InnerValue>-</InnerValue>
          <BackgroundText>反射描述</BackgroundText>
          <FieldSettings>
            <EditStyle>DropdownList</EditStyle>
            <ListSource>
              <SourceName>0000001805</SourceName>
              <Items />
            </ListSource>
          </FieldSettings>
        </Element>
        <Element xsi:type="XString" StyleIndex="1">
          <Text>，膝腱：左</Text>
        </Element>
        <Element xsi:type="XInputField" StyleIndex="1">
          <ID>kb0000001805</ID>
          <Attributes />
          <XElements>
            <Element xsi:type="XString">
              <Text>-</Text>
            </Element>
          </XElements>
          <TextValue>-</TextValue>
          <Name>反射描述</Name>
          <ValueBinding />
          <InnerValue>-</InnerValue>
          <BackgroundText>反射描述</BackgroundText>
          <FieldSettings>
            <EditStyle>DropdownList</EditStyle>
            <ListSource>
              <SourceName>0000001805</SourceName>
              <Items />
            </ListSource>
          </FieldSettings>
        </Element>
        <Element xsi:type="XString" StyleIndex="1">
          <Text>、右</Text>
        </Element>
        <Element xsi:type="XInputField" StyleIndex="1">
          <ID>kb0000001805</ID>
          <Attributes />
          <XElements>
            <Element xsi:type="XString">
              <Text>-</Text>
            </Element>
          </XElements>
          <TextValue>-</TextValue>
          <Name>反射描述</Name>
          <ValueBinding />
          <InnerValue>-</InnerValue>
          <BackgroundText>反射描述</BackgroundText>
          <FieldSettings>
            <EditStyle>DropdownList</EditStyle>
            <ListSource>
              <SourceName>0000001805</SourceName>
              <Items />
            </ListSource>
          </FieldSettings>
        </Element>
        <Element xsi:type="XString" StyleIndex="1">
          <Text>，跟腱：左</Text>
        </Element>
        <Element xsi:type="XInputField" StyleIndex="1">
          <ID>kb0000001805</ID>
          <Attributes />
          <XElements>
            <Element xsi:type="XString">
              <Text>-</Text>
            </Element>
          </XElements>
          <TextValue>-</TextValue>
          <Name>反射描述</Name>
          <ValueBinding />
          <InnerValue>-</InnerValue>
          <BackgroundText>反射描述</BackgroundText>
          <FieldSettings>
            <EditStyle>DropdownList</EditStyle>
            <ListSource>
              <SourceName>0000001805</SourceName>
              <Items />
            </ListSource>
          </FieldSettings>
        </Element>
        <Element xsi:type="XString" StyleIndex="1">
          <Text>，右</Text>
        </Element>
        <Element xsi:type="XInputField" StyleIndex="1">
          <ID>kb0000001805</ID>
          <Attributes />
          <XElements>
            <Element xsi:type="XString">
              <Text>-</Text>
            </Element>
          </XElements>
          <TextValue>-</TextValue>
          <Name>反射描述</Name>
          <ValueBinding />
          <InnerValue>-</InnerValue>
          <BackgroundText>反射描述</BackgroundText>
          <FieldSettings>
            <EditStyle>DropdownList</EditStyle>
            <ListSource>
              <SourceName>0000001805</SourceName>
              <Items />
            </ListSource>
          </FieldSettings>
        </Element>
        <Element xsi:type="XString" StyleIndex="1">
          <Text>，腹壁：</Text>
        </Element>
        <Element xsi:type="XInputField" StyleIndex="1">
          <ID>kb0000001805</ID>
          <Attributes />
          <XElements>
            <Element xsi:type="XString">
              <Text>-</Text>
            </Element>
          </XElements>
          <TextValue>-</TextValue>
          <Name>反射描述</Name>
          <ValueBinding />
          <InnerValue>-</InnerValue>
          <BackgroundText>反射描述</BackgroundText>
          <FieldSettings>
            <EditStyle>DropdownList</EditStyle>
            <ListSource>
              <SourceName>0000001805</SourceName>
              <Items />
            </ListSource>
          </FieldSettings>
        </Element>
        <Element xsi:type="XString" StyleIndex="1">
          <Text>，提睾反射</Text>
        </Element>
        <Element xsi:type="XInputField" StyleIndex="1">
          <ID>kb0000001806</ID>
          <Attributes />
          <XElements>
            <Element xsi:type="XString">
              <Text>-</Text>
            </Element>
          </XElements>
          <TextValue>-</TextValue>
          <Name>提睾反射</Name>
          <ValueBinding />
          <InnerValue>-</InnerValue>
          <BackgroundText>提睾反射</BackgroundText>
          <FieldSettings>
            <EditStyle>DropdownList</EditStyle>
            <ListSource>
              <SourceName>0000001806</SourceName>
              <Items />
            </ListSource>
          </FieldSettings>
        </Element>
        <Element xsi:type="XString" StyleIndex="2">
          <Text>；Hoffmann征</Text>
        </Element>
        <Element xsi:type="XInputField" StyleIndex="2">
          <ID>kb0000000831</ID>
          <Attributes />
          <XElements>
            <Element xsi:type="XString">
              <Text>阴性</Text>
            </Element>
          </XElements>
          <TextValue>阴性</TextValue>
          <Name>Hoffmann征</Name>
          <ValueBinding />
          <InnerValue>阴性</InnerValue>
          <BackgroundText>Hoffmann征</BackgroundText>
          <FieldSettings>
            <EditStyle>DropdownList</EditStyle>
            <ListSource>
              <SourceName>0000000831</SourceName>
              <Items />
            </ListSource>
          </FieldSettings>
        </Element>
        <Element xsi:type="XString" StyleIndex="2">
          <Text>，Babinski征</Text>
        </Element>
        <Element xsi:type="XInputField" StyleIndex="2">
          <ID>kb0000000832</ID>
          <Attributes />
          <XElements>
            <Element xsi:type="XString">
              <Text>阴性</Text>
            </Element>
          </XElements>
          <TextValue>阴性</TextValue>
          <Name>Babinski征</Name>
          <ValueBinding />
          <InnerValue>阴性</InnerValue>
          <BackgroundText>Babinski征</BackgroundText>
          <FieldSettings>
            <EditStyle>DropdownList</EditStyle>
            <ListSource>
              <SourceName>0000000832</SourceName>
              <Items />
            </ListSource>
          </FieldSettings>
        </Element>
        <Element xsi:type="XString" StyleIndex="2">
          <Text>。</Text>
        </Element>
        <Element xsi:type="XParagraphFlag" />
      </XElements>
      <Sections />
    </Element>
    <Element xsi:type="XTextHeader">
      <Attributes />
      <XElements>
        <Element xsi:type="XParagraphFlag" StyleIndex="0">
          <AutoCreate>true</AutoCreate>
        </Element>
      </XElements>
    </Element>
    <Element xsi:type="XTextFooter">
      <Attributes />
      <XElements>
        <Element xsi:type="XParagraphFlag">
          <AutoCreate>true</AutoCreate>
        </Element>
      </XElements>
    </Element>
  </XElements>
  <Info>
    <CreationTime>2013-04-02T17:19:54.4791672+08:00</CreationTime>
    <LastModifiedTime>2013-04-02T17:19:54.4791672+08:00</LastModifiedTime>
    <LastPrintTime>1980-01-01T00:00:00</LastPrintTime>
    <Operator>DCSoft.Writer Version:1.1.1111.29376</Operator>
  </Info>
  <BodyText>
  </BodyText>
  <UserHistories>
    <History>
      <ID />
      <Name />
      <SavedTime>2005-01-12T11:01:14</SavedTime>
    </History>
    <History>
      <ID />
      <Name />
      <SavedTime>2005-01-12T11:05:16</SavedTime>
    </History>
    <History>
      <ID />
      <Name />
      <SavedTime>2005-01-12T11:10:22</SavedTime>
    </History>
  </UserHistories>
  <ContentStyles>
    <Default xsi:type="DocumentContentStyle">
      <FontName>宋体</FontName>
    </Default>
    <Styles>
      <Style Index="0">
        <Align>Center</Align>
      </Style>
      <Style Index="1">
        <CreatorIndex>1</CreatorIndex>
      </Style>
      <Style Index="2">
        <CreatorIndex>2</CreatorIndex>
      </Style>
    </Styles>
  </ContentStyles>
  <MeasureMode>OldCompatibility</MeasureMode>
  <PageSettings>
    <LeftMargin>50</LeftMargin>
    <TopMargin>50</TopMargin>
    <RightMargin>50</RightMargin>
    <BottomMargin>50</BottomMargin>
    <ViewLeftMargin>150</ViewLeftMargin>
    <ViewTopMargin>150</ViewTopMargin>
    <ViewRightMargin>150</ViewRightMargin>
    <ViewBottomMargin>150</ViewBottomMargin>
    <ViewPaperWidth>2481</ViewPaperWidth>
    <ViewPaperHeight>3507</ViewPaperHeight>
  </PageSettings>
</XTextDocument>