﻿<?xml version="1.0" encoding="utf-8"?>
<XTextDocument xmlns:xsi="http://www.w3.org/2001/XMLSchema-instance" xmlns:xsd="http://www.w3.org/2001/XMLSchema" EditorVersionString="1.1.1111.29376">
  <Attributes />
  <XElements>
    <Element xsi:type="XTextBody">
      <Attributes />
      <XElements>
        <Element xsi:type="XString">
          <Text>患者</Text>
        </Element>
        <Element xsi:type="XInputField">
          <ID>kb0000002347</ID>
          <Attributes />
          <XElements>
            <Element xsi:type="XString">
              <Text>年</Text>
            </Element>
          </XElements>
          <TextValue>年</TextValue>
          <Name>时间单位</Name>
          <ValueBinding />
          <InnerValue>年</InnerValue>
          <BackgroundText>时间单位</BackgroundText>
          <FieldSettings>
            <EditStyle>DropdownList</EditStyle>
            <ListSource>
              <SourceName>0000002347</SourceName>
              <Items />
            </ListSource>
          </FieldSettings>
        </Element>
        <Element xsi:type="XString">
          <Text>前</Text>
        </Element>
        <Element xsi:type="XInputField">
          <ID>kb0000002472</ID>
          <Attributes />
          <XElements>
            <Element xsi:type="XString">
              <Text>干重体力活</Text>
            </Element>
          </XElements>
          <TextValue>干重体力活</TextValue>
          <Name>心衰出现原因</Name>
          <ValueBinding />
          <InnerValue>干重体力活</InnerValue>
          <BackgroundText>心衰出现原因</BackgroundText>
          <FieldSettings>
            <EditStyle>DropdownList</EditStyle>
            <ListSource>
              <SourceName>0000002472</SourceName>
              <Items />
            </ListSource>
          </FieldSettings>
        </Element>
        <Element xsi:type="XString">
          <Text>时明显气促，伴</Text>
        </Element>
        <Element xsi:type="XInputField">
          <ID>kb0000002474</ID>
          <Attributes />
          <XElements>
            <Element xsi:type="XString">
              <Text>心慌</Text>
            </Element>
          </XElements>
          <TextValue>心慌</TextValue>
          <Name>气促伴随症状</Name>
          <ValueBinding />
          <InnerValue>心慌</InnerValue>
          <BackgroundText>气促伴随症状</BackgroundText>
          <FieldSettings>
            <EditStyle>DropdownList</EditStyle>
            <MultiSelect>true</MultiSelect>
            <ListSource>
              <SourceName>0000002474</SourceName>
              <Items />
            </ListSource>
          </FieldSettings>
        </Element>
        <Element xsi:type="XString">
          <Text>，后逐渐加重，</Text>
        </Element>
        <Element xsi:type="XInputField">
          <ID>kb0000002475</ID>
          <Attributes />
          <XElements>
            <Element xsi:type="XString">
              <Text>日常活动</Text>
            </Element>
          </XElements>
          <TextValue>日常活动</TextValue>
          <Name>加重症状出现原因</Name>
          <ValueBinding />
          <InnerValue>日常活动</InnerValue>
          <BackgroundText>加重症状出现原因</BackgroundText>
          <FieldSettings>
            <EditStyle>DropdownList</EditStyle>
            <ListSource>
              <SourceName>0000002475</SourceName>
              <Items />
            </ListSource>
          </FieldSettings>
        </Element>
        <Element xsi:type="XString">
          <Text>即感</Text>
        </Element>
        <Element xsi:type="XInputField">
          <ID>kb0000002481</ID>
          <Attributes />
          <XElements>
            <Element xsi:type="XString">
              <Text>气促</Text>
            </Element>
          </XElements>
          <TextValue>气促</TextValue>
          <Name>心衰症状</Name>
          <ValueBinding />
          <InnerValue>气促</InnerValue>
          <BackgroundText>心衰症状</BackgroundText>
          <FieldSettings>
            <EditStyle>DropdownList</EditStyle>
            <MultiSelect>true</MultiSelect>
            <ListSource>
              <SourceName>0000002481</SourceName>
              <Items />
            </ListSource>
          </FieldSettings>
        </Element>
        <Element xsi:type="XString">
          <Text>。</Text>
        </Element>
        <Element xsi:type="XInputField">
          <ID>kb0000002347</ID>
          <Attributes />
          <XElements>
            <Element xsi:type="XString">
              <Text>天</Text>
            </Element>
          </XElements>
          <TextValue>天</TextValue>
          <Name>时间单位</Name>
          <ValueBinding />
          <InnerValue>天</InnerValue>
          <BackgroundText>时间单位</BackgroundText>
          <FieldSettings>
            <EditStyle>DropdownList</EditStyle>
            <ListSource>
              <SourceName>0000002347</SourceName>
              <Items />
            </ListSource>
          </FieldSettings>
        </Element>
        <Element xsi:type="XString">
          <Text>前</Text>
        </Element>
        <Element xsi:type="XInputField">
          <ID>kb0000002478</ID>
          <Attributes />
          <XElements>
            <Element xsi:type="XString">
              <Text>无明显诱因</Text>
            </Element>
          </XElements>
          <TextValue>无明显诱因</TextValue>
          <Name>心衰症状加重原因</Name>
          <ValueBinding />
          <InnerValue>无明显诱因</InnerValue>
          <BackgroundText>心衰症状加重原因</BackgroundText>
          <FieldSettings>
            <EditStyle>DropdownList</EditStyle>
            <ListSource>
              <SourceName>0000002478</SourceName>
              <Items />
            </ListSource>
          </FieldSettings>
        </Element>
        <Element xsi:type="XString">
          <Text>夜间入睡</Text>
        </Element>
        <Element xsi:type="XString" StyleIndex="1">
          <Text>   小时</Text>
        </Element>
        <Element xsi:type="XString">
          <Text>后突然憋醒，被迫坐起，伴</Text>
        </Element>
        <Element xsi:type="XInputField">
          <ID>kb0000002474</ID>
          <Attributes />
          <XElements>
            <Element xsi:type="XString">
              <Text>咳嗽</Text>
            </Element>
          </XElements>
          <TextValue>咳嗽</TextValue>
          <Name>气促伴随症状</Name>
          <ValueBinding />
          <InnerValue>咳嗽</InnerValue>
          <BackgroundText>气促伴随症状</BackgroundText>
          <FieldSettings>
            <EditStyle>DropdownList</EditStyle>
            <MultiSelect>true</MultiSelect>
            <ListSource>
              <SourceName>0000002474</SourceName>
              <Items />
            </ListSource>
          </FieldSettings>
        </Element>
        <Element xsi:type="XString">
          <Text>，</Text>
        </Element>
        <Element xsi:type="XInputField">
          <ID>kb0000002508</ID>
          <Attributes />
          <XElements>
            <Element xsi:type="XString">
              <Text>无咯痰</Text>
            </Element>
          </XElements>
          <TextValue>无咯痰</TextValue>
          <Name>咯痰</Name>
          <ValueBinding />
          <InnerValue>无咯痰</InnerValue>
          <BackgroundText>咯痰</BackgroundText>
          <FieldSettings>
            <EditStyle>DropdownList</EditStyle>
            <ListSource>
              <SourceName>0000002508</SourceName>
              <Items />
            </ListSource>
          </FieldSettings>
        </Element>
        <Element xsi:type="XString">
          <Text>，坐起后约</Text>
        </Element>
        <Element xsi:type="XInputField">
          <ID>kb0000002347</ID>
          <Attributes />
          <XElements>
            <Element xsi:type="XString">
              <Text>分钟</Text>
            </Element>
          </XElements>
          <TextValue>分钟</TextValue>
          <Name>时间单位</Name>
          <ValueBinding />
          <InnerValue>分钟</InnerValue>
          <BackgroundText>时间单位</BackgroundText>
          <FieldSettings>
            <EditStyle>DropdownList</EditStyle>
            <ListSource>
              <SourceName>0000002347</SourceName>
              <Items />
            </ListSource>
          </FieldSettings>
        </Element>
        <Element xsi:type="XString">
          <Text>缓解。类似发作约</Text>
        </Element>
        <Element xsi:type="XString" StyleIndex="2">
          <Text>   次，尿量较前明显减少。平时夜间喜高枕，夜尿多。</Text>
        </Element>
        <Element xsi:type="XParagraphFlag" />
      </XElements>
      <Sections />
    </Element>
    <Element xsi:type="XTextHeader">
      <Attributes />
      <XElements>
        <Element xsi:type="XParagraphFlag" StyleIndex="0">
          <AutoCreate>true</AutoCreate>
        </Element>
      </XElements>
    </Element>
    <Element xsi:type="XTextFooter">
      <Attributes />
      <XElements>
        <Element xsi:type="XParagraphFlag">
          <AutoCreate>true</AutoCreate>
        </Element>
      </XElements>
    </Element>
  </XElements>
  <ScriptText />
  <Info>
    <CreationTime>2013-04-02T17:19:55.4502228+08:00</CreationTime>
    <LastModifiedTime>2013-04-02T17:19:55.4502228+08:00</LastModifiedTime>
    <LastPrintTime>1980-01-01T00:00:00</LastPrintTime>
    <Operator>DCSoft.Writer Version:1.1.1111.29376</Operator>
  </Info>
  <BodyText>
  </BodyText>
  <UserHistories>
    <History>
      <ID />
      <Name />
      <SavedTime>2005-03-30T10:43:23</SavedTime>
    </History>
    <History>
      <ID />
      <Name />
      <SavedTime>2005-04-02T11:30:54</SavedTime>
    </History>
    <History>
      <ID />
      <Name />
      <SavedTime>2005-04-02T11:32:15</SavedTime>
    </History>
  </UserHistories>
  <ContentStyles>
    <Default xsi:type="DocumentContentStyle">
      <FontName>宋体</FontName>
    </Default>
    <Styles>
      <Style Index="0">
        <Align>Center</Align>
      </Style>
      <Style Index="1">
        <CreatorIndex>1</CreatorIndex>
      </Style>
      <Style Index="2">
        <CreatorIndex>2</CreatorIndex>
      </Style>
    </Styles>
  </ContentStyles>
  <MeasureMode>OldCompatibility</MeasureMode>
  <PageSettings>
    <LeftMargin>50</LeftMargin>
    <TopMargin>50</TopMargin>
    <RightMargin>50</RightMargin>
    <BottomMargin>50</BottomMargin>
    <ViewLeftMargin>150</ViewLeftMargin>
    <ViewTopMargin>150</ViewTopMargin>
    <ViewRightMargin>150</ViewRightMargin>
    <ViewBottomMargin>150</ViewBottomMargin>
    <ViewPaperWidth>2481</ViewPaperWidth>
    <ViewPaperHeight>3507</ViewPaperHeight>
  </PageSettings>
</XTextDocument>