﻿<?xml version="1.0" encoding="utf-8"?>
<XTextDocument xmlns:xsi="http://www.w3.org/2001/XMLSchema-instance" xmlns:xsd="http://www.w3.org/2001/XMLSchema" EditorVersionString="1.1.1111.29376">
  <Attributes />
  <XElements>
    <Element xsi:type="XTextBody">
      <Attributes />
      <XElements>
        <Element xsi:type="XString" StyleIndex="1">
          <Text>胸片：</Text>
        </Element>
        <Element xsi:type="XInputField">
          <ID>kb0000002328</ID>
          <Attributes />
          <XElements>
            <Element xsi:type="XString">
              <Text>两肺纹理增粗、紊乱</Text>
            </Element>
          </XElements>
          <TextValue>两肺纹理增粗、紊乱</TextValue>
          <Name>肺部纹理</Name>
          <ValueBinding />
          <InnerValue>两肺纹理增粗、紊乱</InnerValue>
          <BackgroundText>肺部纹理</BackgroundText>
          <FieldSettings>
            <EditStyle>DropdownList</EditStyle>
            <ListSource>
              <SourceName>0000002328</SourceName>
              <Items />
            </ListSource>
          </FieldSettings>
        </Element>
        <Element xsi:type="XString">
          <Text>，</Text>
        </Element>
        <Element xsi:type="XInputField">
          <ID>kb0000002329</ID>
          <Attributes />
          <XElements>
            <Element xsi:type="XString">
              <Text>右</Text>
            </Element>
          </XElements>
          <TextValue>右</TextValue>
          <Name>肺部X线异常出现部位</Name>
          <ValueBinding />
          <InnerValue>右</InnerValue>
          <BackgroundText>肺部X线异常出现部位</BackgroundText>
          <FieldSettings>
            <EditStyle>DropdownList</EditStyle>
            <ListSource>
              <SourceName>0000002329</SourceName>
              <Items />
            </ListSource>
          </FieldSettings>
        </Element>
        <Element xsi:type="XInputField">
          <ID>kb0000002330</ID>
          <Attributes />
          <XElements>
            <Element xsi:type="XString">
              <Text>下</Text>
            </Element>
          </XElements>
          <TextValue>下</TextValue>
          <Name>肺部X线异常出现位置</Name>
          <ValueBinding />
          <InnerValue>下</InnerValue>
          <BackgroundText>肺部X线异常出现位置</BackgroundText>
          <FieldSettings>
            <EditStyle>DropdownList</EditStyle>
            <ListSource>
              <SourceName>0000002330</SourceName>
              <Items />
            </ListSource>
          </FieldSettings>
        </Element>
        <Element xsi:type="XString" StyleIndex="2">
          <Text>肺</Text>
        </Element>
        <Element xsi:type="XInputField">
          <ID>kb0000002331</ID>
          <Attributes />
          <XElements>
            <Element xsi:type="XString">
              <Text>炎症</Text>
            </Element>
          </XElements>
          <TextValue>炎症</TextValue>
          <Name>肺部X线异常症状</Name>
          <ValueBinding />
          <InnerValue>炎症</InnerValue>
          <BackgroundText>肺部X线异常症状</BackgroundText>
          <FieldSettings>
            <EditStyle>DropdownList</EditStyle>
            <ListSource>
              <SourceName>0000002331</SourceName>
              <Items />
            </ListSource>
          </FieldSettings>
        </Element>
        <Element xsi:type="XString">
          <Text>，</Text>
        </Element>
        <Element xsi:type="XInputField">
          <ID>kb0000002329</ID>
          <Attributes />
          <XElements>
            <Element xsi:type="XString">
              <Text>右</Text>
            </Element>
          </XElements>
          <TextValue>右</TextValue>
          <Name>肺部X线异常出现部位</Name>
          <ValueBinding />
          <InnerValue>右</InnerValue>
          <BackgroundText>肺部X线异常出现部位</BackgroundText>
          <FieldSettings>
            <EditStyle>DropdownList</EditStyle>
            <ListSource>
              <SourceName>0000002329</SourceName>
              <Items />
            </ListSource>
          </FieldSettings>
        </Element>
        <Element xsi:type="XString" StyleIndex="2">
          <Text>侧</Text>
        </Element>
        <Element xsi:type="XInputField">
          <ID>kb0000002333</ID>
          <Attributes />
          <XElements>
            <Element xsi:type="XString">
              <Text>少量</Text>
            </Element>
          </XElements>
          <TextValue>少量</TextValue>
          <Name>胸腔积液定量</Name>
          <ValueBinding />
          <InnerValue>少量</InnerValue>
          <BackgroundText>胸腔积液定量</BackgroundText>
          <FieldSettings>
            <EditStyle>DropdownList</EditStyle>
            <ListSource>
              <SourceName>0000002333</SourceName>
              <Items />
            </ListSource>
          </FieldSettings>
        </Element>
        <Element xsi:type="XString">
          <Text>胸腔积液；</Text>
        </Element>
        <Element xsi:type="XInputField">
          <ID>kb0000002335</ID>
          <Attributes />
          <XElements>
            <Element xsi:type="XString">
              <Text>心影正常</Text>
            </Element>
          </XElements>
          <TextValue>心影正常</TextValue>
          <Name>心影表现</Name>
          <ValueBinding />
          <InnerValue>心影正常</InnerValue>
          <BackgroundText>心影表现</BackgroundText>
          <FieldSettings>
            <EditStyle>DropdownList</EditStyle>
            <ListSource>
              <SourceName>0000002335</SourceName>
              <Items />
            </ListSource>
          </FieldSettings>
        </Element>
        <Element xsi:type="XString">
          <Text>。</Text>
        </Element>
        <Element xsi:type="XParagraphFlag" />
      </XElements>
      <Sections />
    </Element>
    <Element xsi:type="XTextHeader">
      <Attributes />
      <XElements>
        <Element xsi:type="XParagraphFlag" StyleIndex="0">
          <AutoCreate>true</AutoCreate>
        </Element>
      </XElements>
    </Element>
    <Element xsi:type="XTextFooter">
      <Attributes />
      <XElements>
        <Element xsi:type="XParagraphFlag">
          <AutoCreate>true</AutoCreate>
        </Element>
      </XElements>
    </Element>
  </XElements>
  <ScriptText />
  <Info>
    <CreationTime>2013-04-02T17:19:55.192208+08:00</CreationTime>
    <LastModifiedTime>2013-04-02T17:19:55.192208+08:00</LastModifiedTime>
    <LastPrintTime>1980-01-01T00:00:00</LastPrintTime>
    <Operator>DCSoft.Writer Version:1.1.1111.29376</Operator>
  </Info>
  <BodyText>
  </BodyText>
  <UserHistories>
    <History>
      <ID />
      <Name />
      <SavedTime>2005-03-14T17:06:24</SavedTime>
    </History>
    <History>
      <ID />
      <Name />
      <SavedTime>2005-04-02T11:18:28</SavedTime>
    </History>
    <History>
      <ID />
      <Name />
      <SavedTime>2005-04-28T10:38:42</SavedTime>
    </History>
  </UserHistories>
  <ContentStyles>
    <Default xsi:type="DocumentContentStyle">
      <FontName>宋体</FontName>
    </Default>
    <Styles>
      <Style Index="0">
        <Align>Center</Align>
      </Style>
      <Style Index="1">
        <CreatorIndex>2</CreatorIndex>
      </Style>
      <Style Index="2">
        <CreatorIndex>1</CreatorIndex>
      </Style>
    </Styles>
  </ContentStyles>
  <MeasureMode>OldCompatibility</MeasureMode>
  <PageSettings>
    <LeftMargin>50</LeftMargin>
    <TopMargin>50</TopMargin>
    <RightMargin>50</RightMargin>
    <BottomMargin>50</BottomMargin>
    <ViewLeftMargin>150</ViewLeftMargin>
    <ViewTopMargin>150</ViewTopMargin>
    <ViewRightMargin>150</ViewRightMargin>
    <ViewBottomMargin>150</ViewBottomMargin>
    <ViewPaperWidth>2481</ViewPaperWidth>
    <ViewPaperHeight>3507</ViewPaperHeight>
  </PageSettings>
</XTextDocument>