﻿<?xml version="1.0" encoding="utf-8"?>
<XTextDocument xmlns:xsi="http://www.w3.org/2001/XMLSchema-instance" xmlns:xsd="http://www.w3.org/2001/XMLSchema" EditorVersionString="1.1.1111.29376">
  <Attributes />
  <XElements>
    <Element xsi:type="XTextBody">
      <Attributes />
      <XElements>
        <Element xsi:type="XString">
          <Text>患者LMP   ，</Text>
        </Element>
        <Element xsi:type="XInputField">
          <ID>kb0000002897</ID>
          <Attributes />
          <XElements>
            <Element xsi:type="XString">
              <Text>至今一直未尽</Text>
            </Element>
          </XElements>
          <TextValue>至今一直未尽</TextValue>
          <Name>功能失调性子宫出血表现</Name>
          <ValueBinding />
          <InnerValue>至今一直未尽</InnerValue>
          <BackgroundText>功能失调性子宫出血表现</BackgroundText>
          <FieldSettings>
            <EditStyle>DropdownList</EditStyle>
            <ListSource>
              <SourceName>0000002897</SourceName>
              <Items />
            </ListSource>
          </FieldSettings>
        </Element>
        <Element xsi:type="XInputField">
          <ID>kb0000002867</ID>
          <Attributes />
          <XElements>
            <Element xsi:type="XString">
              <Text>日</Text>
            </Element>
          </XElements>
          <TextValue>日</TextValue>
          <Name>时间单位</Name>
          <ValueBinding />
          <InnerValue>日</InnerValue>
          <BackgroundText>时间单位</BackgroundText>
          <FieldSettings>
            <EditStyle>DropdownList</EditStyle>
            <ListSource>
              <SourceName>0000002867</SourceName>
              <Items />
            </ListSource>
          </FieldSettings>
        </Element>
        <Element xsi:type="XString">
          <Text>，</Text>
        </Element>
        <Element xsi:type="XInputField">
          <ID>kb0000002898</ID>
          <Attributes />
          <XElements>
            <Element xsi:type="XString">
              <Text>淋漓不尽、经期延长</Text>
            </Element>
          </XElements>
          <TextValue>淋漓不尽、经期延长</TextValue>
          <Name>功能失调性子宫出血症状</Name>
          <ValueBinding />
          <InnerValue>淋漓不尽、经期延长</InnerValue>
          <BackgroundText>功能失调性子宫出血症状</BackgroundText>
          <FieldSettings>
            <EditStyle>DropdownList</EditStyle>
            <MultiSelect>true</MultiSelect>
            <ListSource>
              <SourceName>0000002898</SourceName>
              <Items />
            </ListSource>
          </FieldSettings>
        </Element>
        <Element xsi:type="XString">
          <Text>，</Text>
        </Element>
        <Element xsi:type="XInputField">
          <ID>kb0000002899</ID>
          <Attributes />
          <XElements>
            <Element xsi:type="XString">
              <Text>未做过诊断性刮宫</Text>
            </Element>
          </XElements>
          <TextValue>未做过诊断性刮宫</TextValue>
          <Name>功能失调性子宫出血诊刮</Name>
          <ValueBinding />
          <InnerValue>未做过诊断性刮宫</InnerValue>
          <BackgroundText>功能失调性子宫出血诊刮</BackgroundText>
          <FieldSettings>
            <EditStyle>DropdownList</EditStyle>
            <ListSource>
              <SourceName>0000002899</SourceName>
              <Items />
            </ListSource>
          </FieldSettings>
        </Element>
        <Element xsi:type="XString">
          <Text>，用过</Text>
        </Element>
        <Element xsi:type="XInputField">
          <ID>kb0000002901</ID>
          <Attributes />
          <XElements>
            <Element xsi:type="XString">
              <Text>止血药、抗生素</Text>
            </Element>
          </XElements>
          <TextValue>止血药、抗生素</TextValue>
          <Name>功能失调性子宫出血治疗药物</Name>
          <ValueBinding />
          <InnerValue>止血药、抗生素</InnerValue>
          <BackgroundText>功能失调性子宫出血治疗药物</BackgroundText>
          <FieldSettings>
            <EditStyle>DropdownList</EditStyle>
            <MultiSelect>true</MultiSelect>
            <ListSource>
              <SourceName>0000002901</SourceName>
              <Items />
            </ListSource>
          </FieldSettings>
        </Element>
        <Element xsi:type="XString">
          <Text>治疗，</Text>
        </Element>
        <Element xsi:type="XInputField">
          <ID>kb0000002902</ID>
          <Attributes />
          <XElements>
            <Element xsi:type="XString">
              <Text>效佳</Text>
            </Element>
          </XElements>
          <TextValue>效佳</TextValue>
          <Name>功能失调性子宫出血治疗疗效</Name>
          <ValueBinding />
          <InnerValue>效佳</InnerValue>
          <BackgroundText>功能失调性子宫出血治疗疗效</BackgroundText>
          <FieldSettings>
            <EditStyle>DropdownList</EditStyle>
            <ListSource>
              <SourceName>0000002902</SourceName>
              <Items />
            </ListSource>
          </FieldSettings>
        </Element>
        <Element xsi:type="XString">
          <Text>。既往</Text>
        </Element>
        <Element xsi:type="XInputField">
          <ID>kb0000002903</ID>
          <Attributes />
          <XElements>
            <Element xsi:type="XString">
              <Text>无</Text>
            </Element>
          </XElements>
          <TextValue>无</TextValue>
          <Name>功能失调性子宫出血既往病史</Name>
          <ValueBinding />
          <InnerValue>无</InnerValue>
          <BackgroundText>功能失调性子宫出血既往病史</BackgroundText>
          <FieldSettings>
            <EditStyle>DropdownList</EditStyle>
            <ListSource>
              <SourceName>0000002903</SourceName>
              <Items />
            </ListSource>
          </FieldSettings>
        </Element>
        <Element xsi:type="XInputField">
          <ID>kb0000002904</ID>
          <Attributes />
          <XElements>
            <Element xsi:type="XString">
              <Text>皮肤紫斑、鼻衄</Text>
            </Element>
          </XElements>
          <TextValue>皮肤紫斑、鼻衄</TextValue>
          <Name>功能失调性子宫出血既往病史描述</Name>
          <ValueBinding />
          <InnerValue>皮肤紫斑、鼻衄</InnerValue>
          <BackgroundText>功能失调性子宫出血既往病史描述</BackgroundText>
          <FieldSettings>
            <EditStyle>DropdownList</EditStyle>
            <MultiSelect>true</MultiSelect>
            <ListSource>
              <SourceName>0000002904</SourceName>
              <Items />
            </ListSource>
          </FieldSettings>
        </Element>
        <Element xsi:type="XString">
          <Text>等症状。</Text>
        </Element>
        <Element xsi:type="XParagraphFlag" />
      </XElements>
      <Sections />
    </Element>
    <Element xsi:type="XTextHeader">
      <Attributes />
      <XElements>
        <Element xsi:type="XParagraphFlag" StyleIndex="0">
          <AutoCreate>true</AutoCreate>
        </Element>
      </XElements>
    </Element>
    <Element xsi:type="XTextFooter">
      <Attributes />
      <XElements>
        <Element xsi:type="XParagraphFlag">
          <AutoCreate>true</AutoCreate>
        </Element>
      </XElements>
    </Element>
  </XElements>
  <ScriptText />
  <Info>
    <CreationTime>2013-04-02T17:19:56.4962826+08:00</CreationTime>
    <LastModifiedTime>2013-04-02T17:19:56.4962826+08:00</LastModifiedTime>
    <LastPrintTime>1980-01-01T00:00:00</LastPrintTime>
    <Operator>DCSoft.Writer Version:1.1.1111.29376</Operator>
  </Info>
  <BodyText>
  </BodyText>
  <UserHistories>
    <History>
      <ID />
      <Name />
      <SavedTime>2005-04-27T16:32:01</SavedTime>
    </History>
    <History>
      <ID />
      <Name />
      <SavedTime>2005-04-27T16:36:00</SavedTime>
    </History>
  </UserHistories>
  <ContentStyles>
    <Default xsi:type="DocumentContentStyle">
      <FontName>宋体</FontName>
    </Default>
    <Styles>
      <Style Index="0">
        <Align>Center</Align>
      </Style>
    </Styles>
  </ContentStyles>
  <MeasureMode>OldCompatibility</MeasureMode>
  <PageSettings>
    <LeftMargin>50</LeftMargin>
    <TopMargin>50</TopMargin>
    <RightMargin>50</RightMargin>
    <BottomMargin>50</BottomMargin>
    <ViewLeftMargin>150</ViewLeftMargin>
    <ViewTopMargin>150</ViewTopMargin>
    <ViewRightMargin>150</ViewRightMargin>
    <ViewBottomMargin>150</ViewBottomMargin>
    <ViewPaperWidth>2481</ViewPaperWidth>
    <ViewPaperHeight>3507</ViewPaperHeight>
  </PageSettings>
</XTextDocument>