﻿<?xml version="1.0" encoding="utf-8"?>
<XTextDocument xmlns:xsi="http://www.w3.org/2001/XMLSchema-instance" xmlns:xsd="http://www.w3.org/2001/XMLSchema" EditorVersionString="1.1.1111.29376">
  <Attributes />
  <XElements>
    <Element xsi:type="XTextBody">
      <Attributes />
      <XElements>
        <Element xsi:type="XString">
          <Text>血压/</Text>
        </Element>
        <Element xsi:type="XString" StyleIndex="1">
          <Text>   mmHg</Text>
        </Element>
        <Element xsi:type="XString">
          <Text>，神清，口唇无紫绀，颈静脉无怒张。两肺呼吸音清，未闻及干湿性罗音。心率</Text>
        </Element>
        <Element xsi:type="XString" StyleIndex="1">
          <Text>   次/分</Text>
        </Element>
        <Element xsi:type="XString">
          <Text>，律齐，心音正常，各瓣膜听诊区未闻及病理性杂音及心包磨擦音，双下肢无水肿。</Text>
        </Element>
        <Element xsi:type="XParagraphFlag" />
      </XElements>
      <Sections />
    </Element>
    <Element xsi:type="XTextHeader">
      <Attributes />
      <XElements>
        <Element xsi:type="XParagraphFlag" StyleIndex="0">
          <AutoCreate>true</AutoCreate>
        </Element>
      </XElements>
    </Element>
    <Element xsi:type="XTextFooter">
      <Attributes />
      <XElements>
        <Element xsi:type="XParagraphFlag">
          <AutoCreate>true</AutoCreate>
        </Element>
      </XElements>
    </Element>
  </XElements>
  <ScriptText />
  <Info>
    <CreationTime>2013-04-02T17:19:55.4292216+08:00</CreationTime>
    <LastModifiedTime>2013-04-02T17:19:55.4292216+08:00</LastModifiedTime>
    <LastPrintTime>1980-01-01T00:00:00</LastPrintTime>
    <Operator>DCSoft.Writer Version:1.1.1111.29376</Operator>
  </Info>
  <BodyText>
  </BodyText>
  <UserHistories>
    <History>
      <ID />
      <Name />
      <SavedTime>2005-03-30T09:44:12</SavedTime>
    </History>
    <History>
      <ID />
      <Name />
      <SavedTime>2005-04-02T11:12:05</SavedTime>
    </History>
  </UserHistories>
  <ContentStyles>
    <Default xsi:type="DocumentContentStyle">
      <FontName>宋体</FontName>
    </Default>
    <Styles>
      <Style Index="0">
        <Align>Center</Align>
      </Style>
      <Style Index="1">
        <CreatorIndex>1</CreatorIndex>
      </Style>
    </Styles>
  </ContentStyles>
  <MeasureMode>OldCompatibility</MeasureMode>
  <PageSettings>
    <LeftMargin>50</LeftMargin>
    <TopMargin>50</TopMargin>
    <RightMargin>50</RightMargin>
    <BottomMargin>50</BottomMargin>
    <ViewLeftMargin>150</ViewLeftMargin>
    <ViewTopMargin>150</ViewTopMargin>
    <ViewRightMargin>150</ViewRightMargin>
    <ViewBottomMargin>150</ViewBottomMargin>
    <ViewPaperWidth>2481</ViewPaperWidth>
    <ViewPaperHeight>3507</ViewPaperHeight>
  </PageSettings>
</XTextDocument>