﻿<?xml version="1.0" encoding="utf-8"?>
<XTextDocument xmlns:xsi="http://www.w3.org/2001/XMLSchema-instance" xmlns:xsd="http://www.w3.org/2001/XMLSchema" EditorVersionString="1.1.1111.29376">
  <Attributes />
  <XElements>
    <Element xsi:type="XTextBody">
      <Attributes />
      <XElements>
        <Element xsi:type="XString">
          <Text>首次肾移植时间为</Text>
        </Element>
        <Element xsi:type="XInputField">
          <ID>kb0000002148</ID>
          <Attributes />
          <XElements />
          <TextValue />
          <UnitText />
          <Name>首次肾移植时间</Name>
          <InnerValue />
          <BackgroundText>首次肾移植时间</BackgroundText>
        </Element>
        <Element xsi:type="XString">
          <Text>，部位为</Text>
        </Element>
        <Element xsi:type="XInputField">
          <ID>kb0000002149</ID>
          <Attributes />
          <XElements>
            <Element xsi:type="XString">
              <Text>肾移植部位</Text>
            </Element>
          </XElements>
          <TextValue>肾移植部位</TextValue>
          <Name>肾移植部位</Name>
          <ValueBinding />
          <InnerValue>肾移植部位</InnerValue>
          <BackgroundText>肾移植部位</BackgroundText>
          <FieldSettings>
            <EditStyle>DropdownList</EditStyle>
            <ListSource>
              <SourceName>0000002149</SourceName>
              <Items />
            </ListSource>
          </FieldSettings>
        </Element>
        <Element xsi:type="XString">
          <Text>，原发病为</Text>
        </Element>
        <Element xsi:type="XInputField">
          <ID>kb0000002150</ID>
          <Attributes />
          <XElements />
          <TextValue />
          <UnitText />
          <Name>肾移植原发病</Name>
          <InnerValue />
          <BackgroundText>肾移植原发病</BackgroundText>
        </Element>
        <Element xsi:type="XString">
          <Text>。</Text>
        </Element>
        <Element xsi:type="XParagraphFlag" />
        <Element xsi:type="XString">
          <Text>免疫抑制剂方案：</Text>
        </Element>
        <Element xsi:type="XParagraphFlag" />
        <Element xsi:type="XString">
          <Text>       CSA剂量</Text>
        </Element>
        <Element xsi:type="XInputField">
          <ID>kb0000002151</ID>
          <Attributes />
          <XElements />
          <TextValue />
          <UnitText>mg</UnitText>
          <Name>CSA剂量</Name>
          <InnerValue />
          <BackgroundText>CSA剂量</BackgroundText>
        </Element>
        <Element xsi:type="XString">
          <Text>，MMF剂量</Text>
        </Element>
        <Element xsi:type="XInputField">
          <ID>kb0000002152</ID>
          <Attributes />
          <XElements />
          <TextValue />
          <UnitText>mg</UnitText>
          <Name>MMF剂量</Name>
          <InnerValue />
          <BackgroundText>MMF剂量</BackgroundText>
        </Element>
        <Element xsi:type="XString">
          <Text>，Pred剂量</Text>
        </Element>
        <Element xsi:type="XInputField">
          <ID>kb0000002153</ID>
          <Attributes />
          <XElements />
          <TextValue />
          <UnitText>mg</UnitText>
          <Name>Pred剂量</Name>
          <InnerValue />
          <BackgroundText>Pred剂量</BackgroundText>
        </Element>
        <Element xsi:type="XString">
          <Text>，TW剂量</Text>
        </Element>
        <Element xsi:type="XInputField">
          <ID>kb0000002154</ID>
          <Attributes />
          <XElements />
          <TextValue />
          <UnitText>mg</UnitText>
          <Name>TW剂量</Name>
          <InnerValue />
          <BackgroundText>TW剂量</BackgroundText>
        </Element>
        <Element xsi:type="XString">
          <Text>，FK506剂量</Text>
        </Element>
        <Element xsi:type="XInputField">
          <ID>kb0000002155</ID>
          <Attributes />
          <XElements />
          <TextValue />
          <UnitText>mg</UnitText>
          <Name>FK506剂量</Name>
          <InnerValue />
          <BackgroundText>FK506剂量</BackgroundText>
        </Element>
        <Element xsi:type="XString">
          <Text>，CSA浓度</Text>
        </Element>
        <Element xsi:type="XInputField">
          <ID>kb0000002156</ID>
          <Attributes />
          <XElements />
          <TextValue />
          <UnitText>ng/l</UnitText>
          <Name>CSA浓度</Name>
          <InnerValue />
          <BackgroundText>CSA浓度</BackgroundText>
        </Element>
        <Element xsi:type="XString">
          <Text>，FK506浓度</Text>
        </Element>
        <Element xsi:type="XInputField">
          <ID>kb0000002157</ID>
          <Attributes />
          <XElements />
          <TextValue />
          <UnitText>ng/l</UnitText>
          <Name>FK506浓度</Name>
          <InnerValue />
          <BackgroundText>FK506浓度</BackgroundText>
        </Element>
        <Element xsi:type="XString">
          <Text>，CD4/CD8</Text>
        </Element>
        <Element xsi:type="XInputField">
          <ID>kb0000002158</ID>
          <Attributes />
          <XElements />
          <TextValue />
          <UnitText />
          <Name>CD4/CD8</Name>
          <InnerValue />
          <BackgroundText>CD4/CD8</BackgroundText>
        </Element>
        <Element xsi:type="XString">
          <Text>。</Text>
        </Element>
        <Element xsi:type="XParagraphFlag" StyleIndex="1" />
        <Element xsi:type="XInputField" StyleIndex="1">
          <ID>kb0000002159</ID>
          <Attributes />
          <XElements>
            <Element xsi:type="XString">
              <Text>高血压</Text>
            </Element>
          </XElements>
          <TextValue>高血压</TextValue>
          <Name>高血压</Name>
          <ValueBinding />
          <InnerValue>高血压</InnerValue>
          <BackgroundText>高血压</BackgroundText>
          <FieldSettings>
            <EditStyle>DropdownList</EditStyle>
            <ListSource>
              <SourceName>0000002159</SourceName>
              <Items />
            </ListSource>
          </FieldSettings>
        </Element>
        <Element xsi:type="XString" StyleIndex="2">
          <Text>；</Text>
        </Element>
        <Element xsi:type="XInputField" StyleIndex="2">
          <ID>kb0000002164</ID>
          <Attributes />
          <XElements>
            <Element xsi:type="XString">
              <Text>既往移植肾活检</Text>
            </Element>
          </XElements>
          <TextValue>既往移植肾活检</TextValue>
          <Name>既往移植肾活检</Name>
          <ValueBinding />
          <InnerValue>既往移植肾活检</InnerValue>
          <BackgroundText>既往移植肾活检</BackgroundText>
          <FieldSettings>
            <EditStyle>DropdownList</EditStyle>
            <ListSource>
              <SourceName>0000002164</SourceName>
              <Items />
            </ListSource>
          </FieldSettings>
        </Element>
        <Element xsi:type="XString" StyleIndex="2">
          <Text>；24小时尿量</Text>
        </Element>
        <Element xsi:type="XInputField" StyleIndex="2">
          <ID>kb0000002166</ID>
          <Attributes />
          <XElements />
          <TextValue />
          <UnitText>ml/天</UnitText>
          <Name>24小时尿量</Name>
          <InnerValue />
          <BackgroundText>24小时尿量</BackgroundText>
        </Element>
        <Element xsi:type="XString" StyleIndex="2">
          <Text>；移植肾肿痛</Text>
        </Element>
        <Element xsi:type="XInputField" StyleIndex="2">
          <ID>kb0000002167</ID>
          <Attributes />
          <XElements>
            <Element xsi:type="XString">
              <Text>移植肾肿痛</Text>
            </Element>
          </XElements>
          <TextValue>移植肾肿痛</TextValue>
          <Name>移植肾肿痛</Name>
          <ValueBinding />
          <InnerValue>移植肾肿痛</InnerValue>
          <BackgroundText>移植肾肿痛</BackgroundText>
          <FieldSettings>
            <EditStyle>DropdownList</EditStyle>
            <ListSource>
              <SourceName>0000002167</SourceName>
              <Items />
            </ListSource>
          </FieldSettings>
        </Element>
        <Element xsi:type="XString" StyleIndex="2">
          <Text>。</Text>
        </Element>
        <Element xsi:type="XParagraphFlag" />
      </XElements>
      <Sections />
    </Element>
    <Element xsi:type="XTextHeader">
      <Attributes />
      <XElements>
        <Element xsi:type="XParagraphFlag" StyleIndex="0">
          <AutoCreate>true</AutoCreate>
        </Element>
      </XElements>
    </Element>
    <Element xsi:type="XTextFooter">
      <Attributes />
      <XElements>
        <Element xsi:type="XParagraphFlag">
          <AutoCreate>true</AutoCreate>
        </Element>
      </XElements>
    </Element>
  </XElements>
  <Info>
    <CreationTime>2013-04-02T17:19:55.0051973+08:00</CreationTime>
    <LastModifiedTime>2013-04-02T17:19:55.0051973+08:00</LastModifiedTime>
    <LastPrintTime>1980-01-01T00:00:00</LastPrintTime>
    <Operator>DCSoft.Writer Version:1.1.1111.29376</Operator>
  </Info>
  <BodyText>
  </BodyText>
  <UserHistories>
    <History>
      <ID />
      <Name />
      <SavedTime>2005-03-01T11:30:13</SavedTime>
    </History>
    <History>
      <ID />
      <Name />
      <SavedTime>2005-03-01T12:53:29</SavedTime>
    </History>
    <History>
      <ID />
      <Name />
      <SavedTime>2005-03-01T12:56:20</SavedTime>
    </History>
  </UserHistories>
  <ContentStyles>
    <Default xsi:type="DocumentContentStyle">
      <FontName>宋体</FontName>
    </Default>
    <Styles>
      <Style Index="0">
        <Align>Center</Align>
      </Style>
      <Style Index="1">
        <CreatorIndex>1</CreatorIndex>
      </Style>
      <Style Index="2">
        <CreatorIndex>2</CreatorIndex>
      </Style>
    </Styles>
  </ContentStyles>
  <MeasureMode>OldCompatibility</MeasureMode>
  <PageSettings>
    <LeftMargin>50</LeftMargin>
    <TopMargin>50</TopMargin>
    <RightMargin>50</RightMargin>
    <BottomMargin>50</BottomMargin>
    <ViewLeftMargin>150</ViewLeftMargin>
    <ViewTopMargin>150</ViewTopMargin>
    <ViewRightMargin>150</ViewRightMargin>
    <ViewBottomMargin>150</ViewBottomMargin>
    <ViewPaperWidth>2481</ViewPaperWidth>
    <ViewPaperHeight>3507</ViewPaperHeight>
  </PageSettings>
</XTextDocument>