﻿<?xml version="1.0" encoding="utf-8"?>
<XTextDocument xmlns:xsi="http://www.w3.org/2001/XMLSchema-instance" xmlns:xsd="http://www.w3.org/2001/XMLSchema" EditorVersionString="1.1.1111.29376">
  <Attributes />
  <XElements>
    <Element xsi:type="XTextBody">
      <Attributes />
      <XElements>
        <Element xsi:type="XString">
          <Text>患者    </Text>
        </Element>
        <Element xsi:type="XInputField">
          <ID>kb0000002774</ID>
          <Attributes />
          <XElements>
            <Element xsi:type="XString">
              <Text>月</Text>
            </Element>
          </XElements>
          <TextValue>月</TextValue>
          <Name>时间单位</Name>
          <ValueBinding />
          <InnerValue>月</InnerValue>
          <BackgroundText>时间单位</BackgroundText>
          <FieldSettings>
            <EditStyle>DropdownList</EditStyle>
            <ListSource>
              <SourceName>0000002774</SourceName>
              <Items />
            </ListSource>
          </FieldSettings>
        </Element>
        <Element xsi:type="XString">
          <Text>前</Text>
        </Element>
        <Element xsi:type="XInputField">
          <ID>kb0000002786</ID>
          <Attributes />
          <XElements>
            <Element xsi:type="XString">
              <Text>无明显诱因</Text>
            </Element>
          </XElements>
          <TextValue>无明显诱因</TextValue>
          <Name>肺占位症状出现诱因</Name>
          <ValueBinding />
          <InnerValue>无明显诱因</InnerValue>
          <BackgroundText>肺占位症状出现诱因</BackgroundText>
          <FieldSettings>
            <EditStyle>DropdownList</EditStyle>
            <ListSource>
              <SourceName>0000002786</SourceName>
              <Items />
            </ListSource>
          </FieldSettings>
        </Element>
        <Element xsi:type="XString">
          <Text>出现咳嗽、咳痰，痰呈</Text>
        </Element>
        <Element xsi:type="XInputField">
          <ID>kb0000002787</ID>
          <Attributes />
          <XElements>
            <Element xsi:type="XString">
              <Text>黄脓样</Text>
            </Element>
          </XElements>
          <TextValue>黄脓样</TextValue>
          <Name>咳痰颜色</Name>
          <ValueBinding />
          <InnerValue>黄脓样</InnerValue>
          <BackgroundText>咳痰颜色</BackgroundText>
          <FieldSettings>
            <EditStyle>DropdownList</EditStyle>
            <ListSource>
              <SourceName>0000002787</SourceName>
              <Items />
            </ListSource>
          </FieldSettings>
        </Element>
        <Element xsi:type="XString">
          <Text>，</Text>
        </Element>
        <Element xsi:type="XInputField">
          <ID>kb0000002788</ID>
          <Attributes />
          <XElements>
            <Element xsi:type="XString">
              <Text>伴</Text>
            </Element>
          </XElements>
          <TextValue>伴</TextValue>
          <Name>咳痰伴血丝</Name>
          <ValueBinding />
          <InnerValue>伴</InnerValue>
          <BackgroundText>咳痰伴血丝</BackgroundText>
          <FieldSettings>
            <EditStyle>DropdownList</EditStyle>
            <ListSource>
              <SourceName>0000002788</SourceName>
              <Items />
            </ListSource>
          </FieldSettings>
        </Element>
        <Element xsi:type="XString">
          <Text>血丝，</Text>
        </Element>
        <Element xsi:type="XInputField">
          <ID>kb0000002789</ID>
          <Attributes />
          <XElements>
            <Element xsi:type="XString">
              <Text>无</Text>
            </Element>
          </XElements>
          <TextValue>无</TextValue>
          <Name>发热</Name>
          <ValueBinding />
          <InnerValue>无</InnerValue>
          <BackgroundText>发热</BackgroundText>
          <FieldSettings>
            <EditStyle>DropdownList</EditStyle>
            <ListSource>
              <SourceName>0000002789</SourceName>
              <Items />
            </ListSource>
          </FieldSettings>
        </Element>
        <Element xsi:type="XString">
          <Text>发热，</Text>
        </Element>
        <Element xsi:type="XInputField">
          <ID>kb0000002790</ID>
          <Attributes />
          <XElements>
            <Element xsi:type="XString">
              <Text>无</Text>
            </Element>
          </XElements>
          <TextValue>无</TextValue>
          <Name>盗汗、乏力</Name>
          <ValueBinding />
          <InnerValue>无</InnerValue>
          <BackgroundText>盗汗、乏力</BackgroundText>
          <FieldSettings>
            <EditStyle>DropdownList</EditStyle>
            <ListSource>
              <SourceName>0000002790</SourceName>
              <Items />
            </ListSource>
          </FieldSettings>
        </Element>
        <Element xsi:type="XString">
          <Text>盗汗、乏力，</Text>
        </Element>
        <Element xsi:type="XInputField">
          <ID>kb0000002791</ID>
          <Attributes />
          <XElements>
            <Element xsi:type="XString">
              <Text>无</Text>
            </Element>
          </XElements>
          <TextValue>无</TextValue>
          <Name>胸闷、气喘</Name>
          <ValueBinding />
          <InnerValue>无</InnerValue>
          <BackgroundText>胸闷、气喘</BackgroundText>
          <FieldSettings>
            <EditStyle>DropdownList</EditStyle>
            <ListSource>
              <SourceName>0000002791</SourceName>
              <Items />
            </ListSource>
          </FieldSettings>
        </Element>
        <Element xsi:type="XString">
          <Text>胸闷、气喘。既往</Text>
        </Element>
        <Element xsi:type="XInputField">
          <ID>kb0000002784</ID>
          <Attributes />
          <XElements>
            <Element xsi:type="XString">
              <Text>有</Text>
            </Element>
          </XElements>
          <TextValue>有</TextValue>
          <Name>既往病史</Name>
          <ValueBinding />
          <InnerValue>有</InnerValue>
          <BackgroundText>既往病史</BackgroundText>
          <FieldSettings>
            <EditStyle>DropdownList</EditStyle>
            <ListSource>
              <SourceName>0000002784</SourceName>
              <Items />
            </ListSource>
          </FieldSettings>
        </Element>
        <Element xsi:type="XInputField">
          <ID>kb0000002792</ID>
          <Attributes />
          <XElements>
            <Element xsi:type="XString">
              <Text>慢支、肺气肿</Text>
            </Element>
          </XElements>
          <TextValue>慢支、肺气肿</TextValue>
          <Name>肺占位既往病史描述</Name>
          <ValueBinding />
          <InnerValue>慢支、肺气肿</InnerValue>
          <BackgroundText>肺占位既往病史描述</BackgroundText>
          <FieldSettings>
            <EditStyle>DropdownList</EditStyle>
            <MultiSelect>true</MultiSelect>
            <ListSource>
              <SourceName>0000002792</SourceName>
              <Items />
            </ListSource>
          </FieldSettings>
        </Element>
        <Element xsi:type="XString">
          <Text>病史。</Text>
        </Element>
        <Element xsi:type="XParagraphFlag" />
      </XElements>
      <Sections />
    </Element>
    <Element xsi:type="XTextHeader">
      <Attributes />
      <XElements>
        <Element xsi:type="XParagraphFlag" StyleIndex="0">
          <AutoCreate>true</AutoCreate>
        </Element>
      </XElements>
    </Element>
    <Element xsi:type="XTextFooter">
      <Attributes />
      <XElements>
        <Element xsi:type="XParagraphFlag">
          <AutoCreate>true</AutoCreate>
        </Element>
      </XElements>
    </Element>
  </XElements>
  <ScriptText />
  <Info>
    <CreationTime>2013-04-02T17:19:56.2372678+08:00</CreationTime>
    <LastModifiedTime>2013-04-02T17:19:56.2372678+08:00</LastModifiedTime>
    <LastPrintTime>1980-01-01T00:00:00</LastPrintTime>
    <Operator>DCSoft.Writer Version:1.1.1111.29376</Operator>
  </Info>
  <BodyText>
  </BodyText>
  <UserHistories>
    <History>
      <ID />
      <Name />
      <SavedTime>2005-04-22T15:01:47</SavedTime>
    </History>
    <History>
      <ID />
      <Name />
      <SavedTime>2005-04-25T13:08:48</SavedTime>
    </History>
  </UserHistories>
  <ContentStyles>
    <Default xsi:type="DocumentContentStyle">
      <FontName>宋体</FontName>
    </Default>
    <Styles>
      <Style Index="0">
        <Align>Center</Align>
      </Style>
    </Styles>
  </ContentStyles>
  <MeasureMode>OldCompatibility</MeasureMode>
  <PageSettings>
    <LeftMargin>50</LeftMargin>
    <TopMargin>50</TopMargin>
    <RightMargin>50</RightMargin>
    <BottomMargin>50</BottomMargin>
    <ViewLeftMargin>150</ViewLeftMargin>
    <ViewTopMargin>150</ViewTopMargin>
    <ViewRightMargin>150</ViewRightMargin>
    <ViewBottomMargin>150</ViewBottomMargin>
    <ViewPaperWidth>2481</ViewPaperWidth>
    <ViewPaperHeight>3507</ViewPaperHeight>
  </PageSettings>
</XTextDocument>