﻿<?xml version="1.0" encoding="utf-8"?>
<XTextDocument xmlns:xsi="http://www.w3.org/2001/XMLSchema-instance" xmlns:xsd="http://www.w3.org/2001/XMLSchema" EditorVersionString="1.1.1111.29376">
  <Attributes />
  <XElements>
    <Element xsi:type="XTextBody">
      <Attributes />
      <XElements>
        <Element xsi:type="XString" StyleIndex="1">
          <Text>患者</Text>
        </Element>
        <Element xsi:type="XInputField" StyleIndex="2">
          <ID>kb0000000000</ID>
          <Attributes />
          <XElements />
          <TextValue />
          <UnitText />
          <Name>颈椎病出现时间</Name>
          <InnerValue />
          <BackgroundText>颈椎病出现时间</BackgroundText>
        </Element>
        <Element xsi:type="XInputField" StyleIndex="3">
          <ID>kb0000001673</ID>
          <Attributes />
          <XElements>
            <Element xsi:type="XString">
              <Text>月</Text>
            </Element>
          </XElements>
          <TextValue>月</TextValue>
          <Name>时间</Name>
          <ValueBinding />
          <InnerValue>月</InnerValue>
          <BackgroundText>时间</BackgroundText>
          <FieldSettings>
            <EditStyle>DropdownList</EditStyle>
            <ListSource>
              <SourceName>0000001673</SourceName>
              <Items />
            </ListSource>
          </FieldSettings>
        </Element>
        <Element xsi:type="XString" StyleIndex="4">
          <Text>前自觉颈部疼痛，活动受限，</Text>
        </Element>
        <Element xsi:type="XInputField" StyleIndex="5">
          <ID>kb0000001880</ID>
          <Attributes />
          <XElements>
            <Element xsi:type="XString">
              <Text>左侧</Text>
            </Element>
          </XElements>
          <TextValue>左侧</TextValue>
          <Name>症状出现部位</Name>
          <ValueBinding />
          <InnerValue>左侧</InnerValue>
          <BackgroundText>症状出现部位</BackgroundText>
          <FieldSettings>
            <EditStyle>DropdownList</EditStyle>
            <ListSource>
              <SourceName>0000001880</SourceName>
              <Items />
            </ListSource>
          </FieldSettings>
        </Element>
        <Element xsi:type="XString" StyleIndex="6">
          <Text>手</Text>
        </Element>
        <Element xsi:type="XInputField" StyleIndex="5">
          <ID>kb0000001889</ID>
          <Attributes />
          <XElements>
            <Element xsi:type="XString">
              <Text>麻木</Text>
            </Element>
          </XElements>
          <TextValue>麻木</TextValue>
          <Name>颈椎病引起手的症状</Name>
          <ValueBinding />
          <InnerValue>麻木</InnerValue>
          <BackgroundText>颈椎病引起手的症状</BackgroundText>
          <FieldSettings>
            <EditStyle>DropdownList</EditStyle>
            <ListSource>
              <SourceName>0000001889</SourceName>
              <Items />
            </ListSource>
          </FieldSettings>
        </Element>
        <Element xsi:type="XString" StyleIndex="6">
          <Text>。自服药物</Text>
        </Element>
        <Element xsi:type="XInputField" StyleIndex="2">
          <ID>kb0000000000</ID>
          <Attributes />
          <XElements />
          <TextValue />
          <UnitText />
          <Name>颈椎病自服药物</Name>
          <InnerValue />
          <BackgroundText>颈椎病自服药物</BackgroundText>
        </Element>
        <Element xsi:type="XString" StyleIndex="6">
          <Text> ，</Text>
        </Element>
        <Element xsi:type="XInputField" StyleIndex="5">
          <ID>kb0000001881</ID>
          <Attributes />
          <XElements>
            <Element xsi:type="XString">
              <Text>症状稍缓解</Text>
            </Element>
          </XElements>
          <TextValue>症状稍缓解</TextValue>
          <Name>服药疗效</Name>
          <ValueBinding />
          <InnerValue>症状稍缓解</InnerValue>
          <BackgroundText>服药疗效</BackgroundText>
          <FieldSettings>
            <EditStyle>DropdownList</EditStyle>
            <ListSource>
              <SourceName>0000001881</SourceName>
              <Items />
            </ListSource>
          </FieldSettings>
        </Element>
        <Element xsi:type="XString" StyleIndex="6">
          <Text>。自</Text>
        </Element>
        <Element xsi:type="XInputField" StyleIndex="2">
          <ID>kb0000000000</ID>
          <Attributes />
          <XElements />
          <TextValue />
          <UnitText />
          <Name>下肢出现踩棉感的时间</Name>
          <InnerValue />
          <BackgroundText>下肢出现踩棉感的时间</BackgroundText>
        </Element>
        <Element xsi:type="XInputField" StyleIndex="5">
          <ID>kb0000001673</ID>
          <Attributes />
          <XElements>
            <Element xsi:type="XString">
              <Text>月</Text>
            </Element>
          </XElements>
          <TextValue>月</TextValue>
          <Name>时间</Name>
          <ValueBinding />
          <InnerValue>月</InnerValue>
          <BackgroundText>时间</BackgroundText>
          <FieldSettings>
            <EditStyle>DropdownList</EditStyle>
            <ListSource>
              <SourceName>0000001673</SourceName>
              <Items />
            </ListSource>
          </FieldSettings>
        </Element>
        <Element xsi:type="XString" StyleIndex="6">
          <Text>前</Text>
        </Element>
        <Element xsi:type="XInputField" StyleIndex="5">
          <ID>kb0000001880</ID>
          <Attributes />
          <XElements>
            <Element xsi:type="XString">
              <Text>左侧</Text>
            </Element>
          </XElements>
          <TextValue>左侧</TextValue>
          <Name>症状出现部位</Name>
          <ValueBinding />
          <InnerValue>左侧</InnerValue>
          <BackgroundText>症状出现部位</BackgroundText>
          <FieldSettings>
            <EditStyle>DropdownList</EditStyle>
            <ListSource>
              <SourceName>0000001880</SourceName>
              <Items />
            </ListSource>
          </FieldSettings>
        </Element>
        <Element xsi:type="XString" StyleIndex="6">
          <Text>下肢出现踩棉感，大小便</Text>
        </Element>
        <Element xsi:type="XInputField" StyleIndex="5">
          <ID>kb0000001882</ID>
          <Attributes />
          <XElements>
            <Element xsi:type="XString">
              <Text>无异常</Text>
            </Element>
          </XElements>
          <TextValue>无异常</TextValue>
          <Name>大小便情况</Name>
          <ValueBinding />
          <InnerValue>无异常</InnerValue>
          <BackgroundText>大小便情况</BackgroundText>
          <FieldSettings>
            <EditStyle>DropdownList</EditStyle>
            <ListSource>
              <SourceName>0000001882</SourceName>
              <Items />
            </ListSource>
          </FieldSettings>
        </Element>
        <Element xsi:type="XString" StyleIndex="6">
          <Text>。</Text>
        </Element>
        <Element xsi:type="XParagraphFlag" StyleIndex="7" />
        <Element xsi:type="XString" StyleIndex="8">
          <Text>查体：颈椎</Text>
        </Element>
        <Element xsi:type="XInputField" StyleIndex="7">
          <ID>kb0000001883</ID>
          <Attributes />
          <XElements>
            <Element xsi:type="XString">
              <Text>前屈</Text>
            </Element>
          </XElements>
          <TextValue>前屈</TextValue>
          <Name>颈椎受限方向</Name>
          <ValueBinding />
          <InnerValue>前屈</InnerValue>
          <BackgroundText>颈椎受限方向</BackgroundText>
          <FieldSettings>
            <EditStyle>DropdownList</EditStyle>
            <ListSource>
              <SourceName>0000001883</SourceName>
              <Items />
            </ListSource>
          </FieldSettings>
        </Element>
        <Element xsi:type="XString" StyleIndex="8">
          <Text>受限，</Text>
        </Element>
        <Element xsi:type="XInputField" StyleIndex="7">
          <ID>kb0000001880</ID>
          <Attributes />
          <XElements>
            <Element xsi:type="XString">
              <Text>右侧</Text>
            </Element>
          </XElements>
          <TextValue>右侧</TextValue>
          <Name>症状出现部位</Name>
          <ValueBinding />
          <InnerValue>右侧</InnerValue>
          <BackgroundText>症状出现部位</BackgroundText>
          <FieldSettings>
            <EditStyle>DropdownList</EditStyle>
            <ListSource>
              <SourceName>0000001880</SourceName>
              <Items />
            </ListSource>
          </FieldSettings>
        </Element>
        <Element xsi:type="XString" StyleIndex="8">
          <Text>手肌张力</Text>
        </Element>
        <Element xsi:type="XInputField" StyleIndex="7">
          <ID>kb0000001884</ID>
          <Attributes />
          <XElements>
            <Element xsi:type="XString">
              <Text>增强</Text>
            </Element>
          </XElements>
          <TextValue>增强</TextValue>
          <Name>肌张力变化</Name>
          <ValueBinding />
          <InnerValue>增强</InnerValue>
          <BackgroundText>肌张力变化</BackgroundText>
          <FieldSettings>
            <EditStyle>DropdownList</EditStyle>
            <ListSource>
              <SourceName>0000001884</SourceName>
              <Items />
            </ListSource>
          </FieldSettings>
        </Element>
        <Element xsi:type="XString" StyleIndex="8">
          <Text>，肌力</Text>
        </Element>
        <Element xsi:type="XInputField" StyleIndex="7">
          <ID>kb0000001885</ID>
          <Attributes />
          <XElements>
            <Element xsi:type="XString">
              <Text>Ⅰ级</Text>
            </Element>
          </XElements>
          <TextValue>Ⅰ级</TextValue>
          <Name>肌力</Name>
          <ValueBinding />
          <InnerValue>Ⅰ级</InnerValue>
          <BackgroundText>肌力</BackgroundText>
          <FieldSettings>
            <EditStyle>DropdownList</EditStyle>
            <ListSource>
              <SourceName>0000001885</SourceName>
              <Items />
            </ListSource>
          </FieldSettings>
        </Element>
        <Element xsi:type="XString" StyleIndex="8">
          <Text>，</Text>
        </Element>
        <Element xsi:type="XInputField" StyleIndex="7">
          <ID>kb0000001890</ID>
          <Attributes />
          <XElements>
            <Element xsi:type="XString">
              <Text>前臂内侧</Text>
            </Element>
          </XElements>
          <TextValue>前臂内侧</TextValue>
          <Name>颈椎病致感觉减退的部位</Name>
          <ValueBinding />
          <InnerValue>前臂内侧</InnerValue>
          <BackgroundText>颈椎病致感觉减退的部位</BackgroundText>
          <FieldSettings>
            <EditStyle>DropdownList</EditStyle>
            <ListSource>
              <SourceName>0000001890</SourceName>
              <Items />
            </ListSource>
          </FieldSettings>
        </Element>
        <Element xsi:type="XString" StyleIndex="8">
          <Text>感觉减退。霍夫曼氏征</Text>
        </Element>
        <Element xsi:type="XInputField" StyleIndex="7">
          <ID>kb0000001886</ID>
          <Attributes />
          <XElements>
            <Element xsi:type="XString">
              <Text>阴性</Text>
            </Element>
          </XElements>
          <TextValue>阴性</TextValue>
          <Name>霍夫曼氏征</Name>
          <ValueBinding />
          <InnerValue>阴性</InnerValue>
          <BackgroundText>霍夫曼氏征</BackgroundText>
          <FieldSettings>
            <EditStyle>DropdownList</EditStyle>
            <ListSource>
              <SourceName>0000001886</SourceName>
              <Items />
            </ListSource>
          </FieldSettings>
        </Element>
        <Element xsi:type="XString" StyleIndex="8">
          <Text>，</Text>
        </Element>
        <Element xsi:type="XParagraphFlag" />
      </XElements>
      <Sections />
    </Element>
    <Element xsi:type="XTextHeader">
      <Attributes />
      <XElements>
        <Element xsi:type="XParagraphFlag" StyleIndex="0">
          <AutoCreate>true</AutoCreate>
        </Element>
      </XElements>
    </Element>
    <Element xsi:type="XTextFooter">
      <Attributes />
      <XElements>
        <Element xsi:type="XParagraphFlag">
          <AutoCreate>true</AutoCreate>
        </Element>
      </XElements>
    </Element>
  </XElements>
  <Info>
    <CreationTime>2013-04-02T17:19:54.6011742+08:00</CreationTime>
    <LastModifiedTime>2013-04-02T17:19:54.6011742+08:00</LastModifiedTime>
    <LastPrintTime>1980-01-01T00:00:00</LastPrintTime>
    <Operator>DCSoft.Writer Version:1.1.1111.29376</Operator>
  </Info>
  <BodyText>
  </BodyText>
  <UserHistories>
    <History>
      <ID />
      <Name />
      <SavedTime>2005-01-31T12:47:22</SavedTime>
    </History>
    <History>
      <ID />
      <Name />
      <SavedTime>2005-01-31T13:43:16</SavedTime>
    </History>
    <History>
      <ID />
      <Name />
      <SavedTime>2005-01-31T13:46:37</SavedTime>
    </History>
    <History>
      <ID />
      <Name />
      <SavedTime>2005-01-31T13:56:00</SavedTime>
    </History>
    <History>
      <ID />
      <Name />
      <SavedTime>2005-01-31T14:06:22</SavedTime>
    </History>
    <History>
      <ID>yisheng</ID>
      <Name>yisheng</Name>
      <SavedTime>2005-01-31T14:08:47</SavedTime>
    </History>
    <History>
      <ID />
      <Name />
      <SavedTime>2005-03-24T13:38:52</SavedTime>
    </History>
    <History>
      <ID />
      <Name />
      <SavedTime>2005-03-24T13:45:54</SavedTime>
    </History>
  </UserHistories>
  <ContentStyles>
    <Default xsi:type="DocumentContentStyle">
      <FontName>宋体</FontName>
    </Default>
    <Styles>
      <Style Index="0">
        <Align>Center</Align>
      </Style>
      <Style Index="1">
        <FontSize>11</FontSize>
      </Style>
      <Style Index="2">
        <CreatorIndex>6</CreatorIndex>
      </Style>
      <Style Index="3">
        <CreatorIndex>1</CreatorIndex>
      </Style>
      <Style Index="4">
        <FontSize>11</FontSize>
        <CreatorIndex>1</CreatorIndex>
      </Style>
      <Style Index="5">
        <CreatorIndex>2</CreatorIndex>
      </Style>
      <Style Index="6">
        <FontSize>11</FontSize>
        <CreatorIndex>2</CreatorIndex>
      </Style>
      <Style Index="7">
        <CreatorIndex>4</CreatorIndex>
      </Style>
      <Style Index="8">
        <FontSize>11</FontSize>
        <CreatorIndex>4</CreatorIndex>
      </Style>
    </Styles>
  </ContentStyles>
  <MeasureMode>OldCompatibility</MeasureMode>
  <PageSettings>
    <LeftMargin>50</LeftMargin>
    <TopMargin>50</TopMargin>
    <RightMargin>50</RightMargin>
    <BottomMargin>50</BottomMargin>
    <ViewLeftMargin>150</ViewLeftMargin>
    <ViewTopMargin>150</ViewTopMargin>
    <ViewRightMargin>150</ViewRightMargin>
    <ViewBottomMargin>150</ViewBottomMargin>
    <ViewPaperWidth>2481</ViewPaperWidth>
    <ViewPaperHeight>3507</ViewPaperHeight>
  </PageSettings>
</XTextDocument>