﻿<?xml version="1.0" encoding="utf-8"?>
<XTextDocument xmlns:xsi="http://www.w3.org/2001/XMLSchema-instance" xmlns:xsd="http://www.w3.org/2001/XMLSchema" EditorVersionString="1.1.1111.29376">
  <Attributes />
  <XElements>
    <Element xsi:type="XTextBody">
      <Attributes />
      <XElements>
        <Element xsi:type="XString">
          <Text>患者述于</Text>
        </Element>
        <Element xsi:type="XInputField" StyleIndex="1">
          <ID>kb0000000000</ID>
          <Attributes />
          <XElements />
          <TextValue />
          <UnitText />
          <Name>冠心病出现时间</Name>
          <InnerValue />
          <BackgroundText>冠心病出现时间</BackgroundText>
        </Element>
        <Element xsi:type="XInputField" StyleIndex="1">
          <ID>kb0000001829</ID>
          <Attributes />
          <XElements>
            <Element xsi:type="XString">
              <Text>时间单位</Text>
            </Element>
          </XElements>
          <TextValue>时间单位</TextValue>
          <Name>时间单位</Name>
          <ValueBinding />
          <InnerValue>时间单位</InnerValue>
          <BackgroundText>时间单位</BackgroundText>
          <FieldSettings>
            <EditStyle>DropdownList</EditStyle>
            <ListSource>
              <SourceName>0000001829</SourceName>
              <Items />
            </ListSource>
          </FieldSettings>
        </Element>
        <Element xsi:type="XString">
          <Text>前因</Text>
        </Element>
        <Element xsi:type="XInputField" StyleIndex="1">
          <ID>kb0000000000</ID>
          <Attributes />
          <XElements />
          <TextValue />
          <UnitText />
          <Name>冠心病出现的原因</Name>
          <InnerValue />
          <BackgroundText>冠心病出现的原因</BackgroundText>
        </Element>
        <Element xsi:type="XString">
          <Text>出现</Text>
        </Element>
        <Element xsi:type="XString" StyleIndex="1">
          <Text>下列症状：</Text>
        </Element>
        <Element xsi:type="XInputField" StyleIndex="1">
          <ID>kb0000001855</ID>
          <Attributes />
          <XElements>
            <Element xsi:type="XString">
              <Text>胸闷</Text>
            </Element>
          </XElements>
          <TextValue>胸闷</TextValue>
          <Name>胸闷</Name>
          <ValueBinding />
          <InnerValue>胸闷</InnerValue>
          <BackgroundText>胸闷</BackgroundText>
          <FieldSettings>
            <EditStyle>DropdownList</EditStyle>
            <ListSource>
              <SourceName>0000001855</SourceName>
              <Items />
            </ListSource>
          </FieldSettings>
        </Element>
        <Element xsi:type="XString">
          <Text>，</Text>
        </Element>
        <Element xsi:type="XInputField" StyleIndex="1">
          <ID>kb0000001856</ID>
          <Attributes />
          <XElements>
            <Element xsi:type="XString">
              <Text>胸痛</Text>
            </Element>
          </XElements>
          <TextValue>胸痛</TextValue>
          <Name>胸痛</Name>
          <ValueBinding />
          <InnerValue>胸痛</InnerValue>
          <BackgroundText>胸痛</BackgroundText>
          <FieldSettings>
            <EditStyle>DropdownList</EditStyle>
            <ListSource>
              <SourceName>0000001856</SourceName>
              <Items />
            </ListSource>
          </FieldSettings>
        </Element>
        <Element xsi:type="XString">
          <Text>，</Text>
        </Element>
        <Element xsi:type="XInputField" StyleIndex="1">
          <ID>kb0000001857</ID>
          <Attributes />
          <XElements>
            <Element xsi:type="XString">
              <Text>放射性痛</Text>
            </Element>
          </XElements>
          <TextValue>放射性痛</TextValue>
          <Name>放射性痛</Name>
          <ValueBinding />
          <InnerValue>放射性痛</InnerValue>
          <BackgroundText>放射性痛</BackgroundText>
          <FieldSettings>
            <EditStyle>DropdownList</EditStyle>
            <ListSource>
              <SourceName>0000001857</SourceName>
              <Items />
            </ListSource>
          </FieldSettings>
        </Element>
        <Element xsi:type="XString">
          <Text>，</Text>
        </Element>
        <Element xsi:type="XInputField" StyleIndex="1">
          <ID>kb0000001858</ID>
          <Attributes />
          <XElements>
            <Element xsi:type="XString">
              <Text>心悸</Text>
            </Element>
          </XElements>
          <TextValue>心悸</TextValue>
          <Name>心悸</Name>
          <ValueBinding />
          <InnerValue>心悸</InnerValue>
          <BackgroundText>心悸</BackgroundText>
          <FieldSettings>
            <EditStyle>DropdownList</EditStyle>
            <ListSource>
              <SourceName>0000001858</SourceName>
              <Items />
            </ListSource>
          </FieldSettings>
        </Element>
        <Element xsi:type="XString">
          <Text>，</Text>
        </Element>
        <Element xsi:type="XInputField" StyleIndex="1">
          <ID>kb0000001854</ID>
          <Attributes />
          <XElements>
            <Element xsi:type="XString">
              <Text>发热</Text>
            </Element>
          </XElements>
          <TextValue>发热</TextValue>
          <Name>发热</Name>
          <ValueBinding />
          <InnerValue>发热</InnerValue>
          <BackgroundText>发热</BackgroundText>
          <FieldSettings>
            <EditStyle>DropdownList</EditStyle>
            <ListSource>
              <SourceName>0000001854</SourceName>
              <Items />
            </ListSource>
          </FieldSettings>
        </Element>
        <Element xsi:type="XString">
          <Text>，</Text>
        </Element>
        <Element xsi:type="XInputField" StyleIndex="1">
          <ID>kb0000001859</ID>
          <Attributes />
          <XElements>
            <Element xsi:type="XString">
              <Text>呼吸困难</Text>
            </Element>
          </XElements>
          <TextValue>呼吸困难</TextValue>
          <Name>呼吸困难</Name>
          <ValueBinding />
          <InnerValue>呼吸困难</InnerValue>
          <BackgroundText>呼吸困难</BackgroundText>
          <FieldSettings>
            <EditStyle>DropdownList</EditStyle>
            <ListSource>
              <SourceName>0000001859</SourceName>
              <Items />
            </ListSource>
          </FieldSettings>
        </Element>
        <Element xsi:type="XString">
          <Text>，</Text>
        </Element>
        <Element xsi:type="XInputField" StyleIndex="1">
          <ID>kb0000001852</ID>
          <Attributes />
          <XElements>
            <Element xsi:type="XString">
              <Text>咳痰</Text>
            </Element>
          </XElements>
          <TextValue>咳痰</TextValue>
          <Name>咳痰</Name>
          <ValueBinding />
          <InnerValue>咳痰</InnerValue>
          <BackgroundText>咳痰</BackgroundText>
          <FieldSettings>
            <EditStyle>DropdownList</EditStyle>
            <ListSource>
              <SourceName>0000001852</SourceName>
              <Items />
            </ListSource>
          </FieldSettings>
        </Element>
        <Element xsi:type="XString">
          <Text>。缓解方式为</Text>
        </Element>
        <Element xsi:type="XInputField" StyleIndex="1">
          <ID>kb0000000000</ID>
          <Attributes />
          <XElements />
          <TextValue />
          <UnitText />
          <Name>冠心病症状缓解方式</Name>
          <InnerValue />
          <BackgroundText>冠心病症状缓解方式</BackgroundText>
        </Element>
        <Element xsi:type="XString">
          <Text>。曾在</Text>
        </Element>
        <Element xsi:type="XInputField" StyleIndex="1">
          <ID>kb0000000000</ID>
          <Attributes />
          <XElements />
          <TextValue />
          <UnitText />
          <Name>冠心病曾就诊医院</Name>
          <InnerValue />
          <BackgroundText>冠心病曾就诊医院</BackgroundText>
        </Element>
        <Element xsi:type="XString">
          <Text>医院就诊，诊断为</Text>
        </Element>
        <Element xsi:type="XInputField" StyleIndex="1">
          <ID>kb0000000000</ID>
          <Attributes />
          <XElements />
          <TextValue />
          <UnitText />
          <Name>冠心病曾诊断</Name>
          <InnerValue />
          <BackgroundText>冠心病曾诊断</BackgroundText>
        </Element>
        <Element xsi:type="XString">
          <Text>。既往有</Text>
        </Element>
        <Element xsi:type="XInputField" StyleIndex="1">
          <ID>kb0000001834</ID>
          <Attributes />
          <XElements>
            <Element xsi:type="XString">
              <Text>既往病史</Text>
            </Element>
          </XElements>
          <TextValue>既往病史</TextValue>
          <Name>既往病史</Name>
          <ValueBinding />
          <InnerValue>既往病史</InnerValue>
          <BackgroundText>既往病史</BackgroundText>
          <FieldSettings>
            <EditStyle>DropdownList</EditStyle>
            <ListSource>
              <SourceName>0000001834</SourceName>
              <Items />
            </ListSource>
          </FieldSettings>
        </Element>
        <Element xsi:type="XString">
          <Text>，</Text>
        </Element>
        <Element xsi:type="XInputField" StyleIndex="1">
          <ID>kb0000001814</ID>
          <Attributes />
          <XElements>
            <Element xsi:type="XString">
              <Text>治疗情况</Text>
            </Element>
          </XElements>
          <TextValue>治疗情况</TextValue>
          <Name>治疗情况</Name>
          <ValueBinding />
          <InnerValue>治疗情况</InnerValue>
          <BackgroundText>治疗情况</BackgroundText>
          <FieldSettings>
            <EditStyle>DropdownList</EditStyle>
            <ListSource>
              <SourceName>0000001814</SourceName>
              <Items />
            </ListSource>
          </FieldSettings>
        </Element>
        <Element xsi:type="XString">
          <Text>，治疗后</Text>
        </Element>
        <Element xsi:type="XInputField" StyleIndex="1">
          <ID>kb0000001815</ID>
          <Attributes />
          <XElements>
            <Element xsi:type="XString">
              <Text>治疗效果</Text>
            </Element>
          </XElements>
          <TextValue>治疗效果</TextValue>
          <Name>治疗效果</Name>
          <ValueBinding />
          <InnerValue>治疗效果</InnerValue>
          <BackgroundText>治疗效果</BackgroundText>
          <FieldSettings>
            <EditStyle>DropdownList</EditStyle>
            <ListSource>
              <SourceName>0000001815</SourceName>
              <Items />
            </ListSource>
          </FieldSettings>
        </Element>
        <Element xsi:type="XString">
          <Text>。</Text>
        </Element>
        <Element xsi:type="XParagraphFlag" />
        <Element xsi:type="XString">
          <Text>发病以来</Text>
        </Element>
        <Element xsi:type="XString" StyleIndex="2">
          <Text>，</Text>
        </Element>
        <Element xsi:type="XString">
          <Text>患者精神</Text>
        </Element>
        <Element xsi:type="XInputField" StyleIndex="1">
          <ID>kb0000001816</ID>
          <Attributes />
          <XElements>
            <Element xsi:type="XString">
              <Text>患者精神</Text>
            </Element>
          </XElements>
          <TextValue>患者精神</TextValue>
          <Name>患者精神</Name>
          <ValueBinding />
          <InnerValue>患者精神</InnerValue>
          <BackgroundText>患者精神</BackgroundText>
          <FieldSettings>
            <EditStyle>DropdownList</EditStyle>
            <ListSource>
              <SourceName>0000001816</SourceName>
              <Items />
            </ListSource>
          </FieldSettings>
        </Element>
        <Element xsi:type="XString">
          <Text>，神志</Text>
        </Element>
        <Element xsi:type="XInputField" StyleIndex="1">
          <ID>kb0000001817</ID>
          <Attributes />
          <XElements>
            <Element xsi:type="XString">
              <Text>患者神志</Text>
            </Element>
          </XElements>
          <TextValue>患者神志</TextValue>
          <Name>患者神志</Name>
          <ValueBinding />
          <InnerValue>患者神志</InnerValue>
          <BackgroundText>患者神志</BackgroundText>
          <FieldSettings>
            <EditStyle>DropdownList</EditStyle>
            <ListSource>
              <SourceName>0000001817</SourceName>
              <Items />
            </ListSource>
          </FieldSettings>
        </Element>
        <Element xsi:type="XString">
          <Text>，患者胃纳</Text>
        </Element>
        <Element xsi:type="XInputField" StyleIndex="1">
          <ID>kb0000001818</ID>
          <Attributes />
          <XElements>
            <Element xsi:type="XString">
              <Text>患者胃纳</Text>
            </Element>
          </XElements>
          <TextValue>患者胃纳</TextValue>
          <Name>患者胃纳</Name>
          <ValueBinding />
          <InnerValue>患者胃纳</InnerValue>
          <BackgroundText>患者胃纳</BackgroundText>
          <FieldSettings>
            <EditStyle>DropdownList</EditStyle>
            <ListSource>
              <SourceName>0000001818</SourceName>
              <Items />
            </ListSource>
          </FieldSettings>
        </Element>
        <Element xsi:type="XString">
          <Text>，</Text>
        </Element>
        <Element xsi:type="XInputField" StyleIndex="1">
          <ID>kb0000001819</ID>
          <Attributes />
          <XElements>
            <Element xsi:type="XString">
              <Text>睡眠情况</Text>
            </Element>
          </XElements>
          <TextValue>睡眠情况</TextValue>
          <Name>睡眠情况</Name>
          <ValueBinding />
          <InnerValue>睡眠情况</InnerValue>
          <BackgroundText>睡眠情况</BackgroundText>
          <FieldSettings>
            <EditStyle>DropdownList</EditStyle>
            <ListSource>
              <SourceName>0000001819</SourceName>
              <Items />
            </ListSource>
          </FieldSettings>
        </Element>
        <Element xsi:type="XString">
          <Text>，体重</Text>
        </Element>
        <Element xsi:type="XInputField" StyleIndex="1">
          <ID>kb0000001820</ID>
          <Attributes />
          <XElements>
            <Element xsi:type="XString">
              <Text>体重情况</Text>
            </Element>
          </XElements>
          <TextValue>体重情况</TextValue>
          <Name>体重情况</Name>
          <ValueBinding />
          <InnerValue>体重情况</InnerValue>
          <BackgroundText>体重情况</BackgroundText>
          <FieldSettings>
            <EditStyle>DropdownList</EditStyle>
            <ListSource>
              <SourceName>0000001820</SourceName>
              <Items />
            </ListSource>
          </FieldSettings>
        </Element>
        <Element xsi:type="XString">
          <Text>。</Text>
        </Element>
        <Element xsi:type="XParagraphFlag" />
      </XElements>
      <Sections />
    </Element>
    <Element xsi:type="XTextHeader">
      <Attributes />
      <XElements>
        <Element xsi:type="XParagraphFlag" StyleIndex="0">
          <AutoCreate>true</AutoCreate>
        </Element>
      </XElements>
    </Element>
    <Element xsi:type="XTextFooter">
      <Attributes />
      <XElements>
        <Element xsi:type="XParagraphFlag">
          <AutoCreate>true</AutoCreate>
        </Element>
      </XElements>
    </Element>
  </XElements>
  <Info>
    <CreationTime>2013-04-02T17:19:54.5461711+08:00</CreationTime>
    <LastModifiedTime>2013-04-02T17:19:54.5461711+08:00</LastModifiedTime>
    <LastPrintTime>1980-01-01T00:00:00</LastPrintTime>
    <Operator>DCSoft.Writer Version:1.1.1111.29376</Operator>
  </Info>
  <BodyText>
  </BodyText>
  <UserHistories>
    <History>
      <ID />
      <Name />
      <SavedTime>2005-01-12T13:59:37</SavedTime>
    </History>
    <History>
      <ID />
      <Name />
      <SavedTime>2005-01-12T14:09:56</SavedTime>
    </History>
    <History>
      <ID />
      <Name />
      <SavedTime>2005-03-24T13:28:52</SavedTime>
    </History>
  </UserHistories>
  <ContentStyles>
    <Default xsi:type="DocumentContentStyle">
      <FontName>宋体</FontName>
    </Default>
    <Styles>
      <Style Index="0">
        <Align>Center</Align>
      </Style>
      <Style Index="1">
        <CreatorIndex>2</CreatorIndex>
      </Style>
      <Style Index="2">
        <CreatorIndex>1</CreatorIndex>
      </Style>
    </Styles>
  </ContentStyles>
  <MeasureMode>OldCompatibility</MeasureMode>
  <PageSettings>
    <LeftMargin>50</LeftMargin>
    <TopMargin>50</TopMargin>
    <RightMargin>50</RightMargin>
    <BottomMargin>50</BottomMargin>
    <ViewLeftMargin>150</ViewLeftMargin>
    <ViewTopMargin>150</ViewTopMargin>
    <ViewRightMargin>150</ViewRightMargin>
    <ViewBottomMargin>150</ViewBottomMargin>
    <ViewPaperWidth>2481</ViewPaperWidth>
    <ViewPaperHeight>3507</ViewPaperHeight>
  </PageSettings>
</XTextDocument>