﻿<?xml version="1.0" encoding="utf-8"?>
<XTextDocument xmlns:xsi="http://www.w3.org/2001/XMLSchema-instance" xmlns:xsd="http://www.w3.org/2001/XMLSchema" EditorVersionString="1.1.1111.29376">
  <Attributes />
  <XElements>
    <Element xsi:type="XTextBody">
      <Attributes />
      <XElements>
        <Element xsi:type="XString">
          <Text>糖尿病病程</Text>
        </Element>
        <Element xsi:type="XInputField">
          <ID>kb0000002224</ID>
          <Attributes />
          <XElements />
          <TextValue />
          <UnitText />
          <Name>糖尿病病程</Name>
          <InnerValue />
          <BackgroundText>糖尿病病程</BackgroundText>
        </Element>
        <Element xsi:type="XInputField">
          <ID>kb0000001382</ID>
          <Attributes />
          <XElements>
            <Element xsi:type="XString">
              <Text>时间单位</Text>
            </Element>
          </XElements>
          <TextValue>时间单位</TextValue>
          <Name>时间单位</Name>
          <ValueBinding />
          <InnerValue>时间单位</InnerValue>
          <BackgroundText>时间单位</BackgroundText>
          <FieldSettings>
            <EditStyle>DropdownList</EditStyle>
            <ListSource>
              <SourceName>0000001382</SourceName>
              <Items />
            </ListSource>
          </FieldSettings>
        </Element>
        <Element xsi:type="XString">
          <Text>，起病年龄</Text>
        </Element>
        <Element xsi:type="XInputField">
          <ID>kb0000002225</ID>
          <Attributes />
          <XElements />
          <TextValue />
          <UnitText>岁</UnitText>
          <Name>糖尿病起病年龄</Name>
          <InnerValue />
          <BackgroundText>糖尿病起病年龄</BackgroundText>
        </Element>
        <Element xsi:type="XString">
          <Text>，BMI：</Text>
        </Element>
        <Element xsi:type="XInputField">
          <ID>kb0000002226</ID>
          <Attributes />
          <XElements />
          <TextValue />
          <UnitText />
          <Name>BMI</Name>
          <InnerValue />
          <BackgroundText>BMI</BackgroundText>
        </Element>
        <Element xsi:type="XString">
          <Text>。</Text>
        </Element>
        <Element xsi:type="XParagraphFlag" />
        <Element xsi:type="XString">
          <Text>起病时空腹血糖</Text>
        </Element>
        <Element xsi:type="XInputField">
          <ID>kb0000002227</ID>
          <Attributes />
          <XElements />
          <TextValue />
          <UnitText>mmol/L</UnitText>
          <Name>空腹血糖</Name>
          <InnerValue />
          <BackgroundText>空腹血糖</BackgroundText>
        </Element>
        <Element xsi:type="XString">
          <Text>，餐后血糖</Text>
        </Element>
        <Element xsi:type="XInputField">
          <ID>kb0000002228</ID>
          <Attributes />
          <XElements />
          <TextValue />
          <UnitText>mmol/L</UnitText>
          <Name>餐后血糖</Name>
          <InnerValue />
          <BackgroundText>餐后血糖</BackgroundText>
        </Element>
        <Element xsi:type="XString">
          <Text>，糖化血红蛋白</Text>
        </Element>
        <Element xsi:type="XInputField">
          <ID>kb0000002229</ID>
          <Attributes />
          <XElements />
          <TextValue />
          <UnitText>g/L</UnitText>
          <Name>糖化血红蛋白</Name>
          <InnerValue />
          <BackgroundText>糖化血红蛋白</BackgroundText>
        </Element>
        <Element xsi:type="XString">
          <Text>。</Text>
        </Element>
        <Element xsi:type="XParagraphFlag" />
        <Element xsi:type="XString">
          <Text>风险因素</Text>
        </Element>
        <Element xsi:type="XInputField">
          <ID>kb0000002230</ID>
          <Attributes />
          <XElements>
            <Element xsi:type="XString">
              <Text>风险因素</Text>
            </Element>
          </XElements>
          <TextValue>风险因素</TextValue>
          <Name>风险因素</Name>
          <ValueBinding />
          <InnerValue>风险因素</InnerValue>
          <BackgroundText>风险因素</BackgroundText>
          <FieldSettings>
            <EditStyle>DropdownList</EditStyle>
            <MultiSelect>true</MultiSelect>
            <ListSource>
              <SourceName>0000002230</SourceName>
              <Items />
            </ListSource>
          </FieldSettings>
        </Element>
        <Element xsi:type="XString" StyleIndex="1">
          <Text>，</Text>
        </Element>
        <Element xsi:type="XString">
          <Text>家族中</Text>
        </Element>
        <Element xsi:type="XInputField" StyleIndex="1">
          <ID>kb0000002231</ID>
          <Attributes />
          <XElements>
            <Element xsi:type="XString">
              <Text>家族糖尿病史</Text>
            </Element>
          </XElements>
          <TextValue>家族糖尿病史</TextValue>
          <Name>家族糖尿病史</Name>
          <ValueBinding />
          <InnerValue>家族糖尿病史</InnerValue>
          <BackgroundText>家族糖尿病史</BackgroundText>
          <FieldSettings>
            <EditStyle>DropdownList</EditStyle>
            <ListSource>
              <SourceName>0000002231</SourceName>
              <Items />
            </ListSource>
          </FieldSettings>
        </Element>
        <Element xsi:type="XString" StyleIndex="1">
          <Text>。</Text>
        </Element>
        <Element xsi:type="XParagraphFlag" />
        <Element xsi:type="XInputField" StyleIndex="2">
          <ID>kb0000002233</ID>
          <Attributes />
          <XElements>
            <Element xsi:type="XString">
              <Text>未治疗</Text>
            </Element>
          </XElements>
          <TextValue>未治疗</TextValue>
          <Name>糖尿病治疗</Name>
          <ValueBinding />
          <InnerValue>未治疗</InnerValue>
          <BackgroundText>糖尿病治疗</BackgroundText>
          <FieldSettings>
            <EditStyle>DropdownList</EditStyle>
            <ListSource>
              <SourceName>0000002233</SourceName>
              <Items />
            </ListSource>
          </FieldSettings>
        </Element>
        <Element xsi:type="XString" StyleIndex="2">
          <Text>，</Text>
        </Element>
        <Element xsi:type="XString">
          <Text>治疗后</Text>
        </Element>
        <Element xsi:type="XInputField" StyleIndex="3">
          <ID>kb0000002236</ID>
          <Attributes />
          <XElements>
            <Element xsi:type="XString">
              <Text>治疗后血糖</Text>
            </Element>
          </XElements>
          <TextValue>治疗后血糖</TextValue>
          <Name>治疗后血糖</Name>
          <ValueBinding />
          <InnerValue>治疗后血糖</InnerValue>
          <BackgroundText>治疗后血糖</BackgroundText>
          <FieldSettings>
            <EditStyle>DropdownList</EditStyle>
            <ListSource>
              <SourceName>0000002236</SourceName>
              <Items />
            </ListSource>
          </FieldSettings>
        </Element>
        <Element xsi:type="XString" StyleIndex="3">
          <Text>，糖化血红蛋白</Text>
        </Element>
        <Element xsi:type="XInputField" StyleIndex="3">
          <ID>kb0000002229</ID>
          <Attributes />
          <XElements />
          <TextValue />
          <UnitText>g/L</UnitText>
          <Name>糖化血红蛋白</Name>
          <InnerValue />
          <BackgroundText>糖化血红蛋白</BackgroundText>
        </Element>
        <Element xsi:type="XString" StyleIndex="3">
          <Text>。</Text>
        </Element>
        <Element xsi:type="XParagraphFlag" />
        <Element xsi:type="XString">
          <Text>临床表现</Text>
        </Element>
        <Element xsi:type="XInputField" StyleIndex="4">
          <ID>kb0000002237</ID>
          <Attributes />
          <XElements>
            <Element xsi:type="XString">
              <Text>糖尿病临床表现</Text>
            </Element>
          </XElements>
          <TextValue>糖尿病临床表现</TextValue>
          <Name>糖尿病临床表现</Name>
          <ValueBinding />
          <InnerValue>糖尿病临床表现</InnerValue>
          <BackgroundText>糖尿病临床表现</BackgroundText>
          <FieldSettings>
            <EditStyle>DropdownList</EditStyle>
            <ListSource>
              <SourceName>0000002237</SourceName>
              <Items />
            </ListSource>
          </FieldSettings>
        </Element>
        <Element xsi:type="XString" StyleIndex="4">
          <Text>，</Text>
        </Element>
        <Element xsi:type="XInputField" StyleIndex="4">
          <ID>kb0000002239</ID>
          <Attributes />
          <XElements>
            <Element xsi:type="XString">
              <Text>酮症酸中毒</Text>
            </Element>
          </XElements>
          <TextValue>酮症酸中毒</TextValue>
          <Name>酮症酸中毒</Name>
          <ValueBinding />
          <InnerValue>酮症酸中毒</InnerValue>
          <BackgroundText>酮症酸中毒</BackgroundText>
          <FieldSettings>
            <EditStyle>DropdownList</EditStyle>
            <ListSource>
              <SourceName>0000002239</SourceName>
              <Items />
            </ListSource>
          </FieldSettings>
        </Element>
        <Element xsi:type="XString">
          <Text>酮症酸中毒</Text>
        </Element>
        <Element xsi:type="XString" StyleIndex="4">
          <Text>，</Text>
        </Element>
        <Element xsi:type="XInputField" StyleIndex="4">
          <ID>kb0000002240</ID>
          <Attributes />
          <XElements>
            <Element xsi:type="XString">
              <Text>高渗性脱水</Text>
            </Element>
          </XElements>
          <TextValue>高渗性脱水</TextValue>
          <Name>高渗性脱水</Name>
          <ValueBinding />
          <InnerValue>高渗性脱水</InnerValue>
          <BackgroundText>高渗性脱水</BackgroundText>
          <FieldSettings>
            <EditStyle>DropdownList</EditStyle>
            <ListSource>
              <SourceName>0000002240</SourceName>
              <Items />
            </ListSource>
          </FieldSettings>
        </Element>
        <Element xsi:type="XString">
          <Text>高渗性脱水</Text>
        </Element>
        <Element xsi:type="XString" StyleIndex="4">
          <Text>，</Text>
        </Element>
        <Element xsi:type="XString">
          <Text> 血酮体</Text>
        </Element>
        <Element xsi:type="XInputField" StyleIndex="4">
          <ID>kb0000002241</ID>
          <Attributes />
          <XElements />
          <TextValue />
          <UnitText>mmol/L</UnitText>
          <Name>血酮体</Name>
          <InnerValue />
          <BackgroundText>血酮体</BackgroundText>
        </Element>
        <Element xsi:type="XString" StyleIndex="4">
          <Text>，</Text>
        </Element>
        <Element xsi:type="XString">
          <Text>尿酮体</Text>
        </Element>
        <Element xsi:type="XInputField" StyleIndex="4">
          <ID>kb0000002242</ID>
          <Attributes />
          <XElements>
            <Element xsi:type="XString">
              <Text>尿酮体</Text>
            </Element>
          </XElements>
          <TextValue>尿酮体</TextValue>
          <Name>尿酮体</Name>
          <ValueBinding />
          <InnerValue>尿酮体</InnerValue>
          <BackgroundText>尿酮体</BackgroundText>
          <FieldSettings>
            <EditStyle>DropdownList</EditStyle>
            <ListSource>
              <SourceName>0000002242</SourceName>
              <Items />
            </ListSource>
          </FieldSettings>
        </Element>
        <Element xsi:type="XString" StyleIndex="4">
          <Text>，</Text>
        </Element>
        <Element xsi:type="XString">
          <Text>血糖</Text>
        </Element>
        <Element xsi:type="XInputField" StyleIndex="4">
          <ID>kb0000002243</ID>
          <Attributes />
          <XElements />
          <TextValue />
          <UnitText>mmol/L</UnitText>
          <Name>血糖</Name>
          <InnerValue />
          <BackgroundText>血糖</BackgroundText>
        </Element>
        <Element xsi:type="XString" StyleIndex="4">
          <Text>，</Text>
        </Element>
        <Element xsi:type="XString">
          <Text>血PH</Text>
        </Element>
        <Element xsi:type="XInputField" StyleIndex="4">
          <ID>kb0000002244</ID>
          <Attributes />
          <XElements />
          <TextValue />
          <UnitText />
          <Name>血PH</Name>
          <InnerValue />
          <BackgroundText>血PH</BackgroundText>
        </Element>
        <Element xsi:type="XString" StyleIndex="4">
          <Text>，</Text>
        </Element>
        <Element xsi:type="XString">
          <Text>血浆渗透压</Text>
        </Element>
        <Element xsi:type="XInputField" StyleIndex="4">
          <ID>kb0000002245</ID>
          <Attributes />
          <XElements />
          <TextValue />
          <UnitText>mOsm/Kg.H20</UnitText>
          <Name>血浆渗透压</Name>
          <InnerValue />
          <BackgroundText>血浆渗透压</BackgroundText>
        </Element>
        <Element xsi:type="XString" StyleIndex="4">
          <Text>，</Text>
        </Element>
        <Element xsi:type="XString">
          <Text>血Na</Text>
        </Element>
        <Element xsi:type="XInputField" StyleIndex="4">
          <ID>kb0000002246</ID>
          <Attributes />
          <XElements />
          <TextValue />
          <UnitText>mmol/L</UnitText>
          <Name>血钠</Name>
          <InnerValue />
          <BackgroundText>血钠</BackgroundText>
        </Element>
        <Element xsi:type="XString" StyleIndex="4">
          <Text>，</Text>
        </Element>
        <Element xsi:type="XString">
          <Text>TCO2</Text>
        </Element>
        <Element xsi:type="XInputField" StyleIndex="4">
          <ID>kb0000002247</ID>
          <Attributes />
          <XElements />
          <TextValue />
          <UnitText>mmol/L</UnitText>
          <Name>TCO2</Name>
          <InnerValue />
          <BackgroundText>TCO2</BackgroundText>
        </Element>
        <Element xsi:type="XString" StyleIndex="4">
          <Text>。</Text>
        </Element>
        <Element xsi:type="XParagraphFlag" />
        <Element xsi:type="XString" StyleIndex="4">
          <Text>心脏病变</Text>
        </Element>
        <Element xsi:type="XInputField" StyleIndex="4">
          <ID>kb0000002248</ID>
          <Attributes />
          <XElements>
            <Element xsi:type="XString">
              <Text>心脏病变</Text>
            </Element>
          </XElements>
          <TextValue>心脏病变</TextValue>
          <Name>心脏病变</Name>
          <ValueBinding />
          <InnerValue>心脏病变</InnerValue>
          <BackgroundText>心脏病变</BackgroundText>
          <FieldSettings>
            <EditStyle>DropdownList</EditStyle>
            <MultiSelect>true</MultiSelect>
            <ListSource>
              <SourceName>0000002248</SourceName>
              <Items />
            </ListSource>
          </FieldSettings>
        </Element>
        <Element xsi:type="XString" StyleIndex="4">
          <Text>，心功能</Text>
        </Element>
        <Element xsi:type="XInputField" StyleIndex="4">
          <ID>kb0000002376</ID>
          <Attributes />
          <XElements>
            <Element xsi:type="XString">
              <Text>心功能</Text>
            </Element>
          </XElements>
          <TextValue>心功能</TextValue>
          <Name>心功能</Name>
          <ValueBinding />
          <InnerValue>心功能</InnerValue>
          <BackgroundText>心功能</BackgroundText>
          <FieldSettings>
            <EditStyle>DropdownList</EditStyle>
            <ListSource>
              <SourceName>0000002376</SourceName>
              <Items />
            </ListSource>
          </FieldSettings>
        </Element>
        <Element xsi:type="XString" StyleIndex="4">
          <Text>；脑部病变出现</Text>
        </Element>
        <Element xsi:type="XInputField" StyleIndex="4">
          <ID>kb0000002249</ID>
          <Attributes />
          <XElements>
            <Element xsi:type="XString">
              <Text>脑部病变</Text>
            </Element>
          </XElements>
          <TextValue>脑部病变</TextValue>
          <Name>脑部病变</Name>
          <ValueBinding />
          <InnerValue>脑部病变</InnerValue>
          <BackgroundText>脑部病变</BackgroundText>
          <FieldSettings>
            <EditStyle>DropdownList</EditStyle>
            <MultiSelect>true</MultiSelect>
            <ListSource>
              <SourceName>0000002249</SourceName>
              <Items />
            </ListSource>
          </FieldSettings>
        </Element>
        <Element xsi:type="XString" StyleIndex="4">
          <Text>，</Text>
        </Element>
        <Element xsi:type="XString">
          <Text> 既往诊断</Text>
        </Element>
        <Element xsi:type="XInputField" StyleIndex="4">
          <ID>kb0000002250</ID>
          <Attributes />
          <XElements>
            <Element xsi:type="XString">
              <Text>脑部既往诊断</Text>
            </Element>
          </XElements>
          <TextValue>脑部既往诊断</TextValue>
          <Name>脑部既往诊断</Name>
          <ValueBinding />
          <InnerValue>脑部既往诊断</InnerValue>
          <BackgroundText>脑部既往诊断</BackgroundText>
          <FieldSettings>
            <EditStyle>DropdownList</EditStyle>
            <ListSource>
              <SourceName>0000002250</SourceName>
              <Items />
            </ListSource>
          </FieldSettings>
        </Element>
        <Element xsi:type="XString" StyleIndex="4">
          <Text>；</Text>
        </Element>
        <Element xsi:type="XString">
          <Text>眼</Text>
        </Element>
        <Element xsi:type="XString" StyleIndex="4">
          <Text>部病变</Text>
        </Element>
        <Element xsi:type="XInputField" StyleIndex="4">
          <ID>kb0000002251</ID>
          <Attributes />
          <XElements>
            <Element xsi:type="XString">
              <Text>眼部病变</Text>
            </Element>
          </XElements>
          <TextValue>眼部病变</TextValue>
          <Name>眼部病变</Name>
          <ValueBinding />
          <InnerValue>眼部病变</InnerValue>
          <BackgroundText>眼部病变</BackgroundText>
          <FieldSettings>
            <EditStyle>DropdownList</EditStyle>
            <MultiSelect>true</MultiSelect>
            <ListSource>
              <SourceName>0000002251</SourceName>
              <Items />
            </ListSource>
          </FieldSettings>
        </Element>
        <Element xsi:type="XString" StyleIndex="4">
          <Text>；</Text>
        </Element>
        <Element xsi:type="XString">
          <Text>肢体动脉</Text>
        </Element>
        <Element xsi:type="XString" StyleIndex="4">
          <Text>病变</Text>
        </Element>
        <Element xsi:type="XInputField" StyleIndex="4">
          <ID>kb0000002252</ID>
          <Attributes />
          <XElements>
            <Element xsi:type="XString">
              <Text>肢体动脉病变</Text>
            </Element>
          </XElements>
          <TextValue>肢体动脉病变</TextValue>
          <Name>肢体动脉病变</Name>
          <ValueBinding />
          <InnerValue>肢体动脉病变</InnerValue>
          <BackgroundText>肢体动脉病变</BackgroundText>
          <FieldSettings>
            <EditStyle>DropdownList</EditStyle>
            <MultiSelect>true</MultiSelect>
            <ListSource>
              <SourceName>0000002252</SourceName>
              <Items />
            </ListSource>
          </FieldSettings>
        </Element>
        <Element xsi:type="XString" StyleIndex="4">
          <Text>；</Text>
        </Element>
        <Element xsi:type="XString">
          <Text>神经病变</Text>
        </Element>
        <Element xsi:type="XInputField" StyleIndex="4">
          <ID>kb0000002253</ID>
          <Attributes />
          <XElements>
            <Element xsi:type="XString">
              <Text>神经病变</Text>
            </Element>
          </XElements>
          <TextValue>神经病变</TextValue>
          <Name>神经病变</Name>
          <ValueBinding />
          <InnerValue>神经病变</InnerValue>
          <BackgroundText>神经病变</BackgroundText>
          <FieldSettings>
            <EditStyle>DropdownList</EditStyle>
            <MultiSelect>true</MultiSelect>
            <ListSource>
              <SourceName>0000002253</SourceName>
              <Items />
            </ListSource>
          </FieldSettings>
        </Element>
        <Element xsi:type="XString" StyleIndex="4">
          <Text>；</Text>
        </Element>
        <Element xsi:type="XString">
          <Text>皮肤</Text>
        </Element>
        <Element xsi:type="XString" StyleIndex="4">
          <Text>病变</Text>
        </Element>
        <Element xsi:type="XInputField" StyleIndex="4">
          <ID>kb0000002254</ID>
          <Attributes />
          <XElements>
            <Element xsi:type="XString">
              <Text>皮肤病变</Text>
            </Element>
          </XElements>
          <TextValue>皮肤病变</TextValue>
          <Name>皮肤病变</Name>
          <ValueBinding />
          <InnerValue>皮肤病变</InnerValue>
          <BackgroundText>皮肤病变</BackgroundText>
          <FieldSettings>
            <EditStyle>DropdownList</EditStyle>
            <MultiSelect>true</MultiSelect>
            <ListSource>
              <SourceName>0000002254</SourceName>
              <Items />
            </ListSource>
          </FieldSettings>
        </Element>
        <Element xsi:type="XString" StyleIndex="4">
          <Text>；</Text>
        </Element>
        <Element xsi:type="XString">
          <Text>关节</Text>
        </Element>
        <Element xsi:type="XString" StyleIndex="4">
          <Text>病变</Text>
        </Element>
        <Element xsi:type="XInputField" StyleIndex="4">
          <ID>kb0000002255</ID>
          <Attributes />
          <XElements>
            <Element xsi:type="XString">
              <Text>关节病变</Text>
            </Element>
          </XElements>
          <TextValue>关节病变</TextValue>
          <Name>关节病变</Name>
          <ValueBinding />
          <InnerValue>关节病变</InnerValue>
          <BackgroundText>关节病变</BackgroundText>
          <FieldSettings>
            <EditStyle>DropdownList</EditStyle>
            <ListSource>
              <SourceName>0000002255</SourceName>
              <Items />
            </ListSource>
          </FieldSettings>
        </Element>
        <Element xsi:type="XString" StyleIndex="4">
          <Text>；</Text>
        </Element>
        <Element xsi:type="XString">
          <Text>感染</Text>
        </Element>
        <Element xsi:type="XInputField" StyleIndex="4">
          <ID>kb0000002256</ID>
          <Attributes />
          <XElements>
            <Element xsi:type="XString">
              <Text>感染</Text>
            </Element>
          </XElements>
          <TextValue>感染</TextValue>
          <Name>感染</Name>
          <ValueBinding />
          <InnerValue>感染</InnerValue>
          <BackgroundText>感染</BackgroundText>
          <FieldSettings>
            <EditStyle>DropdownList</EditStyle>
            <ListSource>
              <SourceName>0000002256</SourceName>
              <Items />
            </ListSource>
          </FieldSettings>
        </Element>
        <Element xsi:type="XString" StyleIndex="4">
          <Text>。</Text>
        </Element>
        <Element xsi:type="XParagraphFlag" />
        <Element xsi:type="XString">
          <Text>糖尿病肾病病程</Text>
        </Element>
        <Element xsi:type="XInputField" StyleIndex="4">
          <ID>kb0000002257</ID>
          <Attributes />
          <XElements />
          <TextValue />
          <UnitText />
          <Name>糖尿病肾病病程</Name>
          <InnerValue />
          <BackgroundText>糖尿病肾病病程</BackgroundText>
        </Element>
        <Element xsi:type="XInputField" StyleIndex="4">
          <ID>kb0000001382</ID>
          <Attributes />
          <XElements>
            <Element xsi:type="XString">
              <Text>时间单位</Text>
            </Element>
          </XElements>
          <TextValue>时间单位</TextValue>
          <Name>时间单位</Name>
          <ValueBinding />
          <InnerValue>时间单位</InnerValue>
          <BackgroundText>时间单位</BackgroundText>
          <FieldSettings>
            <EditStyle>DropdownList</EditStyle>
            <ListSource>
              <SourceName>0000001382</SourceName>
              <Items />
            </ListSource>
          </FieldSettings>
        </Element>
        <Element xsi:type="XString" StyleIndex="4">
          <Text>，</Text>
        </Element>
        <Element xsi:type="XString">
          <Text>发现方式</Text>
        </Element>
        <Element xsi:type="XInputField" StyleIndex="4">
          <ID>kb0000002258</ID>
          <Attributes />
          <XElements>
            <Element xsi:type="XString">
              <Text>糖尿病肾病发现方式</Text>
            </Element>
          </XElements>
          <TextValue>糖尿病肾病发现方式</TextValue>
          <Name>糖尿病肾病发现方式</Name>
          <ValueBinding />
          <InnerValue>糖尿病肾病发现方式</InnerValue>
          <BackgroundText>糖尿病肾病发现方式</BackgroundText>
          <FieldSettings>
            <EditStyle>DropdownList</EditStyle>
            <ListSource>
              <SourceName>0000002258</SourceName>
              <Items />
            </ListSource>
          </FieldSettings>
        </Element>
        <Element xsi:type="XString" StyleIndex="4">
          <Text>。</Text>
        </Element>
        <Element xsi:type="XParagraphFlag" />
        <Element xsi:type="XString" StyleIndex="4">
          <Text>依据</Text>
        </Element>
        <Element xsi:type="XInputField" StyleIndex="4">
          <ID>kb0000002259</ID>
          <Attributes />
          <XElements>
            <Element xsi:type="XString">
              <Text>糖尿病肾病诊断依据</Text>
            </Element>
          </XElements>
          <TextValue>糖尿病肾病诊断依据</TextValue>
          <Name>糖尿病肾病诊断依据</Name>
          <ValueBinding />
          <InnerValue>糖尿病肾病诊断依据</InnerValue>
          <BackgroundText>糖尿病肾病诊断依据</BackgroundText>
          <FieldSettings>
            <EditStyle>DropdownList</EditStyle>
            <ListSource>
              <SourceName>0000002259</SourceName>
              <Items />
            </ListSource>
          </FieldSettings>
        </Element>
        <Element xsi:type="XString">
          <Text>诊断</Text>
        </Element>
        <Element xsi:type="XString" StyleIndex="4">
          <Text>为</Text>
        </Element>
        <Element xsi:type="XInputField" StyleIndex="4">
          <ID>kb0000002260</ID>
          <Attributes />
          <XElements>
            <Element xsi:type="XString">
              <Text>诊断</Text>
            </Element>
          </XElements>
          <TextValue>诊断</TextValue>
          <Name>诊断</Name>
          <ValueBinding />
          <InnerValue>诊断</InnerValue>
          <BackgroundText>诊断</BackgroundText>
          <FieldSettings>
            <EditStyle>DropdownList</EditStyle>
            <ListSource>
              <SourceName>0000002260</SourceName>
              <Items />
            </ListSource>
          </FieldSettings>
        </Element>
        <Element xsi:type="XString" StyleIndex="4">
          <Text>。</Text>
        </Element>
        <Element xsi:type="XParagraphFlag" />
        <Element xsi:type="XString">
          <Text>治疗</Text>
        </Element>
        <Element xsi:type="XString" StyleIndex="4">
          <Text>有</Text>
        </Element>
        <Element xsi:type="XInputField" StyleIndex="4">
          <ID>kb0000002262</ID>
          <Attributes />
          <XElements>
            <Element xsi:type="XString">
              <Text>降压药</Text>
            </Element>
          </XElements>
          <TextValue>降压药</TextValue>
          <Name>降压药</Name>
          <ValueBinding />
          <InnerValue>降压药</InnerValue>
          <BackgroundText>降压药</BackgroundText>
          <FieldSettings>
            <EditStyle>DropdownList</EditStyle>
            <ListSource>
              <SourceName>0000002262</SourceName>
              <Items />
            </ListSource>
          </FieldSettings>
        </Element>
        <Element xsi:type="XString" StyleIndex="4">
          <Text>；</Text>
        </Element>
        <Element xsi:type="XString">
          <Text>降脂</Text>
        </Element>
        <Element xsi:type="XString" StyleIndex="4">
          <Text>药</Text>
        </Element>
        <Element xsi:type="XInputField" StyleIndex="4">
          <ID>kb0000002355</ID>
          <Attributes />
          <XElements />
          <TextValue />
          <UnitText />
          <Name>降脂药</Name>
          <InnerValue />
          <BackgroundText>降脂药</BackgroundText>
        </Element>
        <Element xsi:type="XString" StyleIndex="4">
          <Text>；</Text>
        </Element>
        <Element xsi:type="XString">
          <Text>大黄制剂</Text>
        </Element>
        <Element xsi:type="XInputField" StyleIndex="4">
          <ID>kb0000002356</ID>
          <Attributes />
          <XElements>
            <Element xsi:type="XString">
              <Text>大黄制剂</Text>
            </Element>
          </XElements>
          <TextValue>大黄制剂</TextValue>
          <Name>大黄制剂</Name>
          <ValueBinding />
          <InnerValue>大黄制剂</InnerValue>
          <BackgroundText>大黄制剂</BackgroundText>
          <FieldSettings>
            <EditStyle>DropdownList</EditStyle>
            <MultiSelect>true</MultiSelect>
            <ListSource>
              <SourceName>0000002356</SourceName>
              <Items />
            </ListSource>
          </FieldSettings>
        </Element>
        <Element xsi:type="XString" StyleIndex="4">
          <Text>。</Text>
        </Element>
        <Element xsi:type="XParagraphFlag" />
        <Element xsi:type="XString">
          <Text>辅助检查：</Text>
        </Element>
        <Element xsi:type="XParagraphFlag" />
        <Element xsi:type="XString">
          <Text>     HB</Text>
        </Element>
        <Element xsi:type="XInputField" StyleIndex="4">
          <ID>kb0000002357</ID>
          <Attributes />
          <XElements />
          <TextValue />
          <UnitText />
          <Name>HB</Name>
          <InnerValue />
          <BackgroundText>HB</BackgroundText>
        </Element>
        <Element xsi:type="XString" StyleIndex="4">
          <Text>，</Text>
        </Element>
        <Element xsi:type="XString">
          <Text>尿白蛋白</Text>
        </Element>
        <Element xsi:type="XInputField" StyleIndex="4">
          <ID>kb0000002358</ID>
          <Attributes />
          <XElements />
          <TextValue />
          <UnitText>g/24h</UnitText>
          <Name>尿白蛋白</Name>
          <InnerValue />
          <BackgroundText>尿白蛋白</BackgroundText>
        </Element>
        <Element xsi:type="XString" StyleIndex="4">
          <Text>，</Text>
        </Element>
        <Element xsi:type="XString">
          <Text>尿蛋白</Text>
        </Element>
        <Element xsi:type="XInputField" StyleIndex="4">
          <ID>kb0000002208</ID>
          <Attributes />
          <XElements />
          <TextValue />
          <UnitText>g/24h</UnitText>
          <Name>蛋白尿</Name>
          <InnerValue />
          <BackgroundText>蛋白尿</BackgroundText>
        </Element>
        <Element xsi:type="XString" StyleIndex="4">
          <Text>，</Text>
        </Element>
        <Element xsi:type="XString">
          <Text>尿沉渣</Text>
        </Element>
        <Element xsi:type="XInputField" StyleIndex="4">
          <ID>kb0000002359</ID>
          <Attributes />
          <XElements />
          <TextValue />
          <UnitText />
          <Name>尿沉渣</Name>
          <InnerValue />
          <BackgroundText>尿沉渣</BackgroundText>
        </Element>
        <Element xsi:type="XString" StyleIndex="4">
          <Text>，</Text>
        </Element>
        <Element xsi:type="XString">
          <Text>尿NAG</Text>
        </Element>
        <Element xsi:type="XInputField" StyleIndex="4">
          <ID>kb0000002360</ID>
          <Attributes />
          <XElements />
          <TextValue />
          <UnitText />
          <Name>尿NAG</Name>
          <InnerValue />
          <BackgroundText>尿NAG</BackgroundText>
        </Element>
        <Element xsi:type="XString" StyleIndex="4">
          <Text>，</Text>
        </Element>
        <Element xsi:type="XString">
          <Text>RBP</Text>
        </Element>
        <Element xsi:type="XInputField" StyleIndex="4">
          <ID>kb0000002361</ID>
          <Attributes />
          <XElements />
          <TextValue />
          <UnitText />
          <Name>RBP</Name>
          <InnerValue />
          <BackgroundText>RBP</BackgroundText>
        </Element>
        <Element xsi:type="XString" StyleIndex="4">
          <Text>，</Text>
        </Element>
        <Element xsi:type="XString">
          <Text>A/G</Text>
        </Element>
        <Element xsi:type="XInputField" StyleIndex="4">
          <ID>kb0000002362</ID>
          <Attributes />
          <XElements />
          <TextValue />
          <UnitText />
          <Name>A/G</Name>
          <InnerValue />
          <BackgroundText>A/G</BackgroundText>
        </Element>
        <Element xsi:type="XString" StyleIndex="4">
          <Text>，</Text>
        </Element>
        <Element xsi:type="XString">
          <Text>BUN</Text>
        </Element>
        <Element xsi:type="XInputField" StyleIndex="4">
          <ID>kb0000002187</ID>
          <Attributes />
          <XElements />
          <TextValue />
          <UnitText>mmol/L</UnitText>
          <Name>BUN</Name>
          <InnerValue />
          <BackgroundText>BUN</BackgroundText>
        </Element>
        <Element xsi:type="XString" StyleIndex="4">
          <Text>，</Text>
        </Element>
        <Element xsi:type="XString">
          <Text>SCr</Text>
        </Element>
        <Element xsi:type="XInputField" StyleIndex="4">
          <ID>kb0000002363</ID>
          <Attributes />
          <XElements />
          <TextValue />
          <UnitText>umol/L</UnitText>
          <Name>SCr</Name>
          <InnerValue />
          <BackgroundText>SCr</BackgroundText>
        </Element>
        <Element xsi:type="XString" StyleIndex="4">
          <Text>，</Text>
        </Element>
        <Element xsi:type="XString">
          <Text>FBS</Text>
        </Element>
        <Element xsi:type="XInputField" StyleIndex="4">
          <ID>kb0000002364</ID>
          <Attributes />
          <XElements />
          <TextValue />
          <UnitText>mmol/L</UnitText>
          <Name>FBS</Name>
          <InnerValue />
          <BackgroundText>FBS</BackgroundText>
        </Element>
        <Element xsi:type="XString" StyleIndex="4">
          <Text>，</Text>
        </Element>
        <Element xsi:type="XString">
          <Text>PBS</Text>
        </Element>
        <Element xsi:type="XInputField" StyleIndex="4">
          <ID>kb0000002365</ID>
          <Attributes />
          <XElements />
          <TextValue />
          <UnitText>mmol/L</UnitText>
          <Name>PBS</Name>
          <InnerValue />
          <BackgroundText>PBS</BackgroundText>
        </Element>
        <Element xsi:type="XString" StyleIndex="4">
          <Text>，</Text>
        </Element>
        <Element xsi:type="XString">
          <Text>Tg</Text>
        </Element>
        <Element xsi:type="XInputField" StyleIndex="4">
          <ID>kb0000002366</ID>
          <Attributes />
          <XElements />
          <TextValue />
          <UnitText>mmol/L</UnitText>
          <Name>Tg</Name>
          <InnerValue />
          <BackgroundText>Tg</BackgroundText>
        </Element>
        <Element xsi:type="XString" StyleIndex="4">
          <Text>，</Text>
        </Element>
        <Element xsi:type="XString">
          <Text>Ch</Text>
        </Element>
        <Element xsi:type="XInputField" StyleIndex="4">
          <ID>kb0000002367</ID>
          <Attributes />
          <XElements />
          <TextValue />
          <UnitText>mmol/L</UnitText>
          <Name>Ch</Name>
          <InnerValue />
          <BackgroundText>Ch</BackgroundText>
        </Element>
        <Element xsi:type="XString" StyleIndex="4">
          <Text>。</Text>
        </Element>
        <Element xsi:type="XParagraphFlag" />
      </XElements>
      <Sections />
    </Element>
    <Element xsi:type="XTextHeader">
      <Attributes />
      <XElements>
        <Element xsi:type="XParagraphFlag" StyleIndex="0">
          <AutoCreate>true</AutoCreate>
        </Element>
      </XElements>
    </Element>
    <Element xsi:type="XTextFooter">
      <Attributes />
      <XElements>
        <Element xsi:type="XParagraphFlag">
          <AutoCreate>true</AutoCreate>
        </Element>
      </XElements>
    </Element>
  </XElements>
  <Info>
    <CreationTime>2013-04-02T17:19:55.244211+08:00</CreationTime>
    <LastModifiedTime>2013-04-02T17:19:55.244211+08:00</LastModifiedTime>
    <LastPrintTime>1980-01-01T00:00:00</LastPrintTime>
    <Operator>DCSoft.Writer Version:1.1.1111.29376</Operator>
  </Info>
  <BodyText>
  </BodyText>
  <UserHistories>
    <History>
      <ID />
      <Name />
      <SavedTime>2005-03-18T14:47:46</SavedTime>
    </History>
    <History>
      <ID />
      <Name />
      <SavedTime>2005-03-18T14:49:54</SavedTime>
    </History>
    <History>
      <ID />
      <Name />
      <SavedTime>2005-03-18T14:51:02</SavedTime>
    </History>
    <History>
      <ID />
      <Name />
      <SavedTime>2005-03-24T10:20:54</SavedTime>
    </History>
    <History>
      <ID />
      <Name />
      <SavedTime>2005-03-24T10:29:14</SavedTime>
    </History>
    <History>
      <ID />
      <Name />
      <SavedTime>2005-03-24T10:53:49</SavedTime>
    </History>
  </UserHistories>
  <ContentStyles>
    <Default xsi:type="DocumentContentStyle">
      <FontName>宋体</FontName>
    </Default>
    <Styles>
      <Style Index="0">
        <Align>Center</Align>
      </Style>
      <Style Index="1">
        <CreatorIndex>2</CreatorIndex>
      </Style>
      <Style Index="2">
        <CreatorIndex>3</CreatorIndex>
      </Style>
      <Style Index="3">
        <CreatorIndex>4</CreatorIndex>
      </Style>
      <Style Index="4">
        <CreatorIndex>5</CreatorIndex>
      </Style>
    </Styles>
  </ContentStyles>
  <MeasureMode>OldCompatibility</MeasureMode>
  <PageSettings>
    <LeftMargin>50</LeftMargin>
    <TopMargin>50</TopMargin>
    <RightMargin>50</RightMargin>
    <BottomMargin>50</BottomMargin>
    <ViewLeftMargin>150</ViewLeftMargin>
    <ViewTopMargin>150</ViewTopMargin>
    <ViewRightMargin>150</ViewRightMargin>
    <ViewBottomMargin>150</ViewBottomMargin>
    <ViewPaperWidth>2481</ViewPaperWidth>
    <ViewPaperHeight>3507</ViewPaperHeight>
  </PageSettings>
</XTextDocument>