﻿<?xml version="1.0" encoding="utf-8"?>
<XTextDocument xmlns:xsi="http://www.w3.org/2001/XMLSchema-instance" xmlns:xsd="http://www.w3.org/2001/XMLSchema" EditorVersionString="1.1.1111.29376">
  <Attributes />
  <XElements>
    <Element xsi:type="XTextBody">
      <Attributes />
      <XElements>
        <Element xsi:type="XString">
          <Text>视力：右眼      左眼      。双眼结膜无充血，角膜透明，虹膜纹理清，瞳孔大小正常，对光反应灵敏，前房</Text>
        </Element>
        <Element xsi:type="XInputField">
          <ID>kb0000002584</ID>
          <Attributes />
          <XElements>
            <Element xsi:type="XString">
              <Text>浅</Text>
            </Element>
          </XElements>
          <TextValue>浅</TextValue>
          <Name>前房</Name>
          <ValueBinding />
          <InnerValue>浅</InnerValue>
          <BackgroundText>前房</BackgroundText>
          <FieldSettings>
            <EditStyle>DropdownList</EditStyle>
            <ListSource>
              <SourceName>0000002584</SourceName>
              <Items />
            </ListSource>
          </FieldSettings>
        </Element>
        <Element xsi:type="XString">
          <Text>，晶体</Text>
        </Element>
        <Element xsi:type="XInputField">
          <ID>kb0000002585</ID>
          <Attributes />
          <XElements>
            <Element xsi:type="XString">
              <Text>核性</Text>
            </Element>
          </XElements>
          <TextValue>核性</TextValue>
          <Name>晶体浑浊分类</Name>
          <ValueBinding />
          <InnerValue>核性</InnerValue>
          <BackgroundText>晶体浑浊分类</BackgroundText>
          <FieldSettings>
            <EditStyle>DropdownList</EditStyle>
            <ListSource>
              <SourceName>0000002585</SourceName>
              <Items />
            </ListSource>
          </FieldSettings>
        </Element>
        <Element xsi:type="XString">
          <Text>混浊。眼底</Text>
        </Element>
        <Element xsi:type="XInputField">
          <ID>kb0000002590</ID>
          <Attributes />
          <XElements>
            <Element xsi:type="XString">
              <Text>窥不清</Text>
            </Element>
          </XElements>
          <TextValue>窥不清</TextValue>
          <Name>眼底</Name>
          <ValueBinding />
          <InnerValue>窥不清</InnerValue>
          <BackgroundText>眼底</BackgroundText>
          <FieldSettings>
            <EditStyle>DropdownList</EditStyle>
            <ListSource>
              <SourceName>0000002590</SourceName>
              <Items />
            </ListSource>
          </FieldSettings>
        </Element>
        <Element xsi:type="XString">
          <Text>。眼压  指测Tn。</Text>
        </Element>
        <Element xsi:type="XParagraphFlag" />
      </XElements>
      <Sections />
    </Element>
    <Element xsi:type="XTextHeader">
      <Attributes />
      <XElements>
        <Element xsi:type="XParagraphFlag" StyleIndex="0">
          <AutoCreate>true</AutoCreate>
        </Element>
      </XElements>
    </Element>
    <Element xsi:type="XTextFooter">
      <Attributes />
      <XElements>
        <Element xsi:type="XParagraphFlag">
          <AutoCreate>true</AutoCreate>
        </Element>
      </XElements>
    </Element>
  </XElements>
  <ScriptText />
  <Info>
    <CreationTime>2013-04-02T17:19:55.7562403+08:00</CreationTime>
    <LastModifiedTime>2013-04-02T17:19:55.7562403+08:00</LastModifiedTime>
    <LastPrintTime>1980-01-01T00:00:00</LastPrintTime>
    <Operator>DCSoft.Writer Version:1.1.1111.29376</Operator>
  </Info>
  <BodyText>
  </BodyText>
  <UserHistories>
    <History>
      <ID />
      <Name />
      <SavedTime>2005-04-12T18:11:57</SavedTime>
    </History>
    <History>
      <ID />
      <Name />
      <SavedTime>2005-04-12T18:13:19</SavedTime>
    </History>
  </UserHistories>
  <ContentStyles>
    <Default xsi:type="DocumentContentStyle">
      <FontName>宋体</FontName>
    </Default>
    <Styles>
      <Style Index="0">
        <Align>Center</Align>
      </Style>
    </Styles>
  </ContentStyles>
  <MeasureMode>OldCompatibility</MeasureMode>
  <PageSettings>
    <LeftMargin>50</LeftMargin>
    <TopMargin>50</TopMargin>
    <RightMargin>50</RightMargin>
    <BottomMargin>50</BottomMargin>
    <ViewLeftMargin>150</ViewLeftMargin>
    <ViewTopMargin>150</ViewTopMargin>
    <ViewRightMargin>150</ViewRightMargin>
    <ViewBottomMargin>150</ViewBottomMargin>
    <ViewPaperWidth>2481</ViewPaperWidth>
    <ViewPaperHeight>3507</ViewPaperHeight>
  </PageSettings>
</XTextDocument>