﻿<?xml version="1.0" encoding="utf-8"?>
<XTextDocument xmlns:xsi="http://www.w3.org/2001/XMLSchema-instance" xmlns:xsd="http://www.w3.org/2001/XMLSchema" EditorVersionString="1.1.1111.29376">
  <Attributes />
  <XElements>
    <Element xsi:type="XTextBody">
      <Attributes />
      <XElements>
        <Element xsi:type="XString">
          <Text>视乳头颜色</Text>
        </Element>
        <Element xsi:type="XInputField">
          <ID>kb0000002610</ID>
          <Attributes />
          <XElements>
            <Element xsi:type="XString">
              <Text>淡红</Text>
            </Element>
          </XElements>
          <TextValue>淡红</TextValue>
          <Name>视乳头颜色</Name>
          <ValueBinding />
          <InnerValue>淡红</InnerValue>
          <BackgroundText>视乳头颜色</BackgroundText>
          <FieldSettings>
            <EditStyle>DropdownList</EditStyle>
            <ListSource>
              <SourceName>0000002610</SourceName>
              <Items />
            </ListSource>
          </FieldSettings>
        </Element>
        <Element xsi:type="XString">
          <Text>，边界</Text>
        </Element>
        <Element xsi:type="XInputField">
          <ID>kb0000002611</ID>
          <Attributes />
          <XElements>
            <Element xsi:type="XString">
              <Text>清晰</Text>
            </Element>
          </XElements>
          <TextValue>清晰</TextValue>
          <Name>视乳头边界</Name>
          <ValueBinding />
          <InnerValue>清晰</InnerValue>
          <BackgroundText>视乳头边界</BackgroundText>
          <FieldSettings>
            <EditStyle>DropdownList</EditStyle>
            <ListSource>
              <SourceName>0000002611</SourceName>
              <Items />
            </ListSource>
          </FieldSettings>
        </Element>
        <Element xsi:type="XString">
          <Text>，生理凹陷</Text>
        </Element>
        <Element xsi:type="XInputField">
          <ID>kb0000002612</ID>
          <Attributes />
          <XElements>
            <Element xsi:type="XString">
              <Text>正常</Text>
            </Element>
          </XElements>
          <TextValue>正常</TextValue>
          <Name>视乳头生理凹陷</Name>
          <ValueBinding />
          <InnerValue>正常</InnerValue>
          <BackgroundText>视乳头生理凹陷</BackgroundText>
          <FieldSettings>
            <EditStyle>DropdownList</EditStyle>
            <ListSource>
              <SourceName>0000002612</SourceName>
              <Items />
            </ListSource>
          </FieldSettings>
        </Element>
        <Element xsi:type="XString">
          <Text>，C/D=0.3。视网膜动脉反光</Text>
        </Element>
        <Element xsi:type="XInputField">
          <ID>kb0000002613</ID>
          <Attributes />
          <XElements>
            <Element xsi:type="XString">
              <Text>正常</Text>
            </Element>
          </XElements>
          <TextValue>正常</TextValue>
          <Name>视网膜动脉反光</Name>
          <ValueBinding />
          <InnerValue>正常</InnerValue>
          <BackgroundText>视网膜动脉反光</BackgroundText>
          <FieldSettings>
            <EditStyle>DropdownList</EditStyle>
            <ListSource>
              <SourceName>0000002613</SourceName>
              <Items />
            </ListSource>
          </FieldSettings>
        </Element>
        <Element xsi:type="XString">
          <Text>，管径</Text>
        </Element>
        <Element xsi:type="XInputField">
          <ID>kb0000002614</ID>
          <Attributes />
          <XElements>
            <Element xsi:type="XString">
              <Text>正常</Text>
            </Element>
          </XElements>
          <TextValue>正常</TextValue>
          <Name>视网膜动脉管径</Name>
          <ValueBinding />
          <InnerValue>正常</InnerValue>
          <BackgroundText>视网膜动脉管径</BackgroundText>
          <FieldSettings>
            <EditStyle>DropdownList</EditStyle>
            <ListSource>
              <SourceName>0000002614</SourceName>
              <Items />
            </ListSource>
          </FieldSettings>
        </Element>
        <Element xsi:type="XString">
          <Text>，</Text>
        </Element>
        <Element xsi:type="XInputField">
          <ID>kb0000002615</ID>
          <Attributes />
          <XElements>
            <Element xsi:type="XString">
              <Text>腊肠状</Text>
            </Element>
          </XElements>
          <TextValue>腊肠状</TextValue>
          <Name>视网膜动脉</Name>
          <ValueBinding />
          <InnerValue>腊肠状</InnerValue>
          <BackgroundText>视网膜动脉</BackgroundText>
          <FieldSettings>
            <EditStyle>DropdownList</EditStyle>
            <ListSource>
              <SourceName>0000002615</SourceName>
              <Items />
            </ListSource>
          </FieldSettings>
        </Element>
        <Element xsi:type="XString">
          <Text>，A/V=</Text>
        </Element>
        <Element xsi:type="XInputField">
          <ID>kb0000002616</ID>
          <Attributes />
          <XElements>
            <Element xsi:type="XString">
              <Text>1:2</Text>
            </Element>
          </XElements>
          <TextValue>1:2</TextValue>
          <Name>A/V</Name>
          <ValueBinding />
          <InnerValue>1:2</InnerValue>
          <BackgroundText>A/V</BackgroundText>
          <FieldSettings>
            <EditStyle>DropdownList</EditStyle>
            <ListSource>
              <SourceName>0000002616</SourceName>
              <Items />
            </ListSource>
          </FieldSettings>
        </Element>
        <Element xsi:type="XString">
          <Text>，后极部网膜未见出血渗出，黄斑部中心凹反光可见。</Text>
        </Element>
        <Element xsi:type="XParagraphFlag" />
      </XElements>
      <Sections />
    </Element>
    <Element xsi:type="XTextHeader">
      <Attributes />
      <XElements>
        <Element xsi:type="XParagraphFlag" StyleIndex="0">
          <AutoCreate>true</AutoCreate>
        </Element>
      </XElements>
    </Element>
    <Element xsi:type="XTextFooter">
      <Attributes />
      <XElements>
        <Element xsi:type="XParagraphFlag">
          <AutoCreate>true</AutoCreate>
        </Element>
      </XElements>
    </Element>
  </XElements>
  <ScriptText />
  <Info>
    <CreationTime>2013-04-02T17:19:55.8502456+08:00</CreationTime>
    <LastModifiedTime>2013-04-02T17:19:55.8502456+08:00</LastModifiedTime>
    <LastPrintTime>1980-01-01T00:00:00</LastPrintTime>
    <Operator>DCSoft.Writer Version:1.1.1111.29376</Operator>
  </Info>
  <BodyText>
  </BodyText>
  <UserHistories>
    <History>
      <ID />
      <Name />
      <SavedTime>2005-04-13T08:53:41</SavedTime>
    </History>
  </UserHistories>
  <ContentStyles>
    <Default xsi:type="DocumentContentStyle">
      <FontName>宋体</FontName>
    </Default>
    <Styles>
      <Style Index="0">
        <Align>Center</Align>
      </Style>
    </Styles>
  </ContentStyles>
  <MeasureMode>OldCompatibility</MeasureMode>
  <PageSettings>
    <LeftMargin>50</LeftMargin>
    <TopMargin>50</TopMargin>
    <RightMargin>50</RightMargin>
    <BottomMargin>50</BottomMargin>
    <ViewLeftMargin>150</ViewLeftMargin>
    <ViewTopMargin>150</ViewTopMargin>
    <ViewRightMargin>150</ViewRightMargin>
    <ViewBottomMargin>150</ViewBottomMargin>
    <ViewPaperWidth>2481</ViewPaperWidth>
    <ViewPaperHeight>3507</ViewPaperHeight>
  </PageSettings>
</XTextDocument>