﻿<?xml version="1.0" encoding="utf-8"?>
<XTextDocument xmlns:xsi="http://www.w3.org/2001/XMLSchema-instance" xmlns:xsd="http://www.w3.org/2001/XMLSchema" EditorVersionString="1.1.1111.29376">
  <Attributes />
  <XElements>
    <Element xsi:type="XTextBody">
      <Attributes />
      <XElements>
        <Element xsi:type="XInputField">
          <ID>kb0000000358</ID>
          <Attributes />
          <XElements>
            <Element xsi:type="XString">
              <Text>眼部症状出现部位</Text>
            </Element>
          </XElements>
          <TextValue>眼部症状出现部位</TextValue>
          <Name>眼部症状出现部位</Name>
          <ValueBinding />
          <InnerValue>眼部症状出现部位</InnerValue>
          <BackgroundText>眼部症状出现部位</BackgroundText>
          <FieldSettings>
            <EditStyle>DropdownList</EditStyle>
            <ListSource>
              <SourceName>0000000358</SourceName>
              <Items />
            </ListSource>
          </FieldSettings>
        </Element>
        <Element xsi:type="XString">
          <Text>无</Text>
        </Element>
        <Element xsi:type="XInputField">
          <ID>kb0000000279</ID>
          <Attributes />
          <XElements>
            <Element xsi:type="XString">
              <Text>玻璃体</Text>
            </Element>
          </XElements>
          <TextValue>玻璃体</TextValue>
          <Name>玻璃体</Name>
          <ValueBinding />
          <InnerValue>玻璃体</InnerValue>
          <BackgroundText>玻璃体</BackgroundText>
          <FieldSettings>
            <EditStyle>DropdownList</EditStyle>
            <ListSource>
              <SourceName>0000000279</SourceName>
              <Items />
            </ListSource>
          </FieldSettings>
        </Element>
        <Element xsi:type="XString">
          <Text>。玻璃体液化</Text>
        </Element>
        <Element xsi:type="XInputField">
          <ID>kb0000000361</ID>
          <Attributes />
          <XElements>
            <Element xsi:type="XString">
              <Text>玻璃体液化</Text>
            </Element>
          </XElements>
          <TextValue>玻璃体液化</TextValue>
          <Name>玻璃体液化</Name>
          <ValueBinding />
          <InnerValue>玻璃体液化</InnerValue>
          <BackgroundText>玻璃体液化</BackgroundText>
          <FieldSettings>
            <EditStyle>DropdownList</EditStyle>
            <ListSource>
              <SourceName>0000000361</SourceName>
              <Items />
            </ListSource>
          </FieldSettings>
        </Element>
        <Element xsi:type="XString">
          <Text>，星状闪辉结晶</Text>
        </Element>
        <Element xsi:type="XInputField">
          <ID>kb0000000362</ID>
          <Attributes />
          <XElements>
            <Element xsi:type="XString">
              <Text>玻璃体闪辉结晶</Text>
            </Element>
          </XElements>
          <TextValue>玻璃体闪辉结晶</TextValue>
          <Name>玻璃体闪辉结晶</Name>
          <ValueBinding />
          <InnerValue>玻璃体闪辉结晶</InnerValue>
          <BackgroundText>玻璃体闪辉结晶</BackgroundText>
          <FieldSettings>
            <EditStyle>DropdownList</EditStyle>
            <ListSource>
              <SourceName>0000000362</SourceName>
              <Items />
            </ListSource>
          </FieldSettings>
        </Element>
        <Element xsi:type="XString">
          <Text>，出血</Text>
        </Element>
        <Element xsi:type="XInputField">
          <ID>kb0000000363</ID>
          <Attributes />
          <XElements>
            <Element xsi:type="XString">
              <Text>玻璃体出血</Text>
            </Element>
          </XElements>
          <TextValue>玻璃体出血</TextValue>
          <Name>玻璃体出血</Name>
          <ValueBinding />
          <InnerValue>玻璃体出血</InnerValue>
          <BackgroundText>玻璃体出血</BackgroundText>
          <FieldSettings>
            <EditStyle>DropdownList</EditStyle>
            <ListSource>
              <SourceName>0000000363</SourceName>
              <Items />
            </ListSource>
          </FieldSettings>
        </Element>
        <Element xsi:type="XString">
          <Text>，絮状浑浊</Text>
        </Element>
        <Element xsi:type="XInputField">
          <ID>kb0000000364</ID>
          <Attributes />
          <XElements>
            <Element xsi:type="XString">
              <Text>玻璃体絮状浑浊</Text>
            </Element>
          </XElements>
          <TextValue>玻璃体絮状浑浊</TextValue>
          <Name>玻璃体絮状浑浊</Name>
          <ValueBinding />
          <InnerValue>玻璃体絮状浑浊</InnerValue>
          <BackgroundText>玻璃体絮状浑浊</BackgroundText>
          <FieldSettings>
            <EditStyle>DropdownList</EditStyle>
            <ListSource>
              <SourceName>0000000364</SourceName>
              <Items />
            </ListSource>
          </FieldSettings>
        </Element>
        <Element xsi:type="XString">
          <Text>，</Text>
        </Element>
        <Element xsi:type="XParagraphFlag" />
      </XElements>
      <Sections />
    </Element>
    <Element xsi:type="XTextHeader">
      <Attributes />
      <XElements>
        <Element xsi:type="XParagraphFlag" StyleIndex="0">
          <AutoCreate>true</AutoCreate>
        </Element>
      </XElements>
    </Element>
    <Element xsi:type="XTextFooter">
      <Attributes />
      <XElements>
        <Element xsi:type="XParagraphFlag">
          <AutoCreate>true</AutoCreate>
        </Element>
      </XElements>
    </Element>
  </XElements>
  <Info>
    <CreationTime>2013-04-02T17:19:54.7631835+08:00</CreationTime>
    <LastModifiedTime>2013-04-02T17:19:54.7631835+08:00</LastModifiedTime>
    <LastPrintTime>1980-01-01T00:00:00</LastPrintTime>
    <Operator>DCSoft.Writer Version:1.1.1111.29376</Operator>
  </Info>
  <BodyText>
  </BodyText>
  <UserHistories>
    <History>
      <ID />
      <Name />
      <SavedTime>2005-02-18T09:28:16</SavedTime>
    </History>
  </UserHistories>
  <ContentStyles>
    <Default xsi:type="DocumentContentStyle">
      <FontName>宋体</FontName>
    </Default>
    <Styles>
      <Style Index="0">
        <Align>Center</Align>
      </Style>
    </Styles>
  </ContentStyles>
  <MeasureMode>OldCompatibility</MeasureMode>
  <PageSettings>
    <LeftMargin>50</LeftMargin>
    <TopMargin>50</TopMargin>
    <RightMargin>50</RightMargin>
    <BottomMargin>50</BottomMargin>
    <ViewLeftMargin>150</ViewLeftMargin>
    <ViewTopMargin>150</ViewTopMargin>
    <ViewRightMargin>150</ViewRightMargin>
    <ViewBottomMargin>150</ViewBottomMargin>
    <ViewPaperWidth>2481</ViewPaperWidth>
    <ViewPaperHeight>3507</ViewPaperHeight>
  </PageSettings>
</XTextDocument>