﻿<?xml version="1.0" encoding="utf-8"?>
<XTextDocument xmlns:xsi="http://www.w3.org/2001/XMLSchema-instance" xmlns:xsd="http://www.w3.org/2001/XMLSchema" EditorVersionString="1.1.1111.29376">
  <Attributes />
  <XElements>
    <Element xsi:type="XTextBody">
      <Attributes />
      <XElements>
        <Element xsi:type="XString">
          <Text>患者   </Text>
        </Element>
        <Element xsi:type="XInputField">
          <ID>kb0000000998</ID>
          <Attributes />
          <XElements>
            <Element xsi:type="XString">
              <Text>月</Text>
            </Element>
          </XElements>
          <TextValue>月</TextValue>
          <Name>时间单位</Name>
          <ValueBinding />
          <InnerValue>月</InnerValue>
          <BackgroundText>时间单位</BackgroundText>
          <FieldSettings>
            <EditStyle>DropdownList</EditStyle>
            <ListSource>
              <SourceName>0000000998</SourceName>
              <Items />
            </ListSource>
          </FieldSettings>
        </Element>
        <Element xsi:type="XString">
          <Text>前在</Text>
        </Element>
        <Element xsi:type="XInputField">
          <ID>kb0000002702</ID>
          <Attributes />
          <XElements>
            <Element xsi:type="XString">
              <Text>外耳道进水</Text>
            </Element>
          </XElements>
          <TextValue>外耳道进水</TextValue>
          <Name>慢性化脓性中耳炎诱因</Name>
          <ValueBinding />
          <InnerValue>外耳道进水</InnerValue>
          <BackgroundText>慢性化脓性中耳炎诱因</BackgroundText>
          <FieldSettings>
            <EditStyle>DropdownList</EditStyle>
            <ListSource>
              <SourceName>0000002702</SourceName>
              <Items />
            </ListSource>
          </FieldSettings>
        </Element>
        <Element xsi:type="XString">
          <Text>后出现</Text>
        </Element>
        <Element xsi:type="XInputField">
          <ID>kb0000002703</ID>
          <Attributes />
          <XElements>
            <Element xsi:type="XString">
              <Text>左耳</Text>
            </Element>
          </XElements>
          <TextValue>左耳</TextValue>
          <Name>耳流脓部位</Name>
          <ValueBinding />
          <InnerValue>左耳</InnerValue>
          <BackgroundText>耳流脓部位</BackgroundText>
          <FieldSettings>
            <EditStyle>DropdownList</EditStyle>
            <ListSource>
              <SourceName>0000002703</SourceName>
              <Items />
            </ListSource>
          </FieldSettings>
        </Element>
        <Element xsi:type="XString">
          <Text>流脓，呈</Text>
        </Element>
        <Element xsi:type="XInputField">
          <ID>kb0000002704</ID>
          <Attributes />
          <XElements>
            <Element xsi:type="XString">
              <Text>间歇性</Text>
            </Element>
          </XElements>
          <TextValue>间歇性</TextValue>
          <Name>耳流脓性质</Name>
          <ValueBinding />
          <InnerValue>间歇性</InnerValue>
          <BackgroundText>耳流脓性质</BackgroundText>
          <FieldSettings>
            <EditStyle>DropdownList</EditStyle>
            <ListSource>
              <SourceName>0000002704</SourceName>
              <Items />
            </ListSource>
          </FieldSettings>
        </Element>
        <Element xsi:type="XString">
          <Text>，脓液呈</Text>
        </Element>
        <Element xsi:type="XInputField">
          <ID>kb0000002705</ID>
          <Attributes />
          <XElements>
            <Element xsi:type="XString">
              <Text>粘液性</Text>
            </Element>
          </XElements>
          <TextValue>粘液性</TextValue>
          <Name>脓液性质</Name>
          <ValueBinding />
          <InnerValue>粘液性</InnerValue>
          <BackgroundText>脓液性质</BackgroundText>
          <FieldSettings>
            <EditStyle>DropdownList</EditStyle>
            <ListSource>
              <SourceName>0000002705</SourceName>
              <Items />
            </ListSource>
          </FieldSettings>
        </Element>
        <Element xsi:type="XString">
          <Text>、</Text>
        </Element>
        <Element xsi:type="XInputField">
          <ID>kb0000002706</ID>
          <Attributes />
          <XElements>
            <Element xsi:type="XString">
              <Text>无臭</Text>
            </Element>
          </XElements>
          <TextValue>无臭</TextValue>
          <Name>脓液气味</Name>
          <ValueBinding />
          <InnerValue>无臭</InnerValue>
          <BackgroundText>脓液气味</BackgroundText>
          <FieldSettings>
            <EditStyle>DropdownList</EditStyle>
            <ListSource>
              <SourceName>0000002706</SourceName>
              <Items />
            </ListSource>
          </FieldSettings>
        </Element>
        <Element xsi:type="XString">
          <Text>，</Text>
        </Element>
        <Element xsi:type="XInputField">
          <ID>kb0000002696</ID>
          <Attributes />
          <XElements>
            <Element xsi:type="XString">
              <Text>无</Text>
            </Element>
          </XElements>
          <TextValue>无</TextValue>
          <Name>听力下降</Name>
          <ValueBinding />
          <InnerValue>无</InnerValue>
          <BackgroundText>听力下降</BackgroundText>
          <FieldSettings>
            <EditStyle>DropdownList</EditStyle>
            <ListSource>
              <SourceName>0000002696</SourceName>
              <Items />
            </ListSource>
          </FieldSettings>
        </Element>
        <Element xsi:type="XString">
          <Text>听力下降、</Text>
        </Element>
        <Element xsi:type="XInputField">
          <ID>kb0000002695</ID>
          <Attributes />
          <XElements>
            <Element xsi:type="XString">
              <Text>无</Text>
            </Element>
          </XElements>
          <TextValue>无</TextValue>
          <Name>耳鸣</Name>
          <ValueBinding />
          <InnerValue>无</InnerValue>
          <BackgroundText>耳鸣</BackgroundText>
          <FieldSettings>
            <EditStyle>DropdownList</EditStyle>
            <ListSource>
              <SourceName>0000002695</SourceName>
              <Items />
            </ListSource>
          </FieldSettings>
        </Element>
        <Element xsi:type="XString">
          <Text>耳鸣、</Text>
        </Element>
        <Element xsi:type="XInputField">
          <ID>kb0000002707</ID>
          <Attributes />
          <XElements>
            <Element xsi:type="XString">
              <Text>无</Text>
            </Element>
          </XElements>
          <TextValue>无</TextValue>
          <Name>耳闷</Name>
          <ValueBinding />
          <InnerValue>无</InnerValue>
          <BackgroundText>耳闷</BackgroundText>
          <FieldSettings>
            <EditStyle>DropdownList</EditStyle>
            <ListSource>
              <SourceName>0000002707</SourceName>
              <Items />
            </ListSource>
          </FieldSettings>
        </Element>
        <Element xsi:type="XString">
          <Text>耳闷、</Text>
        </Element>
        <Element xsi:type="XInputField">
          <ID>kb0000002700</ID>
          <Attributes />
          <XElements>
            <Element xsi:type="XString">
              <Text>无</Text>
            </Element>
          </XElements>
          <TextValue>无</TextValue>
          <Name>眩晕</Name>
          <ValueBinding />
          <InnerValue>无</InnerValue>
          <BackgroundText>眩晕</BackgroundText>
          <FieldSettings>
            <EditStyle>DropdownList</EditStyle>
            <ListSource>
              <SourceName>0000002700</SourceName>
              <Items />
            </ListSource>
          </FieldSettings>
        </Element>
        <Element xsi:type="XString">
          <Text>眩晕、</Text>
        </Element>
        <Element xsi:type="XInputField">
          <ID>kb0000002708</ID>
          <Attributes />
          <XElements>
            <Element xsi:type="XString">
              <Text>无</Text>
            </Element>
          </XElements>
          <TextValue>无</TextValue>
          <Name>头痛</Name>
          <ValueBinding />
          <InnerValue>无</InnerValue>
          <BackgroundText>头痛</BackgroundText>
          <FieldSettings>
            <EditStyle>DropdownList</EditStyle>
            <ListSource>
              <SourceName>0000002708</SourceName>
              <Items />
            </ListSource>
          </FieldSettings>
        </Element>
        <Element xsi:type="XString">
          <Text>头痛，。呈给予    治疗，</Text>
        </Element>
        <Element xsi:type="XInputField">
          <ID>kb0000002709</ID>
          <Attributes />
          <XElements>
            <Element xsi:type="XString">
              <Text>效不佳</Text>
            </Element>
          </XElements>
          <TextValue>效不佳</TextValue>
          <Name>慢性化脓性中耳炎治疗效果</Name>
          <ValueBinding />
          <InnerValue>效不佳</InnerValue>
          <BackgroundText>慢性化脓性中耳炎治疗效果</BackgroundText>
          <FieldSettings>
            <EditStyle>DropdownList</EditStyle>
            <ListSource>
              <SourceName>0000002709</SourceName>
              <Items />
            </ListSource>
          </FieldSettings>
        </Element>
        <Element xsi:type="XString">
          <Text>。</Text>
        </Element>
        <Element xsi:type="XParagraphFlag" />
      </XElements>
      <Sections />
    </Element>
    <Element xsi:type="XTextHeader">
      <Attributes />
      <XElements>
        <Element xsi:type="XParagraphFlag" StyleIndex="0">
          <AutoCreate>true</AutoCreate>
        </Element>
      </XElements>
    </Element>
    <Element xsi:type="XTextFooter">
      <Attributes />
      <XElements>
        <Element xsi:type="XParagraphFlag">
          <AutoCreate>true</AutoCreate>
        </Element>
      </XElements>
    </Element>
  </XElements>
  <ScriptText />
  <Info>
    <CreationTime>2013-04-02T17:19:56.1212611+08:00</CreationTime>
    <LastModifiedTime>2013-04-02T17:19:56.1212611+08:00</LastModifiedTime>
    <LastPrintTime>1980-01-01T00:00:00</LastPrintTime>
    <Operator>DCSoft.Writer Version:1.1.1111.29376</Operator>
  </Info>
  <BodyText>
  </BodyText>
  <UserHistories>
    <History>
      <ID />
      <Name />
      <SavedTime>2005-04-22T10:57:15</SavedTime>
    </History>
  </UserHistories>
  <ContentStyles>
    <Default xsi:type="DocumentContentStyle">
      <FontName>宋体</FontName>
    </Default>
    <Styles>
      <Style Index="0">
        <Align>Center</Align>
      </Style>
    </Styles>
  </ContentStyles>
  <MeasureMode>OldCompatibility</MeasureMode>
  <PageSettings>
    <LeftMargin>50</LeftMargin>
    <TopMargin>50</TopMargin>
    <RightMargin>50</RightMargin>
    <BottomMargin>50</BottomMargin>
    <ViewLeftMargin>150</ViewLeftMargin>
    <ViewTopMargin>150</ViewTopMargin>
    <ViewRightMargin>150</ViewRightMargin>
    <ViewBottomMargin>150</ViewBottomMargin>
    <ViewPaperWidth>2481</ViewPaperWidth>
    <ViewPaperHeight>3507</ViewPaperHeight>
  </PageSettings>
</XTextDocument>