﻿<?xml version="1.0" encoding="utf-8"?>
<XTextDocument xmlns:xsi="http://www.w3.org/2001/XMLSchema-instance" xmlns:xsd="http://www.w3.org/2001/XMLSchema" EditorVersionString="1.1.1111.29376">
  <Attributes />
  <XElements>
    <Element xsi:type="XTextBody">
      <Attributes />
      <XElements>
        <Element xsi:type="XString" StyleIndex="1">
          <Text>左上肢：远端 肌力</Text>
        </Element>
        <Element xsi:type="XInputField" StyleIndex="1">
          <ID>kb0000000178</ID>
          <Attributes />
          <XElements>
            <Element xsi:type="XString">
              <Text>Ⅰ级</Text>
            </Element>
          </XElements>
          <TextValue>Ⅰ级</TextValue>
          <Name>肌力</Name>
          <ValueBinding />
          <InnerValue>Ⅰ级</InnerValue>
          <BackgroundText>肌力</BackgroundText>
          <FieldSettings>
            <EditStyle>DropdownList</EditStyle>
            <ListSource>
              <SourceName>0000000178</SourceName>
              <Items />
            </ListSource>
          </FieldSettings>
        </Element>
        <Element xsi:type="XString" StyleIndex="1">
          <Text>、近端 肌力</Text>
        </Element>
        <Element xsi:type="XInputField" StyleIndex="1">
          <ID>kb0000000178</ID>
          <Attributes />
          <XElements>
            <Element xsi:type="XString">
              <Text>Ⅴ级</Text>
            </Element>
          </XElements>
          <TextValue>Ⅴ级</TextValue>
          <Name>肌力</Name>
          <ValueBinding />
          <InnerValue>Ⅴ级</InnerValue>
          <BackgroundText>肌力</BackgroundText>
          <FieldSettings>
            <EditStyle>DropdownList</EditStyle>
            <ListSource>
              <SourceName>0000000178</SourceName>
              <Items />
            </ListSource>
          </FieldSettings>
        </Element>
        <Element xsi:type="XString" StyleIndex="1">
          <Text>；右上肢：远端 肌力</Text>
        </Element>
        <Element xsi:type="XInputField" StyleIndex="1">
          <ID>kb0000000178</ID>
          <Attributes />
          <XElements>
            <Element xsi:type="XString">
              <Text>Ⅲ级</Text>
            </Element>
          </XElements>
          <TextValue>Ⅲ级</TextValue>
          <Name>肌力</Name>
          <ValueBinding />
          <InnerValue>Ⅲ级</InnerValue>
          <BackgroundText>肌力</BackgroundText>
          <FieldSettings>
            <EditStyle>DropdownList</EditStyle>
            <ListSource>
              <SourceName>0000000178</SourceName>
              <Items />
            </ListSource>
          </FieldSettings>
        </Element>
        <Element xsi:type="XString" StyleIndex="1">
          <Text>、近端 肌力</Text>
        </Element>
        <Element xsi:type="XInputField" StyleIndex="1">
          <ID>kb0000000178</ID>
          <Attributes />
          <XElements>
            <Element xsi:type="XString">
              <Text>Ⅴ级</Text>
            </Element>
          </XElements>
          <TextValue>Ⅴ级</TextValue>
          <Name>肌力</Name>
          <ValueBinding />
          <InnerValue>Ⅴ级</InnerValue>
          <BackgroundText>肌力</BackgroundText>
          <FieldSettings>
            <EditStyle>DropdownList</EditStyle>
            <ListSource>
              <SourceName>0000000178</SourceName>
              <Items />
            </ListSource>
          </FieldSettings>
        </Element>
        <Element xsi:type="XString" StyleIndex="1">
          <Text>；左下肢：远端 肌力</Text>
        </Element>
        <Element xsi:type="XInputField" StyleIndex="1">
          <ID>kb0000000178</ID>
          <Attributes />
          <XElements>
            <Element xsi:type="XString">
              <Text>Ⅴ级</Text>
            </Element>
          </XElements>
          <TextValue>Ⅴ级</TextValue>
          <Name>肌力</Name>
          <ValueBinding />
          <InnerValue>Ⅴ级</InnerValue>
          <BackgroundText>肌力</BackgroundText>
          <FieldSettings>
            <EditStyle>DropdownList</EditStyle>
            <ListSource>
              <SourceName>0000000178</SourceName>
              <Items />
            </ListSource>
          </FieldSettings>
        </Element>
        <Element xsi:type="XString" StyleIndex="1">
          <Text>、近端 肌力</Text>
        </Element>
        <Element xsi:type="XInputField" StyleIndex="1">
          <ID>kb0000000178</ID>
          <Attributes />
          <XElements>
            <Element xsi:type="XString">
              <Text>Ⅳ级</Text>
            </Element>
          </XElements>
          <TextValue>Ⅳ级</TextValue>
          <Name>肌力</Name>
          <ValueBinding />
          <InnerValue>Ⅳ级</InnerValue>
          <BackgroundText>肌力</BackgroundText>
          <FieldSettings>
            <EditStyle>DropdownList</EditStyle>
            <ListSource>
              <SourceName>0000000178</SourceName>
              <Items />
            </ListSource>
          </FieldSettings>
        </Element>
        <Element xsi:type="XString" StyleIndex="1">
          <Text>；右下肢：远端 肌力</Text>
        </Element>
        <Element xsi:type="XInputField" StyleIndex="1">
          <ID>kb0000000178</ID>
          <Attributes />
          <XElements>
            <Element xsi:type="XString">
              <Text>Ⅲ级</Text>
            </Element>
          </XElements>
          <TextValue>Ⅲ级</TextValue>
          <Name>肌力</Name>
          <ValueBinding />
          <InnerValue>Ⅲ级</InnerValue>
          <BackgroundText>肌力</BackgroundText>
          <FieldSettings>
            <EditStyle>DropdownList</EditStyle>
            <ListSource>
              <SourceName>0000000178</SourceName>
              <Items />
            </ListSource>
          </FieldSettings>
        </Element>
        <Element xsi:type="XString" StyleIndex="1">
          <Text>、近端 肌力</Text>
        </Element>
        <Element xsi:type="XInputField" StyleIndex="1">
          <ID>kb0000000178</ID>
          <Attributes />
          <XElements>
            <Element xsi:type="XString">
              <Text>Ⅳ级</Text>
            </Element>
          </XElements>
          <TextValue>Ⅳ级</TextValue>
          <Name>肌力</Name>
          <ValueBinding />
          <InnerValue>Ⅳ级</InnerValue>
          <BackgroundText>肌力</BackgroundText>
          <FieldSettings>
            <EditStyle>DropdownList</EditStyle>
            <ListSource>
              <SourceName>0000000178</SourceName>
              <Items />
            </ListSource>
          </FieldSettings>
        </Element>
        <Element xsi:type="XString" StyleIndex="1">
          <Text>。</Text>
        </Element>
        <Element xsi:type="XParagraphFlag" />
      </XElements>
      <Sections />
    </Element>
    <Element xsi:type="XTextHeader">
      <Attributes />
      <XElements>
        <Element xsi:type="XParagraphFlag" StyleIndex="0">
          <AutoCreate>true</AutoCreate>
        </Element>
      </XElements>
    </Element>
    <Element xsi:type="XTextFooter">
      <Attributes />
      <XElements>
        <Element xsi:type="XParagraphFlag">
          <AutoCreate>true</AutoCreate>
        </Element>
      </XElements>
    </Element>
  </XElements>
  <Info>
    <CreationTime>2013-04-02T17:19:54.3861619+08:00</CreationTime>
    <LastModifiedTime>2013-04-02T17:19:54.3861619+08:00</LastModifiedTime>
    <LastPrintTime>1980-01-01T00:00:00</LastPrintTime>
    <Operator>DCSoft.Writer Version:1.1.1111.29376</Operator>
  </Info>
  <BodyText>
  </BodyText>
  <UserHistories>
    <History>
      <ID />
      <Name />
      <SavedTime>2005-01-07T14:46:52</SavedTime>
    </History>
    <History>
      <ID />
      <Name />
      <SavedTime>2005-01-07T14:51:41</SavedTime>
    </History>
    <History>
      <ID />
      <Name />
      <SavedTime>2005-01-07T14:52:46</SavedTime>
    </History>
    <History>
      <ID />
      <Name />
      <SavedTime>2005-01-07T14:55:34</SavedTime>
    </History>
  </UserHistories>
  <ContentStyles>
    <Default xsi:type="DocumentContentStyle">
      <FontName>宋体</FontName>
    </Default>
    <Styles>
      <Style Index="0">
        <Align>Center</Align>
      </Style>
      <Style Index="1">
        <CreatorIndex>1</CreatorIndex>
      </Style>
    </Styles>
  </ContentStyles>
  <MeasureMode>OldCompatibility</MeasureMode>
  <PageSettings>
    <LeftMargin>50</LeftMargin>
    <TopMargin>50</TopMargin>
    <RightMargin>50</RightMargin>
    <BottomMargin>50</BottomMargin>
    <ViewLeftMargin>150</ViewLeftMargin>
    <ViewTopMargin>150</ViewTopMargin>
    <ViewRightMargin>150</ViewRightMargin>
    <ViewBottomMargin>150</ViewBottomMargin>
    <ViewPaperWidth>2481</ViewPaperWidth>
    <ViewPaperHeight>3507</ViewPaperHeight>
  </PageSettings>
</XTextDocument>