﻿<?xml version="1.0" encoding="utf-8"?>
<XTextDocument xmlns:xsi="http://www.w3.org/2001/XMLSchema-instance" xmlns:xsd="http://www.w3.org/2001/XMLSchema" EditorVersionString="1.1.1111.29376">
  <Attributes />
  <XElements>
    <Element xsi:type="XTextBody">
      <Attributes />
      <XElements>
        <Element xsi:type="XString">
          <Text>慢性消耗体貌，浅表林巴结</Text>
        </Element>
        <Element xsi:type="XInputField">
          <ID>kb0000002552</ID>
          <Attributes />
          <XElements>
            <Element xsi:type="XString">
              <Text>-</Text>
            </Element>
          </XElements>
          <TextValue>-</TextValue>
          <Name>浅表林巴结</Name>
          <ValueBinding />
          <InnerValue>-</InnerValue>
          <BackgroundText>浅表林巴结</BackgroundText>
          <FieldSettings>
            <EditStyle>DropdownList</EditStyle>
            <ListSource>
              <SourceName>0000002552</SourceName>
              <Items />
            </ListSource>
          </FieldSettings>
        </Element>
        <Element xsi:type="XString">
          <Text>，腹软，无压痛，反跳痛，肝肋下</Text>
        </Element>
        <Element xsi:type="XInputField">
          <ID>kb0000002556</ID>
          <Attributes />
          <XElements>
            <Element xsi:type="XString">
              <Text>未及</Text>
            </Element>
          </XElements>
          <TextValue>未及</TextValue>
          <Name>肝肋下</Name>
          <ValueBinding />
          <InnerValue>未及</InnerValue>
          <BackgroundText>肝肋下</BackgroundText>
          <FieldSettings>
            <EditStyle>DropdownList</EditStyle>
            <ListSource>
              <SourceName>0000002556</SourceName>
              <Items />
            </ListSource>
          </FieldSettings>
        </Element>
        <Element xsi:type="XString">
          <Text>，肝区叩击痛</Text>
        </Element>
        <Element xsi:type="XInputField">
          <ID>kb0000002578</ID>
          <Attributes />
          <XElements>
            <Element xsi:type="XString">
              <Text>+</Text>
            </Element>
          </XElements>
          <TextValue>+</TextValue>
          <Name>肝区叩击痛</Name>
          <ValueBinding />
          <InnerValue>+</InnerValue>
          <BackgroundText>肝区叩击痛</BackgroundText>
          <FieldSettings>
            <EditStyle>DropdownList</EditStyle>
            <ListSource>
              <SourceName>0000002578</SourceName>
              <Items />
            </ListSource>
          </FieldSettings>
        </Element>
        <Element xsi:type="XString">
          <Text>，移动性浊音</Text>
        </Element>
        <Element xsi:type="XInputField">
          <ID>kb0000002579</ID>
          <Attributes />
          <XElements>
            <Element xsi:type="XString">
              <Text>阴性</Text>
            </Element>
          </XElements>
          <TextValue>阴性</TextValue>
          <Name>移动性浊音</Name>
          <ValueBinding />
          <InnerValue>阴性</InnerValue>
          <BackgroundText>移动性浊音</BackgroundText>
          <FieldSettings>
            <EditStyle>DropdownList</EditStyle>
            <ListSource>
              <SourceName>0000002579</SourceName>
              <Items />
            </ListSource>
          </FieldSettings>
        </Element>
        <Element xsi:type="XString">
          <Text>，肠鸣音</Text>
        </Element>
        <Element xsi:type="XInputField">
          <ID>kb0000002533</ID>
          <Attributes />
          <XElements>
            <Element xsi:type="XString">
              <Text>正常</Text>
            </Element>
          </XElements>
          <TextValue>正常</TextValue>
          <Name>肠鸣音</Name>
          <ValueBinding />
          <InnerValue>正常</InnerValue>
          <BackgroundText>肠鸣音</BackgroundText>
          <FieldSettings>
            <EditStyle>DropdownList</EditStyle>
            <ListSource>
              <SourceName>0000002533</SourceName>
              <Items />
            </ListSource>
          </FieldSettings>
        </Element>
        <Element xsi:type="XString">
          <Text>。</Text>
        </Element>
        <Element xsi:type="XParagraphFlag" />
      </XElements>
      <Sections />
    </Element>
    <Element xsi:type="XTextHeader">
      <Attributes />
      <XElements>
        <Element xsi:type="XParagraphFlag" StyleIndex="0">
          <AutoCreate>true</AutoCreate>
        </Element>
      </XElements>
    </Element>
    <Element xsi:type="XTextFooter">
      <Attributes />
      <XElements>
        <Element xsi:type="XParagraphFlag">
          <AutoCreate>true</AutoCreate>
        </Element>
      </XElements>
    </Element>
  </XElements>
  <ScriptText />
  <Info>
    <CreationTime>2013-04-02T17:19:55.6332332+08:00</CreationTime>
    <LastModifiedTime>2013-04-02T17:19:55.6332332+08:00</LastModifiedTime>
    <LastPrintTime>1980-01-01T00:00:00</LastPrintTime>
    <Operator>DCSoft.Writer Version:1.1.1111.29376</Operator>
  </Info>
  <BodyText>
  </BodyText>
  <UserHistories>
    <History>
      <ID />
      <Name />
      <SavedTime>2005-04-06T14:29:22</SavedTime>
    </History>
    <History>
      <ID />
      <Name />
      <SavedTime>2005-04-13T10:27:00</SavedTime>
    </History>
  </UserHistories>
  <ContentStyles>
    <Default xsi:type="DocumentContentStyle">
      <FontName>宋体</FontName>
    </Default>
    <Styles>
      <Style Index="0">
        <Align>Center</Align>
      </Style>
    </Styles>
  </ContentStyles>
  <MeasureMode>OldCompatibility</MeasureMode>
  <PageSettings>
    <LeftMargin>50</LeftMargin>
    <TopMargin>50</TopMargin>
    <RightMargin>50</RightMargin>
    <BottomMargin>50</BottomMargin>
    <ViewLeftMargin>150</ViewLeftMargin>
    <ViewTopMargin>150</ViewTopMargin>
    <ViewRightMargin>150</ViewRightMargin>
    <ViewBottomMargin>150</ViewBottomMargin>
    <ViewPaperWidth>2481</ViewPaperWidth>
    <ViewPaperHeight>3507</ViewPaperHeight>
  </PageSettings>
</XTextDocument>