﻿<?xml version="1.0" encoding="utf-8"?>
<XTextDocument xmlns:xsi="http://www.w3.org/2001/XMLSchema-instance" xmlns:xsd="http://www.w3.org/2001/XMLSchema" EditorVersionString="1.1.1111.29376">
  <Attributes />
  <XElements>
    <Element xsi:type="XTextBody">
      <Attributes />
      <XElements>
        <Element xsi:type="XString">
          <Text>肾移植时间</Text>
        </Element>
        <Element xsi:type="XString" StyleIndex="1">
          <Text>为</Text>
        </Element>
        <Element xsi:type="XInputField">
          <ID>kb0000002148</ID>
          <Attributes />
          <XElements />
          <TextValue />
          <UnitText />
          <Name>首次肾移植时间</Name>
          <InnerValue />
          <BackgroundText>首次肾移植时间</BackgroundText>
        </Element>
        <Element xsi:type="XString">
          <Text>，</Text>
        </Element>
        <Element xsi:type="XInputField" StyleIndex="1">
          <ID>kb0000002149</ID>
          <Attributes />
          <XElements>
            <Element xsi:type="XString">
              <Text>肾移植部位</Text>
            </Element>
          </XElements>
          <TextValue>肾移植部位</TextValue>
          <Name>肾移植部位</Name>
          <ValueBinding />
          <InnerValue>肾移植部位</InnerValue>
          <BackgroundText>肾移植部位</BackgroundText>
          <FieldSettings>
            <EditStyle>DropdownList</EditStyle>
            <ListSource>
              <SourceName>0000002149</SourceName>
              <Items />
            </ListSource>
          </FieldSettings>
        </Element>
        <Element xsi:type="XString" StyleIndex="1">
          <Text>移植，原发病为</Text>
        </Element>
        <Element xsi:type="XInputField" StyleIndex="1">
          <ID>kb0000002150</ID>
          <Attributes />
          <XElements />
          <TextValue />
          <UnitText />
          <Name>肾移植原发病</Name>
          <InnerValue />
          <BackgroundText>肾移植原发病</BackgroundText>
        </Element>
        <Element xsi:type="XString" StyleIndex="1">
          <Text>。</Text>
        </Element>
        <Element xsi:type="XParagraphFlag" StyleIndex="1" />
        <Element xsi:type="XString" StyleIndex="1">
          <Text>免疫抑制剂方案：</Text>
        </Element>
        <Element xsi:type="XParagraphFlag" StyleIndex="1" />
        <Element xsi:type="XString" StyleIndex="1">
          <Text>CSA剂量</Text>
        </Element>
        <Element xsi:type="XInputField" StyleIndex="1">
          <ID>kb0000002151</ID>
          <Attributes />
          <XElements />
          <TextValue />
          <UnitText>mg</UnitText>
          <Name>CSA剂量</Name>
          <InnerValue />
          <BackgroundText>CSA剂量</BackgroundText>
        </Element>
        <Element xsi:type="XString" StyleIndex="1">
          <Text>，MMF剂量</Text>
        </Element>
        <Element xsi:type="XInputField" StyleIndex="1">
          <ID>kb0000002152</ID>
          <Attributes />
          <XElements />
          <TextValue />
          <UnitText>mg</UnitText>
          <Name>MMF剂量</Name>
          <InnerValue />
          <BackgroundText>MMF剂量</BackgroundText>
        </Element>
        <Element xsi:type="XString" StyleIndex="1">
          <Text>，Pred剂量</Text>
        </Element>
        <Element xsi:type="XInputField" StyleIndex="1">
          <ID>kb0000002153</ID>
          <Attributes />
          <XElements />
          <TextValue />
          <UnitText>mg</UnitText>
          <Name>Pred剂量</Name>
          <InnerValue />
          <BackgroundText>Pred剂量</BackgroundText>
        </Element>
        <Element xsi:type="XString" StyleIndex="1">
          <Text>，TW剂量</Text>
        </Element>
        <Element xsi:type="XInputField" StyleIndex="1">
          <ID>kb0000002154</ID>
          <Attributes />
          <XElements />
          <TextValue />
          <UnitText>mg</UnitText>
          <Name>TW剂量</Name>
          <InnerValue />
          <BackgroundText>TW剂量</BackgroundText>
        </Element>
        <Element xsi:type="XString" StyleIndex="1">
          <Text>，FK506剂量</Text>
        </Element>
        <Element xsi:type="XInputField" StyleIndex="1">
          <ID>kb0000002155</ID>
          <Attributes />
          <XElements />
          <TextValue />
          <UnitText>mg</UnitText>
          <Name>FK506剂量</Name>
          <InnerValue />
          <BackgroundText>FK506剂量</BackgroundText>
        </Element>
        <Element xsi:type="XString" StyleIndex="1">
          <Text>。CSA浓度</Text>
        </Element>
        <Element xsi:type="XInputField" StyleIndex="1">
          <ID>kb0000002156</ID>
          <Attributes />
          <XElements />
          <TextValue />
          <UnitText>ng/l</UnitText>
          <Name>CSA浓度</Name>
          <InnerValue />
          <BackgroundText>CSA浓度</BackgroundText>
        </Element>
        <Element xsi:type="XString" StyleIndex="1">
          <Text>，FK506浓度</Text>
        </Element>
        <Element xsi:type="XInputField" StyleIndex="1">
          <ID>kb0000002157</ID>
          <Attributes />
          <XElements />
          <TextValue />
          <UnitText>ng/l</UnitText>
          <Name>FK506浓度</Name>
          <InnerValue />
          <BackgroundText>FK506浓度</BackgroundText>
        </Element>
        <Element xsi:type="XString" StyleIndex="1">
          <Text>，CD4/CD8</Text>
        </Element>
        <Element xsi:type="XInputField" StyleIndex="1">
          <ID>kb0000002158</ID>
          <Attributes />
          <XElements />
          <TextValue />
          <UnitText />
          <Name>CD4/CD8</Name>
          <InnerValue />
          <BackgroundText>CD4/CD8</BackgroundText>
        </Element>
        <Element xsi:type="XString" StyleIndex="1">
          <Text>。</Text>
        </Element>
        <Element xsi:type="XParagraphFlag" StyleIndex="1" />
        <Element xsi:type="XInputField" StyleIndex="1">
          <ID>kb0000002195</ID>
          <Attributes />
          <XElements>
            <Element xsi:type="XString">
              <Text>发热</Text>
            </Element>
          </XElements>
          <TextValue>发热</TextValue>
          <Name>发热</Name>
          <ValueBinding />
          <InnerValue>发热</InnerValue>
          <BackgroundText>发热</BackgroundText>
          <FieldSettings>
            <EditStyle>DropdownList</EditStyle>
            <ListSource>
              <SourceName>0000002195</SourceName>
              <Items />
            </ListSource>
          </FieldSettings>
        </Element>
        <Element xsi:type="XString" StyleIndex="1">
          <Text>，</Text>
        </Element>
        <Element xsi:type="XInputField" StyleIndex="1">
          <ID>kb0000002198</ID>
          <Attributes />
          <XElements>
            <Element xsi:type="XString">
              <Text>咳嗽</Text>
            </Element>
          </XElements>
          <TextValue>咳嗽</TextValue>
          <Name>咳嗽</Name>
          <ValueBinding />
          <InnerValue>咳嗽</InnerValue>
          <BackgroundText>咳嗽</BackgroundText>
          <FieldSettings>
            <EditStyle>DropdownList</EditStyle>
            <ListSource>
              <SourceName>0000002198</SourceName>
              <Items />
            </ListSource>
          </FieldSettings>
        </Element>
        <Element xsi:type="XString" StyleIndex="1">
          <Text>，</Text>
        </Element>
        <Element xsi:type="XInputField" StyleIndex="1">
          <ID>kb0000002199</ID>
          <Attributes />
          <XElements>
            <Element xsi:type="XString">
              <Text>寒战</Text>
            </Element>
          </XElements>
          <TextValue>寒战</TextValue>
          <Name>寒战</Name>
          <ValueBinding />
          <InnerValue>寒战</InnerValue>
          <BackgroundText>寒战</BackgroundText>
          <FieldSettings>
            <EditStyle>DropdownList</EditStyle>
            <ListSource>
              <SourceName>0000002199</SourceName>
              <Items />
            </ListSource>
          </FieldSettings>
        </Element>
        <Element xsi:type="XString" StyleIndex="1">
          <Text>，</Text>
        </Element>
        <Element xsi:type="XInputField" StyleIndex="1">
          <ID>kb0000002200</ID>
          <Attributes />
          <XElements>
            <Element xsi:type="XString">
              <Text>咳痰</Text>
            </Element>
          </XElements>
          <TextValue>咳痰</TextValue>
          <Name>咳痰</Name>
          <ValueBinding />
          <InnerValue>咳痰</InnerValue>
          <BackgroundText>咳痰</BackgroundText>
          <FieldSettings>
            <EditStyle>DropdownList</EditStyle>
            <ListSource>
              <SourceName>0000002200</SourceName>
              <Items />
            </ListSource>
          </FieldSettings>
        </Element>
        <Element xsi:type="XString" StyleIndex="1">
          <Text>，</Text>
        </Element>
        <Element xsi:type="XInputField" StyleIndex="1">
          <ID>kb0000002203</ID>
          <Attributes />
          <XElements>
            <Element xsi:type="XString">
              <Text>尿路刺激征</Text>
            </Element>
          </XElements>
          <TextValue>尿路刺激征</TextValue>
          <Name>尿路刺激征</Name>
          <ValueBinding />
          <InnerValue>尿路刺激征</InnerValue>
          <BackgroundText>尿路刺激征</BackgroundText>
          <FieldSettings>
            <EditStyle>DropdownList</EditStyle>
            <ListSource>
              <SourceName>0000002203</SourceName>
              <Items />
            </ListSource>
          </FieldSettings>
        </Element>
        <Element xsi:type="XString" StyleIndex="1">
          <Text>尿路刺激征，尿WBC</Text>
        </Element>
        <Element xsi:type="XInputField" StyleIndex="1">
          <ID>kb0000002192</ID>
          <Attributes />
          <XElements />
          <TextValue />
          <UnitText>个/ml</UnitText>
          <Name>尿WBC</Name>
          <InnerValue />
          <BackgroundText>尿WBC</BackgroundText>
        </Element>
        <Element xsi:type="XString" StyleIndex="1">
          <Text>，</Text>
        </Element>
        <Element xsi:type="XInputField" StyleIndex="1">
          <ID>kb0000002204</ID>
          <Attributes />
          <XElements>
            <Element xsi:type="XString">
              <Text>腹泻</Text>
            </Element>
          </XElements>
          <TextValue>腹泻</TextValue>
          <Name>腹泻</Name>
          <ValueBinding />
          <InnerValue>腹泻</InnerValue>
          <BackgroundText>腹泻</BackgroundText>
          <FieldSettings>
            <EditStyle>DropdownList</EditStyle>
            <ListSource>
              <SourceName>0000002204</SourceName>
              <Items />
            </ListSource>
          </FieldSettings>
        </Element>
        <Element xsi:type="XString" StyleIndex="1">
          <Text>，24小时尿量</Text>
        </Element>
        <Element xsi:type="XInputField" StyleIndex="1">
          <ID>kb0000002166</ID>
          <Attributes />
          <XElements />
          <TextValue />
          <UnitText>ml/天</UnitText>
          <Name>24小时尿量</Name>
          <InnerValue />
          <BackgroundText>24小时尿量</BackgroundText>
        </Element>
        <Element xsi:type="XString" StyleIndex="1">
          <Text>，</Text>
        </Element>
        <Element xsi:type="XInputField" StyleIndex="1">
          <ID>kb0000002167</ID>
          <Attributes />
          <XElements>
            <Element xsi:type="XString">
              <Text>移植肾肿痛</Text>
            </Element>
          </XElements>
          <TextValue>移植肾肿痛</TextValue>
          <Name>移植肾肿痛</Name>
          <ValueBinding />
          <InnerValue>移植肾肿痛</InnerValue>
          <BackgroundText>移植肾肿痛</BackgroundText>
          <FieldSettings>
            <EditStyle>DropdownList</EditStyle>
            <ListSource>
              <SourceName>0000002167</SourceName>
              <Items />
            </ListSource>
          </FieldSettings>
        </Element>
        <Element xsi:type="XString" StyleIndex="1">
          <Text>移植肾肿痛。</Text>
        </Element>
        <Element xsi:type="XParagraphFlag" />
      </XElements>
      <Sections />
    </Element>
    <Element xsi:type="XTextHeader">
      <Attributes />
      <XElements>
        <Element xsi:type="XParagraphFlag" StyleIndex="0">
          <AutoCreate>true</AutoCreate>
        </Element>
      </XElements>
    </Element>
    <Element xsi:type="XTextFooter">
      <Attributes />
      <XElements>
        <Element xsi:type="XParagraphFlag">
          <AutoCreate>true</AutoCreate>
        </Element>
      </XElements>
    </Element>
  </XElements>
  <Info>
    <CreationTime>2013-04-02T17:19:55.0652007+08:00</CreationTime>
    <LastModifiedTime>2013-04-02T17:19:55.0652007+08:00</LastModifiedTime>
    <LastPrintTime>1980-01-01T00:00:00</LastPrintTime>
    <Operator>DCSoft.Writer Version:1.1.1111.29376</Operator>
  </Info>
  <BodyText>
  </BodyText>
  <UserHistories>
    <History>
      <ID />
      <Name />
      <SavedTime>2005-03-02T10:24:47</SavedTime>
    </History>
    <History>
      <ID />
      <Name />
      <SavedTime>2005-03-02T10:31:18</SavedTime>
    </History>
  </UserHistories>
  <ContentStyles>
    <Default xsi:type="DocumentContentStyle">
      <FontName>宋体</FontName>
    </Default>
    <Styles>
      <Style Index="0">
        <Align>Center</Align>
      </Style>
      <Style Index="1">
        <CreatorIndex>1</CreatorIndex>
      </Style>
    </Styles>
  </ContentStyles>
  <MeasureMode>OldCompatibility</MeasureMode>
  <PageSettings>
    <LeftMargin>50</LeftMargin>
    <TopMargin>50</TopMargin>
    <RightMargin>50</RightMargin>
    <BottomMargin>50</BottomMargin>
    <ViewLeftMargin>150</ViewLeftMargin>
    <ViewTopMargin>150</ViewTopMargin>
    <ViewRightMargin>150</ViewRightMargin>
    <ViewBottomMargin>150</ViewBottomMargin>
    <ViewPaperWidth>2481</ViewPaperWidth>
    <ViewPaperHeight>3507</ViewPaperHeight>
  </PageSettings>
</XTextDocument>