﻿<?xml version="1.0" encoding="utf-8"?>
<XTextDocument xmlns:xsi="http://www.w3.org/2001/XMLSchema-instance" xmlns:xsd="http://www.w3.org/2001/XMLSchema" EditorVersionString="1.1.1111.29376">
  <Attributes />
  <XElements>
    <Element xsi:type="XTextBody">
      <Attributes />
      <XElements>
        <Element xsi:type="XString">
          <Text>患者</Text>
        </Element>
        <Element xsi:type="XInputField">
          <ID>kb0000002672</ID>
          <Attributes />
          <XElements>
            <Element xsi:type="XString">
              <Text>间歇性</Text>
            </Element>
          </XElements>
          <TextValue>间歇性</TextValue>
          <Name>鼻咽癌症状性质</Name>
          <ValueBinding />
          <InnerValue>间歇性</InnerValue>
          <BackgroundText>鼻咽癌症状性质</BackgroundText>
          <FieldSettings>
            <EditStyle>DropdownList</EditStyle>
            <ListSource>
              <SourceName>0000002672</SourceName>
              <Items />
            </ListSource>
          </FieldSettings>
        </Element>
        <Element xsi:type="XInputField">
          <ID>kb0000002673</ID>
          <Attributes />
          <XElements>
            <Element xsi:type="XString">
              <Text>回吸涕带血、耳鸣</Text>
            </Element>
          </XElements>
          <TextValue>回吸涕带血、耳鸣</TextValue>
          <Name>鼻咽癌症状</Name>
          <ValueBinding />
          <InnerValue>回吸涕带血、耳鸣</InnerValue>
          <BackgroundText>鼻咽癌症状</BackgroundText>
          <FieldSettings>
            <EditStyle>DropdownList</EditStyle>
            <MultiSelect>true</MultiSelect>
            <ListSource>
              <SourceName>0000002673</SourceName>
              <Items />
            </ListSource>
          </FieldSettings>
        </Element>
        <Element xsi:type="XInputField">
          <ID>kb0000000998</ID>
          <Attributes />
          <XElements>
            <Element xsi:type="XString">
              <Text>年</Text>
            </Element>
          </XElements>
          <TextValue>年</TextValue>
          <Name>时间单位</Name>
          <ValueBinding />
          <InnerValue>年</InnerValue>
          <BackgroundText>时间单位</BackgroundText>
          <FieldSettings>
            <EditStyle>DropdownList</EditStyle>
            <ListSource>
              <SourceName>0000000998</SourceName>
              <Items />
            </ListSource>
          </FieldSettings>
        </Element>
        <Element xsi:type="XString">
          <Text>，伴有</Text>
        </Element>
        <Element xsi:type="XInputField">
          <ID>kb0000002674</ID>
          <Attributes />
          <XElements>
            <Element xsi:type="XString">
              <Text>颈部肿块、头痛</Text>
            </Element>
          </XElements>
          <TextValue>颈部肿块、头痛</TextValue>
          <Name>鼻咽癌伴随症状</Name>
          <ValueBinding />
          <InnerValue>颈部肿块、头痛</InnerValue>
          <BackgroundText>鼻咽癌伴随症状</BackgroundText>
          <FieldSettings>
            <EditStyle>DropdownList</EditStyle>
            <MultiSelect>true</MultiSelect>
            <ListSource>
              <SourceName>0000002674</SourceName>
              <Items />
            </ListSource>
          </FieldSettings>
        </Element>
        <Element xsi:type="XString">
          <Text>，在当地医院活检示：</Text>
        </Element>
        <Element xsi:type="XInputField">
          <ID>kb0000002675</ID>
          <Attributes />
          <XElements>
            <Element xsi:type="XString">
              <Text>高分化</Text>
            </Element>
          </XElements>
          <TextValue>高分化</TextValue>
          <Name>鳞状细胞癌分类</Name>
          <ValueBinding />
          <InnerValue>高分化</InnerValue>
          <BackgroundText>鳞状细胞癌分类</BackgroundText>
          <FieldSettings>
            <EditStyle>DropdownList</EditStyle>
            <ListSource>
              <SourceName>0000002675</SourceName>
              <Items />
            </ListSource>
          </FieldSettings>
        </Element>
        <Element xsi:type="XString">
          <Text>鳞状细胞癌。</Text>
        </Element>
        <Element xsi:type="XParagraphFlag" />
        <Element xsi:type="XString">
          <Text>既往无特殊病史，有</Text>
        </Element>
        <Element xsi:type="XInputField">
          <ID>kb0000002676</ID>
          <Attributes />
          <XElements>
            <Element xsi:type="XString">
              <Text>高血压</Text>
            </Element>
          </XElements>
          <TextValue>高血压</TextValue>
          <Name>鼻咽癌既往病史</Name>
          <ValueBinding />
          <InnerValue>高血压</InnerValue>
          <BackgroundText>鼻咽癌既往病史</BackgroundText>
          <FieldSettings>
            <EditStyle>DropdownList</EditStyle>
            <MultiSelect>true</MultiSelect>
            <ListSource>
              <SourceName>0000002676</SourceName>
              <Items />
            </ListSource>
          </FieldSettings>
        </Element>
        <Element xsi:type="XString">
          <Text>病史，控制</Text>
        </Element>
        <Element xsi:type="XInputField">
          <ID>kb0000002677</ID>
          <Attributes />
          <XElements>
            <Element xsi:type="XString">
              <Text>不佳</Text>
            </Element>
          </XElements>
          <TextValue>不佳</TextValue>
          <Name>鼻咽癌既往病史控制情况</Name>
          <ValueBinding />
          <InnerValue>不佳</InnerValue>
          <BackgroundText>鼻咽癌既往病史控制情况</BackgroundText>
          <FieldSettings>
            <EditStyle>DropdownList</EditStyle>
            <ListSource>
              <SourceName>0000002677</SourceName>
              <Items />
            </ListSource>
          </FieldSettings>
        </Element>
        <Element xsi:type="XString">
          <Text>。</Text>
        </Element>
        <Element xsi:type="XParagraphFlag" />
      </XElements>
      <Sections />
    </Element>
    <Element xsi:type="XTextHeader">
      <Attributes />
      <XElements>
        <Element xsi:type="XParagraphFlag" StyleIndex="0">
          <AutoCreate>true</AutoCreate>
        </Element>
      </XElements>
    </Element>
    <Element xsi:type="XTextFooter">
      <Attributes />
      <XElements>
        <Element xsi:type="XParagraphFlag">
          <AutoCreate>true</AutoCreate>
        </Element>
      </XElements>
    </Element>
  </XElements>
  <ScriptText />
  <Info>
    <CreationTime>2013-04-02T17:19:56.083259+08:00</CreationTime>
    <LastModifiedTime>2013-04-02T17:19:56.083259+08:00</LastModifiedTime>
    <LastPrintTime>1980-01-01T00:00:00</LastPrintTime>
    <Operator>DCSoft.Writer Version:1.1.1111.29376</Operator>
  </Info>
  <BodyText>
  </BodyText>
  <UserHistories>
    <History>
      <ID />
      <Name />
      <SavedTime>2005-04-22T10:25:27</SavedTime>
    </History>
    <History>
      <ID />
      <Name />
      <SavedTime>2005-04-22T10:27:29</SavedTime>
    </History>
    <History>
      <ID />
      <Name />
      <SavedTime>2005-04-25T12:55:59</SavedTime>
    </History>
  </UserHistories>
  <ContentStyles>
    <Default xsi:type="DocumentContentStyle">
      <FontName>宋体</FontName>
    </Default>
    <Styles>
      <Style Index="0">
        <Align>Center</Align>
      </Style>
    </Styles>
  </ContentStyles>
  <MeasureMode>OldCompatibility</MeasureMode>
  <PageSettings>
    <LeftMargin>50</LeftMargin>
    <TopMargin>50</TopMargin>
    <RightMargin>50</RightMargin>
    <BottomMargin>50</BottomMargin>
    <ViewLeftMargin>150</ViewLeftMargin>
    <ViewTopMargin>150</ViewTopMargin>
    <ViewRightMargin>150</ViewRightMargin>
    <ViewBottomMargin>150</ViewBottomMargin>
    <ViewPaperWidth>2481</ViewPaperWidth>
    <ViewPaperHeight>3507</ViewPaperHeight>
  </PageSettings>
</XTextDocument>