﻿<?xml version="1.0" encoding="utf-8"?>
<XTextDocument xmlns:xsi="http://www.w3.org/2001/XMLSchema-instance" xmlns:xsd="http://www.w3.org/2001/XMLSchema" EditorVersionString="1.1.1111.29376">
  <Attributes />
  <XElements>
    <Element xsi:type="XTextBody">
      <Attributes />
      <XElements>
        <Element xsi:type="XString">
          <Text>病史：</Text>
        </Element>
        <Element xsi:type="XParagraphFlag" />
        <Element xsi:type="XString">
          <Text>眼部检查：视力左     右</Text>
        </Element>
        <Element xsi:type="XParagraphFlag" />
        <Element xsi:type="XString">
          <Text>造影前用药：     ％荧光素钠用量</Text>
        </Element>
        <Element xsi:type="XParagraphFlag" />
        <Element xsi:type="XString">
          <Text>注射后反应：</Text>
        </Element>
        <Element xsi:type="XInputField">
          <ID>kb0000002624</ID>
          <Attributes />
          <XElements>
            <Element xsi:type="XString">
              <Text>无</Text>
            </Element>
          </XElements>
          <TextValue>无</TextValue>
          <Name>注射后反应</Name>
          <ValueBinding />
          <InnerValue>无</InnerValue>
          <BackgroundText>注射后反应</BackgroundText>
          <FieldSettings>
            <EditStyle>DropdownList</EditStyle>
            <MultiSelect>true</MultiSelect>
            <ListSource>
              <SourceName>0000002624</SourceName>
              <Items />
            </ListSource>
          </FieldSettings>
        </Element>
        <Element xsi:type="XParagraphFlag" />
        <Element xsi:type="XString">
          <Text>血流循环时间：</Text>
        </Element>
        <Element xsi:type="XInputField">
          <ID>kb0000002625</ID>
          <Attributes />
          <XElements>
            <Element xsi:type="XString">
              <Text>脉络膜期</Text>
            </Element>
          </XElements>
          <TextValue>脉络膜期</TextValue>
          <Name>血流循环时间</Name>
          <ValueBinding />
          <InnerValue>脉络膜期</InnerValue>
          <BackgroundText>血流循环时间</BackgroundText>
          <FieldSettings>
            <EditStyle>DropdownList</EditStyle>
            <ListSource>
              <SourceName>0000002625</SourceName>
              <Items />
            </ListSource>
          </FieldSettings>
        </Element>
        <Element xsi:type="XParagraphFlag" />
        <Element xsi:type="XString">
          <Text>眼底改变：右眼                           左眼</Text>
        </Element>
        <Element xsi:type="XLineBreak" />
        <Element xsi:type="XImage">
          <Source>C:\Documents and Settings\jin\My Documents\picture\舌诊图片\1.jpg</Source>
          <Width>625</Width>
          <Height>618</Height>
          <Image>
            <ImageDataBase64String> iVBORw0K GgoAAAAN SUhEUgAA AMgAAADG CAMAAACg jD/cAAAA AXNSR0IA rs4c6QAA AARnQU1B AACxjwv8 YQUAAAAg Y0hSTQAA eiYAAICE AAD6AAAA gOgAAHUw AADqYAAA
 OpgAABdw nLpRPAAA AwBQTFRF AAAAAQEB AgICAwMD BAQEBQUF BgYGBwcH CAgICQkJ CgoKCwsL DAwMDQ0N Dg4ODw8P EBAQERER EhISExMT FBQUFRUV FhYWFxcX GBgYGRkZ
 GhoaGxsb HBwcHR0d Hh4eHx8f ICAgISEh IiIiIyMj JCQkJSUl JiYmJycn KCgoKSkp KioqKysr LCwsLS0t Li4uLy8v MDAwMTEx MjIyMzMz NDQ0NTU1 NjY2Nzc3 ODg4OTk5
 Ojo6Ozs7 PDw8PT09 Pj4+Pz8/ QEBAQUFB QkJCQ0ND RERERUVF RkZGR0dH SEhISUlJ SkpKS0tL TExMTU1N Tk5OT09P UFBQUVFR UlJSU1NT VFRUVVVV VlZWV1dX WFhYWVlZ
 WlpaW1tb XFxcXV1d Xl5eX19f YGBgYWFh YmJiY2Nj ZGRkZWVl ZmZmZ2dn aGhoaWlp ampqa2tr bGxsbW1t bm5ub29v cHBwcXFx cnJyc3Nz dHR0dXV1 dnZ2d3d3 eHh4eXl5
 enp6e3t7 fHx8fX19 fn5+f39/ gICAgYGB goKCg4OD hISEhYWF hoaGh4eH iIiIiYmJ ioqKi4uL jIyMjY2N jo6Oj4+P kJCQkZGR kpKSk5OT lJSUlZWV lpaWl5eX mJiYmZmZ
 mpqam5ub nJycnZ2d np6en5+f oKCgoaGh oqKio6Oj pKSkpaWl pqamp6en qKioqamp qqqqq6ur rKysra2t rq6ur6+v sLCwsbGx srKys7Oz tLS0tbW1 tra2t7e3 uLi4ubm5
 urq6u7u7 vLy8vb29 vr6+v7+/ wMDAwcHB wsLCw8PD xMTExcXF xsbGx8fH yMjIycnJ ysrKy8vL zMzMzc3N zs7Oz8/P 0NDQ0dHR 0tLS09PT 1NTU1dXV 1tbW19fX 2NjY2dnZ
 2tra29vb 3Nzc3d3d 3t7e39/f 4ODg4eHh 4uLi4+Pj 5OTk5eXl 5ubm5+fn 6Ojo6enp 6urq6+vr 7Ozs7e3t 7u7u7+/v 8PDw8fHx 8vLy8/Pz 9PT09fX1 9vb29/f3 +Pj4+fn5
 +vr6+/v7 /Pz8/f39 /v7+//// 4rBdfQAA OJ5JREFU eF7NfQeY VFW29anQ gaYJTc5I lKggkgRE QcmogAnT mEEFQRER EQyIioAo qBjBEYbg IAwqiChB DARFZcg5 h6YJ3V1d
 4cbzr3Wq A0PVpaq7 8Xv/ffPm 8aDq1t1n 573X3ldY xbwMU0rT sAzTlpZp Waam/l+p mUFpSsO2 pG7aIWlI G/9m4DO2 zn828dFL e4ni3k6a mmFZeEI8 J4iR0tBs EIA/aIYh
 DcOwbVvq lmbj8aVt 6vg/tqGb IOXSElNs QhQVhmbg saS0tKBt W6Zp6FrI DkqcvNRs 28QfwBN8 ysKfwBKJ b/x/RwhE CU+GC4KF s8fhS5Jk 4/+TVo6u gVPBoNSk rYVAik7i
 LMuwTTCq uMLwP98v NkfwuLpp 6UHwAcIF jQmBIVqO YePMdZIH kihn+DMI 1v0G5AoE X1oqQFLx CSELFBtw QawsXVLv pS6N7D3H t/6xdcO3 3/yy6sTB FQc1xTkL wqVB8EAz
 vnLp2FJs QiSEB+IV sm0jRAOG Zz36x8q3 n+rfr1X1 klVKtykh hMcrSie6 U6q26NJr 8HvzVp/F R0L//ym7 rVObD8wN gAQre88v UwZ3LiMS hBClanUY Omb4kglD nxt776Ab
 e91yQ6Py ZRJBlajZ 5eUft6WD GvDPgK24 NFeROWLD tkJ1Tci9 ETQWu546 u2vp6IZl hXClte/3 xIQ5/z2U TYVWF22B NLJOn9i2 5J0RvZqm uYSnVq/R Xx/KBO26 DimDNOow
 Z/iQMnoQ Uccr/O+R HygyIZQn mibLR/ex wptYK02I Zg0fe3tV OmhU5ha6 Az+iDK1p BnH25AL0 /tiKsV1r uYQo32rU 9+k23A/+ A5ca1OEr +ZwXJURR iG9cSGmR CQEzQnDj
 Gh7Y/HN0 jRJ1kzpN 33EiC4ZW Gn5Ty6GR NWDI8i4Q oQfhIwNU I9M88/Un /SuAfTWH fZ9Nimnh YNbo8/Gt ixgB/Cst dwRLikxI kGqNMMT+ c9atyUlC lPwSD4Lj tjSQgoPX
 1S8yaglf YA05gr8F b5SLlMeX vNwzze2+ fOhaC39v 5OCvdUX3 xbSGZEYj tMiEmHYw R8qT397s difUe35m aq10O6gb MkRLjGcG mUqaYW7D l4rF8BAS xgHMtP0B UC3tY1Pb
 lnO5r33/ GPRNAyEx NT8cOUQS W3RCcKRb 32grRM2b Zx615RjP r5AK8AQ8 p5QozSAT 8p9MOUH8 lyH1EHkn jUxp4Czk kVHV3J4a IzdIGUA8 owTnIhf/ MdpHikyI NP54rprw
 VpkMKsyA +YPYKBHw MhqEXAX0 sKWCQNFq KWFg0Gub Go6dPtGw QvgI/kyX f2xa2/LC 02+NtBAW xHKSKqiD C77gKjIh J0ZBV68a fwqBuQ/h SHrVFyT1 GNYH9gyM 4IPjUhzJ
 k3vGXzbD SHp/KgS4 Y+uwGFJu uOsy4erz FUgPa4gj V5Ta6TmZ hSYEzkKG EITjR0O0 jpoMQjq0 D5sLT7Op WTh8uAmc dU79ewwT p13kPEMe e6eBEPfv BI+kxcAZ xOI/BaJ5
 3pMroS00 R6C/FBKV T0gzJC2/ bUxuL1w3 zM+G+Q1J O2RaRvYu 8RicmxWK qaxOH0B8 c2xGTVFh 0A7cETyy LETLzGKi XkVQdhhU mRM0dd04 Y5mwOEib frguwdX0 HUoExAhi
 z6g9u0k7 TbeYgxTx YoAg94+v IKpM2oP8 Ug/AyCGW jkZIVLGL qSPMXfHM tvST6Yio /rotRdT8 0IdkzzLw bzQhEHM5 MPEMlCQO ++lAKNhA I3DsiaSE 2v+hrQCv 4V6ifVqF
 PYUXLVsP ygPjcEoG ZEfqb1fx pAw+RY2W IUsGTdpU pCP6NNcy GXT45XiY hCMwNL+h W1v6CHH7 Tlo3yCz4 csHl5C5j csSy/bqc 734TDEAg sesB4eq5 24I0QeFo gsB/xlCG
 3OaZwcyq yKJlwwvR ySCQmV5O lP7SMKAj KGJEEhLd nsQkBJbD knvLdcHh 63JeFZH4 IiJw6gf+ GtEI8z+N 4r3P8xEY Zkf8cDzc 4GdwBH7c Tqdf2XSP EM8ckVl0 sJeMIwyw
 Q2crlzlo yOyX3aLb cvwi0iJF B4ItHCTD 75C9xzMI li26uYyL GOXnwGUT Umv+s75o MI9mOO6U OCZHbDys Zo0Q8+XS jolJ0xlI KZ9FvaY2 mhpcFH4u ULc3pI9Z usZApcj+
 BK4KSX3w 9APC+yLq YbDELDVd LEMJH1NM QnAqqOmc vvKKUV5R aSUUPDfU CTEKRETF nIj5hH1H mxyoCp6C WorHKeoF QlBkCcrZ NRK7bYMX xi3B85jR ZExCWI+S QW0qctSH
 0mm2FD+o mQx4IAkU LZRG5Nue PTo8IoNY UFf0FBaZ s4H75shz D7sq/hvO ieFy7Igh JiFS8yNc 9bctmfim tIOo5YTz GtQa8N9Q d/yRkYSp /5y8HASp uBa2rMjW CwfDQB23
 lvJ9T/Ii mH0GosXn CEQUfq6/ SBKvSX84 v1D5AEhS FVLUf0KI fpH7dR1t W9ngmA6t QWW0iJcq vNKn63Cz n7rEOJ/t Vz4sxhWT Iybs7po+ 4vbXRdVt EpVQpet0 rDh+za9r
 iGXJA/z4 8Mvp2cEO aNV5eUis J7jg35nD 03PDiwR1 ubxrQsdt pCOm8YhJ iB2y11cX d/nM10T9 5dAAqR4c 8SHUkOG6 lJln/1y7 5qvv57d0 DV6x8rdt pyBxoaLH XCo9ZhJG
 k+iTR7uK hjtYII91 HjEJ0eWn lUQ/MFpO SBBP7UCe oYeC2RnH /7t22vjR Q0cOvq13 iyZukSjc IsElvB7h bTJo/hmG L0W8VEps wz9qsInS J0939rTK YKBXVNGi J4DjM+Q7
 HjH8HJ24 9XVX4e3c qV3btq1b NKyeLNyp JT0CD596 ee/7h770 yZdjPd5e o4fcUl24 Lht3RIk1 4vuim+Hc B5cHeng6 7gPnWe1A juxEjyNH GAEybJss XJOkidw6 iFBq6/C6
 5VEtFMLt Ti7frPsd T7w5+5t1 e33MWeFs 7i2ZAbE7 /ctLlUTt dewcsIgV 6yRj/Tus x73eRqtt FDYQbDuL rCMhyKP8 yEfhBt9F iAgLCz+n y2BW+p4t W/7c9NeW P/ewHsVy
 NU4+4Efo avwncaOW jXjVPjAq UYw6gvOD usZ60Fj/ zgL5eNHo jA27iMNx vJ8zRyCm fvmCcH8C xmSzXsUn ZoTKokG4 aohcHIYL zgMPD195 pNQQZZD9 MvhHa9Fo hQzhFGM9
 aOx/Rx1s UtLNZ3UI +/lVmQu+ 6EyI3/bh KJI+ADmq 2A6HAQHS UNfkIaE1 gLiEEqX6 I4jwwa+7 SmQYIcSv tmaee12U mAWmFpsj Nut9+vOJ 1wdDdPjB QusIG5iT hXiJAQrk
 E1qvSr2K H4izIDNw 7jC/bNvQ 1zO2f9s1 l60e1VmT C1LFZ/T8 xbxgjYM4 wYnup2HK KMoOl7P5 NUO/lBFP htgLBDFk hsknV4LE fo3GjifO i+wglZDh s9UHs4oa kAE0b60f
 Krlm84PF u+BbGTee vUU8Lv0X iYIdCTHt DfU9t4OT sLuskTOG oo+i12ZU R/ZQ/WBV VLcWwbth v5X2Kwuf CLXYuN3Y yP1Zsc2v iuiQ3wb7 iWdVESde jpj0HuyT Z13mue5E
 7GAt/77g gXm2fHvw A84MjEIH 6HBzMTYU gM1jvaWo F2SAZVYj o4t4ET1U pHlsDMcu PtAh4FSt wBOeBkfx jXh/H9kX cqBXxT8l pJGtaPxf uacRBAIs s3OKLGJ2 gDdgsePH
 UuILWA/E GPAmEc8V KVpmEJFO lpwi0lYZ KMvESwgz uaA8VqoN 7DDsC6QP yZ2x93Ix 6pzqwBf1 UumzH2w4 9bonsfZO UEIGRXI4 ghDUoEP4 7vwk12f4 CvtM8V20 VKjovOb+
 C2G/SupR abXkHzWT X5OBYOxU 1elXVEEA XFhyvdvl 8nYIsvGo CpGx/IjU cmTA2OAR Y6WfpjQ+ MlgFYUk6 4GvbIQjr wmYgO4NB +VuH8t8j MCiyGbY1 tPDluu6u 0sM3fNtA
 PEyDbsBY xiQEggWX 3japH3wc oAtxWx2W tGDf5Dfi ecYy9Pew XzBr566v sPsiMVKs g2KN//C0 kqkvHQab d9wg3mXr hWidWBxB 08wMPpdQ eT+8Bjx4 /KJFq2uj NPiamAbW
 qyYtZDkY sDNaNv4V MJQiXjC4 X1ZNvXcb oTiGnV6r 9n7YEfiu mITAbctf 3KkbGCgV Cr/D9iBP 3neZWIUa ETiU28C2 tlZulBP3 gVz4gDLj Xlfjny1E PXBeIWO+ mAyNYWDh
 xBG6f9Zx UYg53dn1 GmElRTzD fyU23IWY CHLM6h17 SzPEWwxr 6E3i1jl2 8IL4n6Nt 3a13w78q p46mwBPl fsCRRYbz +VaLaTg7 S/jxYaJj djBKvzEu whDjzXJ3 C7C4TpVE
 fhUwM+pW 3sdiCwEo cd0EH+I5 oFKT2Vk8 kCWDuR4d JQ/ZuNop NggcOUI6 WFQw5F9l K63nYaqP xv3DeTdG JVh/KOHW k7RiuJnq kJqLXJ0z bJSIo9h/ R8IQBAVl dlcUb9gj
 Zmaojlqf IIZIgI+c RYuRLb6s B+8U42Se /yiUloTv zRpXb083 dBYVPguc QNR5p/cZ VQ2L4gAc KIEbgiN8 NuV1mK0g A9Xc5rrM 6Cu+g7Y4 EhLug+MU vxO10/15 FBeeEFvP
 kWbGja7J SDBhyoET BNZGnqgm fmcxNX5C 4IaC5nbR JFOHFcd9 +OAUf10e rXoFzOlF CIGhYTn3 Ku/nbBoU FUnFOq0u DzYQr9CJ 0CZDon3y LXGzjoJX 7PpU3gOy QhfqXXoX
 PTtihNwH h9pocqF3 OIqzTlaL CFHQEZrh 6hlAuhd/ Pf+CG0Ik cH6hHXU8 r6B2oRwK DKImn3Ct hPo4NTej yBfs7WS4 JASNyPwL nhuwgkB7 hKLOfkT1 0HzplRJX sXJb9DoO
 3S4CyFVV xHCWVtFJ J8TUyKzc CgbAOZ+4 8MHA2V/c fcIlBzu7 wDHDvb1c M7FljjMh MDOoHb7o rXWWJaS4 Q5Oougov JFdX8AxC ikJsoMIz fiM6mzCj qOswLY55 fzRemydu
 K7CyLIsr EJRvgMsl ahyBw1XV iLyrwI+w RBLMqMOE 4iI5fnxu gDVuubJ5 iQcQfyp0 Ghpqxlew hqiwwJYF 49B5TZ/t eRohW94P osyG/kKO 9fWVno6/ DhUvoNWh mjMRhOCU
 QOR7oh8B 00VvOOU6 HkXJ/mvF U4wX0KMn ekJ2837L Mgwr7XlC 72QV4S+0 K1P3n2cc WAqAd/1n sngIffDO rq+gCZDa SI4oZOWp Bskb0GJB w6vQjjDf 2uR+00QK tLeluH6T
 6qPADobk ztQOWcTd oT6RV2hz JkT+KQYS MZz/pMRB yWmi8gQ/ YCObEnur yLHgMfNF C8bFr89w 91FxapHJ oO/N/Wmq 6MnHvZU+ Rp4NyaIZ niimMsSP A7KCu7wt lurnuT3E
 V7o9yV3u 3yrV9TWt ugvHfZ5N yicEQbI0 bhBfIL5x QE7Epx7h Tyk8PBPF KULM8MO9 wwJbWqBD xXPSh9/h v170gmvu UyL9/KI1 VHtdZ9Hm DxbNkPoO Q+LHKk40 HdHNdSl1
 0HKC7S+q Nyx4OAba 7JfaL5Vw P3ZQnmOl NWDNFoNZ BcGh5sVy juQcKNU7 wGZZ3gd0 a3a5hGsA wEBNA7Zi V+mGBxCO FqTQ+Rwh Lvxz19MI j6iexZCt XJaw1w8U gy3Xd3U1
 +xVhHiPI o3eJzxAQ g2FAmPE3 nE9sjnid nrDAvk7z ikGZTHhQ XQvYVj/x Cc6jwC+B kPAdLUP3 t0nZUuQE yPFotZzh ovIM2mA4 l1AfsRfN QZZV0KJT yggbSqxU gbFQwYB8
 WCxGtMYS BprVUmbd JWpMguEO ixJOYUXC tfD5BeF8 AUcsa567 O9qdl/iC ntiflE8e fMyEJGTK c+1q/wJX krPl9zVo S3CWQebg YM/z+AiR 8Zx7K9ZK Z9feYg1B PzPhCvGP
 Q1LLe3B8 4Fz9hL8I 64n0IyF5 e8KnxfTo UQ5BtTT2 dxdlxhMW pwUONy77 /ccDuySL 8rUnnWCB QkEb5Xkh ByxDSC5i ExnfhaDn BJdcKep9 E4JfyPsY E8Ch4mWU AfNdf0Fd
 yzyeVhaO /xIzhMAS GF/tp56i 7aoAy8Qz RFppIS5/ +J7SotHc EMBHDGgL CoGskoOQ iWIl/sRO mTH7SneF SUdZSSek OPx8cOrb ql6dm6eo v8knJGR/ IG4oevnJ kX7mRQT6
 Zs8tLzqM fPeZfmlo 2bf/Kcsw djwpPGN5 5qy25h8g 3B499p0l tocIzDbW 3OCq+PZp elGiEQrQ pYZs6V2J MOUC0QKF gWvFokJE p/FyjpqK h4MF2/1I Elqnot7j vZPKzmL3
 Rv7YSdyF tilbMfmE 4I/w+/sq XkFvlrNx SFrC0EMs YygEBH1I 7iX16eLh 86AiuRwB IZtTK6bH AZWIl4C8 z+EYLQAI EW9p5vbF q1esPym1 FaXFpCxi hPffIDos I5q0oLwD
 H4Gk5Ufx VkjufbuD SBm+l+KE WgioQVSe b91kzslq pY4UhFIk JFw/eUc8 QZBPYR80 5udZfmDL gVkqoy4W V39v6Lpp p0QkdeLp NmIibG+B sSR8Sgut qvT5X1Nc 7oav7iCk
 Dk/IOFb1 p/MdpAw9 IZbCrOVe gmgLFBXN UH/XVzCQ cZtf6qRq +8R55U7D obiGZq/c 2UFc9QeF Sr6VJBYC KqEAuSwX I3i1AvbY 1HbC234e f8DBcUJp xonJYdhV WNkJhoO6
 nSjn/oVR UJzPBZcW xDnHX1IN 2xqE54Q/ I+57VJT4 QEp/UH5a wvUe6v/h eRSmGDmW 3NzUm3DV V8CoO88u wL2uKd0N YNfcoxSc zCGEZUtK Dx970PES YsOWsrwb 7+fzlZSl
 geBZW75S Vgw/DHCk +UMtcddx jl7Sv+kB FPBfqSra rD3Hshzi M4cLuqc3 8WyhjQ6b Xz4MmuT2 UNdEIkfj fi7EEZwf if8LvDOb woiD2fgN 2Vt6uisu QAQYSr/b dd0ZwqGl
 xCDZzlto 2+ZIjMwg v8w72AgR hsKdvVks 5lREmBDo HmTTyqkj FiGSiVey 8O0zPuLD 4iY834rh ceGPkTRY 1tjkmi/v QZEoY2jC fWygIgk8 NKKSeOTz xFK/GZka wOt5ffVI
 3ZVZQbki 4f7zw3gQ otv7K1XY iRJlbICX eiAcQ8aY bJxBYSEa BKuhDkKk tYZkeOP9 rrJTTmFo rrF4mvGW /kq1BPGh 3JPWmV1k /CcvjI9C CKKpfSmN 2LHOVXYi hzVrrWiX
 hVgoPmWn Cs7qzjp/ fJ8/n20Q GDVXAocO yfHPqCuq v39G7qjk un/Xf1cO wQhZwvU3 NRGPUPGR 3edDCiNF CwMLpxuL 1Xn/IKBf SOXML72j YPriPGAS 0mOKGShK KomfQ/eE
 LXtAj6Cg WeNreJve dXuauKx3 Qw5fupIA A/W0ygH0 RM0FOcmu OsOR3jfy PiJUtVwa t3tW4ZwK Mu6C7+ca ckZsasAY CSbHdO7J UOAmlhVR +YZFhT1k PzxepQm3 GNnwTf+i
 AWBronzN q1NbP921 ZRJwVO6S W1A4YhvS 8XawmYa1 wnUfjQT4 ZgvlcbRN JcUawGSi RPHhwTXE y5AItmuR 66GWe3Bq oyVLFq3D RGQIMyNS ZssNzfdB 1OLvp8Pi EcIdDPnk
 wb7C2+K5 d+qI6kek cW7ttA5e gRDdDCG6 AtccLo5m 2LtEH83P jNO0BEef LGOVuOok Y4lIa6og hqgb3LcM uFk8MGT8 j0kPdm6Z 4m3V+qrm N7y/h5PR frmwfP1s CS2L2xwr
 TAHmBwy5 Kk10XXFK ai+VqjhH Dcr9XNrj LjXfxzTf mSUKjJp1 RU08FPGc hmBp1W8s 8dyHZFcB Ty64yDD8 U+gf3n8x pNCN0w+W n/zbscCo a3L0gz+O 6dnixh1g 0Vx3ve1E
 38QPykRY BylF8rQg 2fPkOWDj zElCeH/h ENn7JceU EuJ1tJTR uHfkCOqi MqtzImbU OO0Mhwid Ccn3xWBO SEWxWkrd GDrcJ94D w756oEKN NZ+MNK1V I/nUUv52 S6V/WxNE
 x2OMtGk5 4r4YT+hy qkhYBYn1 a+boUlOb lf23oWXW 7qE/7BWe l5ESOvcc A6wGyQ89 c0wkZ2Ad Yi2WJUaK MWQRk+QL L0Z74CO+ VPaNzDeE eCTd+nmt lJtfhtcJ Umnm1+8l
 mh2BzBWq BY3fJhJs XVKZpdJH QZAL62gn WouFcmri Njmg3swm 3vE4Kke0 KmwMPM80 lPw4VGuY 4Aga2IGb xSyAqVmj jaRDTXii SGV9n3RZ kngEaCwE e/LQdLYu LCvHsie7
 xBLoB4ty 8ef8OEiY j/+2TFlt KQuBbk6n WTLYscz8 zjcGg/UH 2fu7Ji69 SATEmn5A bi57mxFA nGBJBI3w sMb17g1q QipKzBEe cYQdCMob hOhylkcP Z3RsMkNT Bo47mtTr
 3Oc0yzaQ +rjDeuat WmiA+JjH zrDXMloM 2TF9QGp5 70hje/Ux aLGVv+KI cz8FhVgW X6+vkc3o XZoCMRy0 5B7xLTdK OMs3kF/S 91Ci6IqZ PaK95V+P hScu5M66 yVvO1PmH
 CiARe8Sd 0WC0V/4r qSdb1soy Ir8omepO SSxR5xlr eROy+FMB J+3sEVlH PFH5Cvou JMsCBi5o Harl/oM1 MueQA2d/ duvoUvNq tjgJ8QFL NvU3DAQ6 5tGmyd9B 5UuuZxUf
 6Wi8ug43 YhgDk1Yh WqE1ActD v7jLzO0r EnvfPajT 5euBGDt7 X/X9joer pn9kzjW1 ke6ywkJl BxfL1DtL ZJpzJwmE LPtnpTfk roroaIEn ZvodmTQW UM+l8Gr2 yO4hxM6F
 mLZgpm5c 2Sigxtdp cIIys0rd jTcKb6XL SlzV+Cz7 EBlpD16E wQRTyuHe jVRf3RKw C4a9I+Um oCthvRxb Ysz9724X Cuonbmqw i33BXUMz wVKjl1gS RMNCnqz8 H7YL8ux+
 bAGDxTIX pI5QdIQt Z8i43XXz MyXddzZJ q+uezVJ+ qHsrx1ya 3UGkLK+K 9YSJhUVL 11eKwRhj Bmsco1lT btlR/W0I rgzdWn6Z zJQ7bz8H hg4T0xmq UcDvRPk9 vzgemxCc
 pr+bawOh OMoqQlKy X6/gHtfp tjUz+1dr 0HEx2gLm pBrbnHWE UaI20rUS Uol4SwAs bshfXH3A F2qI0/dM e0jLWqjf Ys5FDvLO s42TbXf7 /A+5pyL1 4Tyytrv5 QcQ88afK
 YIKvXi1A ihVDWDrc cU2C8JS7 4tUPNy+s 9NKUSuvA 5+kJi5wJ 4bkbz4vP dCxZCUgG jZr1a0In uoH/aZP+ r9aawU9T 7wSmTqXD j4mP5LEO W+VgwGGB loSZsGVm +4VMsePO
 +cGFw+Wa wfCGBcvQ M1s32vRS QtrDX+zv UOHyW5+9 puMpqR+4 bIjjyXLi jqXVj5RH lDC/iBS+ dj0LEArL O05Gx/yr a+I32INA uKdmjBbj fm3pnymm EDwOMrLR Q7r1ZSsI
 1xRbqMI/ gdB3S9n2 PuoACdGt xZDSWRXe k59+/KaY 0OOenSPG g/+P9Hbk CPQUWjle zOOQnQyB I5CIpZ5Z xNIS5HQh JegpwmMD 5Fmz7DmQ iroxCzev tqmX3Lfk q6qyHB7s
 sT4eyFQI fFVCGtsx mvaxKo0y FfCVc0LW gM5BX+ce z731YotW Q3qveHHs wnumGsc6 3ZSbIkWY dQgxlfpd 8TEaWzgV cASUfC3G OxECNxNi ayiz4c0I nFkdz7HP pGeP4vTO
 h2s+mzVp zDOD73/w 3oH9qzbc unH9quXL DgGoAU2O 5U+Qxx5P 7spsCKop ffqqpgvt gwk91/US d994+dFR 9z4/5P5S v3/p6uZE CMcj4ITX ijcN7A1A FUU1jFZ4 nncihGkp
 QJpylWg8 6qEHu3br fesNjbpd 3TAxQbia ta3TsHnH Dtd37Xn7 7f0f7S1S KpetWLfC P9UEd8wo GP5wW+lG x8E+1kSl 7FnPbx+r 2KzfzVf0 X3p340fu e/pf45Jb Nq/Yx5EQ
 ppimtcn9 PPIhyCZy dhRPVicM deTIiVGL uLZlvGfM htn/WrF8 2Yb/LPrp p23TRaJr sHYsE3QS Co/r4C0b /9q648hh HxJNxGWx OILuk6+7 WK76lZDG 6e6PMCbb t3Gbya92
 +O7Zx9/u dftr/Uui EjHKiRCq Mwj41jWS pVul7JD5 NeJOJ0L8 /jHlr2z1 wE3C/TXx LZzA4IP3 cnuEmA6c H/TB0EOh kPbVhNwl QRySiT1F TfpHcF6S OaF+uELD kzLHnlF6
 2vzJ74qb F1edstZV d2hSCjBm YesRGfoQ dBCSH4mX USWDKCNE AY+2lXrU kSO2cfjb ya8tGQZg Ohr/qDwA terr5Zlb v8/d4mkA 14nHAlbC ePNujVge 4GMVGj4W R1jC+FI8
 Sngdbrrc NZ8QmJUp bWeU7Pdl qR6Z19ct NU2+6m2J Qn10QtQE oak/65ph s/iDfIQD AJn1xzha Lc6X4pO/ lljOIFNN c5y7LuE7 u90n1t2i 7wnE0iFg nQ174HiY ApxueAFK
 zNwdPsk+ kJhySu3b 0+9uisTW 0NY2rF6v 4xjf3gc/ HOBp4dcX imb7HXUk PD76WsKH FCzbRH8E 0Vaw7lNO hMA6QIqD xgax2lYo bc04fWPi D9K8f5CU z3nbH2Vt CP7F7rjB
 YJ8DoqdQ I7E4wiF+ Oc71Dvqb Mngs5Wl8 MWSOEf1f Tild7ZGX OrV7frNt /yNBPOxE COejgDJa LyawsmWi HMScIthu DMuY0eYy 8h7o5MCP EaUjv5Rn OrjnSp81 FOZCPudu
 fowzV5pc 1iyTAwux /UfuDbkw yfbVuIZP Yw1J+wsD BfLk5S1W nbijxNVX d+nTbgcA 8eXcomU2 LEG0+Xgi pBExvy9m qjjNRBUF v63XexBu mdGf40HK Q18yHTRl Vj/vv3EH
 fQKwqAH5 vrvVYQJl zl7zFsRd iz9EIddM awpAfaGQ r0pflHLk 73XLrYPH 37z37PZV de+RB2uU 7Fdd/AaV RGM4gsPk aNDw3+RZ ASMB8Rfh oK1Fm7AZ RdfS4QrJ WfP4nGcH
 Jk5HaJQt 3x6DQcps +V1qtdUI yRfXDsgc WLO4CxDE PlrGuZvE G9JYUHMe HvXnaqV/ h3skMNSS 8xtNuLf8 FPmUe4Ha nojPXnDR d0AXbxS/ 0EubVHbm aA+WOg50 CFzyRVhy
 vPOfgNh1 ERPVvKu5 YCjRwQH5 c+MyywA7 Go2A0WCb MM4L+Q2U XB6rLz47 OXgo7N7m KgibDFRG kEujOrxt WP2eQf8k 1xRuY4hi PFShV7e7 iZ9V3KYL 9BmBB3pV bOOA+kXW
 gcCkzmgR REI4lRlt QNe/fwEs JUjhWAvX +K4dfcTq FAbXy4oL qjEby4n+ PWaGQocb J81BNw9C kkPrIb/u fs3yABB9 L3GwNcqG AbqzkH2u XpltkCh4 AEFrHJST 3T+rcTbn
 lhXhiI+1 bOF9j7aL JbH5o5AG sFcmd7b3 VlJralQ/ Ms6L5TUY uKD1W5fU jsflqb7X LUKsolZv saG4qGmr Gh13a+PQ aEQtIEqv ktOVhtxb ukaGKv/Y 0BHG8XO8 0xEccumB
 03NwZio9 DcEl5vHZ vLcXPkvh ZATqv01U wOK2TNbX 49YRAgNY yAZSYXBa pyk9y66E wqkVL7o8 NPpq75Bz I0uPM2eL mbDPrL1d +FycEg4Z P3nbBFSp 1mRihYnL DeIplLSJ
 k3BMSKBK T4oK5eFB 4B9h8/96 Ds+CsTDj xIAGHzR0 j1Djh/Fb Le7XUtMy foQZqd6U Cs+fyGYc aOxa9WSK K/HdkAzc XP3zhe4x dBNR9q1w mDok17ju hi1FYwMF OjanzWXi
 DshJ7lRA NFpQh5Sv iCf33up9 ah9DqUDo p9tCNkRL m1u25jr7 aF8x6BzB ozFDk7yb c0wSN4Ji HqpfMqFh u+TER7p3 69rr4bal EsS1b2wm LDV7xm2l MfOMHDTK qBe7RSG5
 1D0FAQ7o gB9R22C3 ly+zX23j dbI6OL/x 4jHccek1 NZ/dzVvP awEZPfVx Z/ebAWIw HvVck6E2 MMV5ES0N zCkMzzee 6jV/ytw6 55W+NZrU aX3dvXP/ gj8zoOCW 2S1BLEVI
 CPMecVf8 JOZkXhJz VEQJh0ir Bano7foJ kBFn82tq Q7zDQDIq +HNrVe42 dNXSAYmj p3avmnwj luiBft1G QSWAPmyc dCBChobB eQXk66US lzAPMOyz viysr2RH iQYe4JXP
 EsQyfIKT /xfel8ss 5cnmnjVc BslGD90P zNZE8Rkw YM4hkrm2 5FjgYohE NjN+fb1j raqVhLte r3eBFeFf sh/84378 V9yE4KP8 asD+vXxZ OD1UDDgr QcQijl+h V9jJG+q9
 Mh25NltS F1wcapOn GpTZh1ST HXb0EOEN AsEl7jdZ I3Psb5i+ zUwuOR3P gqJ+5ODO 6wZm0FYS xwHwGOqM zDXjXlqB g2YOIDfV F/fhxvAE fsxSECFM qBo4oEaC PhJiBAfq
 I8fYWfsO bqnQC4gb Po9KdREu Bra6B6Fd 74wlV0sR 0CKkFLEM g/N8/GEl uwpFwkdB l6MQVosp NPRzdWXh fp0xBeSa xkKBUxV+ C5gyjJ1U qCSmsPAX GaJAMe3X CLfnvIiB
 jhVKJHjE rHINzuAE HEMM2Fzi JHGIHGcx kM/qb97D ah23fRL5 jb9lnz5m HpInITSa urE4LTkV nTDgM/ll FNG5YRa+ iLkA2GJO d5dMBGop O3JmGEIc sO8Tc9iN p74D5qQ6
 Jvogzza6 Ecd6mBrA 5pYg/C9c Kdzih614 iKwz8mzZ L+Kkc7zK jiMLyG9L epu4vWtQ KkTWw6EZ tUCPNgd3 5ZzAN65h 93hqIL6O LFNBpXLq p+xUeTD0 PQ/TaL7t +ZBLrON9
 DvBuYDs4 oriVO58T nEakg8OP LUsSH+1M qghcbGRD h8l8SC70 jDVvSUQK hydDvHse ZJD15q3J LbPzYU65 P2CuFo9D POKfltbN sT2LtBAM Jw8Li8DC 2ndZ8kK5 qXJbtMAi
 DwQZD8T/ W9HBPNm+ 4T+JRlBr 1vI5A+tr vp8wIL8T lM+RjKZX sJ0ZN0tM ObUySo+F 5ggkGTaO gwZneohX LHMJhpSB Aoq0doh/ LLm4xM1B 379Tah3n zlPU4Qoc NqRPu0lM
 iSREvoZC BpBt8cqW pr1e9oyz TjnehmoN EYH96y0e tLLkOvEV 7WuEDlCY NPsLcSPE 6QNXD6ym Ioq2gBDQ fryWZ0Me XCsf92vK vald8em4 w3Dd+nEm 3EahORKe stHk/n7e
 oZjA0N9t dJzpR2QI AlnyW5tT amSGZGZr 8anykucZ RQjbIndj H8ti6soX LV22KJ8d ZcGj49Eq OG8hem25 N4Kkw4yH 1jUSzY/D GMnWLUFE 1DAdWmBt bT2cEwHf uWv8DOK5
 VD8/6NTk g3CW+X+T Twg6OZ71 SLriFS2s jOZ+pbjN bd59uXjC lnsaiwdO cE/GvjoD sEQlmtWi vdeX15vE JWrG02II dpSp+DDv QIychmXX 5YJQz+dI yN7seq4Q 5pflIzQs
 Cy9aaKFo OX1QowWQ MiC/FJ/z FRNRbAwx nHJXcmO0 jv3yQJlm fGPGeV1n Xd+d3Iwv BblAtJCU 2E0qngqb NxU9/D0X p1h0IEba Z9ooaNna gAbsDkXB UjKBNYyc RrWPoVJr
 WQ+JNUQq cH4B2sIX g+jjvMMR leU9ZsGM lWUPdc9C 9qj2nccf xRaaXsjj gpRqK2jq A6GDSb3A 2WiBDXEx WNbVsfFh BWdbn/QA O8bYLaC2 tSOtOlE9 +efzPHjB QKVmbfT0
 YVFJbRMv tMjESxDi w9VpmMFF ug7XMFsA y8dOWcTX qX8Be0+F spuxZRBd ytYVgKaH LnEmnmIT WiI6o3GX r/wF43vw rjenHVEr p/C5uM1w vAQUKHtG A+8wHC21 Xg5I2QR6
 uMX0wvtA gvDQpyvV PMzYzrSf df/E1zio t7aw2Czv dk/n3FaE aDHXWCvm qHe7FHkG PCZVDOde SRrA5XQI pc213u7s O7HqfOFX Oakq/Wca XHaSiBfL /EKMIIyG q5dAYcA4
 UKPsrvND m4KJHkpq k45M0fCH v0uyINxZ tWqlI0JR LBgOmD4h fVEOgKhq hNXNKh8C Thhl6S0J TTmVrWwR JyUXiO4I twvqcOeJ FpLPdxOW EOL4t8kV S5mful/C LhuiAC3Z
 0f09qwz0 2hG0sCFl BTv0PqoS E5ndOfkI izRc5wB2 aiM977FT HilaBDVY GZUbnMMK vb+LHxzh M5/0bAIw XlnhHxMv P0dxj1YX xDPQBLw/ YiPFjlPs Yi3i+vBa EenbXeby
 M0xDIpWd G2F1OVr8 Gs5TYkp7 YT8A4UbV Ga+3atg2 nCsjDJ/q HemIUVYr ZnX7uUf2 UqIgZ+Pc qy2MYPN7 kKz7sICY u0Lz/V2B jqCFZ5oH U5/gUfEd B5f4Io6A 1YEpYhER
 Lwa7ul1K bI72vofw L6NepNn+ W6tvUDYt YE0Cngql N85em9Z6 dyc/ZBP2 LMJqMeTA WMrw5K1B NEkKj3mP RTccB0dn vnW1xikS zi2tNdg5 4AiR4ygc eDixKm0T 4cFvJH2n
 MfVTMOrH XGPURsyC 1LxgMlS1 y61A4/tp Dwsf1cYi hHU3Xf5V t8x3SD+Y 5/usKUmL ObMT/ZvE 9yMOGVbx N3Xsptxa bWl4/hep 8k8pydto k88bbjvP /OIHsrPl NKwoxO7+
 uDPFWAQU OELc9ERT wGEhVJDu kDxau91F 1nfRLIcC 2kSxiD4H AfCPCQtR N8Gry2Cq Xhf3oHqD bDia1VJv lgPkvkGF THQp4s4U 4yUEVSdM BngmcNkA d5ZZ2mdi BuyL0/fZ
 sMT/Tk0A Ag1BgCFH iE1MLVkF 3J9WdQuW QVOy8nW5 wI8wJDMB yFpXAhjr S+8RkZUf 7OvqlxPE KSKfAvSg X9L2i+wS Uu+68Mmf vIAYclFn 4DnPPi5a QVAcukO8 Rhz//yxm
 Pk9H1EoA 9PC6iQWF KLTFyxHD +qG++xmV r9NqGvYi MYABl5N5 ZI0LtnOx +ApHz/GM YUlH1Kvi QuaKkmnb wiuWzoNT RS7TMxYl 1T8RXiwJ wuLuQF1I UL4Sq73m ONRJJVAv
 4Qg77wq/ 3jj5N4Bv HB0WDBsr Qj96JqnJ Ad3onfwH yvLcOdgO M5gR34sg BMWKgeJW na4Hk6lF X6qa90sQ I7bY/I8J 8QLmCNBl IprLJ+cm 3UGIk7NR AT/MbOmr M4VjFBCV
 xlVgb5nu z09oeQZ+ 5YIrCkfk 7opinslu VAH8NV4B ivwcV1OF jP92FBUX hdD753oi AvIyO3nX oBzorOxw a3xb357y H3MITDcD zduxH2sF fS0wIR7H VkD4S/3N hMY+eiw2
 3otOQu43 iXlZVEvU Xw01RYLE 9BOqvloM YjnLuSBI PAjCwy2p SHE5anIk +VliJXz+ W8Vw2LMI 1YrgCBcY neki+mpB 9s0LUY1w oJg9kyFC 3JEOHrMG DnYwVupb YgvMF5ZQ
 OF1c3YbW 9/fJSwi3 CcrPxWzy Ra4QlU/g CJxXt+Xf UOpZcncV LNlCPqam fIp3GXJL b1F5GshR C9DYXcfz fyuUDl9s 7JFzNZb9 kftlalLQ nuj5Hf1z a18PFBZQ Yo3NEbVd
 2X4xoepW TtkUW7JM a0FV73W/ EdOE1oBC 5mPaLKN+ Q2INLobr orOB71mf 9ixf2mRa r3t/hyRm dQ+LZDzb ZfmWH9O+ zdv2sEIG F48fJvbm e4b51BJN FsGgdBD0 rL7AAbCY
 xbdeOYkk Elp0Dw8l DsM3App8 3Iv+jTFR tOEK3ihd 8AgdwX0R jQWz2oh+ +CmIF79U CJ3nUhOF tFNbGY/c Jmp9TRoY p6plx3w9 1WueKzJj rU+kN0Q9 7hvxOGFY trl48mlD
 rvdU2cKC c5TzjU4I nNHuumIc YCfMqFl1 jpszKojm nlyMpfhX dRA3bWdB UtUz+GpE znrvq5T0 q3p/7cUu tgZRW14h 7qdDodkG qOo6zwJU VLj+McL/ OBCC01iZ lIg+A4dq
 VWsuXhFD 6UxNulMb XvCWmo5h Q5tTnoSN s7YGyzko YWLs3UGq loOxZNEf UA3ilvx+ HVghvpcX qhYPIeF3 RKIuP8Fb bY96bxvH ZuMmhPAe tWtGO/OA KPUJNRqG CjsYcE/O
 agFgVrJB kPNZFz8a 9kJAyO7E bsq4ER4w m8G7QitH kfUoHGHa DwPjDw1M vDZTZiNO Kcw4BQSJ 8bcuf7jG 3XgRYhFC NvEk9M8o TOGdu53F HMhHLA4T l4YyytHS DTAUjJg3
 aH4k2vtC yvRFa6xF hijht4sQ O3SidYnO KCETxhV/ xshF3sRc TEusPuU4 g1UiZ9S6 dk7FIfe8 SwyCxMfM dzBuRIRC ZpvuateA X65LvfK0 yke4Qi2O oJG2l4Sw BvFzR1e/
 dNyGwI1Y J5j37xAj hlKPJVV5 g6vJgFZi H1PJNA2H f5pocUS9 aiXGxW0B KBoFO1/J KSLL3tDA syoUUH1s tsNjR7/E BVO0YKZC 8lwX0eEo 4/D4QxUa bLnjStHz d95JvUyE
 VpdZOpQ9 50hV11q2 KmOW+zkA jfaav2Fj P+6j7a6G wjchZaoB F0VColkt dVb4dYQS m2u6emQj 1cQT8f0y F5lXR6JD 7VDri+e2 Er3SMcF8 /vRz+M25 9oPYDav2 m8a6uI2K
 b/a75TJM PlrLm2N0 l5Ahxy86 EsLKBaLO daniAZxg DoSUR32R 2VlKEehA O/Ulj3cw drWBFajd 5Isch+z0 GaJrZu5q /hiUqBI9 TH+3RmgI zRMoEhO5 GblVNu82 joQQxMXq
 05eVxECN GGE0lqhz Tr9PrwnF 9lvZ/RJ6 z8wC/JQ1 q4LEie9T k7+XLb+b 76yJA41K 542acFad hsAIJafM pBfiXiGn 33fmiHqv DaRqdfPE h46zfBwG 7ziG3azw hfxyZ3dP
 W+wtUq9K BGY8/4cB pbIOt8CQ NhabxnaH 9DkKOynv FZ+NEa7P iVPLOW8N V8RjOBNC ieTuYfNo N9HsN7TJ qCXOfpEt epjJieU8 IzMxyATL Ek4/8kXL ltuaiYdC 6g2p8cBq
 qZe6T1tU OU2U+xRv mlKjwM6R kiMhXMaP xiM7WOl3 JNTaxDoh 0EaOrEXQ jJ2Q9wvx BgQsvNUC rw8u2GmX I7+rK/rD vYI++KiY tWX1dhM4 pT1JosYy OgBgqdAP d9QsR0KI
 mwxXbpDz D0yqOAMv FiDK1+lO FKY9HTzN FkCMUR3j NIzt355f nDXlN5XF YDR44Cvp 92OGPNxW gDhtc0/X bfvQ/ueM CMXbcZeQ s2gxnVOF VkaOHyV4 BiElUi2L 6BcC3u2t
 XC13ImRl qIqIiH0M NahOX2jO K4f1eKxM M2OKsgr6 wrsSDG3b n6a4R9Af MdpiiOMM unQkJO/G KpeQoS9r iB7r1CZ4 1e8rcJB8 YwttvrTm 10i89UiE x0VqSHD7 klTvMK6m
 ieU+4IzU m384LClz JgMnyF5o HG+HjUmI QlKgpr3r XpE4PmgE +OIarszJ eyIuM7ND OTL9Ubd4 MVpMC9/u kxsre+5j FSi2I6QC 4dkxMBg8 2M1bZRZj VnjWmIXC mIQQSkV1
 sYNYXNFl EwUXtY+C G/PwwPX1 jUR1vPYx EnvIbpn9 S13RHTGX iXOIxRL8 AD0WhGBV fXHjBtYd iDeL+b2Y hKiAkaBP KZdf7y4z X02H+grm DCH1UOH3 qpbocgCe LlKHuSNr
 YaWEHifo z+LgCH4P xQW/kYFX s41BTRXl TvAoNuYl JiGMS9gJ tyxsRJ2e Ih7ZZgXg L/JPSFqZ duZ9Ivll uvUoaCF8 fWGyu99J TsnwZfOx Lk4Dw+ot bipqz4Gd Cu+miwOq
 HpMQnigs Jl+WgBPd 0FrUmstg Iw+hZgK6 s7mraDqP QUCY4Asu c2JC0igI IFG2Md69 rsbaLb6Z 7FUhOu0g 9IcvXOTe kuKLlsqz 1SsQERRq ViZc3tjj 55nVoFxW VvTbzcWj
 nB+IoEN/ QpScxe1I GkrpsXSd b/kGwct7 Cu8r51iM xxc4pxPH 7FZMjqiB FZwUCzpq luyD8qLa VPX6gvAq no9FyYfR YQ2/OzrS zwxxVVvA 8hxXWrEp cFHRYodc 7keF9Zrv
 1VJy1pVU ZBY7H4pJ SISjCh2e Wk0MXMr5 R5xV6DnR 8k+uf+Hr ptTaYO6Y YyIC26bJ cwNE/fV8 0ViEI+Vb VJmNEs0B XaCT5L5L mflUVZf3 /djFiQuf q9CEYOIp uGtEOdEX
 FUxNHrhB NN/JRpd6 wRjhSsrI IeBUEzc7 70u4aheC 2CgHGi5x 8DV0XGMC owt0vCb3 zhwgkm9b U4TX2Raa kDCIfNvI yuKWLafW tEq69SzG DKAc6nXB zGrVGEbY NBxoLe7P
 glBmE9Jz wYWwMazA jAexsp57 f48/V9kt bthCYxJT uYvNEQxH 81W08ujz ZUW9EoyE siFG4XqP EiA2W1kf 0MyZTdLe 4owebWjk W73DT0JU H9/fh8gn Y1KFFHHt f7KYveU5
 wNiOMI+g QnOEYH48 NNBvB4ZV EO5H9+E5 ufKLK8lV yMW5DGRY mvzWLT7A iLaBqDmK HyCUSqkJ 6qtIZrX/ jqvrdrea k6nedZ1f m/g7CWEl k3kBagkZ Ezu508b8 ZKKPr8Sc
 w3dqBSwT ks87tvtG FXtpvhXU 9X8vtnZJ CNsfvtUP ud2lrpuM dIUrluIZ Iy+2aKm6 jtoxysxT +6yhR1z9 yXZlKSF1 sFngCqJE bXCF1nj3 Kl0L8d1R EynOqcGP 5yx9uEmi
 aPT4Ns6i qFCbXIkV ARSbEGVQ +NJNzsFD ZDL/9UA1 4e4+ezMy Jkgc1AeO U5663/VU JlJf2lTC 96IMDYMf YN65r5+6 Qrhc9T4+ o7Yica6K CXWBlsRL UKF1JOLG eLXE+NYe
 l+vKibsU sJPmFwU6 VBkQxhBK o9Y6cnMx Xx/O1/Lx HVkUn9Cf ix+s6koQ 9e9690gs nx+TnmIT wh64Za1+ oYvXldJl 5ITlxyB2 I+p/sBHL JLlkzvRz WCK859cE CB32jQm0
 TP9zwYj2 KXhDb/vB Mw+xrRjz SWN8oNiE YFMD9tDh 3LcuHNtI JIhKnYcM ql19OjWW r29nU0El 26wmcRYX jm/Hjhn3 QrW87ho3 TluneBbl vVSFJazY hLCTxHXq fMzTP789
 emRiQvX2 ZSp1uP3z ZSt/3nAo Iwdb9hCq HNp5OGP7 4onPjHqi x/VlseQz seJ1r353 DkaAb1bh MHZhH7zY yn7hDdjm 5GYBgACg 7pgLqSEa 9K5fuawb r6UWicmV G13etkXT
 1g3KeUvV KePxgGVu kVr/7pGr sEMdug6j hZYJuBWz qhKL0OJz hOvcVYeW GHDjvaqu JzPliWMn t3w89s67 +rZt3jrN m5hSMiG5 WtkyotZN fW+f8OEX h05TyKQf +sK2iVqc
 9H/PEU61 ssqLgj9K FE+JxDty pA+PBr/G Gp9f7tu4 /cDWP3Yc PLz3j0N8 PT0rwoHw CBt3+LPm B5sd68Bj /nuxOcL9 p3ggYmF1 eVKU/Izy hR6/YfqB 1lV7BLhZ khBltjYQ
 +nMKly12 FfVziJML 6GLnwH+3 1cq7P4tR WIv24YW/ hzxdXVx2 zCvm0Rbx A5eAI3lh LN/2F3uL UxGfM+bX LhkhHPnS UL6LjA3V 6wnzr5hP VMQPXDJC OPEYT5Gg iM8Z82uX
 jBCuHucb 5mL+4t/0 gUtGCJvJ /5c68v8A QyJiUDF1 3/IAAAAA SUVORK5C YII=</ImageDataBase64String>
          </Image>
        </Element>
        <Element xsi:type="XImage">
          <Source>C:\Documents and Settings\jin\My Documents\picture\舌诊图片\2.jpg</Source>
          <Width>625</Width>
          <Height>600</Height>
          <Image>
            <ImageDataBase64String> iVBORw0K GgoAAAAN SUhEUgAA AMgAAADA CAYAAABB CyzzAAAA AXNSR0IA rs4c6QAA AARnQU1B AACxjwv8 YQUAAAAg Y0hSTQAA eiYAAICE AAD6AAAA gOgAAHUw AADqYAAA
 OpgAABdw nLpRPAAA WuxJREFU eF7t3QW4 rG1Z/338 24mtGKhY 2IGoiEGp 2IVFiqhI qGC3GKAC iqKo2Ind iigoYKMo KnZhYXf3 vM/nlu96 z+dm7T2z 18xae+39 7DmOdcys
 mTuu67zO +J113c/x P//zP5sb XXtdkAKb zeZG/p7j OZ7jRs/5 nM+5fP7f //3f5Xj/ /+d//ueN nud5nudG 19HxRv/v //2/5bj/ /u//Xn7z cqzv+9x5 3h33XM/1 XMt7x3h3
 zn/913/d 6Hmf93mX z6793M/9 3Ef3bhzG 4viu0xic a0zONZ7G 7NiuP8d7 bfkvQgEC ckP+u465 Ljr/65hr +f06plv+ fL6O8ZZ3 53r9x3/8 x/L+b//2 b5vrBGb5 /C//8i/L
 MV6+69iO 77jeXbvP y0nPum7n effn3vN6 87NxdE/n r8fbPby7 TnO7Ia// trnTTjd4 AbmYkKyZ KUaN2WLK yZh9xoT+ ur5zHB/T d1wCNoXv X//1XxcG dqzz5jkd 39h6j+n9
 7o/wtL4J Xcd4n2O/ ofPBheZ/ TUCepZl3 YZCpxWO4 mJz18BlT sh4xd0ya oMTo/nfc P/3TPx1Z nCxQwuE3 1/z3f//3 5W9tAVxr Wp0EKSFo jFMBZFWu WY/dDMM1 AdkBYsWY
 E5Zg2ATB 5zXswrgY fjJp5wfX 1lr96OBn waO1EDqv V9AK87ME xuI793Cc MQXv+j6h mLBsF8Vw Qz7mBi8g uyx+lqNj 8wXWOL// g0D+T/P/ zd/8zea3 fuu3Nj/7 sz+7+c7v
 /M7Nl33Z l20e/ehH b570pCdt vumbvmnz kIc8ZPMN 3/ANmx/4 gR/YfM3X fM3mG7/x G5e/n//5 n9/86I/+ 6PL+S7/0 S5tf+IVf 2PzFX/zF kf+QwEzh 8R3hnOOY liPB2eZ/
 7UKbq/2Y awJyAR9s CkVwCbNj unyLyYB/ /ud/vvnd 3/3dzWMf +9jNwx72 sIXhP/RD P3Tz5m/+ 5pu3fMu3 3LzSK73S 5roI0ua6 CJSo4fLn 83VRput9 5xjfee+v 433v86u9
 2qtt7nnP e24++IM/ ePP2b//2 m0/+5E/e fNVXfdXm e7/3exch Wlsa4zfW f/zHfzzy ZaZPc7Uz +T7zu8EL SMw+iZhw eCcU0wHH bHyDn/mZ n9l8xVd8 xeZ+97vf 5h3e4R02
 N7vZzTYv +IIveMT8 14VZjz5f F6JdPr/o i77o5q3e 6q027/zO 77z83eMe 99h8/Md/ /ObTPu3T Nh/7sR+7 efjDH75Y E5bjUY96 1OajPuqj Np/6qZ+6 +cqv/MpF GG51q1st
 gpbAECCf 571e6IVe aHPrW996 ud73fd/3 bX7xF39x 88///M8T vS3z4edc syDb/ZAr XkC2LXJ+ QNg8zRlG zzrk8OY0 933CAdo8 +MEP3rzr u77r5uY3 v/n1tH4C 8DIv8zKb
 13/919+8 27u922JF CNDTnva0 zVOe8pTN U5/61M0z nvGMZ/NL rse5F/gn R9wY/+iP /mjza7/2 a4ulePKT n7z54R/+ 4c2DHvSg zRu/8Rtv XvmVX3nz 0i/90ovQ XJdfObJS
 r/u6r7sI MqtmPDPK FizMb5n3 KuiwplkK 5Ibg6F/x ArLNfE4B CHvHhxzb nNw1b2LE b/3Wb93c +9733tzi FrdYmC1B 8PnFX/zF N3e84x0X QQBtfuqn fmoDZsU0 vWehun5W
 ieAG2QrL HveOYWn7 HPx1DqTr +p6l+P3f //3Fcnzu 537u5v3f //0Xi5Ow XJd4XAT7 Td7kTRZh /+mf/unN X/7lXz6b WM4oXAI0 IWfKJL9m 2xpcyb9v FZC1gzod 1W3a+zwQ
 psUsdFr8 f+1IY4Q/ /uM/3nz5 l3/55i53 ucvm+Z7v +RaBAGO8 v9zLvdzy PYH45V/+ 5c0//MM/ PJuj7IuZ X3CPnOVC sBj5UqNI M6+xzqOw eDNoMLkd /f3Gwf/S L/3Szad/
 +qdvXu/1 Xm8Rkmlh bn/722++ 5Vu+ZfPb v/3bR2Hj oCW6zTzN jMxdE5Bn EfhCjH4l CMj0HzAm hppOLK3P Atz5znde hCBc/4Zv +IaL5fiI j/iIhXkI j1fadWrW iecxUNef
 OY+Z7EuQ YuyszHHv a4YvnDxD xTPL77Mx GFOJx3kN gi2QwLEX PHit13qt o0AB/4XF /O7v/u7r CX+Wbj2f xnIeFOFp jWEnCzIz wnNRrwQB SYNPmGL1 n/jEJ24+ /MM/fHOT
 m9zkek7v G7zBG2y+ //u/f4Ee +Skz8WYh pkZPGLIc MWOa1rEJ x3T+Y975 3XGfjcH3 UyBKOgbj ZkY9hdA5 JRoJ9t// /d8/GwQU Mv7xH//x xbfKf+H0 g2GsTjA0 5ZBf0j1P
 izHPy3W3 CkgL6X1q qitFe+SD eP+TP/mT BSIJvcLj WQtCwdHl 9E4G69z8 lOnAJwgt ZEybMlnn HTp+JhRn iciuViSh aJzd3/fB t/XaTDhZ sIIAz8Sn 8//wD/9w ycHwrQox
 szCia3/7 t397ZIgS vmDYeWHm 0xjHJQlI CzCF5jQG tc81j9PC GFFS7qY3 veliLRKM t3iLt9h8 9Vd/9dHC N68sR3g/ aBFz5kPE YLNIMI3f sdPxruxk Ctc2CzKt 9LQka99w
 WrkUWdZ+ HtvcOibh YSmmNRQe /ozP+IzN q77qqy4Q 7KVe6qU2 D3zgA5dE Z69Z67XP mp3nc7cK yCRyNUHz u/MyuQsx 2mMe85gl 9Fpi7sY3 vvHmAz/w Azc/8iM/ cj1fYVbi
 JgBpaf/H PLP2qQDA tDT5JhNW TYHo++Py L9t8vXyX qfkT3ikU fTfHNyFg VqQxTL+p +fFVQDJW 8773ve9C vxKY8j7o Oq3ZeeGD Q49jq4Ac +oaXer0W 02JMXN/i xJDVQ3Uc
 yyA3kLV4 3/d93wVT /8Zv/Mb1 NGAMO6HS lQIfd6Fl MG5GuoJX 06IRiMc/ /vGbD/uw D9sIUHDY X+AFXmDz Cq/wCpuX fMmXXKJ6 r/mar7l5 ndd5naMc 0N3vfvcl YZpA5swn
 ZPlfc5wp sinku8zj ch1z7gUk p3CadcS1 GFXQKqHw AhMk5/gU 5SxABDVO YfQgyywn nzDmShOO XQIl+UP5 DPMc+Z77 3//+S/lK GXqC8Yqv +IpLVI+A EBa/ieah 8Rd90Rdt
 3vRN3/TI KosASoJa q66dEKLn uuJ4PZ7L xfy73PeK EJCYNqY+ zpqISr3t 277t0SLT dF/8xV98 lLyzKNPJ nqHYXQh1 Xo9Z+yLH jTMNH7M2 d+FeAkCZ yI3I8yh1 +Z3f+Z2j
 EntCJbjx dV/3ddez vu6j0JKV du6rvMqr LAWYVQ6v /ZNyQsHW CTvPK22N 69wLyLQc aSJaDBwA o2SwP+RD PuQoKiXD fZ/73GdZ 5Ok3lL8o TxCevxju 30U7X+7F 3UVAzBWj
 p2DQgA9W wILz/ad/ +qdHmj74 E70nzMXo WaKy/GrF XuIlXmJZ g9ve9rZL WU20n4lF tJph7yzJ 5abhxe5/ 7gXE4qyz t09/+tOP LEWOo8yw 2L26p16Y h2DMCM80 9xeDU7sw
 3nlY2G1C 7Hf0y4oo L3mf93mf xXL4YxnW Smj2ugRj o8dxpfzO l4UnaFUj K5as2sAa zNq36fuc Bxpe8QIS pEpQFOup nLUYBENG GD5+5jOf uax1Wm6G Z4vypNnK NF+MONuY
 77wv7ozC UQYgEAvL crz2a7/2 kvfId8tH m9Bnfp5M vU6Kzmph QZBb3vKW izURRhcu juZ8xRSU 766Elt9z b0Fa5Jid wy3KIqpi oe9617su SaysxHQK nUtzrZ3E 4FWRsCuB
 0S91jFPj m7/SEtb2 hV/4hTef /dmfvfhj QZ6Eo87E md9x7qzF 6reZK3I+ hi9YogqB lSq0zhds /ZrH+v9L nd9ZHX/u BaTFsQB6 I1iMGoeU caeJOm4e H5NMBkg4 1uHdsyL4
 oe9zXD5l 5oTMF/TB rMrhFVoW Ek9xzODH mnGzIjNr PsO45lMo eQZPXEdf S9GxO9zh Dou/6Pto f80H2WHH lHUCbia+ 0lLw7e1u d7uj+DuH 0IJL+v3m b/7m9WDC DDVeaSHb
 44Qn7Rxj pcETgul4 BwlnAILl QK/3eq/3 2vze7/3e Qqt1tn9f oV37a1P5 SDZqCEup UXK9jH1G E+d6Ne99 x7bv+efC grRoaX+Y NkHRo60R CaYlFJ/3 eZ+3+ZVf +ZWlO094
 8tu+7duO traJ2FmM q8GHWGto c5oObz5X TMcxpuEV IX7AB3zA Qre73e1u R76Z8wt8 HII+rjUF pP/z+WJ6 jV26Ka3h R37kRy5R s/W6z5aE 8wLBzoWA TMdtZss/ //M/f/E1
 LLI4O5Od dlRQRyvJ f0ztmtm+ GqxHPlTa dPpSfhMd ql9j+lq/ /uu/flRe oweEjxZE mv0khxaQ CfesQ/5L 9/nrv/7r pWqYkGgL LqhST0tN ZAn9eYBg 50JA0jZp QYT9xE/8
 xKN+a77G n/3Zn11P C2ryUZYt 3+E1oUbJ Kt/va2Iv 9/nNYUaR 1kWPc/4q krUEY0IZ 7krcY96Y rsjTvvO7 kCKaVqU5 xPhgFqWn 1cAOLwVi Jpz0+RAC vO/8LruA hKlj8F/9
 1V/dvOM7 vuORv2Hj gnYSsdhF Xt7szd5s YYIf+7Ef OxKcGaNP SPYl0OU+ fzJ/DBaM oXFnkaWE HaXBsopU TdpituiT sByKAafl SDBm7mnW aGUFH/e4 xy1Wzljt yKJKmK+i
 zXnCyMtN /8suIFXO WnwmuP5v zP9Jn/RJ GZWjUC3i 0X5yH0oc ZISnpZjY 9TyY6H0X eMKqWZA5 I0fmrwdd hI9W/q7v +q7rOb9o MiNPjg/K 7ju+fJrp i0zBM+bp iE+LqGGt
 bP6LvdiL LcKtJbgm rXW5yr5j Pcn550ZA tL6GTxFN 445X2LrI SAtiyxzH 0Tz9NrHr eTHRJ1mU eU4CP7V/ 3ZF+s7sJ KCVgoRHM pg2TDglC WjlfxDGH 9NPWjro1 mcEEfoY8
 ifotgRaB AwINaolG CgeLtIGI jeuagDxr 93MZXZld mXHRKR1s U8tF6DQh BrrXve61 mGf95Jhn Xb6QxtyX Qc/D+VMB lIzDRLog Jf7QDaTK 30hrx2gp lcxxofBD QayCJPM+
 6E8oCKwq h3d5l3fZ vPzLv/zR xncqiAVY 1G3ZVILC s562J+p6 54H2p25B 1uG6Fs/G aO/3fu+3 lKfDorSJ eH21VNUA rZ3LoIWm JwT9ju/4 joWg0+fI 2TsPBN42 BvMrSJGz
 6ruUwjw/ K0KhqLwt F6QqN4tZ GUiQJ8Wx zjHMcGzn rp3/xhNE muNqHYOx CZ8yoK/9 2q9dNrqr TP5lX/Zl lxYEG2Cw eMGs3hvL Qx/60GVO QeuuvU4C N8cJrbfR +aS/n7qA
 5GNg4sy9 TdgIBFiA yf0pnPvJ n/zJI8uB CGsTO/0V JSb1KATF cgwR40qy IFOzVyPW nAr1Rg+h br0a7W+F 4TCQ86pY jg5TORVy TcHM/ErH pViyWIWE nZvArpOM zlF/pc6L
 oqsPx5pS gI985CM3 f/AHf7BM MSH1XoBh CgHf8qM/ +qMXi2hP r17Nz/+O KaCTEj0p 8+9y3qkL iEnNEGzh RX0HNeiw HD/xEz9x JBxFqlqw CDXj5LSR xaBtJlSY Gm0XAlzu
 Y2KWxhG9 mkeM6Tg9 4m0zOqtl p0aeFiQh mALQsdNn IAD+puOf 9ej+04rY Akl4VrhW YWL7DfMl 7CopSJAv NJl8VlbP 65Uzab3B L0JCWNpP uDVO+GvI Ou31O3UB mftItTh/
 93d/t/Q5 56S9yIu8 yEZ412Rn afs0+VNr +F5XGwHT 9jnh1Vzk Q2Hs01yE dalN/8/6 KLS5053u tMxXgxLs 3ovCmTRe JwLXMGTi +6nVJyNn qbPChOQJ T3jCskew EHxFiCk4
 1pxlKyfV Pev9SAAn ZJs9JSmF Gab/mI/5 mEVIVAO0 75hzOm+i hdNcn1MX kBbBwudg vvu7v/v1 tvFkji18 Cz0tjvPT gG0u4P+i WA94wAOW tZ3aKSY4 ZJTmtBZh Wtip1dEL
 8wvfaoFF o/d4j/dY eizQp/2+ pgB0fjSb /ltMH01c f+5oMiNj zne8kh47 TSpbTxgq lRcg0Fsi NN+ryFWW PmuWYGTR Or5gwawM Tpi8Sxaz ToQkPvJe v8pZrO+Z CMj0HdRW
 VVdlEwWa R28H6PAp n/IpR+UJ Lfz0YTLB 3lkQZSig lldNQTFy mvi0GPtQ 150Rqnwn C88R152H Lub59V// 9UdMkvaM kac2nSHS 6cdNppzn r3vz/+qv /moJfFSu 3m4mNmzw
 yAX7/uY/ TEuxpvtU bBM+EuLZ VZiQJKzr iJtNJNDA OuOFiTDO AiGcuoCE bREMcYUl Ed22/y2U MKDvbBLA gW/h18kw mqMutSIe INbUJDMk fBYaZl9B iQZTcwp9 vsZrvMZR
 SNQDdIp0 pZWrLpjB iAlJE44E owhUVjjG 7Hz3wIyC JdbCptci TwTFmqB7 liD8H5xz 7daqcabp Z94ly96Y psVrHDOY QHg9eEh+ h5DgHy/h 4+OifPuu xXHnn7qA BI8sOkvB
 sQaxEoKc dskuC6Nt tkhJWiUt 1wI5N4yq Hz2iTq01 +xdOg3CH umZddc2V f8HZRQuh 0qpe13vt FhrNqsZg MebE+3VY ZlUdo9pX tx8YMyEU OOfBP3PL 0bS686fF SciiRWvt
 fUbUJnSc gYM5h3Uu ZV6TQPBz bPzHurXO h1qDi11n bwGJeGnC iW0RE6Oq Jm3zNt2A zHiYN82m GLG9YZnT CDktkO/S HFmd8GmO XOOYXXBn QcgL3SOm nFCqOadJ UxJf+IVf
 uPgbnFNR qhhhzWDr e02sn6Cs nf/upX9G lXQWiiA+ //M//1Li IUpWG+6E TI39LCDN em5BqvgD zOuVJTOu GYYOORxi vHsLyOzg mxpqRlZM ykKotxGR 6bj8hhhA b0fb8gv1
 zUWesXkE oElck+M6 GWnNkJdT ONy7xQry tJDzCbbG D95wxPln ivbSrrsI RwKWcgjy JCxgyvd8 z/csEajy Tminbutz PudzFksy FVza/HIK Rus2rYzQ MiX61m/9 1kdbODXG
 6JxF9X6I td9bQCaG rm6qgdHq 3/7t334U sbJIMfOE TSaZptAB V8TE8Rar /awmnnVd zKSEYeLp mGIbYx2C eLtcIygZ /Ejbt4AU ifIKjEuT lywtObft HjPC55o5 wGiq9ORL
 vuRLll4a 0SB/hEKP iAjVfHhO Ftv4Ysrj 7n3Wfl3z SRHb6qlq 5UqM1mtu jIdKIh5E QGbMHlHD 1cy5rG9O OQZfV5G2 qJ0jR2ID OETQQ12b aIJYc40a LMdwIqfG nNj1rBfz
 OIaazufE 6OH5tDrr KsKXpZnW 52JCMq32 3BjP3rk2 zyuzLYFH qUyh6F7T 2Z4hcmuT wMz3bUJ7 yN+jmWsG qQR48JS8 TIqmIEf/ H2rtDyIg RU8mYTiX FafBt22f 75jMYAvU
 QoQZ1fPo OEMEJQc5 fUVKXEO2 1u8YbGqQ CHQI/HmI hZ5jS0sH P+U4zEHp frumZ4V3 bWjKR+t4 eQmwsx5w tAddU0RZ NEqtdZvQ bArLces6 FdBZ0Hj6 V0XujMEm EGjnWS4z
 J3TcMyb3 Wce9BSSH acIghFO6 zKTbh8nj kWf41ecp HJnK4Jd3 9T3CvjRr TzzK3Dpf aYrQH/jQ swHDownh WSzgNuKb y4SGaXxQ ir8l7O35 6SmJBDwl su36zRU9 +RJyJ+j+
 Rm/0Rkt9 1PQjYviZ sUajQr+t 5cTzx90/ +HoW9J2Q 1PhSLpx2 IX4+SYGF WRYzIfwu NLzQMXsL yGTu4JMc RaZdQi+C zpj9xOQt jN8RIEHQ 3E9LKEXR 9O9FU5oM K1MEBoP5
 bp1UPIsF 3IX4Yfq0 syieygHj t7Oh3yvC C+KkLC50 /Wgac6OP VgHXtLE0 pRQsii5T cRjLTLr5 rVKOIpMX o99Z+XhZ vAn3JmzV YOdZ8eVf ZsIxZbPL Gp2agLQI aUkbBlgo
 2lF83WuG 4xpIfkOM 3XXSuN7F 6mnEFp3W iACsCk3J wtgWqMUM SrjueRGQ rEHWQxux UK6cz6wy mLS5GANO De7a2o7t /IJOckxZ 1BzVGCrF 03h6n/5F jHheaBes Dl7FNwm3
 QI55U6bT Wifk+wiH c/eyIJli k8j0MXsG rAfAM7mT 7JNqHFlc QuCaeiAS kAiDMew+ PrHxNu27 L9Eu5fyY sAUTuGjL om/+5m9e FrWIVZY0 5oyh/Z6f EMOURxI2 7zmLHmwz
 t0xy7KWM 9Uo5diqI 4Dz+kGSd cyjws8+8 9hKQbpxm 1IhfuFJZ gN8nBj6J VsI0QntB Nu2aJo65 siCqSMum p2lm9GMf Au17bhYi KOpBPhZT 9G0tGP5f +wMJTYLh PYugz+JW
 t7rVcj3C UeFgDvhJ 6L3vfM/q /IQEfezY qF5NQAIN psLedzx7 CwjLYRDC h/qKOc40 vQlMn+Ck A034RLMw AqFgmTi5 /lc7VENO lmPCt5Pe 95DntZic aAspcAEW TusSJEwg
 CFR//TaD EJ7s9Oqv /uoLDcBQ 8BPMnSH3 i0WhDjm/ y3UtdM2S FvpVntPr EOVGewtI mFULLeuh hEFU4VDa q7AnBlBR iiEUr/3g D/7gAr1E gTBewjEd TN9drsWb 941RE3LZ
 a6/KYxw7 hbvPCZD3 GQwREpZf Qm+7FbZn mOvkT6RY zsP8T3MM IQVBCQWW kq1Va8zg xEnHcGIB SStiYD5A hYg9NdZC VWB30sGl OZsorVl8 33PzyriD dsGVBPNQ Tto+Y3du
 jrJ4PRp5 WqwM97Su +XJFuRKQ /C05pJhf z36Koh6a aJ3l7Pys +75zOM/n B6nNuSY6 CCZ6ndT3 bc57C4iB 2cKFj/BO 7/ROR6Uh OZX7EjcL VSRMQR/B 6OGcPstA T20bo5wH
 J9W4OM6K NI1VQWCv IjHGWQy/ uH+h4Y4l UA9+8IOP nu8hS26n dq+uMwXk UPTfd/1O 8/wZQQ1p CBLhRXmy FM4+aOZE ApJUWtif +7mfW8ya P5u4BRcq WT8EgcKZ QY3P/MzP
 PPJHMJ1M sTElRJer LOK4uRoT +GmcmDon ciayJmNb 1CKCPhMu /ft6M3qa Fibw8M0s xbqcJYf+ avJBZuQq Ok+6RQO9 8MHwCbtP yod7C0gP zpScKpI0 M5r7SK9J zercQsYm
 bl+srIjt Kh27hnRB l5MS5xDn 8ZUELoy1 Xoa54UC0 qlwizQ+G gav8raDk 273d2x31 oxcEydLE ILMcZ1/a H2L+h7jG Oqw7r5kF 7RjKpR1v QO/jBGv6 atvGt5OA zESTBen/
 H/qhH1q0 Ggbw2Su/ Ify8bQC7 /F5os2sb A0JooHF/ QooQs/T5 uPtnWbrO IRgoJ3E6 1uFiG6Ll K9lmMyuX JSxKNTUd gVFUaO/h StNFq5R6 BzfR/zzA x13W7iyO iR9TiApe
 Fbp6BDhF M5VICGfX UpStArI2 48XYfa9C FN57m7d5 m6MNh9P4 hwq1xhRh 8YRFpKz2 XYwkO502 mYuy1j7T aTuEhXHP HO4gDVjk 821uc5tF +yusa/ua rGIL1fnG 4lFlHHCh
 7HaZ/IRP +ISl7dRr PjatRT8L BjzP95hK 2ecYXyIZ DfP52nXS MfHoLmHg rQISQ06N ZfHtaNFz Au3O7VXU JGY+BGGD bUGKJic5 aD+t9onC iJqOCodO qBFsiamy HIcQkGBf
 1ilt9pCH POSoSUzh pZdF6vjo akHtQ5ww VYLC76gC elrtaamu Jh/jpLwy Ifisw/JZ r5BiRjm6 rHfRzV0R zlYB6YIW Jrzss75l TClyRWPO wrdKIw4B YRK2JD+C gC+KGI2B
 Oc0f+aAP +qDrdSLO 8a+d90PA lKmRzBvD E97KYx72 sIctU2D2 e2XFKBbP PikBytLo c2FtmmfZ 9bRjAtgW SidlrKvl vBRnimMi BFsToe0j HvGIhfRo mmCs+5Iu RI+tAuLC
 M/RISDAA /O/mLEnH eHejFvEQ AhLeToti QJOUV3B/ 1ZwiF/e+ 972XmiSC omXVOAr9 Ta0dtDkU RMkHMc56 MvTUN7Ys YFZMUs+T enscmeP0 6/uuazW2 dYBiWuYW /Gph9JPO
 IxQwYVOf bXanaFZv UdY2AUnh b7vvVgEJ M08LURm6 sKXvY8S1 s3QICDMt QALo3eRB PBo4xtRh ljbmFCe4 k4hBr0MJ SIxfKFqL a4GL+ljc k2CoI+sB pFUoC1HP qFb+zIU0
 XcGIawLy P0e1fmvF PBOuat6s x4//+I8v /FCt2wzY XExIdhKQ ieHtj6T+ iSP56Ec/ +noOzxGG uO5Dlajb JHSX3zFF lZmEAcMJ n7bpdW2k jrHLSdl2 u4wH9yLi tGqHsHBo
 015dMv3y QaxYO5R7 Dh9TX8Wt Pnr9CyJV nG7n5yxO XyNBMe60 31zUQ1Sq 7kL7836M NQz6T5ql tKELNH/n d37nI/9v 0nPb/HYS kKyIC2NM kStb28++ gwnFZiRr 2wB2+b2I
 2NQAqoVp YaE842iM jtGGi0k5 aCJAc0+p QwjFOkrm fwGKsuUq bJW1q7mq LMRYOeKE dpr5YNWs Qu73LF9W dEbADmGd d6H9eT9m WvB4MF8j ekE8oJak tu8uJcK6 VUDWzo0t
 7S22Ddtm 7uHQjLde mOBbXW/g i3Foy9VY NWPdHOKS RZ/1WZ+1 GLasUERM 62xjgDR4 dJgJuUkb D7Apb8Fa lP8gqB4O JFLlXjmV rnMtCvV/ MGmfvwsp iqKE1si2 rXjFbvHT
 n96FZ7cK SE6mG9HU GqFsbgZO xCAzcrDP ZI87NyH0 G0uQDwGi YD5wr/ZS Y8X4jjFW WkN1cRs+ pz1634VA MXLwcTrQ 3Yt/0QYV hKTHAeiX F4cv4rTe YDvYd2ia 3ZCudyEB
 mXwjZ2Z9 FIqWU8py b6PVVgEp O20xZcsx pb6PhOI0 haPBp/Wn P6GfQnUs R72nUgVN ShZ5fgXN 0aOGZ+h0 YvuLESlY lxWalidh 1TpLKAgH +Cl4oUyE ZfMqY56P kYnfJVG1
 bQGv/X68 BYovs/gi WXhXEWMo ZBfabRUQ N4rhena5 BEwMc9oC ss6pzLh3 oVLb53iZ eELCajz9 6U9fmLYm mpi7910s yHSg1wk7 BYN6wLMY /DKNO+us bYsUxJqw bZdFunbM
 yWDYjPiB uARErmkq 3G203Sog QQtde/A+ jS00eVYY evoO69Cn SBEL4em4 afOZzDRm Gt1WlTH6 xP27QJys zkz0iUyx EPrhi5gR lHamTwAK P7vGTEz1 +YbQr7GN AU/795Qg
 mmtLFmWc 20Rtu/9W AckHYZrS lO3jtO3i h/g9SzXf i/i0Takq 1xg5SOTe jlP0x2G2 1U5Wpmvt Mj7XnWFE glH2O+FQ ydxmCUHS aaVSMjPp mf+2yxiu HXMyC5K/ 2Fqoz6Lg
 PZdmV+Sz k4C4mKK5 SktArhzm 0168zGRC 4b0Ji1Bx xHXWgTXG MrfdRyD1 WcatsX9C pF0JFHN7 WKYdCys9 pyxYJ4k/ Wx2Vz5jZ b+Pxmv0d XW/XUofT pu/Vcv3p rGc1EpAc
 chbeusmJ 7AKv0WYn AaH5wBTM Ybe+NPGu 2ch9FiEn N9w4nS9l LsYkqibv EMYvxGd8 97nPfRbs qR7H79Vf 7RrFIHie fEUQXYc1 Yjnahb7w 7bQYx5WI tFgnsWL7 0O+GcO7k
 w6n4Zv6s xKo0BSsC Mu9Cm0VA 1ozeYqa1 ObsuSvqk 7KttOqtk 1XGCSAOb pPCdit6e khujFlpV vEiIyvqX dGvsvXde FgpdtLSq 9XI+ayFk azeVqpjb N3hXa7TL ghz6mCBf
 1qy1m/7X 9N+mIJeE y2/LGvpf uLTMNdrN NUqZHVcM Gryd4zr0 nOf1Qg0p LQWilFt7 JzTGxj/H 57sjAVkP cjrHtud3 UeFMWDvC nUWYcprL JjEFWGkJ ze6JU1mb Il/m5Htj
 JyBelarM OHnzmU9V Um7esxRv f/vbL3kf xFTvRVhu fvObL09/ muHu01zo k147X6eF z3JmZbOq 0cBx9fzM HFg7sPjd A3je8z3f 8ygjnbBV AzWTdFnM BHSGyc9C wQZpcwm8
 U6oioGt+ WSt+v18Q YhVONQnE wIQPfOAD j6pkz7oW KOGIsbME 9ratBzkn 2MQqAPyC L/iC5fdC wesyGMfF NAkWhZDV 4Oe0MbeE U49z8PDR yXS7YtqT MvpJzyvE PMPjM3Sf
 tse4kw4x lu/ylyr0 83Sv293u dkc+XRYo QUnYZtGg 37LqHX/S OV3KeTPE bgz+l6ZQ olQT26yO WPeJXFRA Ck/qGIS7 NQHFfDHH pQz2JMdG 9KBgCx2j g1ZCd/ov QMG+j6mN
 GTQsclER 21y8sKpz lc2DbMr5 n/zkJx85 38ahjJ7g EBLNTDHV eRWO6J0Q xCBpczQo xxVTF2zo fQpK2t/z JtvBJvg1 LUwV3vFI yrRrofOu DUsn4Zl5 jnvORyIY W0/wtX9W
 ViQ+i39S xMcKyIQN QroSYGAF hqlKt0nu O4Ft50/m nYvYZ5Ap P6G9brMK jmnTg/nk pnVPQIv8 gR/4gYsA iFYpHwlm up6suAoC v8/++23j Pw+/ry1G QlERJ+ao bGYKVRa5
 4/tfhyRn d/2aVspv 8/r4pZ37 E9SzqEXL Krp3lkKz HYUvMtvc JzLxXVZu EZC1BpxO p6JAF1Nw l6md21ue NgPkbzTG tGET8r+w nTF6tFgW LgdS2Qem thth2LjN 3AhKc/qK
 r/iKxVfR nah8Picy jVL18B3v eMflHofY FO+0aTfX NkaISSYd jxOK4Gbz RycJUpsE Ksy82c1u tuwqL8Tt KWDxhOOz 0tNyJRTe 7UKj4uAs 5j/vmwW0 vpS+Suug evwUvzXv
 6wlITlPO ignYpY7/ IeHm/5jr rDLpQau5 2GkqY2FB hHIJCGw5 8TLiVH2s A7HMdpov S8IiKMIk SDZO6Hvv 5TB0/YFe YFyW5Syc zEMxUQKv 9Pse97jH QoKc8CBX kNpv5i3E
 7fnpqmAp GmX8HsxT wljxnwAG pWLjaEyv /6LzXTc+ mSVAIDFr fRZ+bIzu XjMaByLW r2688Vd0 ie4XFRAM UD8D/B3c 6b0LH2oR j7tOpi7J bjHnGPRx Y27Vs7RD 18HIwSa7
 L7oWx4zG 88AZfon9 tebGDyCZ 3MYznvGM o5oqfgyI qYS+sOFp zvnQ106h eLc7I1rB 4SkMjFMB XxbY5nz2 upWEVfRJ iag9IwCe HlZFt5o3 lgTSQEuK RGCkHVim 4++hR6JH
 hHR2UR56 vuvrFcrN 8ptve0l7 mGkGIWGa fsiRgDi5 H/pscglI LYuZ3hlK Pe0Jdv2p sYOBxmrR MPCNb3zj pfTdq4JB rbcYQp/4 wx/+8COf JC3YZg8s ULmesuV8 jpjBd0oV
 gm4JbEoi p39qovPg vM9Fzxr3 AFS7Nfb4 shhZIpi1 UL6jrblX UUTzFzL3 XMUZGu44 vhsIpV+I IGQ58I+w uc0+YtSz 4hv3a32C VPxVay6c bx4hhQkt je9GneAi MV3OGMdU
 gSLmy+OP kBHkrCa5 vk9jrZS8 J1HRZMZP Q3n/2I/9 2MVCTCth IzawQYcf AVEuoiRe 2bywsd9c r0ea8U0Q k4ClPMLc x4VHz9LC 7kL/BDVN ii6ERLHl a73Way0W VQGfxCcI
 1Y6EMVaw epb46LMJ tpVbmmF2 W6yqlbOh NJraw6zH YpRLOwuI OtciwfSO n639x33c xy1r2jpO xWd+N4po E+uH1STH aFpYk4MW Zg32nEUU 4kIMMIXZ pO55z3su lsIGcplM
 7cFzczkQ yf7BYJhz dJqZHyFK G85IjAhe eY8sjn1x e9xA/o5z +xzmDqrs wsCnecxk iuaYlgQj CQQoRWnU xtA5VVLE I0EyWxlR OCz3ZPLm PN/lkawL H7be/azK WSSaU/z5
 QxMleUSg EqoZ4Zq/ 44WjMG/M nsS5oMiO ydlkYGrK 6Qec5uLu cu1CmJxJ iyYBBDYQ FGNvw2e7 ws8wMWeb Y856KItH mLYUagHV d4FdjhMp 41y6Hq0r /+LeE8en ZCzKWWjH
 Xegzo0tp /ATAGFmO IKXtnFxz RimDVjGY c4X7KY6e A5MgOaZw ruOUoxAM zrB2ALA3 2oZcdpnD PscUneoa Ca952bIW QsqB99tM Gi4Qq8Wc Yc0kuwYp TlrhuzWe 22fwhzg3
 QnO+td/2 aOgWvZJ0 Lbpe+SYK EB0jFo5Y LXIah7bL katAE2OU C0HYNqOe /kdEPqtE 2DYaNp/g kXWciTs9 NeCkzLgn X1GKzaHk XxYkeK1I VK4o3O74 6dg2dxUY YKySHE6/
 fBXnPSh2 Fj5a8Gny eQiDf6kr tbzZzPc4 /tl8ECcG oxygVBy0 iLkiwtSU 2xbotH+f Y2LpMH1w SJ8GP8L/ SkOyErQm BmcZSgim 8b1HqDvf +c6L488X y2rSskxz Aiga5rc1
 xEqbXmz+ Cyce+LW+ 32TeFF80 43dpIiry p/PSvESh OmZi+ASG ky6ki8Fr M3DfBMM5 oAurm4X1 m4iiMPpZ CMa0GPHr hL/ogif4 1/yxKUgz 6rX4IGmG fIuYAYMg mBBpprcw
 Z1J42gKw 7frGUSmB iEQ1VMau hwMsUpwW HEAIcItl YSFjoBz7 udDggfoz L8yRFqY5 mWfXJmjt vVvAYGqr sxaQKW/u vS4OTBGo hKbhwcsi c2gp2YqG aDRDtdPP wlhC4c1z
 zT9yTwpb g7Q55ZQI pVsxZFp6 2xrv83uQ KaiYIFgr j+6rFaKx hEgS9hvF 8A6YsAAT FBmSZOvC 80b7DPxS z80pn+c1 lnwB/cbt io4w/ISe m2iRyvDW y14PiWtm 9jsGjGB5
 OPquH6NN x1LM3/Vp xhRNTv4u 8zuw8Xi2 y6Xogo/h cXNVkSvJ N/MUrb/d IQkJWJQl mThdPkNl gXNTCpW8 i1QJE2d1 ZzDFAFmn FNNZOOnT p+5zc9ZE h1+q1J5B l6zOIiAJ
 R4uavyFD mgWZ5QPB h7MylWm9 7tf/MaUF 5w/UxKRw EXQShcLk YBZo5Hga k+YHk3oV xkyLeAc3 NEcVLp5F fTGcJFM7 KSqDn0om hrmcFuQ4 DW1c5iSi J1AxmaKS cOeBjuZG
 6awdVzkN QmQdZnWC SKIiTz5H zDiz162X AEpP+U2A JqSbgr2L ornYMTMo MMPd7mce +Fso2jWK sk0kdaMc zIjZxP74 j/94cXg5 buVAWJVZ Hr7v4Hc9 /2ICEmFv ectbHm2g
 QCvwm5xH y/vfjoYK Ftv9EIY2 94gCJglG aLB6wAMe sGBTc+9R ZzF/ghLh gySgllC4 V1uKbotk nbYFmdfH qI0dIrj/ /e9/BJGs Q9AiK4Ou NCsfjJCA ZAmKJJsO zZibtVDu
 o5IBrPWa DnwM33ey +RqXwvrR 0vVTLNO3 3JVPjjsu azERSPOg NPGHTT96 zWDGEub1 QxKTk+47 2VDSZeF7 DvkMBTvm rCzIeuLT ghgHH8lY LWbJPdEZ 593pTnda BERpxAz7
 OpafAhKA GqIZWSDH lWG3S6Ks MkFIWNKc 5i96FmTj 7GVdjWsb hLgUAYkG l3JOSi/m b33Nm9ak 7IJIU2tO 5lb5yiLz VxJ80Tw+ iusSHOU5 cmXyKngk pTPbASZM ZZ2si1cW
 qDWdY+7z PgJy3LkJ CIVh7WzC kWDMZKcx HeVB0pBJ tZINTCKJ VKQnTZA0 ntYEdiWI cZikvXhB KVlRVsJi WVCv8PRk ftahaFdh 4P53nZ7w VB96uRRW yoLORJd7 wNSO1d2Y
 Yzyd4wvN ZxdmPwRE myjBuAg8 eJXv1T1i nIQ7QaEg +aMcb7vD gK4gmggW KIo+s9LC PYJrIQ58 ZRzeWVoW ZyYOizDN jHbh6F35 4ULHpSDy WachELYX 7fRKSOf6 LlGsfkw4
 HMj80Ko0 KKJkhjPB l8t6RISE VMiWNTBW Qm1yEnmE wALI5BL0 NlqYAlGo dj5SujZb xwkDK/Pv OI1jMY1r Z77tlgGO srZtbYmm 20ri9xWQ FNbFrhNT 1otRJImj PZmizxNq
 JSj9pn1Z RS8BQzO8 oVxFA5XX cf6E72fY tCJFFQlK XPBayqT7 dM4hFbD7 TB826w49 SC6vo33J xWJBIsSE B4985COX 4jJFabVa TlxYaHBf 6b6U86cv 0mSf9KQn LfBJf0IO
 NZOPYWk5 fkQM3rte AFtRvvd7 v/fRZngE TFlKe+vK /nI2+SZg Gwvx5V/+ 5Qutcmxb yJ6X6J5w +zTTh7AA UwDW19sm ZAnxPI7G VHKDKShC jOqd0GB2 Aq9/xp9I j4ieOjW+
 C7pMa4s2 Hu8AsrHg ikK9S8Bq XRYmV5PF B5Rw5aA7 RgBIqY+N MVQKP/7x j1/ugcbg /RSsS+GR 445NOEpN uHb8S0Dw CMUWf82Q 9o1mlAEx c5TEuhGi 3gE3zvRM E7Xv4C/l
 /OMEpJ27 CUhOsoVY CwXGF5UR ZQGFRL1E MSo3ULLN HymPIlPs BWv7zrkY aJbcTPjA 6aVVhU/z UXaBCNsY fP37pQqI 8znEdsME N9vkglLh VKMLmAGH s5ZgFKfV A1pBV5Ep
 dMEHvkO/ Sm5AUQym zN0x8LzE IzjG2ir6 JDhooipB 8IPvQTk5 XnGk66oD Y5lU+gqi gF8pokvh j4tB2Xys 6tCydtAG 3um1hqOL k555CT75 jsQjAKLx QSx64c0k 8qxg1oXC
 u8aB8DV0 pdlh5Bg9 SBWMoiEJ hkgKZhGX p+XMU2TL 5g7OtVDf 9V3ftXSe sR60oNcs 0yiHZGEe 85jHLOfp m5lO8bYF 3ldAjrMQ 62uCQZgA GlCcCBmI TGFYvS4i T7LpLGY7
 UM5rTAe6 BjRCYr5V OHf8RCGt m9/mGvq/ hx71edZ/ +a7/t9Fv 2+/RJ/Qz y1z8Zu0p CpB5+tjG sDjpLbr3 GaVqs18S 1tNWm/z0 A7YN8JC/ r/Mf/s+C gA2FCBG3 HRVzzgkI
 zQgy0FqE n8Zj6mlF GpW2VNmL oYp4eZcz 6dHOEdo9 Go/70pKO pamntto2 /30FxBh2 ecVwmIJi 8DAZr5ii 9xzZlGU5 Me9abWet W0rHfmGO pzyqavBe 7qx18V3R LALS/2nz
 +b6Nbrv+ bo4T8SSs +UUMASXY IzSCYa6/ CEiwKWJF SFjagqv7 n7vQzYjA roM81HHH CQjMitkJ ctu4mEu9 9OZQiJcg MP2iXPAx 66LKlFak EVXuYvSH PvShR48y 8CRdEZ/o
 M/0PtIgh PITTvcCY FqRFOKQf sr7WLhYk pihKBeYI jReRK1Ea 805tW1CC pUEf/gF6 EA7JUf5E fRWNJYGI ZpNnClwI nvB9TlM4 0GparumL NCb+koBO LQyz+tkx iw+S9Uhr
 uBANg4Hg Q4wXNpvx 8kMx/q7X Oc4Hqf6K mRTRapFK 4LULokiX 2iodhipX QShOPBys Vgvk0AGn 4pTzHjQD xbyqQs2B KxqTKYbX CYg2Xq8e lrNtbrto /32PCRo3 ZtGocP6M
 /8fQxlxg xneFsZ/4 xCcufGBu 6M2x9/Ko OXPno8yd S7Igrjcj VTZ+4J/M 58afFlzP 52hu+Dc+ Nxcw09gF C7xmZYFj F4iVc94g XbQ6FTsI Vlw2Q2VJ /jYGOK3f GystBBKJ
 QFU0yAdR JhIEaKNp C83SCDES AtaD4Ggr Vnmq/1p/ SMlGjmNB i+a7Zta0 r2PBOVG1 dU3PIS3I SYQli5D/ RFuqfC5U HS7vuATc O8vBAhOC mMv3IO18 ypgKX4xW 01VRohjT
 O4uFNgIf 9h8Lsnfd 0+KVed0g pPEZD4Qk Ecr/Cl7N KOT1fBCT yMSICGEw zFMGtcl2 k7OY0MXu Ee4FmywO 5jRpj1su 0gIzswZV 3zqWSSVQ 5sbq1Hev n4QlIFzO lzFOebSY
 CURaFk0I JiITRA5v zns+3TY6 nYTpL/Wc dfRN0hM8 nQgiZRDs Fr5FV8Jh TsEj/ECZ mPfU0AIc 6CaSlbPv WmXsQwDW p6eCrYWj YyY82ka/ bQqoa03/ qsSk8iK0 yAfz/Sx9
 uR7EcoG0 CIJyXiS/ lFhMeJMD s8/A9zl3 +iIYRYjV QrIMXuqw MKwqAHMg 6PwOn1kb zriaK6Fe MIujzpqw KuCXKA9B MsZZ7JZD jDYzpg5W EY7KJ9ba c9tcL5XZ T3r8FGo+
 iESo8pD2 JJ5MopIX TUHVdV4H HYTBRQSj Ub4YqMIC EyA1WtNH ImA6P1U/ u8YsRdlG o5P+Hq9M 4ZihXFCP G+G71jVD cD0fJCn3 I4LAhzQp ZpE4MsCk LgfntHDj JMZx95gC
 YtwFFAgB n6Rnkitn Z/IttGQQ a4KRaUYl EhxrWWGJ KpEtbaTB MoLSK/w8 a5T81gJb cFYK082M 7K70OSnD bzsv6ze1 fIzpXMpB Sc7U1pgY 0yQc3aOI UxbHriWq maOD9wTt
 aU972pJb kVNJwbDs 7sPHQ/dp KU7K/Lue NxFP/keW gu+JL8qh 5WM2zwVi hZkTAgcR kLA46JLg zLKBXRlg 14kcd9zF BGRm85l1 i9ruJTra nKsnRCSK YFicoBeY RZCEPJlY
 wpVweCcs ddrNqEyf EwTYlbVi hYqEVN6x 67y3Mfql /t598xnT iK1zoVub LoCX9XY4 juUg7Kyp 82P6gjNp X/kDIfbg ZHwRAgm6 VolhTCJX LEvlONFy HXw5JF91 rQQjWlIE
 LJzKAOtf UGKiqMWC NKHp3fsB YUQlCl1O 8zxx665M cNLjmtDE hr5LM/UO ViUgGFzu grmn3QkL Z8wfX8Q7 Jph1WT6z Msq4HeNa ssBpyOgU k+WrZaF6 bvwMK+4S 5l3T5VKF
 YX38+nrB wpkLqHnM uawAeqg+ qE8fVBTa DylMaBlk EgWTF5kW aTKj7ykY tFf643hw 3f2MsVqo k/LFrucZ RzySIPY/ PwlKolyz tlOp4Lmj KNbMpncB WVKMQpuE T0uQXaqW
 3HVC6+Nm ODXCTsfO JII+HK4q dW0WYDtM OFv2uA3g amxSZyRR 6HgwkoAI /SKU6lXR LNqF6Y1R YsaERILM eSyR/pkJ M7K4lzrv QwvILA8y j5nHEb43 PtCwPn5l I4Vni/RM
 GJWiEozo +Sj9HnPN xiv3b6ML vuLsJ9o1 iHGpNJzH tw7e45to Ym2ts56Q XvF1xyxO ehjNQUWG HMBBE7q0 TaVXEtjn TPc+E9h2 btYiDT7h w8S3jpPx N2Fj5njR DkpJJP5K
 FsqLYIJ2 tIgxKAJO feaf0+67 doyvb6GH dXpCURXC nP01Ydfj 3TbP9aLu Kijbrhum nsLdd617 dXfmyyr0 mtYw1BB/ gFcEK8ab IeKgk2P5 h6plRQ3B WHDOsYcq Jdk2/6Dh
 FGLn+F7A AF94j8+m LJjHEcTq AhO6VJek sMz3621R TgIhtk3o OMjhPiW7 mtyU+Kyb 7DiLUJ0Q qBQkEM+n KfoNM8Df rIDsN0Hp CVquze8i bMK+4ddo owynYkg1 WjFPisPx
 McmlzvfQ xze2NVOm DFVtV04D JkoAgqXl ONLArjMD OSKG/JCs QLA8OIZW dlTUny7a pfHKVqeU ynyM3yH9 jeNoNwVk uhOOVWtn 7hSEuYVW /NY8LvoQ T51fLqDQ rWdLZ3HO
 Krkzo0IN PDw9tTqM Szgwersp GrvFhqdz Lu03S2Nw 3m2PGeyQ A5Fl9+pJ SCI8ruFY 45BYozTq LyFchXv9 Ph/hdhbW dRdhSmgT 7snkEnbm Ao62fSjH Vc2ahKrq Wr3jUwE0
 XxUGIoFZ kO6DBnZe ZDUIEZ8j R56CdY51 Um6P9v3t MpeTHJOA T4ueos9v bQ/iiaby XRYBmWHA LAlC6hJj gjBdTTEz S3wWTNDE 5iJlMdwf 9i9RmFYX RuRgV3QI boFKXSur
 UtzbO2vC Gphfvfec fBEw0Et5 RvfBVIoh Z1nFhETB kLMMZV6I eWLAGDk6 tmsmvyvY OMP4QuTq lAiKchxV 0/pe0Mfx rLPQeM44 JnOcsnml O+2llgJK IxtHige9 T1tAjqNL
 Fp4Ai3oW ODC29v66 Xpi3i0zH 28EwfbsV yi84bjpg p20esxgz spAGNA5C KwJDMDja fA8+Ru2f kmBF4jC1 aAXfwbwi gHsoc2f6 5yPczF8Y VCmK61cV LPTdTosJ RUGCGSqM
 IU+i9Q55 zlR+RY4w uzlhZgqm EpQURxrf u5wGS9nO i2ASAUAv tEZ/USrK COPry28z ufB8fNL9 0UuBqGue toCsrV9z FGCg/KCN ciAp0Olm LBakL1rw iSvhdsRU 5eoVMQ+5
 iNuulQ/Q cf7nGMs/ BBFUlRqn GqFCdkWf lFRgBr8X dRLKFNYk HOVGdLsp VwejRFyE JXPEE7C2 q1knzuZC zEjNtrmd 9u9BjBgR 06LHfe97 36NHH8yi whDFhE4+ O59fxjoT
 Er6KnRnh eP5F9Jg+ yGT+rjHp lLY+TkgS rn3p0zwS UvcnCARE ZYUIp++C 8rOa17lb H6DDlDJD ojrT4Uur 7zuBCNHA I3D3mpEz wukP/s0P uNvd7rb4 GCAVARDq TZCziP4X
 nWL2ReSC Xo4vipWF SCD8Nrvu CJEq1Bju UPPfl367 nh+dZ5TG XLad7/g0 fwpUwKNN MdZWPqV0 XugzFUPG wNiyIKKZ BYDm2iZY xz6jcDrg iIFZZKHD /sXCD4Gx w70G1PWm
 81akLCeb 45ivYZ/X JB+UIjSP fexjF0EO 9hhz8+ke iCMAIYJD AZQ05GvA 0awRGOX5 e5Jd8kDu SfMaI2c9 GLKNwS73 75OWfc7R 3iUKmeJK 6aA3/8Wz GvPh5nXT 1IfgjUPQ
 LkafcM93 bRVVMnj2 xMQvztn6 EM9i5Bzd 6X8cCmOv Yd1svYy5 LQQHEWbF qKIgOsF6 wdGy4DS+ HoVphWKG BHE6+M7n jLqmTRsq l58xfcdw 1mFVZRJp me59iEU8 q2scJyzb
 7p1SsQat DZp5xt8s cnSdKRyH gkjbxrft d+s+gzL1 6YDQ/NY6 KwtUmG+Q 3vvWx0DT ojmqlX+v a2i2DfJi vxfxydx7 bzGmf1Tk A/b1IPsm 4lj752Jy Wi38P7H0 etL9Vp9L
 j4p2XeOB pwslZ4kk F92D09oY d9HA+9Dm 0OeuYdYu Wr7KiQTF OSoNKMwe oHNehOE4 eqUsi6Zl CdXOyXNx 0FPEKc/e FwG5UCQq beOC4uKY Q7GZF6YJ e+67iEl3 EaB53/yQ
 ub2nHbmb ZFlvnYDg lUibV4yf tp8hxqkd IozsLl+E BcrkFsIN U9v6Bg1s ZxPsmL0h +9LhtM6f VmN9j10E JF9iWmJ0 V16jj7tr HmedLsRb pzXXiwlI bgGeEGyw lhLDBaRS
 ovFHCuGi AlIGW6kG J5agxNCH xuAN0CRL uvksO24y AgVtuT+d bwnMQtH1 OM8Qbtdd BwGyIglP rbsEZYZx gxX8DglT Ub1Z/XyW i32oe11M aC7GZGiJ JyRYlfH0 SOzjolCH
 UqD7zjnf NcbHBzbm oFBF8kID 3ac5JtzX E5C1gxWj 9Zhl0Z92 5DtUKcUU tJnIM+Bg FawoOjXD 0RgXo0pQ ESCFietN o9MOE1rM xYw49XXY P6oAgPCv qJVzC0f2 zHjtyAnc
 vgt42ufP uZ/kXs5P UbY+AhcU Fnq55owU ZZVSPCe5 5yHPyRLM fBDBEJgR 5DHO0MuE WDnqOwkI nNajEBSp JWW7mOht k3WtWbGb EyVLi1lZ Bzv6Tcd7 VqS+7/u+ 76INenhn
 Tlk1OPP+ c7wpA/d3 TMJnX6v6 QmSZ7fjX S2bZmHQj rjXPtnle rt/X0OdS xzHzFoVD 0V8PRe3F awtyIYty qfc+xPGz EiNrYmNz AkLZx1fe y/FNIb9o LVaM4yb1 PdgZfMKh
 Q0winyLG ry9BPY86 qJ5QlE/R oqnnL5mn fH2Gc3eF QRGmMXhX qyVilTXR XupeolwI K5M8s68T TiRwQdHz xCyHWKsr 8RoYfwq6 5KB+oVDA xdZoq4Bk QjUSYRg9 EsKq6+zr
 SQk30/qY C/4XxvUn Wz4dvYoT g0SO5RvJ X9T9N03p Lk5iJrhk WIWKyiVY pap/CYX+ kRKKMu7T 8mSxmk85 gpPS5dp5 /7M1ibkL jVLmra/s P8gu2DL9 jQvxylYB KREnW91O
 5z2SbRcG 3DYJg8xC cITbbFqy zr1nlrP7 xYz6yQnt fKRXGnxX JzGGXpdA JDiEVP5l ZtwRWKlK +HzdlnqE yZ4F37bR 4NrvhxGG 4+hYKD5f w/ZOUEAP +tlm4bcK yIQMNiqe
 3n/O6z4L 3PVNQD8C RmT+wovl IWa5skkp yxaW1YQz t42cE97F R3L/2ecy +7bnPVkM Uaxgl8Si OqQw7IR3 lcRcTIFs W5h9aHrt 3P9f4KxP ASXIx7rZ QDDe2LYO WwWkDLQL
 VXYimtWu ettusG2x sh5KjtsF sSz5ZNAZ SfHZ1qKY lRXJYY7Z w/+7JPJm 1rzzjDnL 6b0tbYSU 7RHFyrW3 lpDhfJT0 3PnkYnmS fem2ja7X fv8/IfFK 6T3ucY9b eEaDXD7n
 NhS0VUDC aSROJSun GHN0k0Ms tGvbmY/p Ey2D/wvR xuRZmhhQ IxRro0+j asyYYjrc 2xglOFSc 3PuMmPX7 fFilNt42 fKi9V21X r3Ut2LYx XPv99CBW EJqSU2IP ASlbQvN4
 7GL03yog lVzEoG2v owttJmFO usiugenl MfIn0uoz IRjjmhRT aVseAvI9 3/M9R/t1 rfMk0x+5 0PgcU2VA fodjG0OZ ZPctHC2i pS9kbm1q 7JqoBAuy RD1n/KS0 uXbe/oIT
 T+gRskY2 kJhpgm00 3iogwZeY RgUsKKTZ pB0/jrMi Jai2DcDv nH7Mpr8j 6JbG7trT V2i3FfVA fBGvnGyT 73ORi4uN YUKsQr59 l481j8lf UfeF4Jx1 G63lxBuT qt/GdQgL
 uwsNrx1z vDDlItjq FI8V0JnF q3tZkLB4 tTgW3IbW GKInnRbS DGLM/oE0 8MSCU+hc j1OO2bRg 5lAF7dZh YOPAlKCN nblnrdCM XG3Dlrsy VM53UC/r UD9z253a +dwufTnx
 oGiPbHOO BVlvh5OZ N9cpSAn8 LkGGXedx NR83o5uh hmiasgxe VQmyK3/s bEGCUxjF XrQYQWVt eC6mnx1Z QaSEK9+g XAUGUCjY tdqsrChQ ixrzOE8d kJyEczyr wjGXGrm6
 FGZZ+yPN T0+JPnZa SSmO741b ta+dyxMU ULQdQroW SNfCTSFo UVNKuy7i pcznajx2 BldSaOga jVUfQzx2 tPdql/ld IPhWASnn 0OJhBFEb 4VVa3A4W M1M5U/th +vIFXWNC
 mHIZ9stN yLIeHT+/ r9FFiDfh PE0Baay9 lyA1JtaD IOi2JDAt indC0TND ajhT+1P5 eFncyhui c4uaQroa GfrQc5oQ ODoWdEFv XaTWQG/T jHAeREBa sJgw3yIt ae/VHoRS
 hjspDi41 2Ck8flNC Li5Nuj3T IyjSJGKi 6X+UK5Hw 6X6nqWln pGMdPFCX xoK00XXj zioYNyhW 2Uq7Nyry O+6V5XD+ 7Ig8NENd TdcLYq9p X4LZBh16 z9X0eUqB V2H7XdIA
 Wy3IxHIx uu+UOmNs kkkzBp96 twid24LE APkVFf/p Tpu1UxOS uUYFiLRB 0S7NTcGr 01zwtMyc u/GZi2ia TkN5EcI+ y29mZEzU S0+LUvnC w8LUIitZ 364/fb7T FPzTpNlZ
 XntC4HzQ rK/f6oj1 Puvu8v+2 jXWrgHSB 4FJY2//K hpU9q3ol qT0ptIFM aNVEioaZ RMyuYtb3 zu+VEM1J 0QD6EEC7 CxULbpvw pf7evLOk M+ztO7vD UxJ65b1m ZbJjZ0iR
 5rK1ZwlR +wbbfXAK oc9Zj2tO +vYwb5Zj wuy+k7fT NahjNEUb H0bzbfyw s4B0Uxem 5fzZHS9n tLLwyRAY ZGJsg8kB b8NkW1Ny zr2CMN1r alfnapgi HEKs6+vO 0oEZzdpG
 gG2/R/gJ +3zO32jb UpvKBT/n PlmNq5yI eXoeibId 1gREswM6 5z6r23tz 3DbGG/Lv 07KHKNBY 0SmEgsae aJXFoNSC WLvQd6uA BJliisy+ dzeqH4OU BivCf3PB syYxka1C
 CZddRIJi +SAxeN/n 0+TQ26PL dWbF7GkJ yBTcTPfU 8qJqQrrC 3mqzGnMW p4XJEs2M vLKVthlS kaz/v+ad ef4NWQC2 zT2FHX1j eq0JkrnW Rosw/pjK e9d2iK0C EkPPgU6t
 CloZBE1o 84QEaoZy 8yGmFNt8 jIBwYmcP +XS2cpDD +z3QxxOv vJy3jYCH /H1Cnmhg HD3LTxFc r1mTNccQ RMta2qYI 1EILfQp2 UJmRrJTF 2rqmOQ85 vyv1WjMs Hu30LUEb
 fL8ZZQ26 7+Kgo8dW AbkQ0WIQ g9MOa4El ytKgSXTn Z3kMTNEf ZocPxajT ApnIBu/7 JqxnnBCq qD1Eicu+ zND8jU95 CX9KjZoi ykKN+U8p hizqhGK+ 6yE25mcH GZakcybc
 bMxZVPTZ dx5X+vkp pFmWxFeV o8OTKdN4 Kguzq4Xe W0AMUG19 D6KZvkiD Dq8nJG3T A4fPCcZA U7rDiz2K QVlHGuFy Lu60IJSE KIk+EREt +0Z5ZcZb jKxrUbCU iXkIc2tj
 taisayHs tGPKI1pm WS4nDc7L vVMi0UqF NTqKFKZk p/WfcH/b HPYWEIMz MKXwcLg9 cEWjZv4k xmgwerpp S/3fvivy MwebVfEO txMmk67L MAi3bYKn /XtQyntb ++s8LAdU
 oGJmzqdV aFHNkz+j vZdf4hpF DCctp2Bc CwP/Xyph Wg+9QXJr 2rVZdq91 TimlvAvM OrGATDiU c11DkZ7y BlZYLezX jvGYXX2+ 1yxPyV9J QJwPlzte 3gX8OE4r nLYgXOj6
 01Jg9lvd 6laLopg7 D2YpZi3W mulnz4mA B/xsJ/qp XGZ+KBh3 ueZ9nu4b o6M/5UvB 2JE+Pplj TbH6bZc5 7CUg3SAJ lTBkGfRx 1x8xB29Q ivowO8e+ p8LOjHvM FAZ3voy1
 c2hV3xe9 Og8aNMFP K6kt63Fv bYzcmDtm 5kpaqN4t INwsAanW ixac2eJg aPfdZZGv 5mNm9BJM RTePZLBH 2sxZrem1 K+8cRECy JhZXXkPy 8La3ve3R pga+zznS 4ITZZyWu
 34tYxShT W97znvdc NKp4tldO 6nlY+Jge rCzSBG6W MWdJyvOk SAr11nFI 4GekxTVL QIrCFD4v 1H4pGPo8 0Og0xxDv oI3IFd5q z4RJp6nI +n4XIdlb QIJCmS4l F6SYFq3a
 Nua30EGQ Ng0OXgXT siAxg4iX 7DlceehN 6y5l4XLK 5zlp9rR6 guudg1gS 1c74EqPT f5i97+Zc ZCvrCErK uJu3SN9M us77Xcoc rsZjQyj8 WfRWIFqU c1Y/xFcz wrgLzDqI
 gGQh0u46 6wxWxa+Q W06p2iPR LrujyHQ2 2Jm0mVDD Z4V9rIdy lrbksdC7 ZEHPgiES 5DTUjMlr I77pTW+6 0AL0hI+z JlPzZXmM twX3bmsa /gxrzHcL U68h11nM 83Ldw5zX
 G2mkaBIA O12WZqBQ U9a7OOHb 5rW3gMwo jM8mw7eo gpXfgLEx EuedVrT1 fANrsdcS juFYl1p8 bQXqO1Zo MtS2CZ72 7wnGjKT0 2ZwVNIKI WRPNZtqE e838UHja b66hSlqu
 yLme4lRy sFDvLhrw tOd/2tef vsMR0Z5F H7+Btkp1 8NXcG+0Q wmFuewtI VmMyuM85 4xbXJgcW 1wMh/e+B mha5TPga W+fTgBbg Gu3bs6yD Yp1z2gu0 7frBo2lF fTdLSszV
 hmWcx1pz 7VTpccjr 6t3ml+Kw cz2aeeTy uiPxUEyw bY6X8/eU hfe5PVP+ nCcOoI+H +qBH0cD4 ct+xH0RA prMTdDBY OxO2Uwl4 YSL8Cb7E dJomc5lQ TNPWPre+ 9a2vtw1P
 JnYmf/Yl xEnPtxDT is4HAGVR g5i0XfVX hF41gR7p Eouu1d7E KQAWSCkK uAqedc1D McBJ531W 500+qcav uXuMAYXj KWFTMHbN ku8yh70F JD8iJ7b/ vYMI6osI Rlt2ghth
 6ZzNoENW KCZT0Og8 mw2nlefk z4MGndG3 xj8z5wnQ DEawrh42 GuyyWQVf q3J/MHW2 5dYkVqNV WfZdFvhK PyYYGf0q 5tRNqvVa 1DThyEed lmTf+e8t IMGhoMaE XD7TjvIi
 NKZSDLui VC6foIQt E7IqdSto VIc1z8ns 7jv5Q5w/ yxz6HE3m okafNKJj JQI9xCXY xW9jNUuu lkmXKKUo Cm64Vs9J PMQczvM1 rHuKNOfb k63kiPCT Yle/55cm UPHUvnPb
 W0BazDBz 2pM0F+e3 u0dNQiCG V9vzTG1b mDTBUrgn zNmjl/Nb ItR5gFgJ RdZjLmjf pQia64za +QxHg57y R/lsE7aJ YNlQj5LB EDMBti8D nPfzpzLM 76jd+653 vesSADKH
 aGo9ot0h Ip0HEZC5 YMXrsyQG rJiRFeFw 80k0WjXx JD7hqNRE sgezIELw Kk3Sou6S 6DltBlgn nZpP1QHd v+P6Pb+r /IcaIlCK VjRvT9aV K0qolE74 HuzM0gbv TnuOl/P6
 61QAnw0d tC9XiTG3 eE1hTWu+ z/j3FpDJ AFOjz5Ck bLD8h4mB E6JZz3jG MxbGn9Lu /2AJLUGY SrAFTWYN 03kQkH2I X0AiwUc/ D0q1EUb+ iVwImnBI WRDFoHy7 SbsZ3Von
 XPcd32mf Py1EFrd7 TiWLNoI7 dkZUk1fS +LTHdzAB MdC1gMTA ihJlODno JghKKMFo 98HZ3+Ea TCkNgUlo UdeZIeEI eR4g1r4L FNycuR2b PGgvLgci l1QpPKUB suaYTohK
 k6Y5DxnJ 2XeOFzu/ gENrmiLM sgafVGUQ jFnEWQnO aY7voAKy Huh0uvNR 7B9VPkQH nv87Lhzp O4TQhNST bMOTOV/5 IadJnLO4 dpArBplt oZ7oSziy Jrav8VlZ hdes0Zp0
 STiuBAg2 5z/L0tEh dCFIQVlQ DiJ500qe 9hrtLSAx 94UGus4O I4goRDCC JSnTnv+i RAMjyJ73 cv2049VU rDeZeWr/ LIrvJAvl QdosG8xK 0yZQc0/i INuVAEGb x0wCzsAH
 f1UeqFId a18+5Czm d+oCgsEx QZCgWL/M eJqx58U5 Vu0WU+oZ JBrvK6s4 rgLzaoBY a2cy362E axpWEWhN Y6yr5FjR vWl1sqzr IMFpa9qT Xj+GTyGk JH1Pkao+ wCdaaLUm
 h0Rmp+VJ 773LeQcR kG0Yc1qB HC8LqSZJ +FII+F73 utdymH2j EMQ+U1W2 TjwdbLga hCO/jUac TD5hx6zx crxn1adY dM3B5imh aU18dyXQ aFoLECuL Alblh0o2 65HJMja3
 K8KCbJPC Fs9kypmE n73LKjOf HHcNRj2j 8Iu+6IuW he+8zp1E OQsCbZvf vr9PCzIj f7NXBB1Y YL+DHNGL oMDlQp8K 9WjfNOuV 4qOZW70w rbF9jeMD QR0h8I4r YbwOCu27
 Dhc6f28L ssvA1j5D FiHcmdVo wb3bDifC ucfapF4J 2nEX2pT/ STvO6tWZ UY9BFEF6 Bgka2UBP bslnUEQ3 Y8elXHYZ w+U8JgXR vEFJltGc 9A4lHNOB z8KeRanR mQjIxRag
 RJAMsVJw hGFNaErn IdwsWIuh wqIFCbYF Cy4nE+xz 78kE1SFx 0lkO/prn w9vWn1Xx HYc+BRQ8 K2QavA2i nAWDpdjW JSMhC7Sh KK0fHwPk xgO6A2eE cx8a7nPu ZRcQi5mD
 ZqtIiUQL zS9pU4ey znMzttmY dLUKh4XN 50rTehfd w0SeE5+l EPlT9Ih+ emgEONK0 rhE0idZn 5eQmjAVb snCtZcIs aKPchqDL mWl8Og9W 8LILCCII 88p3ZEFk 3ZWmKLvw
 xNvJHC06 5jkLDbiP 9jnEuWla 7yVLteOi kUfRRT/v OjZFulhg 0ItvkgIK rkWzrMkh xnixa8wG N/dOQLNq xqfSQt0d odeNGqQ+ D3mcyy4g aTIJIJbD cxxsztB2 nBabpsxf
 4aymdW4I AjIhJaau H0QLslC4 HpHpo4FV /Df4nYKx qTZcn0DM mrepbE5L UJYbX/ea hahZD4rx Iz7iIxbB gBhs+JbV 7LzTGteu 173sApJG EcojIIjk pfboPd/z PRfi+f4R
 j3jE9Z4h cqVEaXZd iAsdNxOG +WS0r02/ C2ZkXVja WXFwv/vd 78inU+Zj Y7pC59Mi 7TvGi51f 6VAooDyY 58tolTUH ZTQe3ppf WS7kPEQp z4WAWFQW xK6C6pCm Kf7Kr/zK
 hYiwqQ3V qnC9mv2O yXApgvB4 VkQ+hHXV tRmzB6Nm pTBr3BZE OjP155Sc O03B6Noz ShVaUN5f KzV/Q9fk rAKfBaln McaL3eOy C0imdBbd rTGovXxl UuFuJRcP fvCDO+2o
 jus8aJvT WMwmWl6k TefQgOJg GRIMDLiu ekZXvkkW hyPv6cRn BWEqRA1m 2RetBjF7 o/XMxuCe d2PeRQGe xZpfdgGZ 0aj6SoIV 5UEQTTy8 +i0aUaRG Md/VHubF /NEozY8e
 npGC0ViS SafZaDUT cM61C3/h YM91Ucpx GkK9viaG Z7k8y5FQ 2zNNG0Ov tRDtIry7 CNAh5nbZ BWTbJIIU CEJ70pwV 7XHo7Wbh GsGMdfFf jnxadpZ0 zDL7syL4 tvke93va
 dSZOKQd0 0IYrcDF9 lZKozZlT XJDjx37s x5Z9AgiX sKpHes/r z5qoGZot 2Wt801cI Qs0Mfr5S sFACU9CF YgOttFA7 ZjY6nYQu Z3HOuReQ ehyCDt6V oXgiE21U 4Z5d33tp
 KJrJsYSn 36+kTQ8w 4IQhMbBN C4TC27Qg uNHvMXL/ m3ubGrje Xe5yl4V+ YKtdIGdk sOTtpLnr zSDA9Hdm 6NZx/e+x cixVPqTK bT5kApZg ngWjn/Qe 515AYuqe QpW1sFGx
 xw1UuCdM +OEf/uFL 2DPhmM7+ tBDnyQnc tnDNJcbL imhjNve5 kUPYPc0d U8fYMzrk GDBH5ppm 58CzSkG6 rNCEP9He uWn/qXRm zsPmHPyd KiPK2TSP Agnb5n+5 fz/3AjIx
 dXCpoj6L oySlXRwt hkiXJ8dm edLALeQM BvhuMuDl XowL3T+G r1wDHYRJ 23OsrPMM 8c6EYHOP 6bOo7qer UyQsa6yK WiRxWo/o nZUyjllP N0uBnvKU p2ze533e 5yhyJlQv
 SBCtXWNa 9/NK88Z1 7gWkRZlC gdiVT/jM aoiOpLEs toXhhPaC 06cz6/yg y3kufFxr 6+CL6l0d hvOZKbPe KbpFp+mD pcWzMO7h AaToJrnI t3vMYx5z va10sg6u m3BM5WWP
 AVnw2dSl vs6rJOH0 +Xx/Fi2z +wrguReQ zHpaqsTT ZPwYXDzd Fp0cQdga 84iz29d2 WpC5sPsS 8LTPj8G6 T8xG85sf praF6cxt rJ30zl3v KB9Nih6y xu2FzLdD uyc84QlH
 gpJg5ITz 9VgMPkx1 YJ778m3f 9m1HrdLr zP2FyoZO m44nvf65 FxCLPfe5 nSHghCc4 MZttYOoS ZDSihiyL PTHzWcTR T7owUyCM OaYMqrAg Sk0IiOeu F3FqTp2z fmb7Omcy
 rU6RLjur 9MhtNPTZ 7ipKfhSQ eqARGCU3 1YaA9i/j A5b0c38C NMcTVFw/ Em1fGp3m +edeQKbm XxevzchN kZf2tgWp vvd7v3fp mSiKEvTC AAnTec+j zDxI0BId lGxoKhKu
 7fHbcy5Z Hu+zcncN Vec13Wtu wKaKQU1X gZC2jyU0 BKO/d3u3 d1seQjrv OcPpGDin vPUM3p4m cx/i2ude QPadpIXg tNtBpb25 LLiko60/ 02ZZpqzV uhw8eDEd YZ/X/ksa
 ulBmTmkC nGZP42+b X5G4rtf1 7baoqiAB 6ffjQrPd o3MbQ2Us zSMGnzuK OIfVECX0 t97fzE79 0SrazFzK tvmd99+v egGZTKGV U8lF2J2g 6M7j4LMq CYcFLgo2 a6Fcq8Wf
 2e25yGno dYIyBna9 ec1tDJLG zccoVAu+ yIGYg10o +31G6abW nudnaRKI hLxtPLsn IbRvQI+D C7LqXgS3 ZjRrbrbd /KLBtjme 59+vegGp enU6+YRB Aqt9poIQ NpJ+6EMf
 unnmM595 9Li0IArh iTnD0jm3 M/+QEE1n tM+FN7Me a8h4HKPU FXgcNNJJ iGmVtzt3 Pi14Poah PhLjdj00 CboluM5P iEA2Dzlq /zL0kZRE n4c97GHL I+GCZtFk JiirF1tb
 1/MsCBca 21UvIBZy MkvZZN9r 8dQPbxv9 wpNwthIM kRnOqORZ r+BSDvPM UsdoQaJp QWb+psDC fL8Y4wSH plBicKHt etMJvBct njAG6bp3 4d455q7N X9NeoMEK FE1hgG82
 bEOLninZ OYV7Z9h3 BhKyTlei UMwx3yAE xIRntKam oxj/T/7k T5aaJCFO whGDKCf3 kBvZakzi 0dY9YzBG m4GCIEew bhLavaZf siv8SKt3 foyvt4NW 5xM89alP vV49Wg5y
 PsFM5DVu ikJ4WHRq CgWLRDBE AT0yr723 crSbWzmM xtXvCf6u 8zvvAnTV C8gMEU9n NFhUnD5h YVU0Gnlw JkHBLEVv /K8tGCbX 04DBSqAF J2ZiMx/A e3s+YYip 5ddRtPX/
 QbzOC9/L dhuXnA8B N8+Yc+Z5 YmCCrTzl G77hG5Zd 5MGn5uWd BbXVq7nr QIxWwcHG Rfjm4xum oATTHDuP Oe9CcLHx XfUCEjQJ 769x8dSo R1jqWXDF nl02Q7j7 3e++kQCT
 Zaax62eg bT3kR5jT 4wk4y0pA +DBzg4kJ k3yeCbtt AmLxZgSs Mbo+Jjcm pRzmBUoS Dv39nvxq PI961KM2 d7vb3RYr yBpmHQkE H8zev3Ia 5knoeqHX hIb5HJNG E7oeBzuv
 Bity1QvI jOokHFPb h5VjgOlD TMbGhHYK ETLWKnqT m9xkcZDz XWI8AkSY 5F/UOBEc kSCVrSJP 8heea5E/ MxnuuM9p ZULlfJEl 7al8I/dx X9AQHGLZ 9Krf7GY3 O6qtmjkg
 n0HIO9zh DsuDVQlz Fqp791Sr FEsWpP9n CUv0YW1m EGRm3K9k 62HsV72A 7LtA6wRX GNyeVEoq hIjf7/3e b6mKlU0u 4kN4CovO R6xh4Jd+ 6ZdemFoU SjmHP0yr OvlBD3rQ
 0nrsmhie oMlky9uA QEK7Pa0r CNj7WmA5 8aJ1Mtxa BFQSKJNf +yQphazZ vjS7ms6/ JiDXaYlt UaRCrfkS Yf1pncAT 2/FoBnrI Qx6y9FsQ AAze1v1Z mfV7gnTc 71mohGxm
 tTuP8PCZ 3v3d330J z0qAsnhV FRxnmfIT znslweUW tmsCsoOA 5L8EM6pK LTo2s9xr B9k5IBGf QFPXF3/x Fy8OPvhl ozxRpI/+ 6I9euvxu c5vbbG5x i1ssu3wo O1eRfI97
 3GPZLVEU zTmO18cB 6hEWwtfT uoKLE+KU Pyn/kbDn 9F+IAcvZ XG4Gvdz3 vyYgWwQk a9FCpY3B krbMTAsX ESvkuX40 WufOPvx8 n76b14xJ 5z37zB/x pFePjhDy Lc+RUz99
 qQv5O1dD Iu+0Beia gGwRkOl8 ztKKybTr rHlRpxzc tPW0PPWm FJ6deZXj kn1ZMccn TCpne5Bl 90xAcqDX EGpm/6+G KNM1AdlB w58mkWZ4 OI2etl5r 5jTyzKJn gbIU5TES
 gukfzJxN YdYiRJWw zKjbjDw1 Fu+zTdYx s8RlRvIS otOk35V+ 7WsWZAcf pHKKIljH hYunIE3t PcO0U1gc A04J35ZP mHBu/UCd WUjZcfXp J2wzaHBc fiWByqIV sr3Smfg0
 x39NQHaw UJOR8jPS 6AnAGhZN 6zIh1/RT pvWYcKdr zeiZY2dp fkJyXE4n CBZsu5BD fs0HuXgE E93+P2v6 yU8/ZtNs AAAAAElF TkSuQmCC</ImageDataBase64String>
          </Image>
        </Element>
        <Element xsi:type="XParagraphFlag" />
        <Element xsi:type="XString">
          <Text>眼底照像：片号      彩色      黑白      彩色荧光      黑白荧光</Text>
        </Element>
        <Element xsi:type="XParagraphFlag" />
        <Element xsi:type="XString">
          <Text>诊断：</Text>
        </Element>
        <Element xsi:type="XParagraphFlag" />
        <Element xsi:type="XString">
          <Text>处理：</Text>
        </Element>
        <Element xsi:type="XParagraphFlag" />
      </XElements>
      <Sections />
    </Element>
    <Element xsi:type="XTextHeader">
      <Attributes />
      <XElements>
        <Element xsi:type="XParagraphFlag" StyleIndex="0">
          <AutoCreate>true</AutoCreate>
        </Element>
      </XElements>
    </Element>
    <Element xsi:type="XTextFooter">
      <Attributes />
      <XElements>
        <Element xsi:type="XParagraphFlag">
          <AutoCreate>true</AutoCreate>
        </Element>
      </XElements>
    </Element>
  </XElements>
  <ScriptText />
  <Info>
    <CreationTime>2013-04-02T17:19:55.9702525+08:00</CreationTime>
    <LastModifiedTime>2013-04-02T17:19:55.9702525+08:00</LastModifiedTime>
    <LastPrintTime>1980-01-01T00:00:00</LastPrintTime>
    <Operator>DCSoft.Writer Version:1.1.1111.29376</Operator>
  </Info>
  <BodyText>
  </BodyText>
  <UserHistories>
    <History>
      <ID />
      <Name />
      <SavedTime>2005-04-20T09:33:31</SavedTime>
    </History>
    <History>
      <ID />
      <Name />
      <SavedTime>2005-04-20T11:43:47</SavedTime>
    </History>
  </UserHistories>
  <ContentStyles>
    <Default xsi:type="DocumentContentStyle">
      <FontName>宋体</FontName>
    </Default>
    <Styles>
      <Style Index="0">
        <Align>Center</Align>
      </Style>
    </Styles>
  </ContentStyles>
  <MeasureMode>OldCompatibility</MeasureMode>
  <PageSettings>
    <LeftMargin>50</LeftMargin>
    <TopMargin>50</TopMargin>
    <RightMargin>50</RightMargin>
    <BottomMargin>50</BottomMargin>
    <ViewLeftMargin>150</ViewLeftMargin>
    <ViewTopMargin>150</ViewTopMargin>
    <ViewRightMargin>150</ViewRightMargin>
    <ViewBottomMargin>150</ViewBottomMargin>
    <ViewPaperWidth>2481</ViewPaperWidth>
    <ViewPaperHeight>3507</ViewPaperHeight>
  </PageSettings>
</XTextDocument>