﻿<?xml version="1.0" encoding="utf-8"?>
<XTextDocument xmlns:xsi="http://www.w3.org/2001/XMLSchema-instance" xmlns:xsd="http://www.w3.org/2001/XMLSchema" EditorVersionString="1.1.1111.29376">
  <Attributes />
  <XElements>
    <Element xsi:type="XTextBody">
      <Attributes />
      <XElements>
        <Element xsi:type="XString">
          <Text>皮肤巩膜</Text>
        </Element>
        <Element xsi:type="XInputField">
          <ID>kb0000002538</ID>
          <Attributes />
          <XElements>
            <Element xsi:type="XString">
              <Text>黄染</Text>
            </Element>
          </XElements>
          <TextValue>黄染</TextValue>
          <Name>巩膜黄染</Name>
          <ValueBinding />
          <InnerValue>黄染</InnerValue>
          <BackgroundText>巩膜黄染</BackgroundText>
          <FieldSettings>
            <EditStyle>DropdownList</EditStyle>
            <ListSource>
              <SourceName>0000002538</SourceName>
              <Items />
            </ListSource>
          </FieldSettings>
        </Element>
        <Element xsi:type="XString">
          <Text>，</Text>
        </Element>
        <Element xsi:type="XInputField">
          <ID>kb0000002541</ID>
          <Attributes />
          <XElements>
            <Element xsi:type="XString">
              <Text>有</Text>
            </Element>
          </XElements>
          <TextValue>有</TextValue>
          <Name>肝掌</Name>
          <ValueBinding />
          <InnerValue>有</InnerValue>
          <BackgroundText>肝掌</BackgroundText>
          <FieldSettings>
            <EditStyle>DropdownList</EditStyle>
            <ListSource>
              <SourceName>0000002541</SourceName>
              <Items />
            </ListSource>
          </FieldSettings>
        </Element>
        <Element xsi:type="XString">
          <Text>肝掌、</Text>
        </Element>
        <Element xsi:type="XInputField">
          <ID>kb0000002542</ID>
          <Attributes />
          <XElements>
            <Element xsi:type="XString">
              <Text>无</Text>
            </Element>
          </XElements>
          <TextValue>无</TextValue>
          <Name>蜘蛛痣</Name>
          <ValueBinding />
          <InnerValue>无</InnerValue>
          <BackgroundText>蜘蛛痣</BackgroundText>
          <FieldSettings>
            <EditStyle>DropdownList</EditStyle>
            <ListSource>
              <SourceName>0000002542</SourceName>
              <Items />
            </ListSource>
          </FieldSettings>
        </Element>
        <Element xsi:type="XString">
          <Text>蜘蛛痣，腹软，腹水征</Text>
        </Element>
        <Element xsi:type="XInputField">
          <ID>kb0000002543</ID>
          <Attributes />
          <XElements>
            <Element xsi:type="XString">
              <Text>+</Text>
            </Element>
          </XElements>
          <TextValue>+</TextValue>
          <Name>腹水征</Name>
          <ValueBinding />
          <InnerValue>+</InnerValue>
          <BackgroundText>腹水征</BackgroundText>
          <FieldSettings>
            <EditStyle>DropdownList</EditStyle>
            <ListSource>
              <SourceName>0000002543</SourceName>
              <Items />
            </ListSource>
          </FieldSettings>
        </Element>
        <Element xsi:type="XString">
          <Text>，双下肢水肿</Text>
        </Element>
        <Element xsi:type="XInputField">
          <ID>kb0000002544</ID>
          <Attributes />
          <XElements>
            <Element xsi:type="XString">
              <Text>+</Text>
            </Element>
          </XElements>
          <TextValue>+</TextValue>
          <Name>双下肢水肿</Name>
          <ValueBinding />
          <InnerValue>+</InnerValue>
          <BackgroundText>双下肢水肿</BackgroundText>
          <FieldSettings>
            <EditStyle>DropdownList</EditStyle>
            <ListSource>
              <SourceName>0000002544</SourceName>
              <Items />
            </ListSource>
          </FieldSettings>
        </Element>
        <Element xsi:type="XString">
          <Text>。</Text>
        </Element>
        <Element xsi:type="XParagraphFlag" />
      </XElements>
      <Sections />
    </Element>
    <Element xsi:type="XTextHeader">
      <Attributes />
      <XElements>
        <Element xsi:type="XParagraphFlag" StyleIndex="0">
          <AutoCreate>true</AutoCreate>
        </Element>
      </XElements>
    </Element>
    <Element xsi:type="XTextFooter">
      <Attributes />
      <XElements>
        <Element xsi:type="XParagraphFlag">
          <AutoCreate>true</AutoCreate>
        </Element>
      </XElements>
    </Element>
  </XElements>
  <ScriptText />
  <Info>
    <CreationTime>2013-04-02T17:19:55.611232+08:00</CreationTime>
    <LastModifiedTime>2013-04-02T17:19:55.611232+08:00</LastModifiedTime>
    <LastPrintTime>1980-01-01T00:00:00</LastPrintTime>
    <Operator>DCSoft.Writer Version:1.1.1111.29376</Operator>
  </Info>
  <BodyText>
  </BodyText>
  <UserHistories>
    <History>
      <ID />
      <Name />
      <SavedTime>2005-04-06T14:25:52</SavedTime>
    </History>
  </UserHistories>
  <ContentStyles>
    <Default xsi:type="DocumentContentStyle">
      <FontName>宋体</FontName>
    </Default>
    <Styles>
      <Style Index="0">
        <Align>Center</Align>
      </Style>
    </Styles>
  </ContentStyles>
  <MeasureMode>OldCompatibility</MeasureMode>
  <PageSettings>
    <LeftMargin>50</LeftMargin>
    <TopMargin>50</TopMargin>
    <RightMargin>50</RightMargin>
    <BottomMargin>50</BottomMargin>
    <ViewLeftMargin>150</ViewLeftMargin>
    <ViewTopMargin>150</ViewTopMargin>
    <ViewRightMargin>150</ViewRightMargin>
    <ViewBottomMargin>150</ViewBottomMargin>
    <ViewPaperWidth>2481</ViewPaperWidth>
    <ViewPaperHeight>3507</ViewPaperHeight>
  </PageSettings>
</XTextDocument>