﻿<?xml version="1.0" encoding="utf-8"?>
<XTextDocument xmlns:xsi="http://www.w3.org/2001/XMLSchema-instance" xmlns:xsd="http://www.w3.org/2001/XMLSchema" EditorVersionString="1.1.1111.29376">
  <Attributes />
  <XElements>
    <Element xsi:type="XTextBody">
      <Attributes />
      <XElements>
        <Element xsi:type="XString">
          <Text>存在</Text>
        </Element>
        <Element xsi:type="XInputField">
          <ID>kb0000002185</ID>
          <Attributes />
          <XElements>
            <Element xsi:type="XString">
              <Text>高血压性状</Text>
            </Element>
          </XElements>
          <TextValue>高血压性状</TextValue>
          <Name>高血压性状</Name>
          <ValueBinding />
          <InnerValue>高血压性状</InnerValue>
          <BackgroundText>高血压性状</BackgroundText>
          <FieldSettings>
            <EditStyle>DropdownList</EditStyle>
            <ListSource>
              <SourceName>0000002185</SourceName>
              <Items />
            </ListSource>
          </FieldSettings>
        </Element>
        <Element xsi:type="XString">
          <Text>高血压，出现时间为</Text>
        </Element>
        <Element xsi:type="XInputField">
          <ID>kb0000002186</ID>
          <Attributes />
          <XElements />
          <TextValue />
          <UnitText />
          <Name>高血压出现时间</Name>
          <InnerValue />
          <BackgroundText>高血压出现时间</BackgroundText>
        </Element>
        <Element xsi:type="XString">
          <Text>，收缩压</Text>
        </Element>
        <Element xsi:type="XInputField">
          <ID>kb0000002160</ID>
          <Attributes />
          <XElements />
          <TextValue />
          <UnitText>mmHg</UnitText>
          <Name>收缩压</Name>
          <InnerValue />
          <BackgroundText>收缩压</BackgroundText>
        </Element>
        <Element xsi:type="XString">
          <Text>，舒张压</Text>
        </Element>
        <Element xsi:type="XInputField">
          <ID>kb0000002161</ID>
          <Attributes />
          <XElements />
          <TextValue />
          <UnitText>mmHg</UnitText>
          <Name>舒张压</Name>
          <InnerValue />
          <BackgroundText>舒张压</BackgroundText>
        </Element>
        <Element xsi:type="XString">
          <Text>。</Text>
        </Element>
        <Element xsi:type="XParagraphFlag" />
      </XElements>
      <Sections />
    </Element>
    <Element xsi:type="XTextHeader">
      <Attributes />
      <XElements>
        <Element xsi:type="XParagraphFlag" StyleIndex="0">
          <AutoCreate>true</AutoCreate>
        </Element>
      </XElements>
    </Element>
    <Element xsi:type="XTextFooter">
      <Attributes />
      <XElements>
        <Element xsi:type="XParagraphFlag">
          <AutoCreate>true</AutoCreate>
        </Element>
      </XElements>
    </Element>
  </XElements>
  <Info>
    <CreationTime>2013-04-02T17:19:55.0441995+08:00</CreationTime>
    <LastModifiedTime>2013-04-02T17:19:55.0441995+08:00</LastModifiedTime>
    <LastPrintTime>1980-01-01T00:00:00</LastPrintTime>
    <Operator>DCSoft.Writer Version:1.1.1111.29376</Operator>
  </Info>
  <BodyText>
  </BodyText>
  <UserHistories>
    <History>
      <ID />
      <Name />
      <SavedTime>2005-03-02T09:42:37</SavedTime>
    </History>
  </UserHistories>
  <ContentStyles>
    <Default xsi:type="DocumentContentStyle">
      <FontName>宋体</FontName>
    </Default>
    <Styles>
      <Style Index="0">
        <Align>Center</Align>
      </Style>
    </Styles>
  </ContentStyles>
  <MeasureMode>OldCompatibility</MeasureMode>
  <PageSettings>
    <LeftMargin>50</LeftMargin>
    <TopMargin>50</TopMargin>
    <RightMargin>50</RightMargin>
    <BottomMargin>50</BottomMargin>
    <ViewLeftMargin>150</ViewLeftMargin>
    <ViewTopMargin>150</ViewTopMargin>
    <ViewRightMargin>150</ViewRightMargin>
    <ViewBottomMargin>150</ViewBottomMargin>
    <ViewPaperWidth>2481</ViewPaperWidth>
    <ViewPaperHeight>3507</ViewPaperHeight>
  </PageSettings>
</XTextDocument>