﻿<?xml version="1.0" encoding="utf-8"?>
<XTextDocument xmlns:xsi="http://www.w3.org/2001/XMLSchema-instance" xmlns:xsd="http://www.w3.org/2001/XMLSchema" EditorVersionString="1.1.1111.29376">
  <Attributes />
  <XElements>
    <Element xsi:type="XTextBody">
      <Attributes />
      <XElements>
        <Element xsi:type="XString">
          <Text>Ⅰ嗅神经</Text>
        </Element>
        <Element xsi:type="XInputField">
          <ID>kb0000001754</ID>
          <Attributes />
          <XElements>
            <Element xsi:type="XString">
              <Text>正常</Text>
            </Element>
          </XElements>
          <TextValue>正常</TextValue>
          <Name>Ⅰ嗅神经</Name>
          <ValueBinding />
          <InnerValue>正常</InnerValue>
          <BackgroundText>Ⅰ嗅神经</BackgroundText>
          <FieldSettings>
            <EditStyle>DropdownList</EditStyle>
            <ListSource>
              <SourceName>0000001754</SourceName>
              <Items />
            </ListSource>
          </FieldSettings>
        </Element>
        <Element xsi:type="XString">
          <Text>；</Text>
        </Element>
        <Element xsi:type="XParagraphFlag" StyleIndex="1" />
        <Element xsi:type="XString">
          <Text>Ⅱ视神经：</Text>
        </Element>
        <Element xsi:type="XInputField">
          <ID>kb0000001756</ID>
          <Attributes />
          <XElements>
            <Element xsi:type="XString">
              <Text>近视力正常</Text>
            </Element>
          </XElements>
          <TextValue>近视力正常</TextValue>
          <Name>视力</Name>
          <ValueBinding />
          <InnerValue>近视力正常</InnerValue>
          <BackgroundText>视力</BackgroundText>
          <FieldSettings>
            <EditStyle>DropdownList</EditStyle>
            <ListSource>
              <SourceName>0000001756</SourceName>
              <Items />
            </ListSource>
          </FieldSettings>
        </Element>
        <Element xsi:type="XString">
          <Text>，视野</Text>
        </Element>
        <Element xsi:type="XInputField">
          <ID>kb0000001757</ID>
          <Attributes />
          <XElements>
            <Element xsi:type="XString">
              <Text>无缺损</Text>
            </Element>
          </XElements>
          <TextValue>无缺损</TextValue>
          <Name>视野</Name>
          <ValueBinding />
          <InnerValue>无缺损</InnerValue>
          <BackgroundText>视野</BackgroundText>
          <FieldSettings>
            <EditStyle>DropdownList</EditStyle>
            <ListSource>
              <SourceName>0000001757</SourceName>
              <Items />
            </ListSource>
          </FieldSettings>
        </Element>
        <Element xsi:type="XString">
          <Text>，眼底</Text>
        </Element>
        <Element xsi:type="XInputField">
          <ID>kb0000001758</ID>
          <Attributes />
          <XElements>
            <Element xsi:type="XString">
              <Text>双眼视乳头边界清晰</Text>
            </Element>
          </XElements>
          <TextValue>双眼视乳头边界清晰</TextValue>
          <Name>眼底</Name>
          <ValueBinding />
          <InnerValue>双眼视乳头边界清晰</InnerValue>
          <BackgroundText>眼底</BackgroundText>
          <FieldSettings>
            <EditStyle>DropdownList</EditStyle>
            <ListSource>
              <SourceName>0000001758</SourceName>
              <Items />
            </ListSource>
          </FieldSettings>
        </Element>
        <Element xsi:type="XString" StyleIndex="1">
          <Text>；</Text>
        </Element>
        <Element xsi:type="XParagraphFlag" StyleIndex="1" />
        <Element xsi:type="XString">
          <Text>Ⅲ动眼神经、Ⅳ滑车神经、Ⅵ外展神经：睑裂</Text>
        </Element>
        <Element xsi:type="XInputField">
          <ID>kb0000001760</ID>
          <Attributes />
          <XElements>
            <Element xsi:type="XString">
              <Text>正常</Text>
            </Element>
          </XElements>
          <TextValue>正常</TextValue>
          <Name>睑裂</Name>
          <ValueBinding />
          <InnerValue>正常</InnerValue>
          <BackgroundText>睑裂</BackgroundText>
          <FieldSettings>
            <EditStyle>DropdownList</EditStyle>
            <ListSource>
              <SourceName>0000001760</SourceName>
              <Items />
            </ListSource>
          </FieldSettings>
        </Element>
        <Element xsi:type="XString">
          <Text>，</Text>
        </Element>
        <Element xsi:type="XInputField">
          <ID>kb0000001761</ID>
          <Attributes />
          <XElements>
            <Element xsi:type="XString">
              <Text>无眼睑下垂</Text>
            </Element>
          </XElements>
          <TextValue>无眼睑下垂</TextValue>
          <Name>眼睑下垂</Name>
          <ValueBinding />
          <InnerValue>无眼睑下垂</InnerValue>
          <BackgroundText>眼睑下垂</BackgroundText>
          <FieldSettings>
            <EditStyle>DropdownList</EditStyle>
            <ListSource>
              <SourceName>0000001761</SourceName>
              <Items />
            </ListSource>
          </FieldSettings>
        </Element>
        <Element xsi:type="XString">
          <Text>，</Text>
        </Element>
        <Element xsi:type="XInputField">
          <ID>kb0000001762</ID>
          <Attributes />
          <XElements>
            <Element xsi:type="XString">
              <Text>有</Text>
            </Element>
          </XElements>
          <TextValue>有</TextValue>
          <Name>眼球运动</Name>
          <ValueBinding />
          <InnerValue>有</InnerValue>
          <BackgroundText>眼球运动</BackgroundText>
          <FieldSettings>
            <EditStyle>DropdownList</EditStyle>
            <ListSource>
              <SourceName>0000001762</SourceName>
              <Items />
            </ListSource>
          </FieldSettings>
        </Element>
        <Element xsi:type="XString">
          <Text>眼球运动，</Text>
        </Element>
        <Element xsi:type="XInputField">
          <ID>kb0000001765</ID>
          <Attributes />
          <XElements>
            <Element xsi:type="XString">
              <Text>无</Text>
            </Element>
          </XElements>
          <TextValue>无</TextValue>
          <Name>同向偏斜</Name>
          <ValueBinding />
          <InnerValue>无</InnerValue>
          <BackgroundText>同向偏斜</BackgroundText>
          <FieldSettings>
            <EditStyle>DropdownList</EditStyle>
            <ListSource>
              <SourceName>0000001765</SourceName>
              <Items />
            </ListSource>
          </FieldSettings>
        </Element>
        <Element xsi:type="XString">
          <Text>同向偏斜，眼球震颤</Text>
        </Element>
        <Element xsi:type="XInputField">
          <ID>kb0000001766</ID>
          <Attributes />
          <XElements>
            <Element xsi:type="XString">
              <Text>无</Text>
            </Element>
          </XElements>
          <TextValue>无</TextValue>
          <Name>眼球震颤</Name>
          <ValueBinding />
          <InnerValue>无</InnerValue>
          <BackgroundText>眼球震颤</BackgroundText>
          <FieldSettings>
            <EditStyle>DropdownList</EditStyle>
            <ListSource>
              <SourceName>0000001766</SourceName>
              <Items />
            </ListSource>
          </FieldSettings>
        </Element>
        <Element xsi:type="XString">
          <Text>，复视</Text>
        </Element>
        <Element xsi:type="XInputField">
          <ID>kb0000001767</ID>
          <Attributes />
          <XElements>
            <Element xsi:type="XString">
              <Text>无</Text>
            </Element>
          </XElements>
          <TextValue>无</TextValue>
          <Name>复视</Name>
          <ValueBinding />
          <InnerValue>无</InnerValue>
          <BackgroundText>复视</BackgroundText>
          <FieldSettings>
            <EditStyle>DropdownList</EditStyle>
            <ListSource>
              <SourceName>0000001767</SourceName>
              <Items />
            </ListSource>
          </FieldSettings>
        </Element>
        <Element xsi:type="XString">
          <Text>，瞳孔</Text>
        </Element>
        <Element xsi:type="XInputField">
          <ID>kb0000001768</ID>
          <Attributes />
          <XElements>
            <Element xsi:type="XString">
              <Text>左=2.5mm、右=2.5mm</Text>
            </Element>
          </XElements>
          <TextValue>左=2.5mm、右=2.5mm</TextValue>
          <Name>瞳孔</Name>
          <ValueBinding />
          <InnerValue>左=2.5mm、右=2.5mm</InnerValue>
          <BackgroundText>瞳孔</BackgroundText>
          <FieldSettings>
            <EditStyle>DropdownList</EditStyle>
            <ListSource>
              <SourceName>0000001768</SourceName>
              <Items />
            </ListSource>
          </FieldSettings>
        </Element>
        <Element xsi:type="XString">
          <Text>，</Text>
        </Element>
        <Element xsi:type="XInputField">
          <ID>kb0000001769</ID>
          <Attributes />
          <XElements>
            <Element xsi:type="XString">
              <Text>双瞳对光反射灵敏</Text>
            </Element>
          </XElements>
          <TextValue>双瞳对光反射灵敏</TextValue>
          <Name>对光反射</Name>
          <ValueBinding />
          <InnerValue>双瞳对光反射灵敏</InnerValue>
          <BackgroundText>对光反射</BackgroundText>
          <FieldSettings>
            <EditStyle>DropdownList</EditStyle>
            <ListSource>
              <SourceName>0000001769</SourceName>
              <Items />
            </ListSource>
          </FieldSettings>
        </Element>
        <Element xsi:type="XString" StyleIndex="1">
          <Text>，辐辏反射</Text>
        </Element>
        <Element xsi:type="XInputField" StyleIndex="1">
          <ID>kb0000001770</ID>
          <Attributes />
          <XElements>
            <Element xsi:type="XString">
              <Text>正常</Text>
            </Element>
          </XElements>
          <TextValue>正常</TextValue>
          <Name>辐辏反射</Name>
          <ValueBinding />
          <InnerValue>正常</InnerValue>
          <BackgroundText>辐辏反射</BackgroundText>
          <FieldSettings>
            <EditStyle>DropdownList</EditStyle>
            <ListSource>
              <SourceName>0000001770</SourceName>
              <Items />
            </ListSource>
          </FieldSettings>
        </Element>
        <Element xsi:type="XString" StyleIndex="1">
          <Text>；</Text>
        </Element>
        <Element xsi:type="XParagraphFlag" StyleIndex="1" />
        <Element xsi:type="XString" StyleIndex="1">
          <Text>Ⅴ三叉神经：感觉</Text>
        </Element>
        <Element xsi:type="XInputField" StyleIndex="1">
          <ID>kb0000001772</ID>
          <Attributes />
          <XElements>
            <Element xsi:type="XString">
              <Text>正常</Text>
            </Element>
          </XElements>
          <TextValue>正常</TextValue>
          <Name>感觉</Name>
          <ValueBinding />
          <InnerValue>正常</InnerValue>
          <BackgroundText>感觉</BackgroundText>
          <FieldSettings>
            <EditStyle>DropdownList</EditStyle>
            <ListSource>
              <SourceName>0000001772</SourceName>
              <Items />
            </ListSource>
          </FieldSettings>
        </Element>
        <Element xsi:type="XString" StyleIndex="1">
          <Text>，角膜反射</Text>
        </Element>
        <Element xsi:type="XInputField" StyleIndex="1">
          <ID>kb0000001773</ID>
          <Attributes />
          <XElements>
            <Element xsi:type="XString">
              <Text>正常</Text>
            </Element>
          </XElements>
          <TextValue>正常</TextValue>
          <Name>角膜反射</Name>
          <ValueBinding />
          <InnerValue>正常</InnerValue>
          <BackgroundText>角膜反射</BackgroundText>
          <FieldSettings>
            <EditStyle>DropdownList</EditStyle>
            <ListSource>
              <SourceName>0000001773</SourceName>
              <Items />
            </ListSource>
          </FieldSettings>
        </Element>
        <Element xsi:type="XString" StyleIndex="1">
          <Text>，</Text>
        </Element>
        <Element xsi:type="XInputField" StyleIndex="1">
          <ID>kb0000001774</ID>
          <Attributes />
          <XElements>
            <Element xsi:type="XString">
              <Text>张口时下颌正常</Text>
            </Element>
          </XElements>
          <TextValue>张口时下颌正常</TextValue>
          <Name>下颌运动</Name>
          <ValueBinding />
          <InnerValue>张口时下颌正常</InnerValue>
          <BackgroundText>下颌运动</BackgroundText>
          <FieldSettings>
            <EditStyle>DropdownList</EditStyle>
            <ListSource>
              <SourceName>0000001774</SourceName>
              <Items />
            </ListSource>
          </FieldSettings>
        </Element>
        <Element xsi:type="XString" StyleIndex="1">
          <Text>；</Text>
        </Element>
        <Element xsi:type="XParagraphFlag" StyleIndex="1" />
        <Element xsi:type="XString" StyleIndex="1">
          <Text>Ⅶ面神经：鼻唇沟</Text>
        </Element>
        <Element xsi:type="XInputField" StyleIndex="1">
          <ID>kb0000001776</ID>
          <Attributes />
          <XElements>
            <Element xsi:type="XString">
              <Text>对称</Text>
            </Element>
          </XElements>
          <TextValue>对称</TextValue>
          <Name>鼻唇沟</Name>
          <ValueBinding />
          <InnerValue>对称</InnerValue>
          <BackgroundText>鼻唇沟</BackgroundText>
          <FieldSettings>
            <EditStyle>DropdownList</EditStyle>
            <ListSource>
              <SourceName>0000001776</SourceName>
              <Items />
            </ListSource>
          </FieldSettings>
        </Element>
        <Element xsi:type="XString" StyleIndex="1">
          <Text>，</Text>
        </Element>
        <Element xsi:type="XInputField" StyleIndex="1">
          <ID>kb0000001777</ID>
          <Attributes />
          <XElements>
            <Element xsi:type="XString">
              <Text>无</Text>
            </Element>
          </XElements>
          <TextValue>无</TextValue>
          <Name>面肌抽搐</Name>
          <ValueBinding />
          <InnerValue>无</InnerValue>
          <BackgroundText>面肌抽搐</BackgroundText>
          <FieldSettings>
            <EditStyle>DropdownList</EditStyle>
            <ListSource>
              <SourceName>0000001777</SourceName>
              <Items />
            </ListSource>
          </FieldSettings>
        </Element>
        <Element xsi:type="XString" StyleIndex="1">
          <Text>面肌抽搐，皱额</Text>
        </Element>
        <Element xsi:type="XInputField" StyleIndex="1">
          <ID>kb0000001778</ID>
          <Attributes />
          <XElements>
            <Element xsi:type="XString">
              <Text>对称</Text>
            </Element>
          </XElements>
          <TextValue>对称</TextValue>
          <Name>皱额</Name>
          <ValueBinding />
          <InnerValue>对称</InnerValue>
          <BackgroundText>皱额</BackgroundText>
          <FieldSettings>
            <EditStyle>DropdownList</EditStyle>
            <ListSource>
              <SourceName>0000001778</SourceName>
              <Items />
            </ListSource>
          </FieldSettings>
        </Element>
        <Element xsi:type="XString" StyleIndex="1">
          <Text>，闭眼</Text>
        </Element>
        <Element xsi:type="XInputField" StyleIndex="1">
          <ID>kb0000001779</ID>
          <Attributes />
          <XElements>
            <Element xsi:type="XString">
              <Text>正常</Text>
            </Element>
          </XElements>
          <TextValue>正常</TextValue>
          <Name>闭眼</Name>
          <ValueBinding />
          <InnerValue>正常</InnerValue>
          <BackgroundText>闭眼</BackgroundText>
          <FieldSettings>
            <EditStyle>DropdownList</EditStyle>
            <ListSource>
              <SourceName>0000001779</SourceName>
              <Items />
            </ListSource>
          </FieldSettings>
        </Element>
        <Element xsi:type="XString" StyleIndex="1">
          <Text>；</Text>
        </Element>
        <Element xsi:type="XParagraphFlag" StyleIndex="1" />
        <Element xsi:type="XString" StyleIndex="1">
          <Text>Ⅷ听神经：</Text>
        </Element>
        <Element xsi:type="XInputField" StyleIndex="1">
          <ID>kb0000001780</ID>
          <Attributes />
          <XElements>
            <Element xsi:type="XString">
              <Text>双耳听力正常</Text>
            </Element>
          </XElements>
          <TextValue>双耳听力正常</TextValue>
          <Name>Ⅷ听神经</Name>
          <ValueBinding />
          <InnerValue>双耳听力正常</InnerValue>
          <BackgroundText>Ⅷ听神经</BackgroundText>
          <FieldSettings>
            <EditStyle>DropdownList</EditStyle>
            <ListSource>
              <SourceName>0000001780</SourceName>
              <Items />
            </ListSource>
          </FieldSettings>
        </Element>
        <Element xsi:type="XString" StyleIndex="1">
          <Text>；</Text>
        </Element>
        <Element xsi:type="XParagraphFlag" StyleIndex="1" />
        <Element xsi:type="XString" StyleIndex="1">
          <Text>Ⅸ舌咽神经：咽反射</Text>
        </Element>
        <Element xsi:type="XInputField" StyleIndex="1">
          <ID>kb0000001782</ID>
          <Attributes />
          <XElements>
            <Element xsi:type="XString">
              <Text>正常</Text>
            </Element>
          </XElements>
          <TextValue>正常</TextValue>
          <Name>咽反射</Name>
          <ValueBinding />
          <InnerValue>正常</InnerValue>
          <BackgroundText>咽反射</BackgroundText>
          <FieldSettings>
            <EditStyle>DropdownList</EditStyle>
            <ListSource>
              <SourceName>0000001782</SourceName>
              <Items />
            </ListSource>
          </FieldSettings>
        </Element>
        <Element xsi:type="XString" StyleIndex="1">
          <Text>，发音</Text>
        </Element>
        <Element xsi:type="XInputField" StyleIndex="1">
          <ID>kb0000001783</ID>
          <Attributes />
          <XElements>
            <Element xsi:type="XString">
              <Text>正常</Text>
            </Element>
          </XElements>
          <TextValue>正常</TextValue>
          <Name>发音</Name>
          <ValueBinding />
          <InnerValue>正常</InnerValue>
          <BackgroundText>发音</BackgroundText>
          <FieldSettings>
            <EditStyle>DropdownList</EditStyle>
            <ListSource>
              <SourceName>0000001783</SourceName>
              <Items />
            </ListSource>
          </FieldSettings>
        </Element>
        <Element xsi:type="XString" StyleIndex="1">
          <Text>；</Text>
        </Element>
        <Element xsi:type="XParagraphFlag" StyleIndex="1" />
        <Element xsi:type="XString" StyleIndex="1">
          <Text>Ⅹ迷走神经：</Text>
        </Element>
        <Element xsi:type="XInputField" StyleIndex="1">
          <ID>kb0000001785</ID>
          <Attributes />
          <XElements>
            <Element xsi:type="XString">
              <Text>软腭运动正常</Text>
            </Element>
          </XElements>
          <TextValue>软腭运动正常</TextValue>
          <Name>软腭运动</Name>
          <ValueBinding />
          <InnerValue>软腭运动正常</InnerValue>
          <BackgroundText>软腭运动</BackgroundText>
          <FieldSettings>
            <EditStyle>DropdownList</EditStyle>
            <ListSource>
              <SourceName>0000001785</SourceName>
              <Items />
            </ListSource>
          </FieldSettings>
        </Element>
        <Element xsi:type="XString" StyleIndex="2">
          <Text>，吞咽</Text>
        </Element>
        <Element xsi:type="XInputField" StyleIndex="2">
          <ID>kb0000001786</ID>
          <Attributes />
          <XElements>
            <Element xsi:type="XString">
              <Text>正常</Text>
            </Element>
          </XElements>
          <TextValue>正常</TextValue>
          <Name>吞咽</Name>
          <ValueBinding />
          <InnerValue>正常</InnerValue>
          <BackgroundText>吞咽</BackgroundText>
          <FieldSettings>
            <EditStyle>DropdownList</EditStyle>
            <ListSource>
              <SourceName>0000001786</SourceName>
              <Items />
            </ListSource>
          </FieldSettings>
        </Element>
        <Element xsi:type="XString" StyleIndex="2">
          <Text>；</Text>
        </Element>
        <Element xsi:type="XParagraphFlag" StyleIndex="2" />
        <Element xsi:type="XString" StyleIndex="2">
          <Text>Ⅺ副神经：耸肩</Text>
        </Element>
        <Element xsi:type="XInputField" StyleIndex="2">
          <ID>kb0000001788</ID>
          <Attributes />
          <XElements>
            <Element xsi:type="XString">
              <Text>正常</Text>
            </Element>
          </XElements>
          <TextValue>正常</TextValue>
          <Name>耸肩</Name>
          <ValueBinding />
          <InnerValue>正常</InnerValue>
          <BackgroundText>耸肩</BackgroundText>
          <FieldSettings>
            <EditStyle>DropdownList</EditStyle>
            <ListSource>
              <SourceName>0000001788</SourceName>
              <Items />
            </ListSource>
          </FieldSettings>
        </Element>
        <Element xsi:type="XString" StyleIndex="2">
          <Text>，转颈</Text>
        </Element>
        <Element xsi:type="XInputField" StyleIndex="2">
          <ID>kb0000001789</ID>
          <Attributes />
          <XElements>
            <Element xsi:type="XString">
              <Text>正常</Text>
            </Element>
          </XElements>
          <TextValue>正常</TextValue>
          <Name>转颈</Name>
          <ValueBinding />
          <InnerValue>正常</InnerValue>
          <BackgroundText>转颈</BackgroundText>
          <FieldSettings>
            <EditStyle>DropdownList</EditStyle>
            <ListSource>
              <SourceName>0000001789</SourceName>
              <Items />
            </ListSource>
          </FieldSettings>
        </Element>
        <Element xsi:type="XString" StyleIndex="2">
          <Text>；</Text>
        </Element>
        <Element xsi:type="XParagraphFlag" StyleIndex="2" />
        <Element xsi:type="XString" StyleIndex="2">
          <Text>Ⅻ舌下神经：伸舌</Text>
        </Element>
        <Element xsi:type="XInputField" StyleIndex="2">
          <ID>kb0000001791</ID>
          <Attributes />
          <XElements>
            <Element xsi:type="XString">
              <Text>正常</Text>
            </Element>
          </XElements>
          <TextValue>正常</TextValue>
          <Name>伸舌</Name>
          <ValueBinding />
          <InnerValue>正常</InnerValue>
          <BackgroundText>伸舌</BackgroundText>
          <FieldSettings>
            <EditStyle>DropdownList</EditStyle>
            <ListSource>
              <SourceName>0000001791</SourceName>
              <Items />
            </ListSource>
          </FieldSettings>
        </Element>
        <Element xsi:type="XString" StyleIndex="2">
          <Text>，</Text>
        </Element>
        <Element xsi:type="XInputField" StyleIndex="2">
          <ID>kb0000001792</ID>
          <Attributes />
          <XElements>
            <Element xsi:type="XString">
              <Text>无</Text>
            </Element>
          </XElements>
          <TextValue>无</TextValue>
          <Name>舌肌纤颤</Name>
          <ValueBinding />
          <InnerValue>无</InnerValue>
          <BackgroundText>舌肌纤颤</BackgroundText>
          <FieldSettings>
            <EditStyle>DropdownList</EditStyle>
            <ListSource>
              <SourceName>0000001792</SourceName>
              <Items />
            </ListSource>
          </FieldSettings>
        </Element>
        <Element xsi:type="XString" StyleIndex="2">
          <Text>舌肌纤颤。</Text>
        </Element>
        <Element xsi:type="XParagraphFlag" />
      </XElements>
      <Sections />
    </Element>
    <Element xsi:type="XTextHeader">
      <Attributes />
      <XElements>
        <Element xsi:type="XParagraphFlag" StyleIndex="0">
          <AutoCreate>true</AutoCreate>
        </Element>
      </XElements>
    </Element>
    <Element xsi:type="XTextFooter">
      <Attributes />
      <XElements>
        <Element xsi:type="XParagraphFlag">
          <AutoCreate>true</AutoCreate>
        </Element>
      </XElements>
    </Element>
  </XElements>
  <Info>
    <CreationTime>2013-04-02T17:19:54.4371648+08:00</CreationTime>
    <LastModifiedTime>2013-04-02T17:19:54.4371648+08:00</LastModifiedTime>
    <LastPrintTime>1980-01-01T00:00:00</LastPrintTime>
    <Operator>DCSoft.Writer Version:1.1.1111.29376</Operator>
  </Info>
  <BodyText>
  </BodyText>
  <UserHistories>
    <History>
      <ID />
      <Name />
      <SavedTime>2005-01-12T10:45:37</SavedTime>
    </History>
    <History>
      <ID />
      <Name />
      <SavedTime>2005-01-12T10:51:59</SavedTime>
    </History>
    <History>
      <ID />
      <Name />
      <SavedTime>2005-01-12T10:54:46</SavedTime>
    </History>
  </UserHistories>
  <ContentStyles>
    <Default xsi:type="DocumentContentStyle">
      <FontName>宋体</FontName>
    </Default>
    <Styles>
      <Style Index="0">
        <Align>Center</Align>
      </Style>
      <Style Index="1">
        <CreatorIndex>1</CreatorIndex>
      </Style>
      <Style Index="2">
        <CreatorIndex>2</CreatorIndex>
      </Style>
    </Styles>
  </ContentStyles>
  <MeasureMode>OldCompatibility</MeasureMode>
  <PageSettings>
    <LeftMargin>50</LeftMargin>
    <TopMargin>50</TopMargin>
    <RightMargin>50</RightMargin>
    <BottomMargin>50</BottomMargin>
    <ViewLeftMargin>150</ViewLeftMargin>
    <ViewTopMargin>150</ViewTopMargin>
    <ViewRightMargin>150</ViewRightMargin>
    <ViewBottomMargin>150</ViewBottomMargin>
    <ViewPaperWidth>2481</ViewPaperWidth>
    <ViewPaperHeight>3507</ViewPaperHeight>
  </PageSettings>
</XTextDocument>