﻿<?xml version="1.0" encoding="utf-8"?>
<XTextDocument xmlns:xsi="http://www.w3.org/2001/XMLSchema-instance" xmlns:xsd="http://www.w3.org/2001/XMLSchema" EditorVersionString="1.1.1111.29376">
  <Attributes />
  <XElements>
    <Element xsi:type="XTextBody">
      <Attributes />
      <XElements>
        <Element xsi:type="XInputField">
          <ID>kb0000002080</ID>
          <Attributes />
          <XElements />
          <TextValue />
          <UnitText>℃</UnitText>
          <Name>T</Name>
          <InnerValue />
          <BackgroundText>T</BackgroundText>
        </Element>
        <Element xsi:type="XString">
          <Text>，</Text>
        </Element>
        <Element xsi:type="XInputField">
          <ID>kb0000002081</ID>
          <Attributes />
          <XElements />
          <TextValue />
          <UnitText>次/分</UnitText>
          <Name>P</Name>
          <InnerValue />
          <BackgroundText>P</BackgroundText>
        </Element>
        <Element xsi:type="XString">
          <Text>，</Text>
        </Element>
        <Element xsi:type="XInputField">
          <ID>kb0000002082</ID>
          <Attributes />
          <XElements />
          <TextValue />
          <UnitText>次/分</UnitText>
          <Name>R</Name>
          <InnerValue />
          <BackgroundText>R</BackgroundText>
        </Element>
        <Element xsi:type="XString">
          <Text>，</Text>
        </Element>
        <Element xsi:type="XInputField">
          <ID>kb0000002083</ID>
          <Attributes />
          <XElements />
          <TextValue />
          <UnitText>mmHg</UnitText>
          <Name>收缩压</Name>
          <InnerValue />
          <BackgroundText>收缩压</BackgroundText>
        </Element>
        <Element xsi:type="XString">
          <Text>/</Text>
        </Element>
        <Element xsi:type="XInputField">
          <ID>kb0000002084</ID>
          <Attributes />
          <XElements />
          <TextValue />
          <UnitText>mmHg</UnitText>
          <Name>舒张压</Name>
          <InnerValue />
          <BackgroundText>舒张压</BackgroundText>
        </Element>
        <Element xsi:type="XString">
          <Text>。</Text>
        </Element>
        <Element xsi:type="XParagraphFlag" />
        <Element xsi:type="XInputField">
          <ID>kb0000000195</ID>
          <Attributes />
          <XElements>
            <Element xsi:type="XString">
              <Text>体位</Text>
            </Element>
          </XElements>
          <TextValue>体位</TextValue>
          <Name>体位</Name>
          <ValueBinding />
          <InnerValue>体位</InnerValue>
          <BackgroundText>体位</BackgroundText>
          <FieldSettings>
            <EditStyle>DropdownList</EditStyle>
            <ListSource>
              <SourceName>0000000195</SourceName>
              <Items />
            </ListSource>
          </FieldSettings>
        </Element>
        <Element xsi:type="XString">
          <Text>，</Text>
        </Element>
        <Element xsi:type="XInputField">
          <ID>kb0000000194</ID>
          <Attributes />
          <XElements>
            <Element xsi:type="XString">
              <Text>意识</Text>
            </Element>
          </XElements>
          <TextValue>意识</TextValue>
          <Name>意识</Name>
          <ValueBinding />
          <InnerValue>意识</InnerValue>
          <BackgroundText>意识</BackgroundText>
          <FieldSettings>
            <EditStyle>DropdownList</EditStyle>
            <ListSource>
              <SourceName>0000000194</SourceName>
              <Items />
            </ListSource>
          </FieldSettings>
        </Element>
        <Element xsi:type="XString">
          <Text>，瞳孔：左/右</Text>
        </Element>
        <Element xsi:type="XInputField">
          <ID>kb0000002085</ID>
          <Attributes />
          <XElements />
          <TextValue />
          <UnitText>mm</UnitText>
          <Name>左瞳孔直径</Name>
          <InnerValue />
          <BackgroundText>左瞳孔直径</BackgroundText>
        </Element>
        <Element xsi:type="XString">
          <Text>/</Text>
        </Element>
        <Element xsi:type="XInputField">
          <ID>kb0000002086</ID>
          <Attributes />
          <XElements />
          <TextValue />
          <UnitText>mm</UnitText>
          <Name>右瞳孔直径</Name>
          <InnerValue />
          <BackgroundText>右瞳孔直径</BackgroundText>
        </Element>
        <Element xsi:type="XString">
          <Text>，对光反射：左</Text>
        </Element>
        <Element xsi:type="XInputField">
          <ID>kb0000002088</ID>
          <Attributes />
          <XElements>
            <Element xsi:type="XString">
              <Text>对光反射</Text>
            </Element>
          </XElements>
          <TextValue>对光反射</TextValue>
          <Name>对光反射</Name>
          <ValueBinding />
          <InnerValue>对光反射</InnerValue>
          <BackgroundText>对光反射</BackgroundText>
          <FieldSettings>
            <EditStyle>DropdownList</EditStyle>
            <ListSource>
              <SourceName>0000002088</SourceName>
              <Items />
            </ListSource>
          </FieldSettings>
        </Element>
        <Element xsi:type="XString">
          <Text>，右</Text>
        </Element>
        <Element xsi:type="XInputField">
          <ID>kb0000002088</ID>
          <Attributes />
          <XElements>
            <Element xsi:type="XString">
              <Text>对光反射</Text>
            </Element>
          </XElements>
          <TextValue>对光反射</TextValue>
          <Name>对光反射</Name>
          <ValueBinding />
          <InnerValue>对光反射</InnerValue>
          <BackgroundText>对光反射</BackgroundText>
          <FieldSettings>
            <EditStyle>DropdownList</EditStyle>
            <ListSource>
              <SourceName>0000002088</SourceName>
              <Items />
            </ListSource>
          </FieldSettings>
        </Element>
        <Element xsi:type="XString">
          <Text>，</Text>
        </Element>
        <Element xsi:type="XInputField">
          <ID>kb0000002089</ID>
          <Attributes />
          <XElements>
            <Element xsi:type="XString">
              <Text>巩膜黄染</Text>
            </Element>
          </XElements>
          <TextValue>巩膜黄染</TextValue>
          <Name>巩膜黄染</Name>
          <ValueBinding />
          <InnerValue>巩膜黄染</InnerValue>
          <BackgroundText>巩膜黄染</BackgroundText>
          <FieldSettings>
            <EditStyle>DropdownList</EditStyle>
            <ListSource>
              <SourceName>0000002089</SourceName>
              <Items />
            </ListSource>
          </FieldSettings>
        </Element>
        <Element xsi:type="XString">
          <Text>巩膜黄染。</Text>
        </Element>
        <Element xsi:type="XParagraphFlag" />
        <Element xsi:type="XString">
          <Text>格拉斯哥昏迷评分：</Text>
        </Element>
        <Element xsi:type="XInputField">
          <ID>kb0000002090</ID>
          <Attributes />
          <XElements />
          <TextValue />
          <UnitText>分</UnitText>
          <Name>格拉斯哥昏迷评分</Name>
          <InnerValue />
          <BackgroundText>格拉斯哥昏迷评分</BackgroundText>
        </Element>
        <Element xsi:type="XString">
          <Text>。</Text>
        </Element>
        <Element xsi:type="XParagraphFlag" />
        <Element xsi:type="XString">
          <Text>睁眼反应：</Text>
        </Element>
        <Element xsi:type="XInputField">
          <ID>kb0000002091</ID>
          <Attributes />
          <XElements>
            <Element xsi:type="XString">
              <Text>睁眼反应</Text>
            </Element>
          </XElements>
          <TextValue>睁眼反应</TextValue>
          <Name>睁眼反应</Name>
          <ValueBinding />
          <InnerValue>睁眼反应</InnerValue>
          <BackgroundText>睁眼反应</BackgroundText>
          <FieldSettings>
            <EditStyle>DropdownList</EditStyle>
            <ListSource>
              <SourceName>0000002091</SourceName>
              <Items />
            </ListSource>
          </FieldSettings>
        </Element>
        <Element xsi:type="XString">
          <Text>；言语反应：</Text>
        </Element>
        <Element xsi:type="XInputField">
          <ID>kb0000002092</ID>
          <Attributes />
          <XElements>
            <Element xsi:type="XString">
              <Text>言语反应</Text>
            </Element>
          </XElements>
          <TextValue>言语反应</TextValue>
          <Name>言语反应</Name>
          <ValueBinding />
          <InnerValue>言语反应</InnerValue>
          <BackgroundText>言语反应</BackgroundText>
          <FieldSettings>
            <EditStyle>DropdownList</EditStyle>
            <ListSource>
              <SourceName>0000002092</SourceName>
              <Items />
            </ListSource>
          </FieldSettings>
        </Element>
        <Element xsi:type="XString">
          <Text>；运动反应：</Text>
        </Element>
        <Element xsi:type="XInputField">
          <ID>kb0000002093</ID>
          <Attributes />
          <XElements>
            <Element xsi:type="XString">
              <Text>运动反应</Text>
            </Element>
          </XElements>
          <TextValue>运动反应</TextValue>
          <Name>运动反应</Name>
          <ValueBinding />
          <InnerValue>运动反应</InnerValue>
          <BackgroundText>运动反应</BackgroundText>
          <FieldSettings>
            <EditStyle>DropdownList</EditStyle>
            <ListSource>
              <SourceName>0000002093</SourceName>
              <Items />
            </ListSource>
          </FieldSettings>
        </Element>
        <Element xsi:type="XString">
          <Text>。</Text>
        </Element>
        <Element xsi:type="XParagraphFlag" />
        <Element xsi:type="XString">
          <Text>皮肤粘膜</Text>
        </Element>
        <Element xsi:type="XInputField">
          <ID>kb0000002094</ID>
          <Attributes />
          <XElements>
            <Element xsi:type="XString">
              <Text>皮肤粘膜</Text>
            </Element>
          </XElements>
          <TextValue>皮肤粘膜</TextValue>
          <Name>皮肤粘膜</Name>
          <ValueBinding />
          <InnerValue>皮肤粘膜</InnerValue>
          <BackgroundText>皮肤粘膜</BackgroundText>
          <FieldSettings>
            <EditStyle>DropdownList</EditStyle>
            <ListSource>
              <SourceName>0000002094</SourceName>
              <Items />
            </ListSource>
          </FieldSettings>
        </Element>
        <Element xsi:type="XString">
          <Text>，淋巴结</Text>
        </Element>
        <Element xsi:type="XInputField">
          <ID>kb0000002095</ID>
          <Attributes />
          <XElements>
            <Element xsi:type="XString">
              <Text>淋巴结肿大</Text>
            </Element>
          </XElements>
          <TextValue>淋巴结肿大</TextValue>
          <Name>淋巴结肿大</Name>
          <ValueBinding />
          <InnerValue>淋巴结肿大</InnerValue>
          <BackgroundText>淋巴结肿大</BackgroundText>
          <FieldSettings>
            <EditStyle>DropdownList</EditStyle>
            <ListSource>
              <SourceName>0000002095</SourceName>
              <Items />
            </ListSource>
          </FieldSettings>
        </Element>
        <Element xsi:type="XString">
          <Text>。</Text>
        </Element>
        <Element xsi:type="XParagraphFlag" />
        <Element xsi:type="XString">
          <Text>颈部</Text>
        </Element>
        <Element xsi:type="XInputField">
          <ID>kb0000002096</ID>
          <Attributes />
          <XElements>
            <Element xsi:type="XString">
              <Text>颈部</Text>
            </Element>
          </XElements>
          <TextValue>颈部</TextValue>
          <Name>颈部</Name>
          <ValueBinding />
          <InnerValue>颈部</InnerValue>
          <BackgroundText>颈部</BackgroundText>
          <FieldSettings>
            <EditStyle>DropdownList</EditStyle>
            <ListSource>
              <SourceName>0000002096</SourceName>
              <Items />
            </ListSource>
          </FieldSettings>
        </Element>
        <Element xsi:type="XString">
          <Text>，气管</Text>
        </Element>
        <Element xsi:type="XInputField">
          <ID>kb0000002097</ID>
          <Attributes />
          <XElements>
            <Element xsi:type="XString">
              <Text>气管</Text>
            </Element>
          </XElements>
          <TextValue>气管</TextValue>
          <Name>气管</Name>
          <ValueBinding />
          <InnerValue>气管</InnerValue>
          <BackgroundText>气管</BackgroundText>
          <FieldSettings>
            <EditStyle>DropdownList</EditStyle>
            <ListSource>
              <SourceName>0000002097</SourceName>
              <Items />
            </ListSource>
          </FieldSettings>
        </Element>
        <Element xsi:type="XString">
          <Text>，</Text>
        </Element>
        <Element xsi:type="XInputField">
          <ID>kb0000002098</ID>
          <Attributes />
          <XElements>
            <Element xsi:type="XString">
              <Text>颈静脉怒张</Text>
            </Element>
          </XElements>
          <TextValue>颈静脉怒张</TextValue>
          <Name>颈静脉怒张</Name>
          <ValueBinding />
          <InnerValue>颈静脉怒张</InnerValue>
          <BackgroundText>颈静脉怒张</BackgroundText>
          <FieldSettings>
            <EditStyle>DropdownList</EditStyle>
            <ListSource>
              <SourceName>0000002098</SourceName>
              <Items />
            </ListSource>
          </FieldSettings>
        </Element>
        <Element xsi:type="XString">
          <Text>。</Text>
        </Element>
        <Element xsi:type="XParagraphFlag" />
        <Element xsi:type="XString">
          <Text>双肺呼吸音</Text>
        </Element>
        <Element xsi:type="XInputField">
          <ID>kb0000002099</ID>
          <Attributes />
          <XElements>
            <Element xsi:type="XString">
              <Text>双肺呼吸音</Text>
            </Element>
          </XElements>
          <TextValue>双肺呼吸音</TextValue>
          <Name>双肺呼吸音</Name>
          <ValueBinding />
          <InnerValue>双肺呼吸音</InnerValue>
          <BackgroundText>双肺呼吸音</BackgroundText>
          <FieldSettings>
            <EditStyle>DropdownList</EditStyle>
            <ListSource>
              <SourceName>0000002099</SourceName>
              <Items />
            </ListSource>
          </FieldSettings>
        </Element>
        <Element xsi:type="XString">
          <Text>，</Text>
        </Element>
        <Element xsi:type="XInputField">
          <ID>kb0000002100</ID>
          <Attributes />
          <XElements>
            <Element xsi:type="XString">
              <Text>罗音</Text>
            </Element>
          </XElements>
          <TextValue>罗音</TextValue>
          <Name>罗音</Name>
          <ValueBinding />
          <InnerValue>罗音</InnerValue>
          <BackgroundText>罗音</BackgroundText>
          <FieldSettings>
            <EditStyle>DropdownList</EditStyle>
            <ListSource>
              <SourceName>0000002100</SourceName>
              <Items />
            </ListSource>
          </FieldSettings>
        </Element>
        <Element xsi:type="XString">
          <Text>，</Text>
        </Element>
        <Element xsi:type="XInputField">
          <ID>kb0000002101</ID>
          <Attributes />
          <XElements>
            <Element xsi:type="XString">
              <Text>哮鸣音</Text>
            </Element>
          </XElements>
          <TextValue>哮鸣音</TextValue>
          <Name>哮鸣音</Name>
          <ValueBinding />
          <InnerValue>哮鸣音</InnerValue>
          <BackgroundText>哮鸣音</BackgroundText>
          <FieldSettings>
            <EditStyle>DropdownList</EditStyle>
            <ListSource>
              <SourceName>0000002101</SourceName>
              <Items />
            </ListSource>
          </FieldSettings>
        </Element>
        <Element xsi:type="XString">
          <Text>。</Text>
        </Element>
        <Element xsi:type="XParagraphFlag" />
        <Element xsi:type="XString">
          <Text>心率</Text>
        </Element>
        <Element xsi:type="XInputField">
          <ID>kb0000002102</ID>
          <Attributes />
          <XElements />
          <TextValue />
          <UnitText>次/分</UnitText>
          <Name>心率</Name>
          <InnerValue />
          <BackgroundText>心率</BackgroundText>
        </Element>
        <Element xsi:type="XString">
          <Text>，心律</Text>
        </Element>
        <Element xsi:type="XInputField">
          <ID>kb0000002103</ID>
          <Attributes />
          <XElements>
            <Element xsi:type="XString">
              <Text>心律</Text>
            </Element>
          </XElements>
          <TextValue>心律</TextValue>
          <Name>心律</Name>
          <ValueBinding />
          <InnerValue>心律</InnerValue>
          <BackgroundText>心律</BackgroundText>
          <FieldSettings>
            <EditStyle>DropdownList</EditStyle>
            <ListSource>
              <SourceName>0000002103</SourceName>
              <Items />
            </ListSource>
          </FieldSettings>
        </Element>
        <Element xsi:type="XString">
          <Text>，</Text>
        </Element>
        <Element xsi:type="XInputField">
          <ID>kb0000002104</ID>
          <Attributes />
          <XElements>
            <Element xsi:type="XString">
              <Text>杂音</Text>
            </Element>
          </XElements>
          <TextValue>杂音</TextValue>
          <Name>杂音</Name>
          <ValueBinding />
          <InnerValue>杂音</InnerValue>
          <BackgroundText>杂音</BackgroundText>
          <FieldSettings>
            <EditStyle>DropdownList</EditStyle>
            <ListSource>
              <SourceName>0000002104</SourceName>
              <Items />
            </ListSource>
          </FieldSettings>
        </Element>
        <Element xsi:type="XString">
          <Text>。</Text>
        </Element>
        <Element xsi:type="XParagraphFlag" />
        <Element xsi:type="XString">
          <Text>腹部</Text>
        </Element>
        <Element xsi:type="XInputField">
          <ID>kb0000002105</ID>
          <Attributes />
          <XElements>
            <Element xsi:type="XString">
              <Text>腹部</Text>
            </Element>
          </XElements>
          <TextValue>腹部</TextValue>
          <Name>腹部</Name>
          <ValueBinding />
          <InnerValue>腹部</InnerValue>
          <BackgroundText>腹部</BackgroundText>
          <FieldSettings>
            <EditStyle>DropdownList</EditStyle>
            <ListSource>
              <SourceName>0000002105</SourceName>
              <Items />
            </ListSource>
          </FieldSettings>
        </Element>
        <Element xsi:type="XString">
          <Text>，</Text>
        </Element>
        <Element xsi:type="XInputField">
          <ID>kb0000002106</ID>
          <Attributes />
          <XElements>
            <Element xsi:type="XString">
              <Text>压痛</Text>
            </Element>
          </XElements>
          <TextValue>压痛</TextValue>
          <Name>压痛</Name>
          <ValueBinding />
          <InnerValue>压痛</InnerValue>
          <BackgroundText>压痛</BackgroundText>
          <FieldSettings>
            <EditStyle>DropdownList</EditStyle>
            <ListSource>
              <SourceName>0000002106</SourceName>
              <Items />
            </ListSource>
          </FieldSettings>
        </Element>
        <Element xsi:type="XString">
          <Text>，</Text>
        </Element>
        <Element xsi:type="XInputField">
          <ID>kb0000002107</ID>
          <Attributes />
          <XElements>
            <Element xsi:type="XString">
              <Text>反跳痛</Text>
            </Element>
          </XElements>
          <TextValue>反跳痛</TextValue>
          <Name>反跳痛</Name>
          <ValueBinding />
          <InnerValue>反跳痛</InnerValue>
          <BackgroundText>反跳痛</BackgroundText>
          <FieldSettings>
            <EditStyle>DropdownList</EditStyle>
            <ListSource>
              <SourceName>0000002107</SourceName>
              <Items />
            </ListSource>
          </FieldSettings>
        </Element>
        <Element xsi:type="XString">
          <Text>，</Text>
        </Element>
        <Element xsi:type="XInputField">
          <ID>kb0000002108</ID>
          <Attributes />
          <XElements>
            <Element xsi:type="XString">
              <Text>包块</Text>
            </Element>
          </XElements>
          <TextValue>包块</TextValue>
          <Name>包块</Name>
          <ValueBinding />
          <InnerValue>包块</InnerValue>
          <BackgroundText>包块</BackgroundText>
          <FieldSettings>
            <EditStyle>DropdownList</EditStyle>
            <ListSource>
              <SourceName>0000002108</SourceName>
              <Items />
            </ListSource>
          </FieldSettings>
        </Element>
        <Element xsi:type="XString">
          <Text>。</Text>
        </Element>
        <Element xsi:type="XParagraphFlag" />
        <Element xsi:type="XString">
          <Text>肝脏</Text>
        </Element>
        <Element xsi:type="XInputField">
          <ID>kb0000002109</ID>
          <Attributes />
          <XElements>
            <Element xsi:type="XString">
              <Text>肝脏</Text>
            </Element>
          </XElements>
          <TextValue>肝脏</TextValue>
          <Name>肝脏</Name>
          <ValueBinding />
          <InnerValue>肝脏</InnerValue>
          <BackgroundText>肝脏</BackgroundText>
          <FieldSettings>
            <EditStyle>DropdownList</EditStyle>
            <ListSource>
              <SourceName>0000002109</SourceName>
              <Items />
            </ListSource>
          </FieldSettings>
        </Element>
        <Element xsi:type="XString">
          <Text>，质地</Text>
        </Element>
        <Element xsi:type="XInputField">
          <ID>kb0000002111</ID>
          <Attributes />
          <XElements>
            <Element xsi:type="XString">
              <Text>肝脏质地</Text>
            </Element>
          </XElements>
          <TextValue>肝脏质地</TextValue>
          <Name>肝脏质地</Name>
          <ValueBinding />
          <InnerValue>肝脏质地</InnerValue>
          <BackgroundText>肝脏质地</BackgroundText>
          <FieldSettings>
            <EditStyle>DropdownList</EditStyle>
            <ListSource>
              <SourceName>0000002111</SourceName>
              <Items />
            </ListSource>
          </FieldSettings>
        </Element>
        <Element xsi:type="XString">
          <Text>；脾脏</Text>
        </Element>
        <Element xsi:type="XInputField">
          <ID>kb0000002112</ID>
          <Attributes />
          <XElements>
            <Element xsi:type="XString">
              <Text>脾脏</Text>
            </Element>
          </XElements>
          <TextValue>脾脏</TextValue>
          <Name>脾脏</Name>
          <ValueBinding />
          <InnerValue>脾脏</InnerValue>
          <BackgroundText>脾脏</BackgroundText>
          <FieldSettings>
            <EditStyle>DropdownList</EditStyle>
            <ListSource>
              <SourceName>0000002112</SourceName>
              <Items />
            </ListSource>
          </FieldSettings>
        </Element>
        <Element xsi:type="XString">
          <Text>，质地</Text>
        </Element>
        <Element xsi:type="XInputField">
          <ID>kb0000002114</ID>
          <Attributes />
          <XElements>
            <Element xsi:type="XString">
              <Text>脾脏质地</Text>
            </Element>
          </XElements>
          <TextValue>脾脏质地</TextValue>
          <Name>脾脏质地</Name>
          <ValueBinding />
          <InnerValue>脾脏质地</InnerValue>
          <BackgroundText>脾脏质地</BackgroundText>
          <FieldSettings>
            <EditStyle>DropdownList</EditStyle>
            <ListSource>
              <SourceName>0000002114</SourceName>
              <Items />
            </ListSource>
          </FieldSettings>
        </Element>
        <Element xsi:type="XString">
          <Text>；肠鸣音</Text>
        </Element>
        <Element xsi:type="XInputField">
          <ID>kb0000002115</ID>
          <Attributes />
          <XElements>
            <Element xsi:type="XString">
              <Text>肠鸣音</Text>
            </Element>
          </XElements>
          <TextValue>肠鸣音</TextValue>
          <Name>肠鸣音</Name>
          <ValueBinding />
          <InnerValue>肠鸣音</InnerValue>
          <BackgroundText>肠鸣音</BackgroundText>
          <FieldSettings>
            <EditStyle>DropdownList</EditStyle>
            <ListSource>
              <SourceName>0000002115</SourceName>
              <Items />
            </ListSource>
          </FieldSettings>
        </Element>
        <Element xsi:type="XString">
          <Text>；</Text>
        </Element>
        <Element xsi:type="XInputField">
          <ID>kb0000002116</ID>
          <Attributes />
          <XElements>
            <Element xsi:type="XString">
              <Text>肾区扣击痛</Text>
            </Element>
          </XElements>
          <TextValue>肾区扣击痛</TextValue>
          <Name>肾区扣击痛</Name>
          <ValueBinding />
          <InnerValue>肾区扣击痛</InnerValue>
          <BackgroundText>肾区扣击痛</BackgroundText>
          <FieldSettings>
            <EditStyle>DropdownList</EditStyle>
            <ListSource>
              <SourceName>0000002116</SourceName>
              <Items />
            </ListSource>
          </FieldSettings>
        </Element>
        <Element xsi:type="XString">
          <Text>。</Text>
        </Element>
        <Element xsi:type="XParagraphFlag" />
        <Element xsi:type="XInputField">
          <ID>kb0000002117</ID>
          <Attributes />
          <XElements>
            <Element xsi:type="XString">
              <Text>脊柱及四肢畸形</Text>
            </Element>
          </XElements>
          <TextValue>脊柱及四肢畸形</TextValue>
          <Name>脊柱及四肢畸形</Name>
          <ValueBinding />
          <InnerValue>脊柱及四肢畸形</InnerValue>
          <BackgroundText>脊柱及四肢畸形</BackgroundText>
          <FieldSettings>
            <EditStyle>DropdownList</EditStyle>
            <ListSource>
              <SourceName>0000002117</SourceName>
              <Items />
            </ListSource>
          </FieldSettings>
        </Element>
        <Element xsi:type="XString">
          <Text>，</Text>
        </Element>
        <Element xsi:type="XInputField">
          <ID>kb0000002118</ID>
          <Attributes />
          <XElements>
            <Element xsi:type="XString">
              <Text>活动受限</Text>
            </Element>
          </XElements>
          <TextValue>活动受限</TextValue>
          <Name>活动受限</Name>
          <ValueBinding />
          <InnerValue>活动受限</InnerValue>
          <BackgroundText>活动受限</BackgroundText>
          <FieldSettings>
            <EditStyle>DropdownList</EditStyle>
            <ListSource>
              <SourceName>0000002118</SourceName>
              <Items />
            </ListSource>
          </FieldSettings>
        </Element>
        <Element xsi:type="XString">
          <Text>。</Text>
        </Element>
        <Element xsi:type="XParagraphFlag" />
        <Element xsi:type="XString">
          <Text>病理反射：左侧</Text>
        </Element>
        <Element xsi:type="XInputField">
          <ID>kb0000002119</ID>
          <Attributes />
          <XElements>
            <Element xsi:type="XString">
              <Text>病理反射</Text>
            </Element>
          </XElements>
          <TextValue>病理反射</TextValue>
          <Name>病理反射</Name>
          <ValueBinding />
          <InnerValue>病理反射</InnerValue>
          <BackgroundText>病理反射</BackgroundText>
          <FieldSettings>
            <EditStyle>DropdownList</EditStyle>
            <ListSource>
              <SourceName>0000002119</SourceName>
              <Items />
            </ListSource>
          </FieldSettings>
        </Element>
        <Element xsi:type="XString">
          <Text>，右侧</Text>
        </Element>
        <Element xsi:type="XInputField">
          <ID>kb0000002119</ID>
          <Attributes />
          <XElements>
            <Element xsi:type="XString">
              <Text>病理反射</Text>
            </Element>
          </XElements>
          <TextValue>病理反射</TextValue>
          <Name>病理反射</Name>
          <ValueBinding />
          <InnerValue>病理反射</InnerValue>
          <BackgroundText>病理反射</BackgroundText>
          <FieldSettings>
            <EditStyle>DropdownList</EditStyle>
            <ListSource>
              <SourceName>0000002119</SourceName>
              <Items />
            </ListSource>
          </FieldSettings>
        </Element>
        <Element xsi:type="XString" StyleIndex="1">
          <Text>。</Text>
        </Element>
        <Element xsi:type="XParagraphFlag" />
      </XElements>
      <Sections />
    </Element>
    <Element xsi:type="XTextHeader">
      <Attributes />
      <XElements>
        <Element xsi:type="XParagraphFlag" StyleIndex="0">
          <AutoCreate>true</AutoCreate>
        </Element>
      </XElements>
    </Element>
    <Element xsi:type="XTextFooter">
      <Attributes />
      <XElements>
        <Element xsi:type="XParagraphFlag">
          <AutoCreate>true</AutoCreate>
        </Element>
      </XElements>
    </Element>
  </XElements>
  <Info>
    <CreationTime>2013-04-02T17:19:54.912192+08:00</CreationTime>
    <LastModifiedTime>2013-04-02T17:19:54.912192+08:00</LastModifiedTime>
    <LastPrintTime>1980-01-01T00:00:00</LastPrintTime>
    <Operator>DCSoft.Writer Version:1.1.1111.29376</Operator>
  </Info>
  <BodyText>
  </BodyText>
  <UserHistories>
    <History>
      <ID />
      <Name />
      <SavedTime>2005-03-01T09:25:54</SavedTime>
    </History>
    <History>
      <ID />
      <Name />
      <SavedTime>2005-03-15T12:28:23</SavedTime>
    </History>
  </UserHistories>
  <ContentStyles>
    <Default xsi:type="DocumentContentStyle">
      <FontName>宋体</FontName>
    </Default>
    <Styles>
      <Style Index="0">
        <Align>Center</Align>
      </Style>
      <Style Index="1">
        <CreatorIndex>1</CreatorIndex>
      </Style>
    </Styles>
  </ContentStyles>
  <MeasureMode>OldCompatibility</MeasureMode>
  <PageSettings>
    <LeftMargin>50</LeftMargin>
    <TopMargin>50</TopMargin>
    <RightMargin>50</RightMargin>
    <BottomMargin>50</BottomMargin>
    <ViewLeftMargin>150</ViewLeftMargin>
    <ViewTopMargin>150</ViewTopMargin>
    <ViewRightMargin>150</ViewRightMargin>
    <ViewBottomMargin>150</ViewBottomMargin>
    <ViewPaperWidth>2481</ViewPaperWidth>
    <ViewPaperHeight>3507</ViewPaperHeight>
  </PageSettings>
</XTextDocument>