﻿<?xml version="1.0" encoding="utf-16"?><XTextDocument xmlns:xsi="http://www.w3.org/2001/XMLSchema-instance" xmlns:xsd="http://www.w3.org/2001/XMLSchema" EditorVersionString="1.1.1820.25330"><Attributes><Attribute><Name>IsShowGridLine</Name><Value>false</Value></Attribute></Attributes><XElements><Element xsi:type="XTextBody" StyleIndex="0"><Expressions /><ScriptItems /><Attributes /><XElements><Element xsi:type="XTextTable" NumOfRows="7" NumOfColumns="1"><ID /><Expressions /><ScriptItems /><Attributes /><XElements><Element xsi:type="XTextTableRow"><Expressions /><ScriptItems /><Attributes /><XElements><Element xsi:type="XTextTableCell" StyleIndex="5"><Expressions /><ScriptItems /><Attributes /><XElements><Element xsi:type="XString" StyleIndex="6"><Text>患者姓名：</Text></Element><Element xsi:type="XString" StyleIndex="7"><Text>                    </Text></Element><Element xsi:type="XString" StyleIndex="6"><Text>    （患者家长姓名：</Text></Element><Element xsi:type="XString" StyleIndex="7"><Text>                    </Text></Element><Element xsi:type="XString" StyleIndex="6"><Text>） </Text></Element><Element xsi:type="XParagraphFlag" StyleIndex="6" /><Element xsi:type="XString" StyleIndex="6"><Text>身份证号：</Text></Element><Element xsi:type="XString" StyleIndex="9"><Text>                  </Text></Element><Element xsi:type="XString" StyleIndex="6"><Text>   性别：</Text></Element><Element xsi:type="XTextCheckBox" StyleIndex="6"><ID /><Attributes /><EventExpressions /></Element><Element xsi:type="XString" StyleIndex="6"><Text>男</Text></Element><Element xsi:type="XTextCheckBox" StyleIndex="6"><ID>a286db3e-8de9-45a0-a3a8-fe9efe</ID><Attributes /><EventExpressions /></Element><Element xsi:type="XString" StyleIndex="6"><Text>女</Text></Element><Element xsi:type="XParagraphFlag" StyleIndex="6" /><Element xsi:type="XString" StyleIndex="6"><Text>出生日期：</Text></Element><Element xsi:type="XString" StyleIndex="9"><Text>    </Text></Element><Element xsi:type="XString" StyleIndex="6"><Text>年</Text></Element><Element xsi:type="XString" StyleIndex="9"><Text>  </Text></Element><Element xsi:type="XString" StyleIndex="6"><Text>月</Text></Element><Element xsi:type="XString" StyleIndex="9"><Text>  </Text></Element><Element xsi:type="XString" StyleIndex="6"><Text>日（如出生日期不详，实足年龄：</Text></Element><Element xsi:type="XString" StyleIndex="9"><Text>   </Text></Element><Element xsi:type="XString" StyleIndex="6"><Text>年龄单位：</Text></Element><Element xsi:type="XString" StyleIndex="9"><Text> </Text></Element><Element xsi:type="XString" StyleIndex="6"><Text>岁</Text></Element><Element xsi:type="XString" StyleIndex="9"><Text> </Text></Element><Element xsi:type="XString" StyleIndex="6"><Text>月</Text></Element><Element xsi:type="XString" StyleIndex="9"><Text> </Text></Element><Element xsi:type="XString" StyleIndex="6"><Text>天）</Text></Element><Element xsi:type="XParagraphFlag" StyleIndex="6" /><Element xsi:type="XString" StyleIndex="6"><Text>工作单位：                                         联系电话：（</Text></Element><Element xsi:type="XString" StyleIndex="9"><Text>        </Text></Element><Element xsi:type="XString" StyleIndex="6"><Text>）</Text></Element><Element xsi:type="XParagraphFlag" StyleIndex="6" /><Element xsi:type="XString" StyleIndex="6"><Text>病例属于：</Text></Element><Element xsi:type="XTextCheckBox" StyleIndex="6"><ID>3da0abe6-92b6-4d1b-9467-17c7bf</ID><Attributes /><EventExpressions /></Element><Element xsi:type="XString" StyleIndex="6"><Text>本县区</Text></Element><Element xsi:type="XTextCheckBox" StyleIndex="6"><ID>04e72433-4957-43cc-bc82-bf758b</ID><Attributes /><EventExpressions /></Element><Element xsi:type="XString" StyleIndex="6"><Text>本市其他县区</Text></Element><Element xsi:type="XTextCheckBox" StyleIndex="6"><ID>5f7c2eb0-5abb-4150-b109-367934</ID><Attributes /><EventExpressions /></Element><Element xsi:type="XString" StyleIndex="6"><Text>本省其它地方     </Text></Element><Element xsi:type="XTextCheckBox" StyleIndex="6"><ID>5b59904b-c27b-4dfd-8670-fad159</ID><Attributes /><EventExpressions /></Element><Element xsi:type="XString" StyleIndex="6"><Text>外省     </Text></Element><Element xsi:type="XTextCheckBox" StyleIndex="6"><ID>05fdd43e-3d45-4879-b364-80e167</ID><Attributes /><EventExpressions /></Element><Element xsi:type="XString" StyleIndex="6"><Text>港澳台     </Text></Element><Element xsi:type="XTextCheckBox" StyleIndex="6"><ID>3a61858d-e733-4a2d-8361-e03b3a</ID><Attributes /><EventExpressions /></Element><Element xsi:type="XString" StyleIndex="6"><Text>外籍</Text></Element><Element xsi:type="XParagraphFlag" StyleIndex="6" /><Element xsi:type="XString" StyleIndex="6"><Text>现住地（详填）：</Text></Element><Element xsi:type="XString" StyleIndex="7"><Text>      </Text></Element><Element xsi:type="XString" StyleIndex="6"><Text>省</Text></Element><Element xsi:type="XString" StyleIndex="7"><Text>      </Text></Element><Element xsi:type="XString" StyleIndex="6"><Text>市</Text></Element><Element xsi:type="XString" StyleIndex="7"><Text>      </Text></Element><Element xsi:type="XString" StyleIndex="6"><Text>县(区)</Text></Element><Element xsi:type="XString" StyleIndex="7"><Text>      </Text></Element><Element xsi:type="XString" StyleIndex="6"><Text>乡（镇、街道）</Text></Element><Element xsi:type="XString" StyleIndex="7"><Text>       </Text></Element><Element xsi:type="XString" StyleIndex="6"><Text>村</Text></Element><Element xsi:type="XString" StyleIndex="7"><Text>       </Text></Element><Element xsi:type="XString" StyleIndex="6"><Text>（门牌号）</Text></Element><Element xsi:type="XParagraphFlag" StyleIndex="6" /><Element xsi:type="XString" StyleIndex="6"><Text>患者职业：</Text></Element><Element xsi:type="XParagraphFlag" StyleIndex="6" /><Element xsi:type="XTextCheckBox" StyleIndex="6"><ID>6641a389-6499-492e-8bf9-a4debc</ID><Attributes /><EventExpressions /></Element><Element xsi:type="XString" StyleIndex="6"><Text>幼托儿童、</Text></Element><Element xsi:type="XTextCheckBox" StyleIndex="6"><ID>131b2288-0753-49ca-ae7c-7040e0</ID><Attributes /><EventExpressions /></Element><Element xsi:type="XString" StyleIndex="6"><Text>散居儿童、</Text></Element><Element xsi:type="XTextCheckBox" StyleIndex="6"><ID>71496654-01cb-4af9-8ed6-9cd4be</ID><Attributes /><EventExpressions /></Element><Element xsi:type="XString" StyleIndex="6"><Text>学生(大中小学)、</Text></Element><Element xsi:type="XTextCheckBox" StyleIndex="6"><ID>aaff008c-1e83-45e7-8048-2eb098</ID><Attributes /><EventExpressions /></Element><Element xsi:type="XString" StyleIndex="6"><Text>教师、</Text></Element><Element xsi:type="XTextCheckBox" StyleIndex="6"><ID>a8cd836f-88d9-4601-8ec9-ae2f30</ID><Attributes /><EventExpressions /></Element><Element xsi:type="XString" StyleIndex="6"><Text>保育员及保姆、</Text></Element><Element xsi:type="XTextCheckBox" StyleIndex="6"><ID>839c4881-70cf-43be-bd1d-82d824</ID><Attributes /><EventExpressions /></Element><Element xsi:type="XString" StyleIndex="6"><Text>餐饮食品业、</Text></Element><Element xsi:type="XTextCheckBox" StyleIndex="6"><ID>93568771-ed13-4ba9-9660-b7f4cf</ID><Attributes /><EventExpressions /></Element><Element xsi:type="XString" StyleIndex="6"><Text>商业服务、</Text></Element><Element xsi:type="XTextCheckBox" StyleIndex="6"><ID>020b9770-082d-4d56-abc7-5e16cb</ID><Attributes /><EventExpressions /></Element><Element xsi:type="XString" StyleIndex="6"><Text>医务人员、</Text></Element><Element xsi:type="XTextCheckBox" StyleIndex="6"><ID>15e2e49f-9d5b-4bab-9884-95d617</ID><Attributes /><EventExpressions /></Element><Element xsi:type="XString" StyleIndex="6"><Text>工人、</Text></Element><Element xsi:type="XTextCheckBox" StyleIndex="6"><ID>e71d8e26-754e-4763-b491-d9b394</ID><Attributes /><EventExpressions /></Element><Element xsi:type="XString" StyleIndex="6"><Text>民工、</Text></Element><Element xsi:type="XTextCheckBox" StyleIndex="6"><ID>ab1665be-3280-4e78-adaa-9deaf3</ID><Attributes /><EventExpressions /></Element><Element xsi:type="XString" StyleIndex="6"><Text>农民、</Text></Element><Element xsi:type="XTextCheckBox" StyleIndex="6"><ID>8a5e93b9-f3af-42d3-b060-38d52d</ID><Attributes /><EventExpressions /></Element><Element xsi:type="XString" StyleIndex="6"><Text>牧民、</Text></Element><Element xsi:type="XTextCheckBox" StyleIndex="6"><ID>42dc5e9b-099b-4edd-b109-d030b7</ID><Attributes /><EventExpressions /></Element><Element xsi:type="XString" StyleIndex="6"><Text>渔（船）民、</Text></Element><Element xsi:type="XTextCheckBox" StyleIndex="6"><ID>ffe1f7c3-d4d7-44ec-9bdf-364845</ID><Attributes /><EventExpressions /></Element><Element xsi:type="XString" StyleIndex="6"><Text>干部职员、</Text></Element><Element xsi:type="XTextCheckBox" StyleIndex="6"><ID>0111976f-2a6d-43f6-9cf5-a6ff08</ID><Attributes /><EventExpressions /></Element><Element xsi:type="XString" StyleIndex="6"><Text>离退人员、</Text></Element><Element xsi:type="XTextCheckBox" StyleIndex="6"><ID>4fe5ce84-a758-4fcc-b799-ee1c93</ID><Attributes /><EventExpressions /></Element><Element xsi:type="XString" StyleIndex="6"><Text>家务及待业、</Text></Element><Element xsi:type="XTextCheckBox" StyleIndex="6"><ID>2b7ef61d-83fd-4736-b4a4-271ec1</ID><Attributes /><EventExpressions /></Element><Element xsi:type="XString" StyleIndex="6"><Text>其他（   ）、</Text></Element><Element xsi:type="XTextCheckBox" StyleIndex="6"><ID>fe93ea81-6848-4dea-be46-b52dba</ID><Attributes /><EventExpressions /></Element><Element xsi:type="XString" StyleIndex="6"><Text>不详</Text></Element><Element xsi:type="XParagraphFlag" StyleIndex="6" /><Element xsi:type="XParagraphFlag" StyleIndex="6" /><Element xsi:type="XString" StyleIndex="6"><Text>病例分类：（1）</Text></Element><Element xsi:type="XTextCheckBox" StyleIndex="6"><ID>9b507696-45e9-40f6-9562-9d2fd6</ID><Attributes /><EventExpressions /></Element><Element xsi:type="XString" StyleIndex="6"><Text>疑似病例、</Text></Element><Element xsi:type="XTextCheckBox" StyleIndex="6"><ID>f0629bb7-dad6-44b0-b109-42b40d</ID><Attributes /><EventExpressions /></Element><Element xsi:type="XString" StyleIndex="6"><Text>临床诊断病例、</Text></Element><Element xsi:type="XTextCheckBox" StyleIndex="6"><ID>1e5af5df-afab-4561-a671-72ad9d</ID><Attributes /><EventExpressions /></Element><Element xsi:type="XString" StyleIndex="6"><Text>实验室确诊病例、</Text></Element><Element xsi:type="XTextCheckBox" StyleIndex="6"><ID>afc44b9e-4884-489e-b290-611838</ID><Attributes /><EventExpressions /></Element><Element xsi:type="XString" StyleIndex="6"><Text>病原携带者</Text></Element><Element xsi:type="XParagraphFlag" StyleIndex="6" /><Element xsi:type="XString" StyleIndex="6"><Text>          （2）</Text></Element><Element xsi:type="XTextCheckBox" StyleIndex="6"><ID>fd8e8481-f2db-4140-94ab-e134ac</ID><Attributes /><EventExpressions /></Element><Element xsi:type="XString" StyleIndex="6"><Text>急性、</Text></Element><Element xsi:type="XTextCheckBox" StyleIndex="6"><ID>32bf0dbb-4f5c-4881-9fc4-502eb5</ID><Attributes /><EventExpressions /></Element><Element xsi:type="XString" StyleIndex="6"><Text>慢性、（乙型肝炎，血吸虫病填写）</Text></Element><Element xsi:type="XParagraphFlag" StyleIndex="6" /><Element xsi:type="XString" StyleIndex="6"><Text>发病日期：</Text></Element><Element xsi:type="XString" StyleIndex="9"><Text>    </Text></Element><Element xsi:type="XString" StyleIndex="6"><Text>年</Text></Element><Element xsi:type="XString" StyleIndex="9"><Text>  </Text></Element><Element xsi:type="XString" StyleIndex="6"><Text>月</Text></Element><Element xsi:type="XString" StyleIndex="9"><Text>  </Text></Element><Element xsi:type="XString" StyleIndex="6"><Text>日（病原携带者填初检日期     就诊时间）</Text></Element><Element xsi:type="XParagraphFlag" StyleIndex="6" /><Element xsi:type="XString" StyleIndex="6"><Text>诊断日期：</Text></Element><Element xsi:type="XString" StyleIndex="9"><Text>    </Text></Element><Element xsi:type="XString" StyleIndex="6"><Text>年</Text></Element><Element xsi:type="XString" StyleIndex="9"><Text>  </Text></Element><Element xsi:type="XString" StyleIndex="6"><Text>月</Text></Element><Element xsi:type="XString" StyleIndex="9"><Text>  </Text></Element><Element xsi:type="XString" StyleIndex="6"><Text>日</Text></Element><Element xsi:type="XParagraphFlag" StyleIndex="6" /><Element xsi:type="XString" StyleIndex="6"><Text>死亡时期：</Text></Element><Element xsi:type="XString" StyleIndex="9"><Text>    </Text></Element><Element xsi:type="XString" StyleIndex="6"><Text>年</Text></Element><Element xsi:type="XString" StyleIndex="9"><Text>  </Text></Element><Element xsi:type="XString" StyleIndex="6"><Text>月</Text></Element><Element xsi:type="XString" StyleIndex="9"><Text>  </Text></Element><Element xsi:type="XString" StyleIndex="6"><Text>日</Text></Element><Element xsi:type="XParagraphFlag" StyleIndex="6" /></XElements></Element></XElements></Element><Element xsi:type="XTextTableRow"><Expressions /><ScriptItems /><Attributes /><XElements><Element xsi:type="XTextTableCell" StyleIndex="5"><Expressions /><ScriptItems /><Attributes /><XElements><Element xsi:type="XString" StyleIndex="6"><Text>甲类传染病：</Text></Element><Element xsi:type="XParagraphFlag" StyleIndex="6" /><Element xsi:type="XTextCheckBox" StyleIndex="6"><ID>2b3cab88-aa38-4e75-bb9a-d28cca</ID><Attributes /><EventExpressions /></Element><Element xsi:type="XString" StyleIndex="6"><Text> 鼠疫、</Text></Element><Element xsi:type="XTextCheckBox" StyleIndex="6"><ID>95ff3e8d-6af1-4ef1-93f4-f268a3</ID><Attributes /><EventExpressions /></Element><Element xsi:type="XString" StyleIndex="6"><Text> 霍乱</Text></Element><Element xsi:type="XParagraphFlag" StyleIndex="6" /></XElements></Element></XElements></Element><Element xsi:type="XTextTableRow"><Expressions /><ScriptItems /><Attributes /><XElements><Element xsi:type="XTextTableCell" StyleIndex="5"><Expressions /><ScriptItems /><Attributes /><XElements><Element xsi:type="XString" StyleIndex="6"><Text>乙类传染病：</Text></Element><Element xsi:type="XParagraphFlag" StyleIndex="6" /><Element xsi:type="XTextCheckBox" StyleIndex="6"><ID>995f4abc-ca4c-4800-9ca6-ad2364</ID><Attributes /><EventExpressions /></Element><Element xsi:type="XString" StyleIndex="6"><Text>传染性非典型肺炎、</Text></Element><Element xsi:type="XTextCheckBox" StyleIndex="6"><ID>b5e93e69-dfa5-4eb6-8ff1-b84205</ID><Attributes /><EventExpressions /></Element><Element xsi:type="XString" StyleIndex="6"><Text>艾滋病：病毒性肝炎（</Text></Element><Element xsi:type="XTextCheckBox" StyleIndex="6"><ID>0fa96134-f33b-4dc4-8476-09b1fa</ID><Attributes /><EventExpressions /></Element><Element xsi:type="XString" StyleIndex="6"><Text>甲型、</Text></Element><Element xsi:type="XTextCheckBox" StyleIndex="6"><ID>d588c1f6-10ac-4ddf-8629-0f8211</ID><Attributes /><EventExpressions /></Element><Element xsi:type="XString" StyleIndex="6"><Text>乙型、</Text></Element><Element xsi:type="XTextCheckBox" StyleIndex="6"><ID>02abd65d-4ecf-4b42-b2ae-9d084b</ID><Attributes /><EventExpressions /></Element><Element xsi:type="XString" StyleIndex="6"><Text>丙型、</Text></Element><Element xsi:type="XTextCheckBox" StyleIndex="6"><ID>fa0a016a-973f-4cef-8bfc-ef0a88</ID><Attributes /><EventExpressions /></Element><Element xsi:type="XString" StyleIndex="6"><Text>戊型、</Text></Element><Element xsi:type="XTextCheckBox" StyleIndex="6"><ID>a07d7661-1d16-492e-824b-85ca46</ID><Attributes /><EventExpressions /></Element><Element xsi:type="XString" StyleIndex="6"><Text>未分型）</Text></Element><Element xsi:type="XParagraphFlag" StyleIndex="6" /><Element xsi:type="XTextCheckBox" StyleIndex="6"><ID>b3ce9d39-0c27-41ee-af39-7c25fd</ID><Attributes /><EventExpressions /></Element><Element xsi:type="XString" StyleIndex="6"><Text>脊髓灰质炎、</Text></Element><Element xsi:type="XTextCheckBox" StyleIndex="6"><ID>8eb7ab2b-8393-42e4-af31-2435c9</ID><Attributes /><EventExpressions /></Element><Element xsi:type="XString" StyleIndex="6"><Text>人感染高致病性禽流感、</Text></Element><Element xsi:type="XTextCheckBox" StyleIndex="6"><ID>09103f88-bc0c-4437-a91b-ed7a6e</ID><Attributes /><EventExpressions /></Element><Element xsi:type="XString" StyleIndex="6"><Text>麻疹、</Text></Element><Element xsi:type="XTextCheckBox" StyleIndex="6"><ID>8185cafc-e4f7-45ca-a2a2-30dc23</ID><Attributes /><EventExpressions /></Element><Element xsi:type="XString" StyleIndex="6"><Text>流行性出血热、</Text></Element><Element xsi:type="XTextCheckBox" StyleIndex="6"><ID>ffaeaf94-c684-4231-9571-907a8f</ID><Attributes /><EventExpressions /></Element><Element xsi:type="XString" StyleIndex="6"><Text>狂犬病、</Text></Element><Element xsi:type="XTextCheckBox" StyleIndex="6"><ID>645919fd-f03f-499b-b526-4bd65c</ID><Attributes /><EventExpressions /></Element><Element xsi:type="XString" StyleIndex="6"><Text>流行性乙型脑炎、</Text></Element><Element xsi:type="XTextCheckBox" StyleIndex="6"><ID>1d570166-6df8-4ea1-b646-639660</ID><Attributes /><EventExpressions /></Element><Element xsi:type="XString" StyleIndex="6"><Text>登革热、炭疽（肺炭疽，</Text></Element><Element xsi:type="XTextCheckBox" StyleIndex="6"><ID>aff9e476-ce21-459c-8d57-9352b3</ID><Attributes /><EventExpressions /></Element><Element xsi:type="XString" StyleIndex="6"><Text>皮肤炭疽、</Text></Element><Element xsi:type="XTextCheckBox" StyleIndex="6"><ID>8dc89287-7dc3-4710-801f-526da9</ID><Attributes /><EventExpressions /></Element><Element xsi:type="XString" StyleIndex="6"><Text>未分型）、痢疾（</Text></Element><Element xsi:type="XTextCheckBox" StyleIndex="6"><ID>1c8fbfeb-4c48-4c61-bcc5-891026</ID><Attributes /><EventExpressions /></Element><Element xsi:type="XString" StyleIndex="6"><Text>细菌性、</Text></Element><Element xsi:type="XTextCheckBox" StyleIndex="6"><ID>79e94df8-cd79-4748-b97d-fec0c0</ID><Attributes /><EventExpressions /></Element><Element xsi:type="XString" StyleIndex="6"><Text>阿米巴性）、肺结核（</Text></Element><Element xsi:type="XTextCheckBox" StyleIndex="6"><ID>1d3058e9-da53-4846-8dc1-c5df83</ID><Attributes /><EventExpressions /></Element><Element xsi:type="XString" StyleIndex="6"><Text>涂阳、</Text></Element><Element xsi:type="XTextCheckBox" StyleIndex="6"><ID>1cacbbc7-5528-4b95-8bca-0282e0</ID><Attributes /><EventExpressions /></Element><Element xsi:type="XString" StyleIndex="6"><Text>仅培阳、</Text></Element><Element xsi:type="XTextCheckBox" StyleIndex="6"><ID>8147f37d-ad51-461e-a1c6-96081a</ID><Attributes /><EventExpressions /></Element><Element xsi:type="XString" StyleIndex="6"><Text>菌阴、</Text></Element><Element xsi:type="XTextCheckBox" StyleIndex="6"><ID>33b2ff64-362d-4497-8d3e-279acb</ID><Attributes /><EventExpressions /></Element><Element xsi:type="XString" StyleIndex="6"><Text>未痰检）、伤寒（</Text></Element><Element xsi:type="XTextCheckBox" StyleIndex="6"><ID>b30ea204-18bc-45b9-8905-8b0484</ID><Attributes /><EventExpressions /></Element><Element xsi:type="XString" StyleIndex="6"><Text>伤寒、</Text></Element><Element xsi:type="XTextCheckBox" StyleIndex="6"><ID>6a9131d4-e19c-469e-8ed8-6be201</ID><Attributes /><EventExpressions /></Element><Element xsi:type="XString" StyleIndex="6"><Text>副伤寒）、</Text></Element><Element xsi:type="XTextCheckBox" StyleIndex="6"><ID>7a571064-9886-478d-88e2-56c33f</ID><Attributes /><EventExpressions /></Element><Element xsi:type="XString" StyleIndex="6"><Text>流行性脑脊髓膜炎、</Text></Element><Element xsi:type="XTextCheckBox" StyleIndex="6"><ID>ccd7e60e-6a34-4b74-b66a-4292eb</ID><Attributes /><EventExpressions /></Element><Element xsi:type="XString" StyleIndex="6"><Text>百日咳、</Text></Element><Element xsi:type="XTextCheckBox" StyleIndex="6"><ID>9c5299c0-4d68-4cbd-848c-a1658c</ID><Attributes /><EventExpressions /></Element><Element xsi:type="XString" StyleIndex="6"><Text>白喉、</Text></Element><Element xsi:type="XTextCheckBox" StyleIndex="6"><ID>d4c8d7f0-5683-4879-a1ab-996ba9</ID><Attributes /><EventExpressions /></Element><Element xsi:type="XString" StyleIndex="6"><Text>新生儿破伤风、</Text></Element><Element xsi:type="XTextCheckBox" StyleIndex="6"><ID>7c89c8cb-d555-4be1-ab46-9c23c1</ID><Attributes /><EventExpressions /></Element><Element xsi:type="XString" StyleIndex="6"><Text>猩红热、</Text></Element><Element xsi:type="XTextCheckBox" StyleIndex="6"><ID>97d0f85b-dcdb-480e-9a5d-246b02</ID><Attributes /><EventExpressions /></Element><Element xsi:type="XString" StyleIndex="6"><Text>布鲁氏菌病、</Text></Element><Element xsi:type="XTextCheckBox" StyleIndex="6"><ID>c767ec5f-69fb-4ec7-8e05-bcaa12</ID><Attributes /><EventExpressions /></Element><Element xsi:type="XString" StyleIndex="6"><Text>淋病、梅毒（</Text></Element><Element xsi:type="XTextCheckBox" StyleIndex="6"><ID>0c61fc61-f2f8-46aa-ac89-074316</ID><Attributes /><EventExpressions /></Element><Element xsi:type="XString" StyleIndex="6"><Text>Ⅰ期、</Text></Element><Element xsi:type="XTextCheckBox" StyleIndex="6"><ID>e6989f57-878a-4ed1-a4ea-c863d4</ID><Attributes /><EventExpressions /></Element><Element xsi:type="XString" StyleIndex="6"><Text>Ⅱ期、</Text></Element><Element xsi:type="XTextCheckBox" StyleIndex="6"><ID>7c0187c8-c188-4131-809a-314962</ID><Attributes /><EventExpressions /></Element><Element xsi:type="XString" StyleIndex="6"><Text>Ⅲ期、</Text></Element><Element xsi:type="XTextCheckBox" StyleIndex="6"><ID>26f2771e-5cf2-4f98-bf41-fd5a6f</ID><Attributes /><EventExpressions /></Element><Element xsi:type="XString" StyleIndex="6"><Text>胎传、</Text></Element><Element xsi:type="XTextCheckBox" StyleIndex="6"><ID>3cbf5729-9d09-4c34-8082-910e77</ID><Attributes /><EventExpressions /></Element><Element xsi:type="XString" StyleIndex="6"><Text>隐性）、</Text></Element><Element xsi:type="XTextCheckBox" StyleIndex="6"><ID>5f6dd9ba-1317-48ac-824e-20a1fc</ID><Attributes /><EventExpressions /></Element><Element xsi:type="XString" StyleIndex="6"><Text>沟端螺旋体病、</Text></Element><Element xsi:type="XTextCheckBox" StyleIndex="6"><ID>e5f53e8f-6c8d-435d-bac0-e8203b</ID><Attributes /><EventExpressions /></Element><Element xsi:type="XString" StyleIndex="6"><Text>血吸虫病、</Text></Element><Element xsi:type="XTextCheckBox" StyleIndex="6"><ID>2cf1b366-9a39-4070-a1f8-964a25</ID><Attributes /><EventExpressions /></Element><Element xsi:type="XString" StyleIndex="6"><Text>疟疾(</Text></Element><Element xsi:type="XTextCheckBox" StyleIndex="6"><ID>b6ac2825-8a81-41f6-8e12-f39c23</ID><Attributes /><EventExpressions /></Element><Element xsi:type="XString" StyleIndex="6"><Text>间日虐、</Text></Element><Element xsi:type="XTextCheckBox" StyleIndex="6"><ID>b35fc077-ae40-4808-815f-447741</ID><Attributes /><EventExpressions /></Element><Element xsi:type="XString" StyleIndex="6"><Text>恶性疟、</Text></Element><Element xsi:type="XTextCheckBox" StyleIndex="6"><ID>d9e0bc49-f347-4575-9d72-05daa8</ID><Attributes /><EventExpressions /></Element><Element xsi:type="XString" StyleIndex="6"><Text>未分型)</Text></Element><Element xsi:type="XParagraphFlag" StyleIndex="6" /></XElements></Element></XElements></Element><Element xsi:type="XTextTableRow"><Expressions /><ScriptItems /><Attributes /><XElements><Element xsi:type="XTextTableCell" StyleIndex="5"><Expressions /><ScriptItems /><Attributes /><XElements><Element xsi:type="XString" StyleIndex="6"><Text>丙类传染病：</Text></Element><Element xsi:type="XParagraphFlag" StyleIndex="6" /><Element xsi:type="XTextCheckBox" StyleIndex="6"><ID>24c41dae-6528-4962-bb5b-0d75df</ID><Attributes /><EventExpressions /></Element><Element xsi:type="XString" StyleIndex="6"><Text>流行性感冒、</Text></Element><Element xsi:type="XTextCheckBox" StyleIndex="6"><ID>9beae38d-e25f-4227-b394-5d2a0b</ID><Attributes /><EventExpressions /></Element><Element xsi:type="XString" StyleIndex="6"><Text>流行性腮腺炎、</Text></Element><Element xsi:type="XTextCheckBox" StyleIndex="6"><ID>4bc8af85-f7b5-45e3-88c0-6743a3</ID><Attributes /><EventExpressions /></Element><Element xsi:type="XString" StyleIndex="6"><Text>风疹、</Text></Element><Element xsi:type="XTextCheckBox" StyleIndex="6"><ID>109c6b80-398a-4992-bee2-168fcd</ID><Attributes /><EventExpressions /></Element><Element xsi:type="XString" StyleIndex="6"><Text>急性出血性结膜炎、</Text></Element><Element xsi:type="XTextCheckBox" StyleIndex="6"><ID>f21c2bdb-75e9-45ac-8f6d-ed744d</ID><Attributes /><EventExpressions /></Element><Element xsi:type="XString" StyleIndex="6"><Text>麻风病、</Text></Element><Element xsi:type="XTextCheckBox" StyleIndex="6"><ID>7be82455-ce8c-4692-9890-ebe357</ID><Attributes /><EventExpressions /></Element><Element xsi:type="XString" StyleIndex="6"><Text>流行性和地方性斑疹伤寒、</Text></Element><Element xsi:type="XTextCheckBox" StyleIndex="6"><ID>9a13abfc-b88f-4e50-bd6b-f8944f</ID><Attributes /><EventExpressions /></Element><Element xsi:type="XString" StyleIndex="6"><Text>黑热病、包虫病、</Text></Element><Element xsi:type="XTextCheckBox" StyleIndex="6"><ID>75785608-5336-41ae-883e-06d34f</ID><Attributes /><EventExpressions /></Element><Element xsi:type="XString" StyleIndex="6"><Text>丝虫病、</Text></Element><Element xsi:type="XTextCheckBox" StyleIndex="6"><ID>e92e50ac-ad5b-4bef-a771-8083ba</ID><Attributes /><EventExpressions /></Element><Element xsi:type="XString" StyleIndex="6"><Text>除霍乱、细菌性和阿米巴性痢疾、伤寒和副伤寒以外的感染性腹泻病。</Text></Element><Element xsi:type="XParagraphFlag" StyleIndex="6" /></XElements></Element></XElements></Element><Element xsi:type="XTextTableRow"><Expressions /><ScriptItems /><Attributes /><XElements><Element xsi:type="XTextTableCell" StyleIndex="5"><Expressions /><ScriptItems /><Attributes /><XElements><Element xsi:type="XString" StyleIndex="6"><Text>其他法定管理以及重点监测传染病：</Text></Element><Element xsi:type="XParagraphFlag" StyleIndex="6" /><Element xsi:type="XParagraphFlag" StyleIndex="6" /><Element xsi:type="XParagraphFlag" StyleIndex="6" /></XElements></Element></XElements></Element><Element xsi:type="XTextTableRow"><Expressions /><ScriptItems /><Attributes /><XElements><Element xsi:type="XTextTableCell" StyleIndex="5"><Expressions /><ScriptItems /><Attributes /><XElements><Element xsi:type="XString" StyleIndex="6"><Text>订正病名：</Text></Element><Element xsi:type="XString" StyleIndex="7"><Text>                              </Text></Element><Element xsi:type="XString" StyleIndex="8"><Text> </Text></Element><Element xsi:type="XString" StyleIndex="6"><Text>       </Text></Element><Element xsi:type="XString" StyleIndex="8"><Text> </Text></Element><Element xsi:type="XString" StyleIndex="6"><Text>退卡原因：</Text></Element><Element xsi:type="XString" StyleIndex="7"><Text>                              </Text></Element><Element xsi:type="XParagraphFlag" StyleIndex="6" /><Element xsi:type="XString" StyleIndex="6"><Text>报告单位：</Text></Element><Element xsi:type="XString" StyleIndex="7"><Text>                              </Text></Element><Element xsi:type="XString" StyleIndex="6"><Text>         联系电话：</Text></Element><Element xsi:type="XString" StyleIndex="7"><Text>                              </Text></Element><Element xsi:type="XParagraphFlag" StyleIndex="6" /><Element xsi:type="XString" StyleIndex="6"><Text>报告医生：</Text></Element><Element xsi:type="XString" StyleIndex="7"><Text>                              </Text></Element><Element xsi:type="XString" StyleIndex="6"><Text>         填卡日期：</Text></Element><Element xsi:type="XString" StyleIndex="9"><Text>    </Text></Element><Element xsi:type="XString" StyleIndex="6"><Text>年</Text></Element><Element xsi:type="XString" StyleIndex="9"><Text>  </Text></Element><Element xsi:type="XString" StyleIndex="6"><Text>月</Text></Element><Element xsi:type="XString" StyleIndex="9"><Text>  </Text></Element><Element xsi:type="XString" StyleIndex="6"><Text>日</Text></Element><Element xsi:type="XParagraphFlag" StyleIndex="6" /></XElements></Element></XElements></Element><Element xsi:type="XTextTableRow"><Expressions /><ScriptItems /><Attributes /><XElements><Element xsi:type="XTextTableCell" StyleIndex="5"><Expressions /><ScriptItems /><Attributes /><XElements><Element xsi:type="XString" StyleIndex="6"><Text>备注：</Text></Element><Element xsi:type="XParagraphFlag" StyleIndex="6" /><Element xsi:type="XParagraphFlag" StyleIndex="6" /></XElements></Element></XElements></Element></XElements><Columns><Element xsi:type="XTextTableColumn"><Width>2006.75</Width></Element></Columns></Element></XElements></Element><Element xsi:type="XTextHeader" StyleIndex="0"><Expressions /><ScriptItems /><Attributes /><XElements><Element xsi:type="XString" StyleIndex="2"><Text>中华人民共和国传染病报告卡</Text></Element><Element xsi:type="XParagraphFlag" StyleIndex="1" /><Element xsi:type="XString" StyleIndex="4"><Text>卡片编号：             </Text></Element><Element xsi:type="XString"><Text> </Text></Element><Element xsi:type="XString" StyleIndex="4"><Text>     报卡类别：1、初次报告       2、订正报告（A、死亡    B、其它）</Text></Element><Element xsi:type="XParagraphFlag" StyleIndex="3" /></XElements></Element><Element xsi:type="XTextFooter" StyleIndex="0"><Expressions /><ScriptItems /><Attributes /><XElements /></Element></XElements><DocumentContentVersion>1354</DocumentContentVersion><Info><CreationTime>2014-01-24T10:04:18.8070458+08:00</CreationTime><LastModifiedTime>2014-01-24T10:04:18.8070458+08:00</LastModifiedTime><LastPrintTime>1980-01-01T00:00:00</LastPrintTime><Operator>DCSoft.Writer Version:1.1.1820.25330</Operator><NumOfPage>1</NumOfPage></Info><BodyText>患者姓名：                        （患者家长姓名：                    ） 
身份证号：                     性别：□男□女
出生日期：    年  月  日（如出生日期不详，实足年龄：   年龄单位： 岁 月 天）
工作单位：                                         联系电话：（        ）
病例属于：□本县区□本市其他县区□本省其它地方     □外省     □港澳台     □外籍
现住地（详填）：      省      市      县(区)      乡（镇、街道）       村       （门牌号）
患者职业：
□幼托儿童、□散居儿童、□学生(大中小学)、□教师、□保育员及保姆、□餐饮食品业、□商业服务、□医务人员、□工人、□民工、□农民、□牧民、□渔（船）民、□干部职员、□离退人员、□家务及待业、□其他（   ）、□不详

病例分类：（1）□疑似病例、□临床诊断病例、□实验室确诊病例、□病原携带者
          （2）□急性、□慢性、（乙型肝炎，血吸虫病填写）
发病日期：    年  月  日（病原携带者填初检日期     就诊时间）
诊断日期：    年  月  日
死亡时期：    年  月  日甲类传染病：
□ 鼠疫、□ 霍乱乙类传染病：
□传染性非典型肺炎、□艾滋病：病毒性肝炎（□甲型、□乙型、□丙型、□戊型、□未分型）
□脊髓灰质炎、□人感染高致病性禽流感、□麻疹、□流行性出血热、□狂犬病、□流行性乙型脑炎、□登革热、炭疽（肺炭疽，□皮肤炭疽、□未分型）、痢疾（□细菌性、□阿米巴性）、肺结核（□涂阳、□仅培阳、□菌阴、□未痰检）、伤寒（□伤寒、□副伤寒）、□流行性脑脊髓膜炎、□百日咳、□白喉、□新生儿破伤风、□猩红热、□布鲁氏菌病、□淋病、梅毒（□Ⅰ期、□Ⅱ期、□Ⅲ期、□胎传、□隐性）、□沟端螺旋体病、□血吸虫病、□疟疾(□间日虐、□恶性疟、□未分型)丙类传染病：
□流行性感冒、□流行性腮腺炎、□风疹、□急性出血性结膜炎、□麻风病、□流行性和地方性斑疹伤寒、□黑热病、包虫病、□丝虫病、□除霍乱、细菌性和阿米巴性痢疾、伤寒和副伤寒以外的感染性腹泻病。其他法定管理以及重点监测传染病：

订正病名：                                       退卡原因：                              
报告单位：                                       联系电话：                              
报告医生：                                       填卡日期：    年  月  日备注：
</BodyText><Comments /><LocalConfig /><PageSettings><PrinterName /><PaperSource /><LeftMargin>77</LeftMargin><RightMargin>77</RightMargin><BottomMargin>82</BottomMargin></PageSettings><ContentStyles><Default xsi:type="DocumentContentStyle"><FontName>宋体</FontName><FontSize>12</FontSize></Default><Styles><Style Index="0"><FontName>宋体</FontName><FontSize>12</FontSize><Align>Center</Align></Style><Style Index="1"><Color>32, 31, 53</Color><FontName>宋体</FontName><FontSize>18</FontSize><Bold>true</Bold><Align>Center</Align></Style><Style Index="2"><Color>32, 31, 53</Color><FontName>宋体</FontName><FontSize>21.75</FontSize><Bold>true</Bold><Align>Center</Align></Style><Style Index="3"><Color>32, 31, 53</Color><FontName>宋体</FontName><FontSize>18</FontSize><Bold>true</Bold></Style><Style Index="4"><Color>32, 31, 53</Color><FontName>宋体</FontName><FontSize>10.5</FontSize><Bold>true</Bold><Align>Center</Align></Style><Style Index="5"><FontName>宋体</FontName><FontSize>12</FontSize><VerticalAlign>Middle</VerticalAlign><BorderWidth>1</BorderWidth><BorderLeft>true</BorderLeft><BorderBottom>true</BorderBottom><BorderTop>true</BorderTop><BorderRight>true</BorderRight><PaddingLeft>15</PaddingLeft><PaddingTop>10</PaddingTop><PaddingBottom>10</PaddingBottom></Style><Style Index="6"><FontName>宋体</FontName><FontSize>10.5</FontSize></Style><Style Index="7"><FontName>宋体</FontName><FontSize>10.5</FontSize><Underline>true</Underline></Style><Style Index="8"><FontName>宋体</FontName><FontSize>10.5</FontSize></Style><Style Index="9"><FontName>宋体</FontName><FontSize>10.5</FontSize><CharacterCircle>Rectangle</CharacterCircle></Style></Styles></ContentStyles><UserHistories /></XTextDocument>