﻿<?xml version="1.0" encoding="utf-8"?>
<XTextDocument xmlns:xsi="http://www.w3.org/2001/XMLSchema-instance" xmlns:xsd="http://www.w3.org/2001/XMLSchema" EditorVersionString="0.0.0.0">
   <Attributes />
   <XElements>
      <Element xsi:type="XTextBody" StyleIndex="0">
         <Attributes />
         <Expressions />
         <ScriptItems />
         <XElements>
            <Element xsi:type="XString">
               <Text>测试内容同步复制操作</Text>
            </Element>
            <Element xsi:type="XParagraphFlag" />
            <Element xsi:type="XParagraphFlag" />
            <Element xsi:type="XString">
               <Text>复制的目的：</Text>
            </Element>
            <Element xsi:type="XInputField">
               <Attributes />
               <Expressions />
               <ScriptItems />
               <CopySource>
                  <SourceID>InputSource</SourceID>
                  <SourcePropertyName />
                  <DescPropertyName />
                  <IgnoreChildElements>false</IgnoreChildElements>
               </CopySource>
               <XElements />
               <EventExpressions />
               <UserEditable>false</UserEditable>
               <ValueBinding />
               <ValidateStyle />
               <InnerValue />
               <BackgroundText>目的1</BackgroundText>
               <FieldSettings />
            </Element>
            <Element xsi:type="XParagraphFlag" />
            <Element xsi:type="XParagraphFlag" />
            <Element xsi:type="XParagraphFlag" />
            <Element xsi:type="XParagraphFlag" />
            <Element xsi:type="XString">
               <Text>请输入内容：</Text>
            </Element>
            <Element xsi:type="XInputField">
               <Attributes />
               <ID>InputSource</ID>
               <Expressions />
               <ScriptItems />
               <XElements />
               <EventExpressions />
               <ValueBinding />
               <ValidateStyle />
               <InnerValue />
               <BackgroundText>请输入内容</BackgroundText>
               <FieldSettings />
            </Element>
            <Element xsi:type="XString">
               <Text>,当光标离开这个输入域就执行内容同步复制。</Text>
            </Element>
            <Element xsi:type="XParagraphFlag" />
            <Element xsi:type="XParagraphFlag" />
            <Element xsi:type="XParagraphFlag" />
            <Element xsi:type="XParagraphFlag" />
            <Element xsi:type="XString">
               <Text>复制的目的：</Text>
            </Element>
            <Element xsi:type="XInputField">
               <Attributes />
               <Expressions />
               <ScriptItems />
               <CopySource>
                  <SourceID>InputSource</SourceID>
                  <SourcePropertyName />
                  <DescPropertyName />
                  <IgnoreChildElements>false</IgnoreChildElements>
               </CopySource>
               <XElements />
               <EventExpressions />
               <ValueBinding />
               <ValidateStyle />
               <InnerValue />
               <BackgroundText>目的2</BackgroundText>
               <FieldSettings />
            </Element>
            <Element xsi:type="XParagraphFlag" />
            <Element xsi:type="XParagraphFlag" />
            <Element xsi:type="XString">
               <Text>-----------同组复制：------------------</Text>
            </Element>
            <Element xsi:type="XParagraphFlag" />
            <Element xsi:type="XString">
               <Text>输入域1：</Text>
            </Element>
            <Element xsi:type="XInputField">
               <Attributes />
               <ID>field1</ID>
               <ValueExpression />
               <Expressions />
               <ScriptItems />
               <CopySource>
                  <SourceID>field1,field2,field3</SourceID>
                  <SourcePropertyName />
                  <DescPropertyName />
                  <IgnoreChildElements>false</IgnoreChildElements>
               </CopySource>
               <XElements />
               <EventExpressions />
               <ValueBinding />
               <ValidateStyle />
               <InnerValue />
               <BackgroundText>输入域1</BackgroundText>
               <FieldSettings />
            </Element>
            <Element xsi:type="XParagraphFlag" />
            <Element xsi:type="XString">
               <Text>输入域2：</Text>
            </Element>
            <Element xsi:type="XInputField">
               <Attributes />
               <ID>field2</ID>
               <ValueExpression />
               <Expressions />
               <ScriptItems />
               <CopySource>
                  <SourceID>field1,field2,field3</SourceID>
                  <SourcePropertyName />
                  <DescPropertyName />
                  <IgnoreChildElements>false</IgnoreChildElements>
               </CopySource>
               <XElements />
               <EventExpressions />
               <ValueBinding />
               <ValidateStyle />
               <InnerValue />
               <BackgroundText>输入域2</BackgroundText>
               <FieldSettings />
            </Element>
            <Element xsi:type="XParagraphFlag" />
            <Element xsi:type="XString">
               <Text>输入域3：</Text>
            </Element>
            <Element xsi:type="XInputField">
               <Attributes />
               <ID>field3</ID>
               <ValueExpression />
               <Expressions />
               <ScriptItems />
               <CopySource>
                  <SourceID>field1,field2,field3</SourceID>
                  <SourcePropertyName />
                  <DescPropertyName />
                  <IgnoreChildElements>false</IgnoreChildElements>
               </CopySource>
               <XElements />
               <EventExpressions />
               <ValueBinding />
               <ValidateStyle />
               <InnerValue />
               <BackgroundText>输入域3</BackgroundText>
               <FieldSettings />
            </Element>
         </XElements>
      </Element>
      <Element xsi:type="XTextHeader" StyleIndex="0">
         <Attributes />
         <Expressions />
         <ScriptItems />
         <XElements />
      </Element>
      <Element xsi:type="XTextFooter" StyleIndex="0">
         <Attributes />
         <Expressions />
         <ScriptItems />
         <XElements />
      </Element>
   </XElements>
   <DocumentContentVersion>6</DocumentContentVersion>
   <Info>
      <FieldBorderElementWidth>0.5</FieldBorderElementWidth>
      <CreationTime>2013-07-22T11:36:33.343628+08:00</CreationTime>
      <LastModifiedTime>2014-04-11T20:44:01.9687501+08:00</LastModifiedTime>
      <LastPrintTime>1980-01-01T00:00:00</LastPrintTime>
      <Operator>DCSoft.Writer Version:1.1.0.0</Operator>
      <NumOfPage>1</NumOfPage>
   </Info>
   <BodyText>测试内容同步复制操作

复制的目的：目的1



请输入内容：请输入内容,当光标离开这个输入域就执行内容同步复制。



复制的目的：目的2

-----------同组复制：------------------
输入域1：输入域1
输入域2：输入域2
输入域3：输入域3</BodyText>
   <Comments />
   <LocalConfig />
   <PageSettings />
   <ContentStyles>
      <Default xsi:type="DocumentContentStyle">
         <Color>ControlText</Color>
         <FontName>宋体</FontName>
         <FontSize>12</FontSize>
      </Default>
      <Styles>
         <Style Index="0">
            <Color>ControlText</Color>
            <FontName>宋体</FontName>
            <FontSize>12</FontSize>
            <Align>Center</Align>
         </Style>
      </Styles>
   </ContentStyles>
   <UserHistories />
</XTextDocument>