<?xml version="1.0"?>
<XTextDocument xmlns:xsi="http://www.w3.org/2001/XMLSchema-instance" xmlns:xsd="http://www.w3.org/2001/XMLSchema" EditorVersionString="1.1.1111.18339">
  <Attributes />
  <XElements>
    <Element xsi:type="XTextBody">
      <Expressions />
      <Attributes />
      <XElements>
        <Element xsi:type="XString" StyleIndex="6">
          <Text>住院病人基本信息</Text>
        </Element>
        <Element xsi:type="XParagraphFlag" StyleIndex="5" />
        <Element xsi:type="XParagraphFlag" StyleIndex="5" />
        <Element xsi:type="XTextTable" NumOfRows="22" NumOfColumns="6">
          <Expressions />
          <Attributes />
          <XElements>
            <Element xsi:type="XTextTableRow">
              <Expressions />
              <Attributes />
              <XElements>
                <Element xsi:type="XTextTableCell" StyleIndex="2">
                  <Expressions />
                  <Attributes />
                  <XElements>
                    <Element xsi:type="XString" StyleIndex="3">
                      <Text>基本信息</Text>
                    </Element>
                    <Element xsi:type="XParagraphFlag" StyleIndex="5" />
                  </XElements>
                  <ColSpan>6</ColSpan>
                </Element>
                <Element xsi:type="XTextTableCell" StyleIndex="2">
                  <Expressions />
                  <Attributes />
                  <XElements>
                    <Element xsi:type="XParagraphFlag" />
                  </XElements>
                </Element>
                <Element xsi:type="XTextTableCell" StyleIndex="2">
                  <Expressions />
                  <Attributes />
                  <XElements>
                    <Element xsi:type="XParagraphFlag" />
                  </XElements>
                </Element>
                <Element xsi:type="XTextTableCell" StyleIndex="2">
                  <Expressions />
                  <Attributes />
                  <XElements>
                    <Element xsi:type="XParagraphFlag" />
                  </XElements>
                </Element>
                <Element xsi:type="XTextTableCell" StyleIndex="2">
                  <Expressions />
                  <Attributes />
                  <XElements>
                    <Element xsi:type="XParagraphFlag" />
                  </XElements>
                </Element>
                <Element xsi:type="XTextTableCell" StyleIndex="2">
                  <Expressions />
                  <Attributes />
                  <XElements>
                    <Element xsi:type="XParagraphFlag">
                      <AutoCreate>true</AutoCreate>
                    </Element>
                  </XElements>
                </Element>
              </XElements>
              <SpecifyHeight>105.859367</SpecifyHeight>
            </Element>
            <Element xsi:type="XTextTableRow">
              <Expressions />
              <Attributes />
              <XElements>
                <Element xsi:type="XTextTableCell" StyleIndex="2">
                  <Expressions />
                  <Attributes />
                  <XElements>
                    <Element xsi:type="XString" StyleIndex="1">
                      <Text>病人ID：</Text>
                    </Element>
                    <Element xsi:type="XParagraphFlag" />
                  </XElements>
                </Element>
                <Element xsi:type="XTextTableCell" StyleIndex="2">
                  <Expressions />
                  <Attributes />
                  <XElements>
                    <Element xsi:type="XInputField">
                      <Expressions />
                      <Attributes />
                      <XElements />
                      <Readonly>true</Readonly>
                      <EventExpressions />
                      <Name>EMR_Patients.PA_ID</Name>
                      <ValueBinding>
                        <DataSource>EMR_Patients</DataSource>
                        <BindingPath>PA_ID</BindingPath>
                        <AutoUpdate>true</AutoUpdate>
                      </ValueBinding>
                      <InnerValue />
                      <ToolTip>病人ID</ToolTip>
                      <BackgroundText>病人ID</BackgroundText>
                    </Element>
                    <Element xsi:type="XParagraphFlag" />
                  </XElements>
                </Element>
                <Element xsi:type="XTextTableCell" StyleIndex="2">
                  <Expressions />
                  <Attributes />
                  <XElements>
                    <Element xsi:type="XString" StyleIndex="1">
                      <Text>姓名：</Text>
                    </Element>
                    <Element xsi:type="XParagraphFlag" />
                  </XElements>
                </Element>
                <Element xsi:type="XTextTableCell" StyleIndex="2">
                  <Expressions />
                  <Attributes />
                  <XElements>
<Element xsi:type="XInputField">
  <Expressions />
  <Attributes />
  <XElements />
  <EventExpressions />
  <Name>EMR_Patients.PA_NAME</Name>
  <ValueBinding>
    <DataSource>EMR_Patients</DataSource>
    <BindingPath>PA_NAME</BindingPath>
    <AutoUpdate>true</AutoUpdate>
    <Readonly>false</Readonly>
  </ValueBinding>
  <InnerValue />
  <ToolTip>姓名</ToolTip>
  <BackgroundText>姓名</BackgroundText>
</Element>
                    <Element xsi:type="XParagraphFlag" />
                  </XElements>
                </Element>
                <Element xsi:type="XTextTableCell" StyleIndex="2">
                  <Expressions />
                  <Attributes />
                  <XElements>
                    <Element xsi:type="XString" StyleIndex="1">
                      <Text>性别：</Text>
                    </Element>
                    <Element xsi:type="XParagraphFlag" />
                  </XElements>
                </Element>
                <Element xsi:type="XTextTableCell" StyleIndex="2">
                  <Expressions />
                  <Attributes />
                  <XElements>
                    <Element xsi:type="XInputField">
                      <Expressions />
                      <Attributes />
                      <XElements />
                      <EventExpressions />
                      <UserEditable>false</UserEditable>
                      <Name>EMR_Patients.PA_SEX</Name>
                      <ValueBinding>
                        <DataSource>EMR_Patients</DataSource>
                        <BindingPath>PA_SEX</BindingPath>
                        <AutoUpdate>true</AutoUpdate>
                        <Readonly>false</Readonly>
                      </ValueBinding>
                      <InnerValue />
                      <ToolTip>性别</ToolTip>
                      <BackgroundText>性别</BackgroundText>
                      <FieldSettings>
                        <EditStyle>DropdownList</EditStyle>
                        <ListSource>
                          <SourceName>性别</SourceName>
                          <Items />
                        </ListSource>
                        <ListItems />
                      </FieldSettings>
                    </Element>
                    <Element xsi:type="XParagraphFlag">
                      <AutoCreate>true</AutoCreate>
                    </Element>
                  </XElements>
                </Element>
              </XElements>
            </Element>
            <Element xsi:type="XTextTableRow">
              <Expressions />
              <Attributes />
              <XElements>
                <Element xsi:type="XTextTableCell" StyleIndex="2">
                  <Expressions />
                  <Attributes />
                  <XElements>
                    <Element xsi:type="XString" StyleIndex="1">
                      <Text>出生年月：</Text>
                    </Element>
                    <Element xsi:type="XParagraphFlag" />
                  </XElements>
                </Element>
                <Element xsi:type="XTextTableCell" StyleIndex="2">
                  <Expressions />
                  <Attributes />
                  <XElements>
                    <Element xsi:type="XInputField">
                      <ID />
                      <Expressions />
                      <Attributes />
                      <XElements />
                      <EventExpressions />
                      <Name>EMR_Patients.PA_PRITHTIME</Name>
                      <DisplayFormat>
                        <Style>DateTime</Style>
                        <Format>yyyy年MM月dd日</Format>
                      </DisplayFormat>
                      <ValueBinding>
                        <DataSource>EMR_Patients</DataSource>
                        <BindingPath>PA_PRITHTIME</BindingPath>
                        <AutoUpdate>true</AutoUpdate>
                        <Readonly>false</Readonly>
                      </ValueBinding>
                      <InnerValue />
                      <ToolTip>出生日期</ToolTip>
                      <BackgroundText>出生日期</BackgroundText>
                      <FieldSettings>
                        <EditStyle>Date</EditStyle>
                        <ListItems />
                      </FieldSettings>
                    </Element>
                    <Element xsi:type="XParagraphFlag" />
                  </XElements>
                  <ColSpan>2</ColSpan>
                </Element>
                <Element xsi:type="XTextTableCell" StyleIndex="2">
                  <Expressions />
                  <Attributes />
                  <XElements>
                    <Element xsi:type="XParagraphFlag" />
                  </XElements>
                </Element>
                <Element xsi:type="XTextTableCell" StyleIndex="2">
                  <Expressions />
                  <Attributes />
                  <XElements>
                    <Element xsi:type="XString">
                      <Text>身份证号：</Text>
                    </Element>
                    <Element xsi:type="XParagraphFlag" />
                  </XElements>
                </Element>
                <Element xsi:type="XTextTableCell" StyleIndex="2">
                  <Expressions />
                  <Attributes />
                  <XElements>
                    <Element xsi:type="XInputField">
                      <Expressions />
                      <Attributes />
                      <XElements />
                      <EventExpressions />
                      <Name>EMR_Patients.PA_IDENTITYCARD</Name>
                      <ValueBinding>
                        <DataSource>EMR_Patients</DataSource>
                        <BindingPath>PA_IDENTITYCARD</BindingPath>
                        <AutoUpdate>true</AutoUpdate>
                        <Readonly>false</Readonly>
                      </ValueBinding>
                      <InnerValue />
                      <ToolTip>身份证号</ToolTip>
                      <BackgroundText>身份证号</BackgroundText>
                    </Element>
                    <Element xsi:type="XParagraphFlag" />
                  </XElements>
                  <ColSpan>2</ColSpan>
                </Element>
                <Element xsi:type="XTextTableCell" StyleIndex="2">
                  <Expressions />
                  <Attributes />
                  <XElements>
                    <Element xsi:type="XParagraphFlag">
                      <AutoCreate>true</AutoCreate>
                    </Element>
                  </XElements>
                </Element>
              </XElements>
            </Element>
            <Element xsi:type="XTextTableRow">
              <Expressions />
              <Attributes />
              <XElements>
                <Element xsi:type="XTextTableCell" StyleIndex="2">
                  <Expressions />
                  <Attributes />
                  <XElements>
                    <Element xsi:type="XString" StyleIndex="1">
                      <Text>国籍：</Text>
                    </Element>
                    <Element xsi:type="XParagraphFlag" />
                  </XElements>
                </Element>
                <Element xsi:type="XTextTableCell" StyleIndex="2">
                  <Expressions />
                  <Attributes />
                  <XElements>
                    <Element xsi:type="XInputField">
                      <ID />
                      <Expressions />
                      <Attributes />
                      <XElements />
                      <EventExpressions />
                      <UserEditable>false</UserEditable>
                      <Name>EMR_Patients.PA_NATIONALITY</Name>
                      <ValueBinding>
                        <DataSource>EMR_Patients</DataSource>
                        <BindingPath>PA_NATIONALITY</BindingPath>
                        <AutoUpdate>true</AutoUpdate>
                        <Readonly>false</Readonly>
                      </ValueBinding>
                      <InnerValue />
                      <ToolTip>国籍</ToolTip>
                      <BackgroundText>国籍</BackgroundText>
                      <FieldSettings>
                        <EditStyle>DropdownList</EditStyle>
                        <ListSource>
                          <Name />
                          <SourceName>国籍</SourceName>
                          <DisplayPath>SysDesc</DisplayPath>
                          <ValuePath>SysCode</ValuePath>
                          <Items />
                        </ListSource>
                        <ListItems />
                      </FieldSettings>
                    </Element>
                    <Element xsi:type="XParagraphFlag" />
                  </XElements>
                </Element>
                <Element xsi:type="XTextTableCell" StyleIndex="2">
                  <Expressions />
                  <Attributes />
                  <XElements>
                    <Element xsi:type="XString" StyleIndex="1">
                      <Text>民族：</Text>
                    </Element>
                    <Element xsi:type="XParagraphFlag" />
                  </XElements>
                </Element>
                <Element xsi:type="XTextTableCell" StyleIndex="2">
                  <Expressions />
                  <Attributes />
                  <XElements>
                    <Element xsi:type="XInputField">
                      <ID />
                      <Expressions />
                      <Attributes />
                      <XElements />
                      <EventExpressions />
                      <UserEditable>false</UserEditable>
                      <Name>EMR_Patients.PA_NATION</Name>
                      <ValueBinding>
                        <DataSource>EMR_Patients</DataSource>
                        <BindingPath>PA_NATION</BindingPath>
                        <AutoUpdate>true</AutoUpdate>
                        <Readonly>false</Readonly>
                      </ValueBinding>
                      <InnerValue />
                      <ToolTip>民族</ToolTip>
                      <BackgroundText>民族</BackgroundText>
                      <FieldSettings>
                        <EditStyle>DropdownList</EditStyle>
                        <ListSource>
                          <Name />
                          <SourceName>民族</SourceName>
                          <DisplayPath>SysDesc</DisplayPath>
                          <ValuePath>SysCode</ValuePath>
                          <Items />
                        </ListSource>
                        <ListItems />
                      </FieldSettings>
                    </Element>
                    <Element xsi:type="XParagraphFlag" />
                  </XElements>
                </Element>
                <Element xsi:type="XTextTableCell" StyleIndex="2">
                  <Expressions />
                  <Attributes />
                  <XElements>
                    <Element xsi:type="XString" StyleIndex="1">
                      <Text>职业：</Text>
                    </Element>
                    <Element xsi:type="XParagraphFlag" />
                  </XElements>
                </Element>
                <Element xsi:type="XTextTableCell" StyleIndex="2">
                  <Expressions />
                  <Attributes />
                  <XElements>
                    <Element xsi:type="XInputField">
                      <ID />
                      <Expressions />
                      <Attributes />
                      <XElements />
                      <EventExpressions />
                      <Name>EMR_Patients.PA_OCCUPATION</Name>
                      <ValueBinding>
                        <DataSource>EMR_Patients</DataSource>
                        <BindingPath>PA_OCCUPATION</BindingPath>
                        <AutoUpdate>true</AutoUpdate>
                        <Readonly>false</Readonly>
                      </ValueBinding>
                      <InnerValue />
                      <ToolTip>职业</ToolTip>
                      <BackgroundText>职业</BackgroundText>
                      <FieldSettings>
                        <EditStyle>DropdownList</EditStyle>
                        <ListSource>
                          <Name />
                          <SourceName>职业</SourceName>
                          <DisplayPath>SysDesc</DisplayPath>
                          <ValuePath>SysCode</ValuePath>
                          <Items />
                        </ListSource>
                        <ListItems />
                      </FieldSettings>
                    </Element>
                    <Element xsi:type="XParagraphFlag" />
                  </XElements>
                </Element>
              </XElements>
            </Element>
            <Element xsi:type="XTextTableRow">
              <Expressions />
              <Attributes />
              <XElements>
                <Element xsi:type="XTextTableCell" StyleIndex="2">
                  <Expressions />
                  <Attributes />
                  <XElements>
                    <Element xsi:type="XString" StyleIndex="1">
                      <Text>门诊号：</Text>
                    </Element>
                    <Element xsi:type="XParagraphFlag" />
                  </XElements>
                </Element>
                <Element xsi:type="XTextTableCell" StyleIndex="2">
                  <Expressions />
                  <Attributes />
                  <XElements>
                    <Element xsi:type="XInputField">
                      <Expressions />
                      <Attributes />
                      <XElements />
                      <EventExpressions />
                      <Name>EMR_Patients.PA_OUTPATIENT_CODE</Name>
                      <ValueBinding>
                        <DataSource>EMR_Patients</DataSource>
                        <BindingPath>PA_OUTPATIENT_CODE</BindingPath>
                        <AutoUpdate>true</AutoUpdate>
                        <Readonly>false</Readonly>
                      </ValueBinding>
                      <InnerValue />
                      <ToolTip>门诊号</ToolTip>
                      <BackgroundText>门诊号</BackgroundText>
                    </Element>
                    <Element xsi:type="XParagraphFlag" />
                  </XElements>
                  <ColSpan>2</ColSpan>
                </Element>
                <Element xsi:type="XTextTableCell" StyleIndex="2">
                  <Expressions />
                  <Attributes />
                  <XElements>
                    <Element xsi:type="XParagraphFlag" />
                  </XElements>
                </Element>
                <Element xsi:type="XTextTableCell" StyleIndex="2">
                  <Expressions />
                  <Attributes />
                  <XElements>
                    <Element xsi:type="XString" StyleIndex="1">
                      <Text>一卡通号：</Text>
                    </Element>
                    <Element xsi:type="XParagraphFlag" />
                  </XElements>
                </Element>
                <Element xsi:type="XTextTableCell" StyleIndex="2">
                  <Expressions />
                  <Attributes />
                  <XElements>
                    <Element xsi:type="XInputField">
                      <Expressions />
                      <Attributes />
                      <XElements />
                      <EventExpressions />
                      <Name>EMR_Patients.PA_CARDCODE</Name>
                      <ValueBinding>
                        <DataSource>EMR_Patients</DataSource>
                        <BindingPath>PA_CARDCODE</BindingPath>
                        <AutoUpdate>true</AutoUpdate>
                        <Readonly>false</Readonly>
                      </ValueBinding>
                      <InnerValue />
                      <ToolTip>一卡通号</ToolTip>
                      <BackgroundText>一卡通号</BackgroundText>
                    </Element>
                    <Element xsi:type="XParagraphFlag" />
                  </XElements>
                  <ColSpan>2</ColSpan>
                </Element>
                <Element xsi:type="XTextTableCell" StyleIndex="2">
                  <Expressions />
                  <Attributes />
                  <XElements>
                    <Element xsi:type="XParagraphFlag" />
                  </XElements>
                </Element>
              </XElements>
              <SpecifyHeight>52.859375</SpecifyHeight>
            </Element>
            <Element xsi:type="XTextTableRow">
              <Expressions />
              <Attributes />
              <XElements>
                <Element xsi:type="XTextTableCell" StyleIndex="2">
                  <Expressions />
                  <Attributes />
                  <XElements>
                    <Element xsi:type="XString">
                      <Text>婚姻状况：</Text>
                    </Element>
                    <Element xsi:type="XParagraphFlag" />
                  </XElements>
                </Element>
                <Element xsi:type="XTextTableCell" StyleIndex="2">
                  <Expressions />
                  <Attributes />
                  <XElements>
                    <Element xsi:type="XInputField">
                      <Expressions />
                      <Attributes />
                      <XElements />
                      <EventExpressions />
                      <Name>EMR_Patients.PA_AMRRIAGE_STATUS</Name>
                      <ValueBinding>
                        <DataSource>EMR_Patients</DataSource>
                        <BindingPath>PA_AMRRIAGE_STATUS</BindingPath>
                        <AutoUpdate>true</AutoUpdate>
                        <Readonly>false</Readonly>
                      </ValueBinding>
                      <InnerValue />
                      <ToolTip>婚姻情况</ToolTip>
                      <BackgroundText>婚姻情况</BackgroundText>
                      <FieldSettings>
                        <EditStyle>DropdownList</EditStyle>
                        <ListSource>
                          <SourceName>婚姻状态</SourceName>
                          <Items />
                        </ListSource>
                        <ListItems />
                      </FieldSettings>
                    </Element>
                    <Element xsi:type="XParagraphFlag" />
                  </XElements>
                </Element>
                <Element xsi:type="XTextTableCell" StyleIndex="2">
                  <Expressions />
                  <Attributes />
                  <XElements>
                    <Element xsi:type="XString" StyleIndex="1">
                      <Text>出生地：</Text>
                    </Element>
                    <Element xsi:type="XParagraphFlag" />
                  </XElements>
                </Element>
                <Element xsi:type="XTextTableCell" StyleIndex="2">
                  <Expressions />
                  <Attributes />
                  <XElements>
                    <Element xsi:type="XInputField">
                      <Expressions />
                      <Attributes />
                      <XElements />
                      <EventExpressions />
                      <Name>EMR_Patients.PA_HOMEPLACE</Name>
                      <ValueBinding>
                        <DataSource>EMR_Patients</DataSource>
                        <BindingPath>PA_HOMEPLACE</BindingPath>
                        <AutoUpdate>true</AutoUpdate>
                        <Readonly>false</Readonly>
                      </ValueBinding>
                      <InnerValue />
                      <ToolTip>出生地</ToolTip>
                      <BackgroundText>出生地</BackgroundText>
                    </Element>
                    <Element xsi:type="XParagraphFlag" />
                  </XElements>
                  <ColSpan>3</ColSpan>
                </Element>
                <Element xsi:type="XTextTableCell" StyleIndex="2">
                  <Expressions />
                  <Attributes />
                  <XElements>
                    <Element xsi:type="XParagraphFlag" />
                  </XElements>
                </Element>
                <Element xsi:type="XTextTableCell" StyleIndex="2">
                  <Expressions />
                  <Attributes />
                  <XElements>
                    <Element xsi:type="XParagraphFlag" />
                  </XElements>
                </Element>
              </XElements>
            </Element>
            <Element xsi:type="XTextTableRow">
              <Expressions />
              <Attributes />
              <XElements>
                <Element xsi:type="XTextTableCell" StyleIndex="2">
                  <Expressions />
                  <Attributes />
                  <XElements>
                    <Element xsi:type="XString" StyleIndex="1">
                      <Text>户口地址：</Text>
                    </Element>
                    <Element xsi:type="XParagraphFlag" />
                  </XElements>
                </Element>
                <Element xsi:type="XTextTableCell" StyleIndex="2">
                  <Expressions />
                  <Attributes />
                  <XElements>
                    <Element xsi:type="XInputField">
                      <Expressions />
                      <Attributes />
                      <XElements />
                      <EventExpressions />
                      <Name>EMR_Patients.PA_RPE_ADDRESS</Name>
                      <ValueBinding>
                        <DataSource>EMR_Patients</DataSource>
                        <BindingPath>PA_RPE_ADDRESS</BindingPath>
                        <AutoUpdate>true</AutoUpdate>
                        <Readonly>false</Readonly>
                      </ValueBinding>
                      <InnerValue />
                      <ToolTip>户口所在地</ToolTip>
                      <BackgroundText>户口所在地</BackgroundText>
                    </Element>
                    <Element xsi:type="XParagraphFlag" />
                  </XElements>
                  <ColSpan>3</ColSpan>
                </Element>
                <Element xsi:type="XTextTableCell" StyleIndex="2">
                  <Expressions />
                  <Attributes />
                  <XElements>
                    <Element xsi:type="XParagraphFlag" />
                  </XElements>
                </Element>
                <Element xsi:type="XTextTableCell" StyleIndex="2">
                  <Expressions />
                  <Attributes />
                  <XElements>
                    <Element xsi:type="XParagraphFlag" />
                  </XElements>
                </Element>
                <Element xsi:type="XTextTableCell" StyleIndex="2">
                  <Expressions />
                  <Attributes />
                  <XElements>
                    <Element xsi:type="XString" StyleIndex="1">
                      <Text>邮编：</Text>
                    </Element>
                    <Element xsi:type="XParagraphFlag" />
                  </XElements>
                </Element>
                <Element xsi:type="XTextTableCell" StyleIndex="2">
                  <Expressions />
                  <Attributes />
                  <XElements>
                    <Element xsi:type="XInputField">
                      <Expressions />
                      <Attributes />
                      <XElements />
                      <EventExpressions />
                      <Name>EMR_Patients.PA_RPE_POSTALCODE</Name>
                      <ValueBinding>
                        <DataSource>EMR_Patients</DataSource>
                        <BindingPath>PA_RPE_POSTALCODE</BindingPath>
                        <AutoUpdate>true</AutoUpdate>
                        <Readonly>false</Readonly>
                      </ValueBinding>
                      <InnerValue />
                      <ToolTip>户口所在地的邮编</ToolTip>
                      <BackgroundText>户口所在地的邮编</BackgroundText>
                    </Element>
                    <Element xsi:type="XParagraphFlag" />
                  </XElements>
                </Element>
              </XElements>
            </Element>
            <Element xsi:type="XTextTableRow">
              <Expressions />
              <Attributes />
              <XElements>
                <Element xsi:type="XTextTableCell" StyleIndex="2">
                  <Expressions />
                  <Attributes />
                  <XElements>
                    <Element xsi:type="XString" StyleIndex="1">
                      <Text>电话：</Text>
                    </Element>
                    <Element xsi:type="XParagraphFlag" />
                  </XElements>
                </Element>
                <Element xsi:type="XTextTableCell" StyleIndex="2">
                  <Expressions />
                  <Attributes />
                  <XElements>
                    <Element xsi:type="XInputField">
                      <Expressions />
                      <Attributes />
                      <XElements />
                      <EventExpressions />
                      <Name>EMR_Patients.PA_RPE_PHONE</Name>
                      <ValueBinding>
                        <DataSource>EMR_Patients</DataSource>
                        <BindingPath>PA_RPE_PHONE</BindingPath>
                        <AutoUpdate>true</AutoUpdate>
                        <Readonly>false</Readonly>
                      </ValueBinding>
                      <InnerValue />
                      <ToolTip>户口所在地的电话</ToolTip>
                      <BackgroundText>户口所在地的电话</BackgroundText>
                    </Element>
                    <Element xsi:type="XParagraphFlag" />
                  </XElements>
                  <ColSpan>2</ColSpan>
                </Element>
                <Element xsi:type="XTextTableCell" StyleIndex="2">
                  <Expressions />
                  <Attributes />
                  <XElements>
                    <Element xsi:type="XParagraphFlag" />
                  </XElements>
                </Element>
                <Element xsi:type="XTextTableCell" StyleIndex="2">
                  <Expressions />
                  <Attributes />
                  <XElements>
                    <Element xsi:type="XString" StyleIndex="1">
                      <Text>病案号：</Text>
                    </Element>
                    <Element xsi:type="XParagraphFlag" />
                  </XElements>
                </Element>
                <Element xsi:type="XTextTableCell" StyleIndex="2">
                  <Expressions />
                  <Attributes />
                  <XElements>
                    <Element xsi:type="XInputField">
                      <Expressions />
                      <Attributes />
                      <XElements />
                      <EventExpressions />
                      <Name>EMR_Patients.PA_CASE_HISTOR_CODE</Name>
                      <ValueBinding>
                        <DataSource>EMR_Patients</DataSource>
                        <BindingPath>PA_CASE_HISTOR_CODE</BindingPath>
                        <AutoUpdate>true</AutoUpdate>
                        <Readonly>false</Readonly>
                      </ValueBinding>
                      <InnerValue />
                      <ToolTip>病历号</ToolTip>
                      <BackgroundText>病历号</BackgroundText>
                    </Element>
                    <Element xsi:type="XParagraphFlag" />
                  </XElements>
                  <ColSpan>2</ColSpan>
                </Element>
                <Element xsi:type="XTextTableCell" StyleIndex="2">
                  <Expressions />
                  <Attributes />
                  <XElements>
                    <Element xsi:type="XParagraphFlag" />
                  </XElements>
                </Element>
              </XElements>
            </Element>
            <Element xsi:type="XTextTableRow">
              <Expressions />
              <Attributes />
              <XElements>
                <Element xsi:type="XTextTableCell" StyleIndex="2">
                  <Expressions />
                  <Attributes />
                  <XElements>
                    <Element xsi:type="XString" StyleIndex="3">
                      <Text>入院信息</Text>
                    </Element>
                    <Element xsi:type="XParagraphFlag" StyleIndex="7" />
                  </XElements>
                  <ColSpan>6</ColSpan>
                </Element>
                <Element xsi:type="XTextTableCell" StyleIndex="2">
                  <Expressions />
                  <Attributes />
                  <XElements>
                    <Element xsi:type="XParagraphFlag" StyleIndex="4" />
                  </XElements>
                  <ColSpan>2</ColSpan>
                </Element>
                <Element xsi:type="XTextTableCell" StyleIndex="2">
                  <Expressions />
                  <Attributes />
                  <XElements>
                    <Element xsi:type="XParagraphFlag" />
                  </XElements>
                </Element>
                <Element xsi:type="XTextTableCell" StyleIndex="2">
                  <Expressions />
                  <Attributes />
                  <XElements>
                    <Element xsi:type="XParagraphFlag" StyleIndex="4" />
                  </XElements>
                </Element>
                <Element xsi:type="XTextTableCell" StyleIndex="2">
                  <Expressions />
                  <Attributes />
                  <XElements>
                    <Element xsi:type="XParagraphFlag" StyleIndex="4" />
                  </XElements>
                </Element>
                <Element xsi:type="XTextTableCell" StyleIndex="2">
                  <Expressions />
                  <Attributes />
                  <XElements>
                    <Element xsi:type="XParagraphFlag" StyleIndex="4" />
                  </XElements>
                </Element>
              </XElements>
              <SpecifyHeight>105.156242</SpecifyHeight>
            </Element>
            <Element xsi:type="XTextTableRow">
              <Expressions />
              <Attributes />
              <XElements>
                <Element xsi:type="XTextTableCell" StyleIndex="2">
                  <Expressions />
                  <Attributes />
                  <XElements>
                    <Element xsi:type="XString" StyleIndex="1">
                      <Text>病人来源：</Text>
                    </Element>
                    <Element xsi:type="XParagraphFlag" />
                  </XElements>
                </Element>
                <Element xsi:type="XTextTableCell" StyleIndex="2">
                  <Expressions />
                  <Attributes />
                  <XElements>
                    <Element xsi:type="XInputField">
                      <Expressions />
                      <Attributes />
                      <XElements />
                      <EventExpressions />
                      <Name>EMR_Patients.PA_PATIENT_SOURCE</Name>
                      <ValueBinding>
                        <DataSource>EMR_Patients</DataSource>
                        <BindingPath>PA_PATIENT_SOURCE</BindingPath>
                        <AutoUpdate>true</AutoUpdate>
                        <Readonly>false</Readonly>
                      </ValueBinding>
                      <InnerValue />
                      <ToolTip>病人来源</ToolTip>
                      <BackgroundText>病人来源</BackgroundText>
                      <FieldSettings>
                        <EditStyle>DropdownList</EditStyle>
                        <ListSource>
                          <SourceName>病人来源</SourceName>
                          <Items />
                        </ListSource>
                        <ListItems />
                      </FieldSettings>
                    </Element>
                    <Element xsi:type="XParagraphFlag" />
                  </XElements>
                  <ColSpan>2</ColSpan>
                </Element>
                <Element xsi:type="XTextTableCell" StyleIndex="2">
                  <Expressions />
                  <Attributes />
                  <XElements>
                    <Element xsi:type="XParagraphFlag" />
                  </XElements>
                </Element>
                <Element xsi:type="XTextTableCell" StyleIndex="2">
                  <Expressions />
                  <Attributes />
                  <XElements>
                    <Element xsi:type="XString">
                      <Text>门诊医生：</Text>
                    </Element>
                    <Element xsi:type="XParagraphFlag" />
                  </XElements>
                </Element>
                <Element xsi:type="XTextTableCell" StyleIndex="2">
                  <Expressions />
                  <Attributes />
                  <XElements>
                    <Element xsi:type="XInputField">
                      <ID />
                      <Expressions />
                      <Attributes />
                      <XElements />
                      <EventExpressions />
                      <Name>EMR_Patients.PA_DOCTOR</Name>
                      <ValueBinding>
                        <DataSource>EMR_Patients</DataSource>
                        <BindingPath>PA_DOCTOR</BindingPath>
                        <AutoUpdate>true</AutoUpdate>
                        <Readonly>false</Readonly>
                      </ValueBinding>
                      <InnerValue />
                      <ToolTip>门诊医生</ToolTip>
                      <BackgroundText>门诊医生</BackgroundText>
                      <FieldSettings>
                        <EditStyle>DropdownList</EditStyle>
                        <ListSource>
                          <Name />
                          <SourceName>本科门诊医生</SourceName>
                          <DisplayPath>em_Name</DisplayPath>
                          <ValuePath>id</ValuePath>
                          <Items />
                        </ListSource>
                        <ListItems />
                      </FieldSettings>
                    </Element>
                    <Element xsi:type="XParagraphFlag" />
                  </XElements>
                  <ColSpan>2</ColSpan>
                </Element>
                <Element xsi:type="XTextTableCell" StyleIndex="2">
                  <Expressions />
                  <Attributes />
                  <XElements>
                    <Element xsi:type="XParagraphFlag" />
                  </XElements>
                </Element>
              </XElements>
            </Element>
            <Element xsi:type="XTextTableRow">
              <Expressions />
              <Attributes />
              <XElements>
                <Element xsi:type="XTextTableCell" StyleIndex="2">
                  <Expressions />
                  <Attributes />
                  <XElements>
                    <Element xsi:type="XString" StyleIndex="1">
                      <Text>诊断：</Text>
                    </Element>
                    <Element xsi:type="XParagraphFlag" />
                  </XElements>
                </Element>
                <Element xsi:type="XTextTableCell" StyleIndex="2">
                  <Expressions />
                  <Attributes />
                  <XElements>
                    <Element xsi:type="XInputField">
                      <Expressions />
                      <Attributes />
                      <XElements />
                      <EventExpressions />
                      <Name>EMR_Patients.PA_DIAGNOSE</Name>
                      <ValueBinding>
                        <DataSource>EMR_Patients</DataSource>
                        <BindingPath>PA_DIAGNOSE</BindingPath>
                        <AutoUpdate>true</AutoUpdate>
                        <Readonly>false</Readonly>
                      </ValueBinding>
                      <InnerValue />
                      <ToolTip>诊断</ToolTip>
                      <BackgroundText>诊断</BackgroundText>
                    </Element>
                    <Element xsi:type="XParagraphFlag" />
                  </XElements>
                  <ColSpan>5</ColSpan>
                </Element>
                <Element xsi:type="XTextTableCell" StyleIndex="2">
                  <Expressions />
                  <Attributes />
                  <XElements>
                    <Element xsi:type="XParagraphFlag" />
                  </XElements>
                </Element>
                <Element xsi:type="XTextTableCell" StyleIndex="2">
                  <Expressions />
                  <Attributes />
                  <XElements>
                    <Element xsi:type="XParagraphFlag" />
                  </XElements>
                </Element>
                <Element xsi:type="XTextTableCell" StyleIndex="2">
                  <Expressions />
                  <Attributes />
                  <XElements>
                    <Element xsi:type="XParagraphFlag" />
                  </XElements>
                </Element>
                <Element xsi:type="XTextTableCell" StyleIndex="2">
                  <Expressions />
                  <Attributes />
                  <XElements>
                    <Element xsi:type="XParagraphFlag" />
                  </XElements>
                </Element>
              </XElements>
            </Element>
            <Element xsi:type="XTextTableRow">
              <Expressions />
              <Attributes />
              <XElements>
                <Element xsi:type="XTextTableCell" StyleIndex="2">
                  <Expressions />
                  <Attributes />
                  <XElements>
                    <Element xsi:type="XString" StyleIndex="1">
                      <Text>入院情况：</Text>
                    </Element>
                    <Element xsi:type="XParagraphFlag" />
                  </XElements>
                </Element>
                <Element xsi:type="XTextTableCell" StyleIndex="2">
                  <Expressions />
                  <Attributes />
                  <XElements>
                    <Element xsi:type="XInputField">
                      <Expressions />
                      <Attributes />
                      <XElements />
                      <EventExpressions />
                      <Name>EMR_Patients.PA_NURCS</Name>
                      <ValueBinding>
                        <DataSource>EMR_Patients</DataSource>
                        <BindingPath>PA_NURCS</BindingPath>
                        <AutoUpdate>true</AutoUpdate>
                        <Readonly>false</Readonly>
                      </ValueBinding>
                      <InnerValue />
                      <ToolTip>入院情况</ToolTip>
                      <BackgroundText>入院情况</BackgroundText>
                      <FieldSettings>
                        <EditStyle>DropdownList</EditStyle>
                        <ListSource>
                          <SourceName>入院情况</SourceName>
                          <Items />
                        </ListSource>
                        <ListItems />
                      </FieldSettings>
                    </Element>
                    <Element xsi:type="XParagraphFlag" />
                  </XElements>
                </Element>
                <Element xsi:type="XTextTableCell" StyleIndex="2">
                  <Expressions />
                  <Attributes />
                  <XElements>
                    <Element xsi:type="XString" StyleIndex="1">
                      <Text>付款方式：</Text>
                    </Element>
                    <Element xsi:type="XParagraphFlag" />
                  </XElements>
                </Element>
                <Element xsi:type="XTextTableCell" StyleIndex="2">
                  <Expressions />
                  <Attributes />
                  <XElements>
                    <Element xsi:type="XInputField">
                      <Expressions />
                      <Attributes />
                      <XElements />
                      <EventExpressions />
                      <Name>EMR_Patients.PA_PAYMENT_NURCS</Name>
                      <ValueBinding>
                        <DataSource>EMR_Patients</DataSource>
                        <BindingPath>PA_PAYMENT_NURCS</BindingPath>
                        <AutoUpdate>true</AutoUpdate>
                        <Readonly>false</Readonly>
                      </ValueBinding>
                      <InnerValue />
                      <ToolTip>付款方式</ToolTip>
                      <BackgroundText>付款方式</BackgroundText>
                      <FieldSettings>
                        <EditStyle>DropdownList</EditStyle>
                        <ListSource>
                          <SourceName>付款方式</SourceName>
                          <Items />
                        </ListSource>
                        <ListItems />
                      </FieldSettings>
                    </Element>
                    <Element xsi:type="XParagraphFlag" />
                  </XElements>
                </Element>
                <Element xsi:type="XTextTableCell" StyleIndex="2">
                  <Expressions />
                  <Attributes />
                  <XElements>
                    <Element xsi:type="XString" StyleIndex="1">
                      <Text>入院前经院外诊治：</Text>
                    </Element>
                    <Element xsi:type="XInputField">
                      <Expressions />
                      <Attributes />
                      <XElements />
                      <EventExpressions />
                      <Name>EMR_Patients.PA_FORESTALLDIAGNOSE</Name>
                      <ValueBinding>
                        <DataSource>EMR_Patients</DataSource>
                        <BindingPath>PA_FORESTALLDIAGNOSE</BindingPath>
                        <AutoUpdate>true</AutoUpdate>
                        <Readonly>false</Readonly>
                      </ValueBinding>
                      <InnerValue />
                      <ToolTip>入院前诊断</ToolTip>
                      <BackgroundText>入院前诊断</BackgroundText>
                    </Element>
                    <Element xsi:type="XParagraphFlag" />
                  </XElements>
                  <ColSpan>2</ColSpan>
                </Element>
                <Element xsi:type="XTextTableCell" StyleIndex="2">
                  <Expressions />
                  <Attributes />
                  <XElements>
                    <Element xsi:type="XParagraphFlag" />
                  </XElements>
                </Element>
              </XElements>
            </Element>
            <Element xsi:type="XTextTableRow">
              <Expressions />
              <Attributes />
              <XElements>
                <Element xsi:type="XTextTableCell" StyleIndex="2">
                  <Expressions />
                  <Attributes />
                  <XElements>
                    <Element xsi:type="XString" StyleIndex="1">
                      <Text>入院方式（途径）：</Text>
                    </Element>
                    <Element xsi:type="XInputField">
                      <Expressions />
                      <Attributes />
                      <XElements />
                      <EventExpressions />
                      <Name>EMR_Patients.PA_FASHION</Name>
                      <ValueBinding>
                        <DataSource>EMR_Patients</DataSource>
                        <BindingPath>PA_FASHION</BindingPath>
                        <AutoUpdate>true</AutoUpdate>
                        <Readonly>false</Readonly>
                      </ValueBinding>
                      <InnerValue />
                      <ToolTip>入院方式</ToolTip>
                      <BackgroundText>入院方式</BackgroundText>
                      <FieldSettings>
                        <EditStyle>DropdownList</EditStyle>
                        <ListSource>
                          <SourceName>入院方式</SourceName>
                          <Items />
                        </ListSource>
                        <ListItems />
                      </FieldSettings>
                    </Element>
                    <Element xsi:type="XParagraphFlag" />
                  </XElements>
                  <ColSpan>2</ColSpan>
                </Element>
                <Element xsi:type="XTextTableCell" StyleIndex="2">
                  <Expressions />
                  <Attributes />
                  <XElements>
                    <Element xsi:type="XParagraphFlag" />
                  </XElements>
                </Element>
                <Element xsi:type="XTextTableCell" StyleIndex="2">
                  <Expressions />
                  <Attributes />
                  <XElements>
                    <Element xsi:type="XString" StyleIndex="1">
                      <Text>住院科别：</Text>
                    </Element>
                    <Element xsi:type="XParagraphFlag" />
                  </XElements>
                </Element>
                <Element xsi:type="XTextTableCell" StyleIndex="2">
                  <Expressions />
                  <Attributes />
                  <XElements>
                    <Element xsi:type="XInputField">
                      <Expressions />
                      <Attributes />
                      <XElements />
                      <EventExpressions />
                      <Name>EMR_Patients.PA_DISPLACE_KB</Name>
                      <ValueBinding>
                        <DataSource>EMR_Patients</DataSource>
                        <BindingPath>PA_DISPLACE_KB</BindingPath>
                        <AutoUpdate>true</AutoUpdate>
                        <Readonly>false</Readonly>
                      </ValueBinding>
                      <InnerValue />
                      <ToolTip>入科科别</ToolTip>
                      <BackgroundText>入科科别</BackgroundText>
                    </Element>
                    <Element xsi:type="XParagraphFlag" />
                  </XElements>
                </Element>
                <Element xsi:type="XTextTableCell" StyleIndex="2">
                  <Expressions />
                  <Attributes />
                  <XElements>
                    <Element xsi:type="XString" StyleIndex="1">
                      <Text>入院时间：</Text>
                    </Element>
                    <Element xsi:type="XParagraphFlag" />
                  </XElements>
                </Element>
                <Element xsi:type="XTextTableCell" StyleIndex="2">
                  <Expressions />
                  <Attributes />
                  <XElements>
                    <Element xsi:type="XInputField">
                      <ID />
                      <Expressions />
                      <Attributes />
                      <XElements />
                      <EventExpressions />
                      <Name>EMR_Patients.PA_RY_TIME</Name>
                      <DisplayFormat>
                        <Style>DateTime</Style>
                        <Format>yyyy年MM月dd日 HH时</Format>
                      </DisplayFormat>
                      <ValueBinding>
                        <DataSource>EMR_Patients</DataSource>
                        <BindingPath>PA_RY_TIME</BindingPath>
                        <AutoUpdate>true</AutoUpdate>
                        <Readonly>false</Readonly>
                      </ValueBinding>
                      <InnerValue />
                      <ToolTip>入院时间</ToolTip>
                      <BackgroundText>入院时间</BackgroundText>
                      <FieldSettings>
                        <EditStyle>Date</EditStyle>
                        <ListItems />
                      </FieldSettings>
                    </Element>
                    <Element xsi:type="XParagraphFlag" />
                  </XElements>
                </Element>
              </XElements>
            </Element>
            <Element xsi:type="XTextTableRow">
              <Expressions />
              <Attributes />
              <XElements>
                <Element xsi:type="XTextTableCell" StyleIndex="2">
                  <Expressions />
                  <Attributes />
                  <XElements>
                    <Element xsi:type="XString" StyleIndex="3">
                      <Text>单位信息</Text>
                    </Element>
                    <Element xsi:type="XParagraphFlag" StyleIndex="7" />
                  </XElements>
                  <ColSpan>6</ColSpan>
                </Element>
                <Element xsi:type="XTextTableCell" StyleIndex="2">
                  <Expressions />
                  <Attributes />
                  <XElements>
                    <Element xsi:type="XParagraphFlag" StyleIndex="4" />
                  </XElements>
                  <ColSpan>5</ColSpan>
                </Element>
                <Element xsi:type="XTextTableCell" StyleIndex="2">
                  <Expressions />
                  <Attributes />
                  <XElements>
                    <Element xsi:type="XParagraphFlag" />
                  </XElements>
                </Element>
                <Element xsi:type="XTextTableCell" StyleIndex="2">
                  <Expressions />
                  <Attributes />
                  <XElements>
                    <Element xsi:type="XParagraphFlag" />
                  </XElements>
                </Element>
                <Element xsi:type="XTextTableCell" StyleIndex="2">
                  <Expressions />
                  <Attributes />
                  <XElements>
                    <Element xsi:type="XParagraphFlag" />
                  </XElements>
                </Element>
                <Element xsi:type="XTextTableCell" StyleIndex="2">
                  <Expressions />
                  <Attributes />
                  <XElements>
                    <Element xsi:type="XParagraphFlag" />
                  </XElements>
                </Element>
              </XElements>
              <SpecifyHeight>102.156242</SpecifyHeight>
            </Element>
            <Element xsi:type="XTextTableRow">
              <Expressions />
              <Attributes />
              <XElements>
                <Element xsi:type="XTextTableCell" StyleIndex="2">
                  <Expressions />
                  <Attributes />
                  <XElements>
                    <Element xsi:type="XString" StyleIndex="1">
                      <Text>工作单位：</Text>
                    </Element>
                    <Element xsi:type="XParagraphFlag" />
                  </XElements>
                </Element>
                <Element xsi:type="XTextTableCell" StyleIndex="2">
                  <Expressions />
                  <Attributes />
                  <XElements>
                    <Element xsi:type="XInputField">
                      <Expressions />
                      <Attributes />
                      <XElements />
                      <EventExpressions />
                      <Name>EMR_Patients.PA_WORK_UNIT</Name>
                      <ValueBinding>
                        <DataSource>EMR_Patients</DataSource>
                        <BindingPath>PA_WORK_UNIT</BindingPath>
                        <AutoUpdate>true</AutoUpdate>
                        <Readonly>false</Readonly>
                      </ValueBinding>
                      <InnerValue />
                      <ToolTip>工作单位</ToolTip>
                      <BackgroundText>工作单位</BackgroundText>
                    </Element>
                    <Element xsi:type="XParagraphFlag" />
                  </XElements>
                  <ColSpan>2</ColSpan>
                </Element>
                <Element xsi:type="XTextTableCell" StyleIndex="2">
                  <Expressions />
                  <Attributes />
                  <XElements>
                    <Element xsi:type="XParagraphFlag" />
                  </XElements>
                </Element>
                <Element xsi:type="XTextTableCell" StyleIndex="2">
                  <Expressions />
                  <Attributes />
                  <XElements>
                    <Element xsi:type="XString" StyleIndex="1">
                      <Text>电话：</Text>
                    </Element>
                    <Element xsi:type="XParagraphFlag" />
                  </XElements>
                </Element>
                <Element xsi:type="XTextTableCell" StyleIndex="2">
                  <Expressions />
                  <Attributes />
                  <XElements>
                    <Element xsi:type="XInputField">
                      <Expressions />
                      <Attributes />
                      <XElements />
                      <EventExpressions />
                      <Name>EMR_Patients.PA_W_PHONE</Name>
                      <ValueBinding>
                        <DataSource>EMR_Patients</DataSource>
                        <BindingPath>PA_W_PHONE</BindingPath>
                        <AutoUpdate>true</AutoUpdate>
                        <Readonly>false</Readonly>
                      </ValueBinding>
                      <InnerValue />
                      <ToolTip>工作单位的电话</ToolTip>
                      <BackgroundText>工作单位的电话</BackgroundText>
                    </Element>
                    <Element xsi:type="XParagraphFlag" />
                  </XElements>
                  <ColSpan>2</ColSpan>
                </Element>
                <Element xsi:type="XTextTableCell" StyleIndex="2">
                  <Expressions />
                  <Attributes />
                  <XElements>
                    <Element xsi:type="XParagraphFlag" />
                  </XElements>
                </Element>
              </XElements>
            </Element>
            <Element xsi:type="XTextTableRow">
              <Expressions />
              <Attributes />
              <XElements>
                <Element xsi:type="XTextTableCell" StyleIndex="2">
                  <Expressions />
                  <Attributes />
                  <XElements>
                    <Element xsi:type="XString" StyleIndex="1">
                      <Text>地址：</Text>
                    </Element>
                    <Element xsi:type="XParagraphFlag" />
                  </XElements>
                </Element>
                <Element xsi:type="XTextTableCell" StyleIndex="2">
                  <Expressions />
                  <Attributes />
                  <XElements>
                    <Element xsi:type="XInputField">
                      <Expressions />
                      <Attributes />
                      <XElements />
                      <EventExpressions />
                      <Name>EMR_Patients.PA_WORKADRESS</Name>
                      <ValueBinding>
                        <DataSource>EMR_Patients</DataSource>
                        <BindingPath>PA_WORKADRESS</BindingPath>
                        <AutoUpdate>true</AutoUpdate>
                        <Readonly>false</Readonly>
                      </ValueBinding>
                      <InnerValue />
                      <ToolTip>工作单位地址</ToolTip>
                      <BackgroundText>工作单位地址</BackgroundText>
                    </Element>
                    <Element xsi:type="XParagraphFlag" />
                  </XElements>
                  <ColSpan>3</ColSpan>
                </Element>
                <Element xsi:type="XTextTableCell" StyleIndex="2">
                  <Expressions />
                  <Attributes />
                  <XElements>
                    <Element xsi:type="XParagraphFlag" />
                  </XElements>
                </Element>
                <Element xsi:type="XTextTableCell" StyleIndex="2">
                  <Expressions />
                  <Attributes />
                  <XElements>
                    <Element xsi:type="XParagraphFlag" />
                  </XElements>
                </Element>
                <Element xsi:type="XTextTableCell" StyleIndex="2">
                  <Expressions />
                  <Attributes />
                  <XElements>
                    <Element xsi:type="XString" StyleIndex="1">
                      <Text>邮编：</Text>
                    </Element>
                    <Element xsi:type="XParagraphFlag" />
                  </XElements>
                </Element>
                <Element xsi:type="XTextTableCell" StyleIndex="2">
                  <Expressions />
                  <Attributes />
                  <XElements>
                    <Element xsi:type="XInputField">
                      <Expressions />
                      <Attributes />
                      <XElements />
                      <EventExpressions />
                      <Name>EMR_Patients.PA_W_POSTALCODE</Name>
                      <ValueBinding>
                        <DataSource>EMR_Patients</DataSource>
                        <BindingPath>PA_W_POSTALCODE</BindingPath>
                        <AutoUpdate>true</AutoUpdate>
                        <Readonly>false</Readonly>
                      </ValueBinding>
                      <InnerValue />
                      <ToolTip>工作单位邮政编码</ToolTip>
                      <BackgroundText>工作单位邮政编码</BackgroundText>
                    </Element>
                    <Element xsi:type="XParagraphFlag" />
                  </XElements>
                </Element>
              </XElements>
            </Element>
            <Element xsi:type="XTextTableRow">
              <Expressions />
              <Attributes />
              <XElements>
                <Element xsi:type="XTextTableCell" StyleIndex="2">
                  <Expressions />
                  <Attributes />
                  <XElements>
                    <Element xsi:type="XString" StyleIndex="3">
                      <Text>联系人信息</Text>
                    </Element>
                    <Element xsi:type="XParagraphFlag" StyleIndex="7" />
                  </XElements>
                  <ColSpan>6</ColSpan>
                </Element>
                <Element xsi:type="XTextTableCell" StyleIndex="2">
                  <Expressions />
                  <Attributes />
                  <XElements>
                    <Element xsi:type="XParagraphFlag" StyleIndex="4" />
                  </XElements>
                </Element>
                <Element xsi:type="XTextTableCell" StyleIndex="2">
                  <Expressions />
                  <Attributes />
                  <XElements>
                    <Element xsi:type="XParagraphFlag" StyleIndex="4" />
                  </XElements>
                </Element>
                <Element xsi:type="XTextTableCell" StyleIndex="2">
                  <Expressions />
                  <Attributes />
                  <XElements>
                    <Element xsi:type="XParagraphFlag" StyleIndex="4" />
                  </XElements>
                </Element>
                <Element xsi:type="XTextTableCell" StyleIndex="2">
                  <Expressions />
                  <Attributes />
                  <XElements>
                    <Element xsi:type="XParagraphFlag" StyleIndex="4" />
                  </XElements>
                </Element>
                <Element xsi:type="XTextTableCell" StyleIndex="2">
                  <Expressions />
                  <Attributes />
                  <XElements>
                    <Element xsi:type="XParagraphFlag" StyleIndex="4" />
                  </XElements>
                </Element>
              </XElements>
              <SpecifyHeight>105.156242</SpecifyHeight>
            </Element>
            <Element xsi:type="XTextTableRow">
              <Expressions />
              <Attributes />
              <XElements>
                <Element xsi:type="XTextTableCell" StyleIndex="2">
                  <Expressions />
                  <Attributes />
                  <XElements>
                    <Element xsi:type="XString" StyleIndex="1">
                      <Text>联系人：</Text>
                    </Element>
                    <Element xsi:type="XParagraphFlag" />
                  </XElements>
                </Element>
                <Element xsi:type="XTextTableCell" StyleIndex="2">
                  <Expressions />
                  <Attributes />
                  <XElements>
                    <Element xsi:type="XInputField">
                      <Expressions />
                      <Attributes />
                      <XElements />
                      <EventExpressions />
                      <Name>EMR_Patients.PA_LINKMAN_NAME</Name>
                      <ValueBinding>
                        <DataSource>EMR_Patients</DataSource>
                        <BindingPath>PA_LINKMAN_NAME</BindingPath>
                        <AutoUpdate>true</AutoUpdate>
                        <Readonly>false</Readonly>
                      </ValueBinding>
                      <InnerValue />
                      <ToolTip>联系人姓名</ToolTip>
                      <BackgroundText>联系人姓名</BackgroundText>
                    </Element>
                    <Element xsi:type="XParagraphFlag" />
                  </XElements>
                </Element>
                <Element xsi:type="XTextTableCell" StyleIndex="2">
                  <Expressions />
                  <Attributes />
                  <XElements>
                    <Element xsi:type="XString" StyleIndex="1">
                      <Text>关系：</Text>
                    </Element>
                    <Element xsi:type="XParagraphFlag" />
                  </XElements>
                </Element>
                <Element xsi:type="XTextTableCell" StyleIndex="2">
                  <Expressions />
                  <Attributes />
                  <XElements>
                    <Element xsi:type="XInputField">
                      <Expressions />
                      <Attributes />
                      <XElements />
                      <EventExpressions />
                      <Name>EMR_Patients.PA_LM_RAPPORT</Name>
                      <ValueBinding>
                        <DataSource>EMR_Patients</DataSource>
                        <BindingPath>PA_LM_RAPPORT</BindingPath>
                        <AutoUpdate>true</AutoUpdate>
                        <Readonly>false</Readonly>
                      </ValueBinding>
                      <InnerValue />
                      <ToolTip>联系人关系</ToolTip>
                      <BackgroundText>联系人关系</BackgroundText>
                      <FieldSettings>
                        <EditStyle>DropdownList</EditStyle>
                        <ListSource>
                          <SourceName>联系人关系</SourceName>
                          <Items />
                        </ListSource>
                        <ListItems />
                      </FieldSettings>
                    </Element>
                    <Element xsi:type="XParagraphFlag" />
                  </XElements>
                </Element>
                <Element xsi:type="XTextTableCell" StyleIndex="2">
                  <Expressions />
                  <Attributes />
                  <XElements>
                    <Element xsi:type="XString" StyleIndex="1">
                      <Text>电话：</Text>
                    </Element>
                    <Element xsi:type="XParagraphFlag" />
                  </XElements>
                </Element>
                <Element xsi:type="XTextTableCell" StyleIndex="2">
                  <Expressions />
                  <Attributes />
                  <XElements>
                    <Element xsi:type="XInputField">
                      <Expressions />
                      <Attributes />
                      <XElements />
                      <EventExpressions />
                      <Name>EMR_Patients.PA_LM_PHONE</Name>
                      <ValueBinding>
                        <DataSource>EMR_Patients</DataSource>
                        <BindingPath>PA_LM_PHONE</BindingPath>
                        <AutoUpdate>true</AutoUpdate>
                        <Readonly>false</Readonly>
                      </ValueBinding>
                      <InnerValue />
                      <ToolTip>联系人电话</ToolTip>
                      <BackgroundText>联系人电话</BackgroundText>
                    </Element>
                    <Element xsi:type="XParagraphFlag" />
                  </XElements>
                </Element>
              </XElements>
            </Element>
            <Element xsi:type="XTextTableRow">
              <Expressions />
              <Attributes />
              <XElements>
                <Element xsi:type="XTextTableCell" StyleIndex="2">
                  <Expressions />
                  <Attributes />
                  <XElements>
                    <Element xsi:type="XString" StyleIndex="1">
                      <Text>地址：</Text>
                    </Element>
                    <Element xsi:type="XParagraphFlag" />
                  </XElements>
                </Element>
                <Element xsi:type="XTextTableCell" StyleIndex="2">
                  <Expressions />
                  <Attributes />
                  <XElements>
                    <Element xsi:type="XInputField">
                      <Expressions />
                      <Attributes />
                      <XElements />
                      <EventExpressions />
                      <Name>EMR_Patients.PA_LM_ADDRESS</Name>
                      <ValueBinding>
                        <DataSource>EMR_Patients</DataSource>
                        <BindingPath>PA_LM_ADDRESS</BindingPath>
                        <AutoUpdate>true</AutoUpdate>
                        <Readonly>false</Readonly>
                      </ValueBinding>
                      <InnerValue />
                      <ToolTip>联系人地址</ToolTip>
                      <BackgroundText>联系人地址</BackgroundText>
                    </Element>
                    <Element xsi:type="XParagraphFlag" />
                  </XElements>
                  <ColSpan>5</ColSpan>
                </Element>
                <Element xsi:type="XTextTableCell" StyleIndex="2">
                  <Expressions />
                  <Attributes />
                  <XElements>
                    <Element xsi:type="XParagraphFlag" />
                  </XElements>
                </Element>
                <Element xsi:type="XTextTableCell" StyleIndex="2">
                  <Expressions />
                  <Attributes />
                  <XElements>
                    <Element xsi:type="XParagraphFlag" />
                  </XElements>
                </Element>
                <Element xsi:type="XTextTableCell" StyleIndex="2">
                  <Expressions />
                  <Attributes />
                  <XElements>
                    <Element xsi:type="XParagraphFlag" />
                  </XElements>
                </Element>
                <Element xsi:type="XTextTableCell" StyleIndex="2">
                  <Expressions />
                  <Attributes />
                  <XElements>
                    <Element xsi:type="XParagraphFlag" />
                  </XElements>
                </Element>
              </XElements>
            </Element>
            <Element xsi:type="XTextTableRow">
              <Expressions />
              <Attributes />
              <XElements>
                <Element xsi:type="XTextTableCell" StyleIndex="2">
                  <Expressions />
                  <Attributes />
                  <XElements>
                    <Element xsi:type="XString" StyleIndex="3">
                      <Text>保险信息</Text>
                    </Element>
                    <Element xsi:type="XParagraphFlag" StyleIndex="7" />
                  </XElements>
                  <ColSpan>6</ColSpan>
                </Element>
                <Element xsi:type="XTextTableCell" StyleIndex="2">
                  <Expressions />
                  <Attributes />
                  <XElements>
                    <Element xsi:type="XParagraphFlag" StyleIndex="4" />
                  </XElements>
                </Element>
                <Element xsi:type="XTextTableCell" StyleIndex="2">
                  <Expressions />
                  <Attributes />
                  <XElements>
                    <Element xsi:type="XParagraphFlag" StyleIndex="4" />
                  </XElements>
                </Element>
                <Element xsi:type="XTextTableCell" StyleIndex="2">
                  <Expressions />
                  <Attributes />
                  <XElements>
                    <Element xsi:type="XParagraphFlag" StyleIndex="4" />
                  </XElements>
                </Element>
                <Element xsi:type="XTextTableCell" StyleIndex="2">
                  <Expressions />
                  <Attributes />
                  <XElements>
                    <Element xsi:type="XParagraphFlag" StyleIndex="4" />
                  </XElements>
                </Element>
                <Element xsi:type="XTextTableCell" StyleIndex="2">
                  <Expressions />
                  <Attributes />
                  <XElements>
                    <Element xsi:type="XParagraphFlag" StyleIndex="4" />
                  </XElements>
                </Element>
              </XElements>
              <SpecifyHeight>102.156242</SpecifyHeight>
            </Element>
            <Element xsi:type="XTextTableRow">
              <Expressions />
              <Attributes />
              <XElements>
                <Element xsi:type="XTextTableCell" StyleIndex="2">
                  <Expressions />
                  <Attributes />
                  <XElements>
                    <Element xsi:type="XString" StyleIndex="1">
                      <Text>保险代码：</Text>
                    </Element>
                    <Element xsi:type="XParagraphFlag" />
                  </XElements>
                </Element>
                <Element xsi:type="XTextTableCell" StyleIndex="2">
                  <Expressions />
                  <Attributes />
                  <XElements>
                    <Element xsi:type="XInputField">
                      <Expressions />
                      <Attributes />
                      <XElements />
                      <EventExpressions />
                      <Name>EMR_Patients.PA_INSURANCE_CE_CODE</Name>
                      <ValueBinding>
                        <DataSource>EMR_Patients</DataSource>
                        <BindingPath>PA_INSURANCE_CE_CODE</BindingPath>
                        <AutoUpdate>true</AutoUpdate>
                        <Readonly>false</Readonly>
                      </ValueBinding>
                      <InnerValue />
                      <ToolTip>保险中心号码</ToolTip>
                      <BackgroundText>保险中心号码</BackgroundText>
                    </Element>
                    <Element xsi:type="XParagraphFlag" />
                  </XElements>
                  <ColSpan>2</ColSpan>
                </Element>
                <Element xsi:type="XTextTableCell" StyleIndex="2">
                  <Expressions />
                  <Attributes />
                  <XElements>
                    <Element xsi:type="XParagraphFlag" />
                  </XElements>
                </Element>
                <Element xsi:type="XTextTableCell" StyleIndex="2">
                  <Expressions />
                  <Attributes />
                  <XElements>
                    <Element xsi:type="XString">
                      <Text>保险名称：</Text>
                    </Element>
                    <Element xsi:type="XParagraphFlag" />
                  </XElements>
                </Element>
                <Element xsi:type="XTextTableCell" StyleIndex="2">
                  <Expressions />
                  <Attributes />
                  <XElements>
                    <Element xsi:type="XInputField">
                      <Expressions />
                      <Attributes />
                      <XElements />
                      <EventExpressions />
                      <Name>EMR_Patients.PA_INSURANCE_CE_NAME</Name>
                      <ValueBinding>
                        <DataSource>EMR_Patients</DataSource>
                        <BindingPath>PA_INSURANCE_CE_NAME</BindingPath>
                        <AutoUpdate>true</AutoUpdate>
                        <Readonly>false</Readonly>
                      </ValueBinding>
                      <InnerValue />
                      <ToolTip>保险中心名称</ToolTip>
                      <BackgroundText>保险中心名称</BackgroundText>
                    </Element>
                    <Element xsi:type="XParagraphFlag" />
                  </XElements>
                  <ColSpan>2</ColSpan>
                </Element>
                <Element xsi:type="XTextTableCell" StyleIndex="2">
                  <Expressions />
                  <Attributes />
                  <XElements>
                    <Element xsi:type="XParagraphFlag" />
                  </XElements>
                </Element>
              </XElements>
            </Element>
            <Element xsi:type="XTextTableRow">
              <Expressions />
              <Attributes />
              <XElements>
                <Element xsi:type="XTextTableCell" StyleIndex="2">
                  <Expressions />
                  <Attributes />
                  <XElements>
                    <Element xsi:type="XString">
                      <Text>保险号：</Text>
                    </Element>
                    <Element xsi:type="XParagraphFlag" />
                  </XElements>
                </Element>
                <Element xsi:type="XTextTableCell" StyleIndex="2">
                  <Expressions />
                  <Attributes />
                  <XElements>
                    <Element xsi:type="XInputField">
                      <Expressions />
                      <Attributes />
                      <XElements />
                      <EventExpressions />
                      <Name>EMR_Patients.PA_INSURANCE_CODE</Name>
                      <ValueBinding>
                        <DataSource>EMR_Patients</DataSource>
                        <BindingPath>PA_INSURANCE_CODE</BindingPath>
                        <AutoUpdate>true</AutoUpdate>
                        <Readonly>false</Readonly>
                      </ValueBinding>
                      <InnerValue />
                      <ToolTip>保险号</ToolTip>
                      <BackgroundText>保险号</BackgroundText>
                    </Element>
                    <Element xsi:type="XParagraphFlag" />
                  </XElements>
                  <ColSpan>2</ColSpan>
                </Element>
                <Element xsi:type="XTextTableCell" StyleIndex="2">
                  <Expressions />
                  <Attributes />
                  <XElements>
                    <Element xsi:type="XParagraphFlag" />
                  </XElements>
                </Element>
                <Element xsi:type="XTextTableCell" StyleIndex="2">
                  <Expressions />
                  <Attributes />
                  <XElements>
                    <Element xsi:type="XString" StyleIndex="1">
                      <Text>人员类型：</Text>
                    </Element>
                    <Element xsi:type="XParagraphFlag" />
                  </XElements>
                </Element>
                <Element xsi:type="XTextTableCell" StyleIndex="2">
                  <Expressions />
                  <Attributes />
                  <XElements>
                    <Element xsi:type="XInputField">
                      <ID />
                      <Expressions />
                      <Attributes />
                      <XElements />
                      <EventExpressions />
                      <Name>EMR_Patients.PA_PERSONNEL_TYPE</Name>
                      <ValueBinding>
                        <DataSource>EMR_Patients</DataSource>
                        <BindingPath>PA_PERSONNEL_TYPE</BindingPath>
                        <AutoUpdate>true</AutoUpdate>
                        <Readonly>false</Readonly>
                      </ValueBinding>
                      <InnerValue />
                      <ToolTip>人员类型</ToolTip>
                      <BackgroundText>人员类型</BackgroundText>
                      <FieldSettings>
                        <EditStyle>DropdownList</EditStyle>
                        <ListSource>
                          <SourceName>联系人类型</SourceName>
                          <Items />
                        </ListSource>
                        <ListItems />
                      </FieldSettings>
                    </Element>
                    <Element xsi:type="XParagraphFlag" />
                  </XElements>
                  <ColSpan>2</ColSpan>
                </Element>
                <Element xsi:type="XTextTableCell" StyleIndex="2">
                  <Expressions />
                  <Attributes />
                  <XElements>
                    <Element xsi:type="XParagraphFlag" />
                  </XElements>
                </Element>
              </XElements>
            </Element>
          </XElements>
          <Columns>
            <Element xsi:type="XTextTableColumn">
              <Width>312.458344</Width>
            </Element>
            <Element xsi:type="XTextTableColumn">
              <Width>312.458344</Width>
            </Element>
            <Element xsi:type="XTextTableColumn">
              <Width>312.458344</Width>
            </Element>
            <Element xsi:type="XTextTableColumn">
              <Width>312.458344</Width>
            </Element>
            <Element xsi:type="XTextTableColumn">
              <Width>274.458344</Width>
            </Element>
            <Element xsi:type="XTextTableColumn">
              <Width>350.458344</Width>
            </Element>
          </Columns>
        </Element>
        <Element xsi:type="XParagraphFlag" />
        <Element xsi:type="XParagraphFlag" />
      </XElements>
    </Element>
    <Element xsi:type="XTextHeader">
      <Expressions />
      <Attributes />
      <XElements>
        <Element xsi:type="XParagraphFlag" StyleIndex="0">
          <AutoCreate>true</AutoCreate>
        </Element>
      </XElements>
    </Element>
    <Element xsi:type="XTextFooter">
      <Expressions />
      <Attributes />
      <XElements>
        <Element xsi:type="XParagraphFlag">
          <AutoCreate>true</AutoCreate>
        </Element>
      </XElements>
    </Element>
  </XElements>
  <Info>
    <CreationTime>2012-07-12T11:21:34.5655682+08:00</CreationTime>
    <LastModifiedTime>2012-07-12T11:21:34.5655682+08:00</LastModifiedTime>
    <LastPrintTime>1980-01-01T00:00:00</LastPrintTime>
    <Operator>XDesigner.Writer Version:1.0.1111.19546</Operator>
    <NumOfPage>1</NumOfPage>
  </Info>
  <Printing>false</Printing>
  <UserHistories />
  <DefaultFont>
    <Size>12</Size>
  </DefaultFont>
  <ContentStyles>
    <Default xsi:type="DocumentContentStyle">
      <FontName>宋体</FontName>
      <FontSize>12</FontSize>
    </Default>
    <Styles>
      <Style Index="0">
        <BorderWidth>1</BorderWidth>
        <BorderBottom>true</BorderBottom>
        <BorderSpacing>8</BorderSpacing>
      </Style>
      <Style Index="1" />
      <Style Index="2">
        <VerticalAlign>Middle</VerticalAlign>
        <BorderWidth>1</BorderWidth>
        <BorderLeft>true</BorderLeft>
        <BorderBottom>true</BorderBottom>
        <BorderTop>true</BorderTop>
        <BorderRight>true</BorderRight>
        <PaddingLeft>15</PaddingLeft>
        <PaddingTop>15</PaddingTop>
        <PaddingBottom>15</PaddingBottom>
      </Style>
      <Style Index="3">
        <Bold>true</Bold>
      </Style>
      <Style Index="4">
        <Bold>true</Bold>
      </Style>
      <Style Index="5">
        <Align>Center</Align>
      </Style>
      <Style Index="6">
        <FontSize>21.75</FontSize>
      </Style>
      <Style Index="7">
        <Bold>true</Bold>
        <Align>Center</Align>
      </Style>
    </Styles>
  </ContentStyles>
  <DocumentGraphicsUnit>Document</DocumentGraphicsUnit>
  <PageSettings />
</XTextDocument>