﻿<?xml version="1.0" encoding="utf-8"?>
<XTextDocument xmlns:xsi="http://www.w3.org/2001/XMLSchema-instance" xmlns:xsd="http://www.w3.org/2001/XMLSchema" EditorVersionString="1.2013.1219.30654">
   <Attributes />
   <XElements>
      <Element xsi:type="XTextBody" StyleIndex="0">
         <Expressions />
         <ScriptItems />
         <Attributes />
         <XElements>
            <Element xsi:type="XTextTable" NumOfRows="7" NumOfColumns="9">
               <ID />
               <Expressions />
               <ScriptItems />
               <Attributes />
               <XElements>
                  <Element xsi:type="XTextTableRow">
                     <Expressions />
                     <ScriptItems />
                     <Attributes />
                     <XElements>
                        <Element xsi:type="XTextTableCell" StyleIndex="4">
                           <Expressions />
                           <ScriptItems />
                           <Attributes />
                           <XElements>
                              <Element xsi:type="XString" StyleIndex="5">
                                 <Text>姓名:</Text>
                              </Element>
                              <Element xsi:type="XParagraphFlag" StyleIndex="3" />
                           </XElements>
                        </Element>
                        <Element xsi:type="XTextTableCell" StyleIndex="4">
                           <Expressions />
                           <ScriptItems />
                           <Attributes />
                           <XElements>
                              <Element xsi:type="XInputField" StyleIndex="5">
                                 <Expressions />
                                 <ScriptItems />
                                 <Attributes />
                                 <XElements />
                                 <EventExpressions />
                                 <Name>姓名</Name>
                                 <ValueBinding>
                                    <DataSource>T_B_TongYong</DataSource>
                                    <BindingPath>Mb001</BindingPath>
                                    <AutoUpdate>true</AutoUpdate>
                                    <Readonly>false</Readonly>
                                 </ValueBinding>
                                 <ValidateStyle />
                                 <InnerValue />
                                 <BackgroundText>姓名</BackgroundText>
                                 <FieldSettings />
                              </Element>
                              <Element xsi:type="XParagraphFlag" StyleIndex="5" />
                           </XElements>
                        </Element>
                        <Element xsi:type="XTextTableCell" StyleIndex="4">
                           <Expressions />
                           <ScriptItems />
                           <Attributes />
                           <XElements>
                              <Element xsi:type="XString" StyleIndex="5">
                                 <Text>性别:</Text>
                              </Element>
                              <Element xsi:type="XInputField" StyleIndex="5">
                                 <Expressions />
                                 <ScriptItems />
                                 <Attributes />
                                 <XElements />
                                 <EventExpressions />
                                 <Name>性别</Name>
                                 <ValueBinding>
                                    <DataSource>T_B_TongYong</DataSource>
                                    <BindingPath>Mb002</BindingPath>
                                    <AutoUpdate>true</AutoUpdate>
                                    <Readonly>false</Readonly>
                                 </ValueBinding>
                                 <ValidateStyle />
                                 <InnerValue />
                                 <BackgroundText>性别</BackgroundText>
                                 <FieldSettings />
                              </Element>
                           </XElements>
                           <ColSpan>2</ColSpan>
                        </Element>
                        <Element xsi:type="XTextTableCell" StyleIndex="2">
                           <Expressions />
                           <ScriptItems />
                           <Attributes />
                           <XElements />
                        </Element>
                        <Element xsi:type="XTextTableCell" StyleIndex="4">
                           <Expressions />
                           <ScriptItems />
                           <Attributes />
                           <XElements>
                              <Element xsi:type="XString" StyleIndex="5">
                                 <Text>年龄:</Text>
                              </Element>
                              <Element xsi:type="XInputField" StyleIndex="5">
                                 <Expressions />
                                 <ScriptItems />
                                 <Attributes />
                                 <XElements />
                                 <EventExpressions />
                                 <Name>年龄</Name>
                                 <ValueBinding>
                                    <DataSource>T_B_TongYong</DataSource>
                                    <BindingPath>Mb003</BindingPath>
                                    <AutoUpdate>true</AutoUpdate>
                                    <Readonly>false</Readonly>
                                 </ValueBinding>
                                 <ValidateStyle />
                                 <InnerValue />
                                 <BackgroundText>年龄</BackgroundText>
                                 <FieldSettings />
                              </Element>
                           </XElements>
                           <ColSpan>2</ColSpan>
                        </Element>
                        <Element xsi:type="XTextTableCell" StyleIndex="4">
                           <Expressions />
                           <ScriptItems />
                           <Attributes />
                           <XElements>
                              <Element xsi:type="XParagraphFlag" StyleIndex="5" />
                           </XElements>
                        </Element>
                        <Element xsi:type="XTextTableCell" StyleIndex="4">
                           <Expressions />
                           <ScriptItems />
                           <Attributes />
                           <XElements>
                              <Element xsi:type="XString" StyleIndex="5">
                                 <Text>科别:</Text>
                              </Element>
                              <Element xsi:type="XInputField" StyleIndex="5">
                                 <Expressions />
                                 <ScriptItems />
                                 <Attributes />
                                 <XElements />
                                 <EventExpressions />
                                 <Name>科别</Name>
                                 <ValueBinding>
                                    <DataSource>T_B_TongYong</DataSource>
                                    <BindingPath>Mb003</BindingPath>
                                    <AutoUpdate>true</AutoUpdate>
                                    <Readonly>false</Readonly>
                                 </ValueBinding>
                                 <ValidateStyle />
                                 <InnerValue />
                                 <BackgroundText>科别</BackgroundText>
                                 <FieldSettings />
                              </Element>
                           </XElements>
                           <ColSpan>2</ColSpan>
                        </Element>
                        <Element xsi:type="XTextTableCell" StyleIndex="4">
                           <Expressions />
                           <ScriptItems />
                           <Attributes />
                           <XElements>
                              <Element xsi:type="XParagraphFlag" StyleIndex="5" />
                           </XElements>
                        </Element>
                        <Element xsi:type="XTextTableCell" StyleIndex="4">
                           <Expressions />
                           <ScriptItems />
                           <Attributes />
                           <XElements>
                              <Element xsi:type="XString" StyleIndex="5">
                                 <Text>床号：</Text>
                              </Element>
                              <Element xsi:type="XInputField" StyleIndex="5">
                                 <Expressions />
                                 <ScriptItems />
                                 <Attributes />
                                 <XElements />
                                 <EventExpressions />
                                 <Name>床号</Name>
                                 <ValueBinding>
                                    <DataSource>T_B_TongYong</DataSource>
                                    <BindingPath>Mb005</BindingPath>
                                 </ValueBinding>
                                 <ValidateStyle />
                                 <InnerValue />
                                 <BackgroundText>床号</BackgroundText>
                                 <FieldSettings />
                              </Element>
                              <Element xsi:type="XParagraphFlag" />
                           </XElements>
                        </Element>
                     </XElements>
                  </Element>
                  <Element xsi:type="XTextTableRow">
                     <Expressions />
                     <ScriptItems />
                     <Attributes />
                     <XElements>
                        <Element xsi:type="XTextTableCell" StyleIndex="4">
                           <Expressions />
                           <ScriptItems />
                           <Attributes />
                           <XElements>
                              <Element xsi:type="XString" StyleIndex="5">
                                 <Text>简要病史及体征：</Text>
                              </Element>
                              <Element xsi:type="XInputField" StyleIndex="5">
                                 <Expressions />
                                 <ScriptItems />
                                 <Attributes />
                                 <XElements />
                                 <EventExpressions />
                                 <Name>简要病史</Name>
                                 <ValueBinding>
                                    <DataSource>T_B_TongYong</DataSource>
                                    <BindingPath>Mb006</BindingPath>
                                    <AutoUpdate>true</AutoUpdate>
                                    <Readonly>false</Readonly>
                                 </ValueBinding>
                                 <ValidateStyle />
                                 <InnerValue />
                                 <BackgroundText>简要病史</BackgroundText>
                                 <FieldSettings />
                              </Element>
                              <Element xsi:type="XParagraphFlag" StyleIndex="6" />
                           </XElements>
                           <ColSpan>9</ColSpan>
                        </Element>
                        <Element xsi:type="XTextTableCell" StyleIndex="2">
                           <Expressions />
                           <ScriptItems />
                           <Attributes />
                           <XElements />
                        </Element>
                        <Element xsi:type="XTextTableCell" StyleIndex="2">
                           <Expressions />
                           <ScriptItems />
                           <Attributes />
                           <XElements />
                        </Element>
                        <Element xsi:type="XTextTableCell" StyleIndex="2">
                           <Expressions />
                           <ScriptItems />
                           <Attributes />
                           <XElements />
                        </Element>
                        <Element xsi:type="XTextTableCell" StyleIndex="2">
                           <Expressions />
                           <ScriptItems />
                           <Attributes />
                           <XElements />
                        </Element>
                        <Element xsi:type="XTextTableCell" StyleIndex="2">
                           <Expressions />
                           <ScriptItems />
                           <Attributes />
                           <XElements />
                        </Element>
                        <Element xsi:type="XTextTableCell" StyleIndex="2">
                           <Expressions />
                           <ScriptItems />
                           <Attributes />
                           <XElements />
                        </Element>
                        <Element xsi:type="XTextTableCell" StyleIndex="2">
                           <Expressions />
                           <ScriptItems />
                           <Attributes />
                           <XElements />
                        </Element>
                        <Element xsi:type="XTextTableCell" StyleIndex="2">
                           <Expressions />
                           <ScriptItems />
                           <Attributes />
                           <XElements />
                        </Element>
                     </XElements>
                  </Element>
                  <Element xsi:type="XTextTableRow">
                     <Expressions />
                     <ScriptItems />
                     <Attributes />
                     <XElements>
                        <Element xsi:type="XTextTableCell" StyleIndex="4">
                           <Expressions />
                           <ScriptItems />
                           <Attributes />
                           <XElements>
                              <Element xsi:type="XString" StyleIndex="5">
                                 <Text>临床诊断：</Text>
                              </Element>
                              <Element xsi:type="XInputField" StyleIndex="5">
                                 <Expressions />
                                 <ScriptItems />
                                 <Attributes />
                                 <XElements />
                                 <EventExpressions />
                                 <Name>诊断</Name>
                                 <ValueBinding>
                                    <DataSource>T_B_TongYong</DataSource>
                                    <BindingPath>Mb007</BindingPath>
                                    <AutoUpdate>true</AutoUpdate>
                                    <Readonly>false</Readonly>
                                 </ValueBinding>
                                 <ValidateStyle />
                                 <InnerValue />
                                 <BackgroundText>诊断</BackgroundText>
                                 <FieldSettings />
                              </Element>
                              <Element xsi:type="XParagraphFlag" StyleIndex="6" />
                           </XElements>
                           <ColSpan>9</ColSpan>
                        </Element>
                        <Element xsi:type="XTextTableCell" StyleIndex="2">
                           <Expressions />
                           <ScriptItems />
                           <Attributes />
                           <XElements />
                        </Element>
                        <Element xsi:type="XTextTableCell" StyleIndex="2">
                           <Expressions />
                           <ScriptItems />
                           <Attributes />
                           <XElements />
                        </Element>
                        <Element xsi:type="XTextTableCell" StyleIndex="2">
                           <Expressions />
                           <ScriptItems />
                           <Attributes />
                           <XElements />
                        </Element>
                        <Element xsi:type="XTextTableCell" StyleIndex="2">
                           <Expressions />
                           <ScriptItems />
                           <Attributes />
                           <XElements />
                        </Element>
                        <Element xsi:type="XTextTableCell" StyleIndex="2">
                           <Expressions />
                           <ScriptItems />
                           <Attributes />
                           <XElements />
                        </Element>
                        <Element xsi:type="XTextTableCell" StyleIndex="2">
                           <Expressions />
                           <ScriptItems />
                           <Attributes />
                           <XElements />
                        </Element>
                        <Element xsi:type="XTextTableCell" StyleIndex="2">
                           <Expressions />
                           <ScriptItems />
                           <Attributes />
                           <XElements />
                        </Element>
                        <Element xsi:type="XTextTableCell" StyleIndex="2">
                           <Expressions />
                           <ScriptItems />
                           <Attributes />
                           <XElements />
                        </Element>
                     </XElements>
                  </Element>
                  <Element xsi:type="XTextTableRow">
                     <Expressions />
                     <ScriptItems />
                     <Attributes />
                     <XElements>
                        <Element xsi:type="XTextTableCell" StyleIndex="4">
                           <Expressions />
                           <ScriptItems />
                           <Attributes />
                           <XElements>
                              <Element xsi:type="XString" StyleIndex="5">
                                 <Text>申请检查项目：</Text>
                              </Element>
                              <Element xsi:type="XParagraphFlag" StyleIndex="6" />
                           </XElements>
                           <ColSpan>9</ColSpan>
                        </Element>
                        <Element xsi:type="XTextTableCell" StyleIndex="2">
                           <Expressions />
                           <ScriptItems />
                           <Attributes />
                           <XElements />
                        </Element>
                        <Element xsi:type="XTextTableCell" StyleIndex="2">
                           <Expressions />
                           <ScriptItems />
                           <Attributes />
                           <XElements />
                        </Element>
                        <Element xsi:type="XTextTableCell" StyleIndex="2">
                           <Expressions />
                           <ScriptItems />
                           <Attributes />
                           <XElements />
                        </Element>
                        <Element xsi:type="XTextTableCell" StyleIndex="2">
                           <Expressions />
                           <ScriptItems />
                           <Attributes />
                           <XElements />
                        </Element>
                        <Element xsi:type="XTextTableCell" StyleIndex="2">
                           <Expressions />
                           <ScriptItems />
                           <Attributes />
                           <XElements />
                        </Element>
                        <Element xsi:type="XTextTableCell" StyleIndex="2">
                           <Expressions />
                           <ScriptItems />
                           <Attributes />
                           <XElements />
                        </Element>
                        <Element xsi:type="XTextTableCell" StyleIndex="2">
                           <Expressions />
                           <ScriptItems />
                           <Attributes />
                           <XElements />
                        </Element>
                        <Element xsi:type="XTextTableCell" StyleIndex="2">
                           <Expressions />
                           <ScriptItems />
                           <Attributes />
                           <XElements />
                        </Element>
                     </XElements>
                  </Element>
                  <Element xsi:type="XTextTableRow">
                     <Expressions />
                     <ScriptItems />
                     <Attributes />
                     <XElements>
                        <Element xsi:type="XTextTableCell" StyleIndex="4">
                           <Expressions />
                           <ScriptItems />
                           <Attributes />
                           <XElements>
                              <Element xsi:type="XInputField" StyleIndex="7">
                                 <Expressions />
                                 <ScriptItems />
                                 <Attributes />
                                 <XElements />
                                 <EventExpressions />
                                 <Name>检查项目</Name>
                                 <ValueBinding>
                                    <DataSource>T_B_TongYong</DataSource>
                                    <BindingPath>Mb008</BindingPath>
                                    <AutoUpdate>true</AutoUpdate>
                                    <Readonly>false</Readonly>
                                 </ValueBinding>
                                 <ValidateStyle />
                                 <InnerValue />
                                 <BackgroundText>检查项目</BackgroundText>
                                 <FieldSettings />
                              </Element>
                              <Element xsi:type="XParagraphFlag" StyleIndex="5" />
                           </XElements>
                           <ColSpan>9</ColSpan>
                        </Element>
                        <Element xsi:type="XTextTableCell" StyleIndex="2">
                           <Expressions />
                           <ScriptItems />
                           <Attributes />
                           <XElements />
                        </Element>
                        <Element xsi:type="XTextTableCell" StyleIndex="2">
                           <Expressions />
                           <ScriptItems />
                           <Attributes />
                           <XElements />
                        </Element>
                        <Element xsi:type="XTextTableCell" StyleIndex="2">
                           <Expressions />
                           <ScriptItems />
                           <Attributes />
                           <XElements />
                        </Element>
                        <Element xsi:type="XTextTableCell" StyleIndex="2">
                           <Expressions />
                           <ScriptItems />
                           <Attributes />
                           <XElements />
                        </Element>
                        <Element xsi:type="XTextTableCell" StyleIndex="2">
                           <Expressions />
                           <ScriptItems />
                           <Attributes />
                           <XElements />
                        </Element>
                        <Element xsi:type="XTextTableCell" StyleIndex="2">
                           <Expressions />
                           <ScriptItems />
                           <Attributes />
                           <XElements />
                        </Element>
                        <Element xsi:type="XTextTableCell" StyleIndex="2">
                           <Expressions />
                           <ScriptItems />
                           <Attributes />
                           <XElements />
                        </Element>
                        <Element xsi:type="XTextTableCell" StyleIndex="2">
                           <Expressions />
                           <ScriptItems />
                           <Attributes />
                           <XElements />
                        </Element>
                     </XElements>
                  </Element>
                  <Element xsi:type="XTextTableRow">
                     <Expressions />
                     <ScriptItems />
                     <Attributes />
                     <XElements>
                        <Element xsi:type="XTextTableCell" StyleIndex="4">
                           <Expressions />
                           <ScriptItems />
                           <Attributes />
                           <XElements>
                              <Element xsi:type="XParagraphFlag" StyleIndex="6" />
                           </XElements>
                           <ColSpan>3</ColSpan>
                        </Element>
                        <Element xsi:type="XTextTableCell" StyleIndex="2">
                           <Expressions />
                           <ScriptItems />
                           <Attributes />
                           <XElements />
                        </Element>
                        <Element xsi:type="XTextTableCell" StyleIndex="2">
                           <Expressions />
                           <ScriptItems />
                           <Attributes />
                           <XElements />
                        </Element>
                        <Element xsi:type="XTextTableCell" StyleIndex="4">
                           <Expressions />
                           <ScriptItems />
                           <Attributes />
                           <XElements>
                              <Element xsi:type="XString" StyleIndex="5">
                                 <Text>申请医生:</Text>
                              </Element>
                              <Element xsi:type="XInputField" StyleIndex="5">
                                 <Expressions />
                                 <ScriptItems />
                                 <Attributes />
                                 <XElements />
                                 <EventExpressions />
                                 <Name>申请医生</Name>
                                 <ValueBinding>
                                    <DataSource>T_B_TongYong</DataSource>
                                    <BindingPath>Mb009</BindingPath>
                                    <AutoUpdate>true</AutoUpdate>
                                    <Readonly>false</Readonly>
                                 </ValueBinding>
                                 <ValidateStyle />
                                 <InnerValue />
                                 <BackgroundText>申请医生</BackgroundText>
                                 <FieldSettings />
                              </Element>
                              <Element xsi:type="XParagraphFlag" StyleIndex="6" />
                           </XElements>
                           <ColSpan>4</ColSpan>
                        </Element>
                        <Element xsi:type="XTextTableCell" StyleIndex="4">
                           <Expressions />
                           <ScriptItems />
                           <Attributes />
                           <XElements />
                        </Element>
                        <Element xsi:type="XTextTableCell" StyleIndex="2">
                           <Expressions />
                           <ScriptItems />
                           <Attributes />
                           <XElements />
                        </Element>
                        <Element xsi:type="XTextTableCell" StyleIndex="2">
                           <Expressions />
                           <ScriptItems />
                           <Attributes />
                           <XElements />
                        </Element>
                        <Element xsi:type="XTextTableCell" StyleIndex="4">
                           <Expressions />
                           <ScriptItems />
                           <Attributes />
                           <XElements>
                              <Element xsi:type="XString" StyleIndex="5">
                                 <Text>申请时间:</Text>
                              </Element>
                              <Element xsi:type="XInputField" StyleIndex="5">
                                 <Expressions />
                                 <ScriptItems />
                                 <Attributes />
                                 <XElements />
                                 <EventExpressions />
                                 <Name>申请时间</Name>
                                 <ValueBinding>
                                    <DataSource>T_B_TongYong</DataSource>
                                    <BindingPath>Mb009</BindingPath>
                                    <AutoUpdate>true</AutoUpdate>
                                    <Readonly>false</Readonly>
                                 </ValueBinding>
                                 <ValidateStyle>
                                    <ValueName />
                                    <ValueType>DateTime</ValueType>
                                    <ExcludeKeywords />
                                    <CustomMessage />
                                 </ValidateStyle>
                                 <InnerValue />
                                 <BackgroundText>申请时间</BackgroundText>
                                 <FieldSettings>
                                    <EditStyle>Date</EditStyle>
                                 </FieldSettings>
                              </Element>
                              <Element xsi:type="XParagraphFlag" StyleIndex="6" />
                           </XElements>
                           <ColSpan>2</ColSpan>
                        </Element>
                        <Element xsi:type="XTextTableCell" StyleIndex="4">
                           <Expressions />
                           <ScriptItems />
                           <Attributes />
                           <XElements />
                        </Element>
                     </XElements>
                  </Element>
                  <Element xsi:type="XTextTableRow">
                     <Expressions />
                     <ScriptItems />
                     <Attributes />
                     <XElements>
                        <Element xsi:type="XTextTableCell" StyleIndex="4">
                           <Expressions />
                           <ScriptItems />
                           <Attributes />
                           <XElements>
                              <Element xsi:type="XParagraphFlag" StyleIndex="6" />
                           </XElements>
                           <ColSpan>3</ColSpan>
                        </Element>
                        <Element xsi:type="XTextTableCell" StyleIndex="2">
                           <Expressions />
                           <ScriptItems />
                           <Attributes />
                           <XElements />
                        </Element>
                        <Element xsi:type="XTextTableCell" StyleIndex="2">
                           <Expressions />
                           <ScriptItems />
                           <Attributes />
                           <XElements />
                        </Element>
                        <Element xsi:type="XTextTableCell" StyleIndex="4">
                           <Expressions />
                           <ScriptItems />
                           <Attributes />
                           <XElements>
                              <Element xsi:type="XString" StyleIndex="5">
                                 <Text>检验医生:</Text>
                              </Element>
                              <Element xsi:type="XInputField" StyleIndex="5">
                                 <Expressions />
                                 <ScriptItems />
                                 <Attributes />
                                 <XElements />
                                 <EventExpressions />
                                 <Name>检验医生</Name>
                                 <ValueBinding>
                                    <DataSource>T_B_TongYong</DataSource>
                                    <BindingPath>Mb010</BindingPath>
                                    <AutoUpdate>true</AutoUpdate>
                                    <Readonly>false</Readonly>
                                 </ValueBinding>
                                 <ValidateStyle />
                                 <InnerValue />
                                 <BackgroundText>检验医生</BackgroundText>
                                 <FieldSettings />
                              </Element>
                              <Element xsi:type="XParagraphFlag" StyleIndex="6" />
                           </XElements>
                           <ColSpan>4</ColSpan>
                        </Element>
                        <Element xsi:type="XTextTableCell" StyleIndex="4">
                           <Expressions />
                           <ScriptItems />
                           <Attributes />
                           <XElements />
                        </Element>
                        <Element xsi:type="XTextTableCell" StyleIndex="2">
                           <Expressions />
                           <ScriptItems />
                           <Attributes />
                           <XElements />
                        </Element>
                        <Element xsi:type="XTextTableCell" StyleIndex="2">
                           <Expressions />
                           <ScriptItems />
                           <Attributes />
                           <XElements />
                        </Element>
                        <Element xsi:type="XTextTableCell" StyleIndex="4">
                           <Expressions />
                           <ScriptItems />
                           <Attributes />
                           <XElements>
                              <Element xsi:type="XString" StyleIndex="5">
                                 <Text>报告时间:</Text>
                              </Element>
                              <Element xsi:type="XInputField" StyleIndex="5">
                                 <Expressions />
                                 <ScriptItems />
                                 <Attributes />
                                 <XElements />
                                 <EventExpressions />
                                 <Name>报告时间</Name>
                                 <ValueBinding>
                                    <DataSource>T_B_TongYong</DataSource>
                                    <BindingPath>Mb011</BindingPath>
                                    <AutoUpdate>true</AutoUpdate>
                                    <Readonly>false</Readonly>
                                 </ValueBinding>
                                 <ValidateStyle />
                                 <InnerValue />
                                 <BackgroundText>报告时间</BackgroundText>
                                 <FieldSettings />
                              </Element>
                              <Element xsi:type="XParagraphFlag" StyleIndex="6" />
                           </XElements>
                           <ColSpan>2</ColSpan>
                        </Element>
                        <Element xsi:type="XTextTableCell" StyleIndex="4">
                           <Expressions />
                           <ScriptItems />
                           <Attributes />
                           <XElements />
                        </Element>
                     </XElements>
                  </Element>
               </XElements>
               <Columns>
                  <Element xsi:type="XTextTableColumn">
                     <Width>187.458344</Width>
                  </Element>
                  <Element xsi:type="XTextTableColumn">
                     <Width>199.4861</Width>
                  </Element>
                  <Element xsi:type="XTextTableColumn">
                     <Width>99.74306</Width>
                  </Element>
                  <Element xsi:type="XTextTableColumn">
                     <Width>212.614609</Width>
                  </Element>
                  <Element xsi:type="XTextTableColumn">
                     <Width>94.61461</Width>
                  </Element>
                  <Element xsi:type="XTextTableColumn">
                     <Width>223.614578</Width>
                  </Element>
                  <Element xsi:type="XTextTableColumn">
                     <Width>72.8437347</Width>
                  </Element>
                  <Element xsi:type="XTextTableColumn">
                     <Width>325.2292</Width>
                  </Element>
                  <Element xsi:type="XTextTableColumn">
                     <Width>459.145935</Width>
                  </Element>
               </Columns>
            </Element>
            <Element xsi:type="XString" StyleIndex="5">
               <Text>注意事项：</Text>
            </Element>
            <Element xsi:type="XParagraphFlag" StyleIndex="5" />
            <Element xsi:type="XString" StyleIndex="5">
               <Text>1、门诊病人持检查申请单在收费处交费并做好准备；</Text>
            </Element>
            <Element xsi:type="XParagraphFlag" StyleIndex="5" />
            <Element xsi:type="XString" StyleIndex="5">
               <Text>2、消化系统检查前需禁食、 禁水8小时以上；</Text>
            </Element>
            <Element xsi:type="XParagraphFlag" StyleIndex="5" />
            <Element xsi:type="XString" StyleIndex="5">
               <Text>3、泌尿系统及盆腔检查前适度充盈膀胱</Text>
            </Element>
         </XElements>
      </Element>
      <Element xsi:type="XTextHeader" StyleIndex="0">
         <Expressions />
         <ScriptItems />
         <Attributes />
         <XElements>
            <Element xsi:type="XString" StyleIndex="1">
               <Text>某某医院</Text>
            </Element>
            <Element xsi:type="XParagraphFlag" StyleIndex="1" />
            <Element xsi:type="XString" StyleIndex="1">
               <Text>临床检查化验申请单</Text>
            </Element>
            <Element xsi:type="XParagraphFlag" StyleIndex="0" />
         </XElements>
      </Element>
      <Element xsi:type="XTextFooter" StyleIndex="0">
         <Expressions />
         <ScriptItems />
         <Attributes />
         <XElements />
      </Element>
   </XElements>
   <DocumentContentVersion>132</DocumentContentVersion>
   <Info>
      <CreationTime>2013-12-16T16:26:21.1467774+08:00</CreationTime>
      <LastModifiedTime>2013-12-16T16:26:21.1467774+08:00</LastModifiedTime>
      <LastPrintTime>1980-01-01T00:00:00</LastPrintTime>
      <Operator>DCSoft.Writer Version:1.1.1820.34511</Operator>
      <NumOfPage>1</NumOfPage>
   </Info>
   <BodyText>姓名:姓名性别:性别年龄:年龄科别:科别床号：床号简要病史及体征：简要病史临床诊断：诊断申请检查项目：检查项目申请医生:申请医生申请时间:申请时间检验医生:检验医生报告时间:报告时间注意事项：
1、门诊病人持检查申请单在收费处交费并做好准备；
2、消化系统检查前需禁食、 禁水8小时以上；
3、泌尿系统及盆腔检查前适度充盈膀胱</BodyText>
   <Comments />
   <LocalConfig />
   <PageSettings />
   <ContentStyles>
      <Default xsi:type="DocumentContentStyle">
         <FontName>微软雅黑</FontName>
         <FontSize>9</FontSize>
      </Default>
      <Styles>
         <Style Index="0">
            <FontName>微软雅黑</FontName>
            <FontSize>9</FontSize>
            <Align>Center</Align>
         </Style>
         <Style Index="1">
            <FontName>宋体</FontName>
            <FontSize>21.75</FontSize>
            <Bold>true</Bold>
            <Align>Center</Align>
         </Style>
         <Style Index="2">
            <FontName>微软雅黑</FontName>
            <FontSize>9</FontSize>
            <VerticalAlign>Middle</VerticalAlign>
            <BorderWidth>1</BorderWidth>
            <BorderLeft>true</BorderLeft>
            <BorderBottom>true</BorderBottom>
            <BorderTop>true</BorderTop>
            <BorderRight>true</BorderRight>
            <PaddingLeft>15</PaddingLeft>
            <PaddingTop>10</PaddingTop>
            <PaddingBottom>10</PaddingBottom>
         </Style>
         <Style Index="3">
            <FontName>宋体</FontName>
            <FontSize>14.25</FontSize>
         </Style>
         <Style Index="4">
            <FontName>微软雅黑</FontName>
            <FontSize>9</FontSize>
            <VerticalAlign>Middle</VerticalAlign>
            <BorderWidth>1</BorderWidth>
            <PaddingLeft>15</PaddingLeft>
            <PaddingTop>10</PaddingTop>
            <PaddingBottom>10</PaddingBottom>
         </Style>
         <Style Index="5">
            <FontName>宋体</FontName>
            <FontSize>12</FontSize>
         </Style>
         <Style Index="6">
            <FontName>微软雅黑</FontName>
            <FontSize>12</FontSize>
         </Style>
         <Style Index="7">
            <FontName>宋体</FontName>
            <FontSize>12</FontSize>
            <BorderBottom>true</BorderBottom>
            <BorderTop>true</BorderTop>
         </Style>
      </Styles>
   </ContentStyles>
   <UserHistories />
</XTextDocument>