﻿<?xml version="1.0" encoding="utf-8"?>
<XTextDocument xmlns:xsi="http://www.w3.org/2001/XMLSchema-instance" xmlns:xsd="http://www.w3.org/2001/XMLSchema" EditorVersionString="1.2014.4.30">
   <Attributes />
   <XElements>
      <Element xsi:type="XTextBody">
         <Attributes />
         <ID>divDocumentBody_0</ID>
         <Expressions />
         <ScriptItems />
         <XElements>
            <Element xsi:type="XLineBreak" />
            <Element xsi:type="XParagraphFlag" StyleIndex="1" />
            <Element xsi:type="XString">
               <Text>本文档中设置了文档对象(XTextDocument)的GlobalJavaScript属性。该属性值中写了一段JAVASCRIPT代码，定义了一个名为AGE2的函数。然后就可以在输入域表达式中调用AGE2函数了。</Text>
            </Element>
            <Element xsi:type="XParagraphFlag" StyleIndex="1" />
            <Element xsi:type="XLineBreak" />
            <Element xsi:type="XParagraphFlag" StyleIndex="1" />
            <Element xsi:type="XInputField">
               <Attributes />
               <ID>field1</ID>
               <EnableValueValidate>true</EnableValueValidate>
               <XElements>
                  <Element xsi:type="XString">
                     <Text>1999-01-05</Text>
                  </Element>
               </XElements>
               <BorderElementColor />
               <RuntimeBackgroundTextColor />
               <LabelText>出生日期：</LabelText>
               <InnerValue>1999-01-05</InnerValue>
               <BackgroundText>XXXXX</BackgroundText>
               <FieldSettings>
                  <EditStyle>Date</EditStyle>
                  <ListItems />
               </FieldSettings>
            </Element>
            <Element xsi:type="XInputField">
               <Attributes />
               <ID>field2</ID>
               <EnableValueValidate>true</EnableValueValidate>
               <ValueExpression>AGE2([field1])</ValueExpression>
               <XElements>
                  <Element xsi:type="XString">
                     <Text>16</Text>
                  </Element>
               </XElements>
               <BorderElementColor />
               <RuntimeBackgroundTextColor />
               <LabelText>年龄:</LabelText>
               <InnerValue>16</InnerValue>
               <BackgroundText>xxxx</BackgroundText>
            </Element>
            <Element xsi:type="XParagraphFlag" StyleIndex="1" />
         </XElements>
      </Element>
      <Element xsi:type="XTextHeader">
         <Attributes />
         <Expressions />
         <ScriptItems />
         <XElements>
            <Element xsi:type="XParagraphFlag" StyleIndex="0" />
         </XElements>
      </Element>
      <Element xsi:type="XTextFooter">
         <Attributes />
         <Expressions />
         <ScriptItems />
         <XElements>
            <Element xsi:type="XParagraphFlag" />
         </XElements>
      </Element>
   </XElements>
   <FileName>E:\Source\DCSoft\08代码\DCSoft\DCSoft.Writer\DCSoft.Writer.Demo\WebDemo\DemoFile_20150905\计算年龄.xml</FileName>
   <FileFormat>XML</FileFormat>
   <RepeatedImages />
   <GlobalJavaScriptReferences />
   <GlobalJavaScript>	
		
		function AGE2(str)  
  {  
        var r = str.match(/^(\d{1,4})(-|\/)(\d{1,2})\2(\d{1,2})$/);    
        if(r==null)return   false;    
        var   d=   new   Date(r[1],   r[3]-1,   r[4]);    
        if   (d.getFullYear()==r[1] &amp;&amp; (d.getMonth()+1)==r[3] &amp;&amp; d.getDate()==r[4])  
        {  
              var   Y   =   new   Date().getFullYear();  
              return Y-r[1];  
        }  
        return "";
  }   
			
    </GlobalJavaScript>
   <Info>
      <LicenseText>南京都昌信息科技有限公司2015年度试用版授权:南京都昌信息科技有限公司2015年度试用版授权</LicenseText>
      <CreationTime>1980-01-01T00:00:00</CreationTime>
      <LastModifiedTime>2015-09-05T20:59:30.331006+08:00</LastModifiedTime>
      <LastPrintTime>1980-01-01T00:00:00</LastPrintTime>
      <Operator>DCSoft.Writer Version:1.2014.4.30</Operator>
      <NumOfPage>1</NumOfPage>
   </Info>
   <BodyText>

本文档中设置了文档对象(XTextDocument)的GlobalJavaScript属性。该属性值中写了一段JAVASCRIPT代码，定义了一个名为AGE2的函数。然后就可以在输入域表达式中调用AGE2函数了。


出生日期：1999-01-05年龄:16</BodyText>
   <Comments />
   <LocalConfig />
   <PageSettings />
   <SerializeParameterValue>true</SerializeParameterValue>
   <Parameters>
      <Parameter Name="当前时间" />
   </Parameters>
   <ContentStyles>
      <Default xsi:type="DocumentContentStyle">
         <FontName>宋体</FontName>
         <FontSize>12</FontSize>
      </Default>
      <Styles>
         <Style Index="0">
            <FontName>宋体</FontName>
            <FontSize>12</FontSize>
            <Align>Center</Align>
         </Style>
         <Style Index="1">
            <FontName>宋体</FontName>
            <FontSize>12</FontSize>
            <Align>Justify</Align>
         </Style>
      </Styles>
   </ContentStyles>
   <UserHistories />
</XTextDocument>